cbsa,year,peducgrp,praceeth3,age_cat,prob_se,prob_mobile,n
10180,2015,2,6,30-44,0,1,1
10180,2015,3,2,30-44,0,0,1
10180,2015,1,2,45-64,1,0,1
10180,2015,1,6,45-64,0,0,1
10180,2015,2,6,45-64,0,,1
10180,2017,3,6,18-29,0,1,1
10180,2017,4,6,30-44,0,1,1
10180,2017,1,6,45-64,0,0,2
10180,2017,2,6,45-64,0,0,1
10180,2021,3,6,30-44,0,,1
10180,2023,2,1,30-44,0,,1
10180,2023,3,6,30-44,0,,1
10180,2023,3,6,45-64,0,,1
10420,2013,2,1,18-29,0,,1
10420,2013,2,6,18-29,0,0,1
10420,2013,3,6,18-29,0,.55979174,4
10420,2013,4,6,18-29,0,0,1
10420,2013,2,6,30-44,0,0,3
10420,2013,3,6,30-44,0,0,2
10420,2013,4,1,30-44,0,0,1
10420,2013,4,6,30-44,0,.22877389,4
10420,2013,2,6,45-64,.13635018,.42569223,7
10420,2013,3,6,45-64,0,0,3
10420,2013,4,6,45-64,0,0,3
10420,2015,2,6,18-29,0,0,1
10420,2015,4,6,18-29,0,.65023017,3
10420,2015,2,6,30-44,.25000548,.25000548,4
10420,2015,3,6,30-44,.1400827,.42488539,7
10420,2015,4,6,30-44,0,1,2
10420,2015,1,1,45-64,1,0,1
10420,2015,2,1,45-64,0,.46967158,2
10420,2015,2,6,45-64,0,.33867189,3
10420,2015,3,6,45-64,0,.341068,3
10420,2015,4,6,45-64,0,.43383753,7
10420,2017,3,6,18-29,1,1,1
10420,2017,4,6,18-29,0,0,1
10420,2017,2,2,30-44,0,,1
10420,2017,2,6,30-44,0,.44363591,5
10420,2017,3,1,30-44,0,1,1
10420,2017,3,6,30-44,0,1,2
10420,2017,4,6,30-44,0,1,3
10420,2017,2,1,45-64,0,0,2
10420,2017,2,6,45-64,.18787447,.3857367,5
10420,2017,3,1,45-64,0,1,1
10420,2017,3,6,45-64,0,.21757495,5
10420,2017,4,1,45-64,0,1,1
10420,2017,4,6,45-64,0,.74203455,4
10420,2019,2,6,18-29,0,,1
10420,2019,3,6,18-29,0,,1
10420,2019,4,3,18-29,0,,1
10420,2019,4,6,18-29,0,,1
10420,2019,2,6,30-44,0,,1
10420,2019,3,6,30-44,0,,3
10420,2019,4,1,30-44,0,,1
10420,2019,4,6,30-44,.1686243,,6
10420,2019,2,1,45-64,0,,1
10420,2019,2,6,45-64,0,,4
10420,2019,3,6,45-64,0,,2
10420,2019,4,3,45-64,0,,1
10420,2019,4,6,45-64,.32327515,,6
10420,2021,2,6,18-29,0,,2
10420,2021,3,6,18-29,0,,3
10420,2021,4,6,18-29,0,,1
10420,2021,2,3,30-44,0,,1
10420,2021,2,6,30-44,0,,4
10420,2021,3,6,30-44,0,,1
10420,2021,4,1,30-44,0,,1
10420,2021,4,6,30-44,0,,5
10420,2021,2,1,45-64,0,,1
10420,2021,2,6,45-64,0,,2
10420,2021,3,2,45-64,0,,1
10420,2021,4,6,45-64,0,,4
10420,2023,1,6,18-29,0,,2
10420,2023,2,6,18-29,0,,1
10420,2023,3,6,18-29,0,,2
10420,2023,4,6,18-29,0,,5
10420,2023,2,6,30-44,0,,3
10420,2023,3,1,30-44,0,,1
10420,2023,3,6,30-44,0,,3
10420,2023,4,6,30-44,.28579652,,4
10420,2023,2,6,45-64,0,,1
10420,2023,2,7,45-64,0,,1
10420,2023,3,1,45-64,0,,1
10420,2023,3,6,45-64,0,,3
10420,2023,4,6,45-64,.18115352,,6
10500,2013,1,1,18-29,0,1,1
10500,2013,3,1,18-29,0,1,2
10500,2013,4,1,18-29,0,0,1
10500,2013,1,1,30-44,0,0,2
10500,2013,1,6,30-44,0,0,1
10500,2013,2,1,30-44,0,0,2
10500,2013,2,6,30-44,0,0,2
10500,2013,3,1,30-44,0,.77338856,4
10500,2013,4,1,30-44,.59602857,1,2
10500,2013,4,6,30-44,0,1,1
10500,2013,2,1,45-64,0,,1
10500,2013,3,1,45-64,0,0,2
10500,2013,4,1,45-64,0,1,1
10540,2015,1,6,30-44,1,0,1
10540,2015,2,2,45-64,0,,1
10540,2015,2,6,45-64,0,0,1
10580,2013,3,1,18-29,0,1,1
10580,2013,3,6,18-29,0,0,2
10580,2013,4,3,18-29,0,0,1
10580,2013,4,6,18-29,0,.40661952,5
10580,2013,1,6,30-44,0,0,1
10580,2013,2,1,30-44,0,1,1
10580,2013,2,7,30-44,0,0,1
10580,2013,3,2,30-44,0,0,1
10580,2013,3,6,30-44,.1552432,.60075223,7
10580,2013,4,2,30-44,0,1,1
10580,2013,4,6,30-44,.18426132,.63350314,6
10580,2013,2,1,45-64,0,0,1
10580,2013,2,6,45-64,.19587287,.24489863,5
10580,2013,3,6,45-64,.16471188,.33845115,6
10580,2013,4,1,45-64,0,0,1
10580,2013,4,6,45-64,0,1,2
10580,2015,2,6,18-29,0,0,1
10580,2015,2,6,30-44,0,.51775932,3
10580,2015,3,6,30-44,0,1,1
10580,2015,4,6,30-44,0,.52929711,5
10580,2015,1,6,45-64,0,0,1
10580,2015,2,2,45-64,0,1,1
10580,2015,2,6,45-64,0,0,3
10580,2015,3,6,45-64,.14690249,.58698583,7
10580,2015,4,6,45-64,.27497116,.4563188,11
10580,2017,4,6,18-29,0,1,2
10580,2017,2,6,30-44,0,.76291102,4
10580,2017,3,1,30-44,0,1,1
10580,2017,3,6,30-44,0,.21584122,5
10580,2017,3,7,30-44,0,1,1
10580,2017,4,6,30-44,.24656653,.50965625,4
10580,2017,2,6,45-64,0,.52516353,3
10580,2017,3,4,45-64,0,0,1
10580,2017,3,6,45-64,.29223758,.6498304,3
10580,2017,4,1,45-64,0,1,1
10580,2017,4,3,45-64,0,0,1
10580,2017,4,6,45-64,.11005635,.41796261,7
10580,2019,3,6,18-29,0,,1
10580,2019,4,3,18-29,0,,3
10580,2019,4,6,18-29,0,,2
10580,2019,2,2,30-44,0,,1
10580,2019,2,6,30-44,.45944703,,2
10580,2019,3,6,30-44,0,,1
10580,2019,4,3,30-44,0,,3
10580,2019,4,6,30-44,0,,4
10580,2019,3,2,45-64,0,,1
10580,2019,3,6,45-64,0,,3
10580,2019,4,3,45-64,1,,1
10580,2019,4,6,45-64,0,,9
10580,2021,2,2,18-29,0,,1
10580,2021,3,1,18-29,0,,1
10580,2021,3,6,18-29,0,,1
10580,2021,4,3,18-29,0,,1
10580,2021,4,6,18-29,0,,2
10580,2021,1,6,30-44,0,,1
10580,2021,2,1,30-44,0,,1
10580,2021,4,6,30-44,0,,4
10580,2021,1,3,45-64,1,,1
10580,2021,2,3,45-64,1,,1
10580,2021,2,6,45-64,0,,1
10580,2021,4,6,45-64,0,,11
10580,2023,2,1,18-29,0,,1
10580,2023,2,6,18-29,0,,1
10580,2023,4,6,18-29,0,,2
10580,2023,3,2,30-44,0,,1
10580,2023,3,6,30-44,0,,3
10580,2023,4,6,30-44,0,,5
10580,2023,1,1,45-64,0,,1
10580,2023,2,6,45-64,0,,2
10580,2023,3,6,45-64,0,,4
10580,2023,4,1,45-64,0,,1
10580,2023,4,6,45-64,.25198016,,7
10740,2013,1,2,18-29,0,,1
10740,2013,2,2,18-29,0,0,6
10740,2013,2,4,18-29,0,0,1
10740,2013,3,2,18-29,0,,1
10740,2013,3,6,18-29,0,0,2
10740,2013,4,2,18-29,0,1,3
10740,2013,4,3,18-29,0,0,2
10740,2013,4,6,18-29,0,0,2
10740,2013,1,2,30-44,0,0,7
10740,2013,1,4,30-44,0,0,1
10740,2013,2,2,30-44,.19018385,0,5
10740,2013,2,4,30-44,0,0,1
10740,2013,3,1,30-44,0,0,1
10740,2013,3,2,30-44,0,.25228825,5
10740,2013,3,4,30-44,0,,1
10740,2013,3,6,30-44,0,.41116515,2
10740,2013,4,2,30-44,0,.74658602,4
10740,2013,4,3,30-44,1,0,1
10740,2013,4,6,30-44,0,.5669412,7
10740,2013,1,2,45-64,0,0,2
10740,2013,2,2,45-64,0,.24535502,6
10740,2013,2,6,45-64,.18154906,0,5
10740,2013,3,1,45-64,0,0,1
10740,2013,3,2,45-64,0,0,2
10740,2013,3,6,45-64,.21864149,.32156399,9
10740,2013,4,2,45-64,0,.14562276,6
10740,2013,4,6,45-64,.084465943,.33036631,10
10740,2015,1,2,18-29,0,0,3
10740,2015,2,2,18-29,0,.50834876,3
10740,2015,2,4,18-29,0,0,1
10740,2015,2,6,18-29,0,0,1
10740,2015,3,2,18-29,.20430094,.84557956,6
10740,2015,3,4,18-29,0,1,1
10740,2015,3,6,18-29,.20737004,.21366486,5
10740,2015,4,2,18-29,0,1,1
10740,2015,4,6,18-29,0,.4947044,3
10740,2015,1,2,30-44,.25532246,.3007746,5
10740,2015,1,3,30-44,0,0,1
10740,2015,2,2,30-44,0,.52367663,5
10740,2015,2,3,30-44,0,0,1
10740,2015,2,4,30-44,0,,1
10740,2015,2,6,30-44,.25270259,.25617364,4
10740,2015,3,2,30-44,0,.24335656,8
10740,2015,3,3,30-44,0,0,1
10740,2015,3,4,30-44,0,1,1
10740,2015,3,6,30-44,0,.44924226,9
10740,2015,4,1,30-44,1,1,1
10740,2015,4,2,30-44,0,.80915993,5
10740,2015,4,6,30-44,0,.28560886,9
10740,2015,4,7,30-44,0,0,1
10740,2015,1,2,45-64,0,0,5
10740,2015,1,4,45-64,0,0,1
10740,2015,2,2,45-64,0,.092795148,8
10740,2015,2,4,45-64,0,0,1
10740,2015,2,6,45-64,0,.27754143,6
10740,2015,3,2,45-64,.35768056,.56250203,8
10740,2015,3,6,45-64,.084358409,.51868135,15
10740,2015,4,1,45-64,0,0,1
10740,2015,4,2,45-64,0,.64952803,7
10740,2015,4,3,45-64,0,1,1
10740,2015,4,6,45-64,.077923365,.37952667,22
10740,2017,1,2,18-29,0,0,2
10740,2017,1,4,18-29,.48990378,0,2
10740,2017,1,6,18-29,0,1,1
10740,2017,2,2,18-29,0,.67810982,5
10740,2017,2,6,18-29,0,.49518412,2
10740,2017,3,1,18-29,0,1,2
10740,2017,3,2,18-29,0,.55135334,4
10740,2017,3,4,18-29,0,0,1
10740,2017,3,6,18-29,0,.62981367,6
10740,2017,3,7,18-29,0,1,1
10740,2017,4,1,18-29,0,1,1
10740,2017,4,2,18-29,0,.80630821,5
10740,2017,4,4,18-29,0,1,1
10740,2017,4,6,18-29,.3849431,1,3
10740,2017,1,2,30-44,0,0,3
10740,2017,1,4,30-44,0,,1
10740,2017,2,1,30-44,0,.49884215,2
10740,2017,2,2,30-44,.13410236,.53820872,14
10740,2017,2,5,30-44,0,0,1
10740,2017,2,6,30-44,.31117353,.65069544,3
10740,2017,3,1,30-44,0,1,1
10740,2017,3,2,30-44,0,.617742,12
10740,2017,3,4,30-44,0,0,1
10740,2017,3,6,30-44,.27864265,.59447873,7
10740,2017,4,1,30-44,0,1,1
10740,2017,4,2,30-44,0,.73014152,14
10740,2017,4,3,30-44,0,.5827055,2
10740,2017,4,6,30-44,.085117966,.50117916,11
10740,2017,1,2,45-64,0,0,3
10740,2017,2,2,45-64,.081591681,.29454008,11
10740,2017,2,6,45-64,0,.79236627,5
10740,2017,3,2,45-64,0,.46577466,7
10740,2017,3,6,45-64,.065635361,.44406471,17
10740,2017,4,1,45-64,0,1,1
10740,2017,4,2,45-64,.07146693,.45600572,13
10740,2017,4,3,45-64,0,0,1
10740,2017,4,4,45-64,0,0,1
10740,2017,4,6,45-64,.15780678,.2177036,37
10740,2019,2,1,18-29,0,,1
10740,2019,2,2,18-29,0,,1
10740,2019,2,6,18-29,0,,2
10740,2019,3,1,18-29,0,,1
10740,2019,3,2,18-29,0,,6
10740,2019,3,6,18-29,0,,7
10740,2019,4,2,18-29,0,,2
10740,2019,4,3,18-29,0,,1
10740,2019,4,4,18-29,0,,2
10740,2019,4,6,18-29,.28884995,,4
10740,2019,1,2,30-44,.19299904,,5
10740,2019,1,4,30-44,1,,1
10740,2019,2,1,30-44,0,,1
10740,2019,2,2,30-44,.16130556,,7
10740,2019,2,6,30-44,0,,3
10740,2019,3,1,30-44,0,,1
10740,2019,3,2,30-44,0,,10
10740,2019,3,3,30-44,1,,1
10740,2019,3,4,30-44,0,,2
10740,2019,3,6,30-44,0,,8
10740,2019,4,1,30-44,0,,2
10740,2019,4,2,30-44,.1480315,,8
10740,2019,4,4,30-44,0,,2
10740,2019,4,6,30-44,0,,15
10740,2019,4,7,30-44,0,,1
10740,2019,1,2,45-64,.12151237,,7
10740,2019,1,6,45-64,0,,1
10740,2019,2,2,45-64,0,,12
10740,2019,2,4,45-64,0,,1
10740,2019,2,6,45-64,.16379119,,7
10740,2019,3,2,45-64,.25500175,,11
10740,2019,3,4,45-64,0,,1
10740,2019,3,6,45-64,.069936812,,15
10740,2019,4,2,45-64,.42497441,,7
10740,2019,4,3,45-64,0,,2
10740,2019,4,4,45-64,0,,2
10740,2019,4,6,45-64,.30704853,,31
10740,2021,1,2,18-29,0,,2
10740,2021,2,2,18-29,0,,3
10740,2021,2,4,18-29,0,,2
10740,2021,2,6,18-29,0,,3
10740,2021,2,7,18-29,0,,3
10740,2021,3,1,18-29,0,,1
10740,2021,3,2,18-29,0,,4
10740,2021,3,6,18-29,0,,3
10740,2021,4,2,18-29,0,,2
10740,2021,4,3,18-29,0,,2
10740,2021,4,6,18-29,.07465373,,13
10740,2021,1,4,30-44,0,,1
10740,2021,2,2,30-44,0,,2
10740,2021,2,3,30-44,0,,1
10740,2021,2,4,30-44,0,,1
10740,2021,2,6,30-44,0,,4
10740,2021,3,2,30-44,.17288806,,5
10740,2021,3,4,30-44,0,,3
10740,2021,3,6,30-44,0,,6
10740,2021,3,7,30-44,0,,2
10740,2021,4,2,30-44,0,,6
10740,2021,4,3,30-44,0,,1
10740,2021,4,4,30-44,0,,1
10740,2021,4,6,30-44,.07803987,,23
10740,2021,4,7,30-44,.4315156,,2
10740,2021,1,2,45-64,.38545296,,3
10740,2021,2,2,45-64,.13796873,,6
10740,2021,2,3,45-64,0,,1
10740,2021,2,4,45-64,0,,1
10740,2021,2,6,45-64,0,,3
10740,2021,3,1,45-64,0,,2
10740,2021,3,2,45-64,.36220583,,10
10740,2021,3,4,45-64,0,,1
10740,2021,3,6,45-64,0,,12
10740,2021,4,1,45-64,0,,1
10740,2021,4,2,45-64,.35157028,,7
10740,2021,4,4,45-64,0,,1
10740,2021,4,6,45-64,0,,27
10740,2021,4,7,45-64,0,,1
10740,2023,1,2,18-29,0,,1
10740,2023,1,4,18-29,0,,1
10740,2023,1,6,18-29,0,,1
10740,2023,2,2,18-29,.41245466,,4
10740,2023,2,6,18-29,0,,4
10740,2023,3,2,18-29,0,,4
10740,2023,3,6,18-29,0,,1
10740,2023,3,7,18-29,0,,1
10740,2023,4,2,18-29,0,,4
10740,2023,4,6,18-29,0,,3
10740,2023,1,2,30-44,.55979747,,2
10740,2023,1,4,30-44,0,,1
10740,2023,2,1,30-44,0,,1
10740,2023,2,2,30-44,0,,5
10740,2023,2,6,30-44,0,,2
10740,2023,2,7,30-44,0,,1
10740,2023,3,2,30-44,.1446795,,9
10740,2023,3,4,30-44,0,,1
10740,2023,3,6,30-44,0,,7
10740,2023,4,2,30-44,.24711566,,4
10740,2023,4,3,30-44,1,,1
10740,2023,4,4,30-44,0,,1
10740,2023,4,6,30-44,.043766942,,23
10740,2023,1,2,45-64,.27688155,,7
10740,2023,1,6,45-64,0,,2
10740,2023,2,2,45-64,.15669964,,5
10740,2023,2,6,45-64,.14340062,,6
10740,2023,3,2,45-64,0,,7
10740,2023,3,3,45-64,0,,1
10740,2023,3,4,45-64,.32821754,,2
10740,2023,3,6,45-64,0,,6
10740,2023,3,7,45-64,0,,1
10740,2023,4,1,45-64,0,,2
10740,2023,4,2,45-64,.23751071,,4
10740,2023,4,6,45-64,.084444553,,22
10900,2013,2,6,18-29,.47562712,.52437288,2
10900,2013,3,1,18-29,0,0,1
10900,2013,3,2,18-29,0,0,1
10900,2013,3,6,18-29,0,0,3
10900,2013,4,6,18-29,0,.29549837,7
10900,2013,1,2,30-44,0,0,1
10900,2013,2,2,30-44,0,0,1
10900,2013,2,6,30-44,0,0,4
10900,2013,3,6,30-44,0,0,2
10900,2013,4,3,30-44,0,0,1
10900,2013,4,6,30-44,.24608968,.24608968,4
10900,2013,1,6,45-64,0,0,1
10900,2013,2,3,45-64,0,0,1
10900,2013,2,6,45-64,0,.49649972,10
10900,2013,3,2,45-64,0,0,1
10900,2013,3,6,45-64,0,0,8
10900,2013,4,1,45-64,0,0,1
10900,2013,4,6,45-64,0,0,2
10900,2015,2,1,18-29,0,1,1
10900,2015,2,6,18-29,0,1,1
10900,2015,4,6,18-29,0,1,1
10900,2015,1,2,30-44,0,0,1
10900,2015,1,6,30-44,0,0,1
10900,2015,2,2,30-44,0,1,1
10900,2015,3,6,30-44,0,0,1
10900,2015,4,3,30-44,0,0,1
10900,2015,4,6,30-44,0,.36049661,5
10900,2015,2,6,45-64,0,0,5
10900,2015,3,6,45-64,0,.37104487,6
10900,2015,4,2,45-64,0,1,1
10900,2015,4,6,45-64,0,.29199809,3
10900,2017,3,6,18-29,0,1,1
10900,2017,4,6,18-29,0,.46708128,2
10900,2017,2,2,30-44,0,0,1
10900,2017,2,6,30-44,0,.49249223,2
10900,2017,3,2,30-44,0,1,1
10900,2017,4,6,30-44,0,1,5
10900,2017,2,6,45-64,.27164292,.30272731,4
10900,2017,3,6,45-64,0,.5204972,2
10900,2017,4,6,45-64,.11961521,.35847813,8
10900,2019,2,6,18-29,0,,1
10900,2019,3,6,18-29,0,,2
10900,2019,4,6,18-29,0,,1
10900,2019,2,1,30-44,0,,1
10900,2019,2,6,30-44,0,,2
10900,2019,2,7,30-44,0,,1
10900,2019,3,2,30-44,1,,1
10900,2019,3,6,30-44,0,,3
10900,2019,4,6,30-44,0,,3
10900,2019,2,2,45-64,0,,1
10900,2019,2,6,45-64,0,,3
10900,2019,3,6,45-64,0,,2
10900,2019,4,2,45-64,0,,1
10900,2019,4,6,45-64,0,,2
10900,2021,2,2,18-29,0,,1
10900,2021,2,6,18-29,0,,1
10900,2021,3,2,18-29,0,,2
10900,2021,2,2,30-44,0,,1
10900,2021,2,6,30-44,0,,1
10900,2021,3,6,30-44,.24477226,,4
10900,2021,4,6,30-44,0,,3
10900,2021,1,2,45-64,0,,1
10900,2021,2,6,45-64,0,,1
10900,2021,3,6,45-64,0,,2
10900,2021,4,2,45-64,0,,1
10900,2021,4,3,45-64,0,,1
10900,2021,4,6,45-64,0,,2
10900,2023,2,2,18-29,0,,1
10900,2023,2,6,18-29,0,,1
10900,2023,4,2,18-29,0,,1
10900,2023,2,2,30-44,,,0
10900,2023,2,6,30-44,0,,1
10900,2023,3,6,30-44,0,,2
10900,2023,4,1,30-44,0,,1
10900,2023,4,6,30-44,0,,7
10900,2023,1,6,45-64,0,,1
10900,2023,2,6,45-64,0,,6
10900,2023,3,6,45-64,0,,3
10900,2023,4,6,45-64,.32903054,,5
11020,2013,3,6,18-29,0,1,1
11020,2013,2,6,30-44,0,.15949005,6
11020,2013,3,6,30-44,0,0,2
11020,2013,4,6,30-44,0,1,1
11020,2013,2,1,45-64,0,0,1
11020,2013,2,6,45-64,.16210963,0,7
11020,2013,3,6,45-64,0,1,1
11020,2013,4,1,45-64,0,0,1
11020,2013,4,6,45-64,0,0,2
11100,2013,1,2,18-29,0,0,1
11100,2013,2,1,18-29,0,,1
11100,2013,2,2,18-29,0,0,1
11100,2013,2,6,18-29,0,1,1
11100,2013,3,1,18-29,0,,1
11100,2013,3,2,18-29,0,1,3
11100,2013,3,6,18-29,0,.52176011,2
11100,2013,2,6,30-44,0,0,1
11100,2013,3,2,30-44,0,,1
11100,2013,3,6,30-44,0,.58282906,3
11100,2013,4,6,30-44,0,1,1
11100,2013,1,6,45-64,0,,1
11100,2013,3,6,45-64,0,1,1
11100,2015,2,2,18-29,1,0,1
11100,2015,2,6,18-29,0,.49597073,2
11100,2015,2,7,18-29,0,0,1
11100,2015,3,2,18-29,0,1,1
11100,2015,3,6,18-29,0,0,1
11100,2015,4,6,18-29,0,1,1
11100,2015,4,7,18-29,0,,1
11100,2015,1,7,30-44,0,0,1
11100,2015,3,6,30-44,0,0,1
11100,2015,4,6,30-44,0,1,1
11100,2015,3,6,45-64,0,.52148449,3
11100,2015,4,2,45-64,0,0,1
11100,2017,3,6,18-29,0,1,1
11100,2017,3,2,30-44,1,0,1
11100,2017,1,2,45-64,0,0,1
11100,2017,1,6,45-64,0,0,1
11100,2017,2,6,45-64,0,.27565852,3
11100,2017,3,1,45-64,0,0,2
11100,2017,3,6,45-64,0,.29235795,4
11100,2017,4,6,45-64,0,.35904697,3
11100,2019,2,6,18-29,0,,1
11100,2019,2,2,30-44,0,,1
11100,2019,2,1,45-64,0,,1
11100,2019,2,6,45-64,0,,1
11100,2019,3,6,45-64,0,,3
11100,2019,4,6,45-64,0,,1
11100,2021,2,6,18-29,0,,1
11100,2021,3,2,18-29,0,,1
11100,2021,4,6,18-29,0,,1
11100,2021,2,2,30-44,0,,2
11100,2021,3,6,30-44,0,,1
11100,2021,4,6,30-44,0,,1
11100,2023,2,2,18-29,0,,1
11100,2023,2,6,18-29,0,,1
11100,2023,3,6,18-29,0,,1
11100,2023,1,2,30-44,0,,1
11100,2023,2,1,30-44,0,,1
11100,2023,3,2,30-44,0,,1
11100,2023,3,6,30-44,.42044681,,2
11100,2023,4,6,30-44,0,,1
11100,2023,2,2,45-64,0,,1
11460,2013,2,6,18-29,0,1,2
11460,2013,3,6,18-29,0,1,1
11460,2013,4,6,18-29,0,1,1
11460,2013,2,6,30-44,0,.41425693,2
11460,2013,3,2,30-44,0,1,1
11460,2013,3,6,30-44,.41510701,.41510701,2
11460,2013,4,1,30-44,0,1,1
11460,2013,4,6,30-44,.37969521,.44056803,5
11460,2013,3,6,45-64,0,0,1
11460,2013,4,1,45-64,1,0,1
11460,2013,4,6,45-64,0,.3242608,3
11460,2015,3,1,18-29,0,0,1
11460,2015,4,3,18-29,0,1,1
11460,2015,4,6,18-29,0,1,1
11460,2015,1,2,30-44,0,0,1
11460,2015,1,6,30-44,0,0,1
11460,2015,3,6,30-44,0,1,2
11460,2015,4,6,30-44,0,.65577209,3
11460,2015,2,6,45-64,0,0,1
11460,2015,3,6,45-64,0,0,1
11460,2015,4,6,45-64,0,.32494256,3
11460,2017,4,1,18-29,0,1,1
11460,2017,4,2,18-29,0,1,1
11460,2017,4,3,18-29,0,1,1
11460,2017,4,6,18-29,0,1,1
11460,2017,2,6,30-44,1,,1
11460,2017,3,2,30-44,0,0,1
11460,2017,3,6,30-44,0,1,1
11460,2017,4,6,30-44,0,.83966798,6
11460,2017,2,6,45-64,0,1,1
11460,2017,3,6,45-64,0,.38418218,3
11460,2017,4,3,45-64,0,1,1
11460,2017,4,6,45-64,.3268263,.33003688,6
11460,2019,4,1,18-29,0,,1
11460,2019,4,6,18-29,0,,3
11460,2019,3,1,30-44,0,,1
11460,2019,3,2,30-44,0,,1
11460,2019,3,6,30-44,0,,1
11460,2019,2,1,45-64,0,,1
11460,2019,2,6,45-64,0,,1
11460,2019,3,1,45-64,0,,1
11460,2019,3,6,45-64,0,,2
11460,2019,4,1,45-64,0,,2
11460,2019,4,6,45-64,0,,4
11460,2021,2,6,18-29,0,,1
11460,2021,4,2,18-29,0,,1
11460,2021,4,6,18-29,0,,1
11460,2021,2,2,30-44,0,,1
11460,2021,3,6,30-44,0,,3
11460,2021,4,2,30-44,0,,2
11460,2021,4,3,30-44,0,,1
11460,2021,4,6,30-44,0,,5
11460,2021,1,6,45-64,0,,1
11460,2021,2,2,45-64,0,,1
11460,2021,3,6,45-64,0,,1
11460,2021,4,3,45-64,1,,1
11460,2021,4,6,45-64,.20934458,,4
11460,2023,4,3,18-29,0,,1
11460,2023,4,6,18-29,0,,1
11460,2023,2,6,30-44,0,,1
11460,2023,4,6,30-44,0,,5
11460,2023,3,6,45-64,0,,1
11460,2023,4,1,45-64,0,,1
11460,2023,4,6,45-64,1,,1
11500,2013,3,6,30-44,0,0,1
11500,2013,4,6,30-44,0,0,1
11500,2013,1,6,45-64,.45422509,0,2
11500,2013,3,1,45-64,0,1,1
11500,2013,3,6,45-64,.31271592,.68728405,3
11500,2013,4,2,45-64,0,1,1
11500,2013,4,6,45-64,0,0,1
11540,2013,2,2,18-29,0,1,1
11540,2013,2,6,18-29,0,1,2
11540,2013,3,6,18-29,0,1,1
11540,2013,4,6,18-29,0,1,4
11540,2013,2,6,30-44,0,0,1
11540,2013,3,6,30-44,0,.572981,2
11540,2013,4,6,30-44,.21147881,.63020158,5
11540,2013,2,6,45-64,.18576717,.21216986,5
11540,2013,3,6,45-64,0,0,1
11540,2013,4,6,45-64,.12719552,.42650756,7
11540,2015,1,1,18-29,0,0,1
11540,2015,2,6,18-29,0,1,2
11540,2015,3,6,30-44,0,.66615969,3
11540,2015,4,6,30-44,0,1,1
11540,2015,2,6,45-64,0,0,1
11540,2015,3,6,45-64,.33009779,0,3
11540,2015,4,6,45-64,0,.2707901,3
11540,2017,2,2,18-29,0,1,1
11540,2017,2,6,18-29,0,0,1
11540,2017,2,6,30-44,0,0,2
11540,2017,3,1,30-44,0,1,1
11540,2017,3,6,30-44,0,0,2
11540,2017,4,6,30-44,0,1,3
11540,2017,2,6,45-64,0,0,1
11540,2017,3,6,45-64,0,0,3
11540,2017,4,6,45-64,0,0,2
11540,2019,3,3,18-29,0,,1
11540,2019,3,6,18-29,0,,1
11540,2019,4,6,18-29,0,,1
11540,2019,4,7,18-29,0,,1
11540,2019,2,6,30-44,0,,1
11540,2019,3,6,30-44,0,,1
11540,2019,2,6,45-64,0,,1
11540,2019,3,6,45-64,0,,1
11540,2019,4,6,45-64,0,,2
11540,2021,2,6,18-29,1,,1
11540,2021,3,6,18-29,0,,1
11540,2021,2,6,30-44,0,,1
11540,2021,3,6,30-44,0,,1
11540,2021,4,6,30-44,1,,1
11540,2021,2,6,45-64,0,,1
11540,2021,3,6,45-64,0,,1
11540,2021,4,6,45-64,0,,1
11540,2023,4,6,18-29,0,,1
11540,2023,3,6,30-44,.17994769,,7
11540,2023,4,6,30-44,0,,4
11540,2023,2,6,45-64,0,,1
11540,2023,3,6,45-64,0,,1
11540,2023,4,6,45-64,.62118661,,2
11540,2023,4,7,45-64,0,,1
11700,2013,2,6,18-29,0,0,2
11700,2013,3,1,18-29,0,1,1
11700,2013,4,6,18-29,0,0,1
11700,2013,2,2,30-44,0,0,1
11700,2013,2,6,30-44,0,.19127105,5
11700,2013,3,6,30-44,0,.30574307,3
11700,2013,4,6,30-44,0,1,1
11700,2013,1,6,45-64,0,0,1
11700,2013,2,1,45-64,0,0,1
11700,2013,2,6,45-64,.23503411,0,4
11700,2013,3,2,45-64,0,0,1
11700,2013,4,6,45-64,0,0,5
11700,2015,2,6,18-29,0,0,1
11700,2015,3,6,18-29,0,0,1
11700,2015,4,6,30-44,.3334401,1,3
11700,2015,2,6,45-64,0,.51039112,2
11700,2015,4,6,45-64,.20335853,.24269803,5
11700,2017,4,6,18-29,0,1,1
11700,2017,3,6,30-44,0,1,2
11700,2017,3,6,45-64,0,0,1
11700,2019,1,6,18-29,0,,1
11700,2019,2,2,30-44,0,,1
11700,2019,2,3,30-44,1,,1
11700,2019,2,6,30-44,0,,1
11700,2019,4,6,30-44,0,,3
11700,2019,2,6,45-64,0,,2
11700,2019,3,1,45-64,0,,1
11700,2019,3,2,45-64,0,,1
11700,2019,4,6,45-64,1,,1
11700,2021,2,6,18-29,0,,1
11700,2021,4,6,18-29,0,,1
11700,2021,1,2,30-44,1,,1
11700,2021,2,6,30-44,0,,2
11700,2021,3,6,30-44,0,,1
11700,2021,4,6,30-44,.43100497,,5
11700,2021,1,6,45-64,0,,1
11700,2021,2,1,45-64,0,,1
11700,2021,3,4,45-64,1,,1
11700,2021,3,6,45-64,0,,2
11700,2021,4,2,45-64,1,,1
11700,2021,4,3,45-64,0,,1
11700,2021,4,6,45-64,0,,3
11700,2023,4,2,18-29,0,,1
11700,2023,3,7,30-44,0,,1
11700,2023,4,2,30-44,0,,1
11700,2023,4,6,30-44,0,,1
11700,2023,2,6,45-64,1,,1
11700,2023,3,6,45-64,.26728141,,4
11700,2023,4,6,45-64,0,,1
12020,2013,4,3,18-29,0,0,1
12020,2013,4,6,18-29,0,0,1
12020,2013,3,6,30-44,0,0,1
12020,2013,4,6,30-44,.43575135,0,2
12020,2015,4,6,18-29,0,1,1
12020,2015,2,1,30-44,0,0,1
12020,2015,2,6,30-44,0,0,1
12020,2015,3,1,30-44,0,,2
12020,2015,3,6,30-44,0,1,1
12020,2015,4,2,30-44,0,0,1
12020,2015,4,6,30-44,0,1,1
12020,2015,2,1,45-64,0,0,1
12020,2015,4,6,45-64,0,0,3
12020,2017,2,6,18-29,0,0,1
12020,2017,2,6,30-44,1,0,1
12020,2017,4,6,30-44,0,0,1
12020,2017,4,6,45-64,0,.70621461,3
12020,2019,4,1,30-44,0,,1
12020,2019,4,6,30-44,0,,2
12020,2019,2,1,45-64,0,,2
12020,2019,3,6,45-64,0,,1
12020,2021,4,3,18-29,0,,1
12020,2021,2,1,30-44,0,,1
12020,2021,1,2,45-64,0,,1
12020,2021,4,6,45-64,0,,2
12020,2023,1,2,18-29,0,,2
12020,2023,2,6,18-29,0,,1
12020,2023,3,2,18-29,0,,1
12020,2023,3,6,18-29,0,,1
12020,2023,4,2,18-29,0,,1
12020,2023,4,6,18-29,0,,1
12020,2023,1,6,30-44,0,,1
12020,2023,3,6,30-44,.57742041,,2
12020,2023,4,6,30-44,0,,1
12060,2013,1,1,18-29,0,1,1
12060,2013,1,2,18-29,0,,1
12060,2013,1,5,18-29,0,0,1
12060,2013,2,1,18-29,0,.26725984,6
12060,2013,2,2,18-29,0,0,4
12060,2013,2,6,18-29,0,.27930605,5
12060,2013,2,7,18-29,0,,1
12060,2013,3,1,18-29,.069704443,.54136157,13
12060,2013,3,2,18-29,0,1,3
12060,2013,3,6,18-29,.31327432,.55042088,6
12060,2013,4,1,18-29,.22705938,.1800506,6
12060,2013,4,6,18-29,.050712038,.79007953,19
12060,2013,1,1,30-44,.37672415,0,3
12060,2013,1,2,30-44,.3339102,.49935132,3
12060,2013,1,6,30-44,.36329708,0,3
12060,2013,2,1,30-44,0,.51211739,11
12060,2013,2,2,30-44,.18912832,0,5
12060,2013,2,3,30-44,.38512212,0,3
12060,2013,2,6,30-44,.38872716,.27428511,8
12060,2013,3,1,30-44,0,.48912784,17
12060,2013,3,2,30-44,.35350278,1,3
12060,2013,3,5,30-44,0,1,1
12060,2013,3,6,30-44,.18456598,.50268829,17
12060,2013,4,1,30-44,0,.65821916,16
12060,2013,4,2,30-44,0,0,2
12060,2013,4,3,30-44,0,.39679629,5
12060,2013,4,6,30-44,.081681803,.58208632,35
12060,2013,1,1,45-64,0,0,1
12060,2013,1,2,45-64,0,0,1
12060,2013,1,6,45-64,0,0,1
12060,2013,2,1,45-64,0,.34272608,10
12060,2013,2,3,45-64,.50354213,0,2
12060,2013,2,6,45-64,.048958372,.28227261,19
12060,2013,3,1,45-64,.06203134,.42634216,13
12060,2013,3,2,45-64,0,1,1
12060,2013,3,3,45-64,.47343314,1,2
12060,2013,3,5,45-64,0,1,1
12060,2013,3,6,45-64,.21686442,.16384237,21
12060,2013,4,1,45-64,.10137039,.4790056,18
12060,2013,4,2,45-64,1,0,1
12060,2013,4,3,45-64,0,0,1
12060,2013,4,6,45-64,.044838924,.31929448,36
12060,2013,4,7,45-64,.49706417,.50293583,2
12060,2015,1,1,18-29,0,0,2
12060,2015,1,2,18-29,0,0,3
12060,2015,2,1,18-29,.29192826,.648808,4
12060,2015,2,2,18-29,0,0,2
12060,2015,2,6,18-29,0,0,1
12060,2015,3,1,18-29,0,.70748973,7
12060,2015,3,2,18-29,0,1,1
12060,2015,3,4,18-29,0,,1
12060,2015,3,5,18-29,0,1,1
12060,2015,3,6,18-29,.18443768,.61360335,6
12060,2015,3,7,18-29,0,1,1
12060,2015,4,1,18-29,0,1,2
12060,2015,4,3,18-29,0,1,2
12060,2015,4,6,18-29,0,.49538061,10
12060,2015,1,1,30-44,0,0,2
12060,2015,1,2,30-44,0,1,3
12060,2015,1,6,30-44,0,1,2
12060,2015,2,1,30-44,.33483931,.61771679,6
12060,2015,2,2,30-44,0,.21781829,7
12060,2015,2,6,30-44,.091488391,.62436891,9
12060,2015,3,1,30-44,.095154434,.77120584,10
12060,2015,3,2,30-44,0,1,1
12060,2015,3,6,30-44,.30842236,.69670343,13
12060,2015,3,7,30-44,0,1,2
12060,2015,4,1,30-44,.066101424,.58049917,15
12060,2015,4,2,30-44,0,.49094325,4
12060,2015,4,3,30-44,.21250266,.22650674,4
12060,2015,4,6,30-44,.052385595,.53931975,20
12060,2015,1,1,45-64,0,0,3
12060,2015,1,2,45-64,0,0,4
12060,2015,1,6,45-64,0,1,1
12060,2015,2,1,45-64,0,.22152419,15
12060,2015,2,2,45-64,0,,1
12060,2015,2,3,45-64,0,0,1
12060,2015,2,4,45-64,0,0,1
12060,2015,2,6,45-64,.07262335,.1335704,15
12060,2015,3,1,45-64,.24912104,.61736012,8
12060,2015,3,3,45-64,0,0,1
12060,2015,3,6,45-64,0,.75969595,14
12060,2015,4,1,45-64,.058472112,.61024594,14
12060,2015,4,2,45-64,0,.2343204,3
12060,2015,4,3,45-64,0,0,1
12060,2015,4,6,45-64,.12379669,.41512591,30
12060,2015,4,7,45-64,0,0,1
12060,2017,1,2,18-29,0,,1
12060,2017,2,1,18-29,0,.77532315,3
12060,2017,2,2,18-29,0,.35668963,3
12060,2017,2,6,18-29,0,.57290214,4
12060,2017,3,1,18-29,0,.71147192,4
12060,2017,3,6,18-29,0,1,3
12060,2017,4,1,18-29,0,1,4
12060,2017,4,2,18-29,0,1,1
12060,2017,4,6,18-29,0,.88152957,10
12060,2017,1,2,30-44,0,.12260319,10
12060,2017,1,3,30-44,0,0,1
12060,2017,1,6,30-44,.46435884,.46435884,2
12060,2017,2,1,30-44,.1151025,.52038819,10
12060,2017,2,2,30-44,0,1,4
12060,2017,2,3,30-44,0,1,1
12060,2017,2,6,30-44,0,.52313298,7
12060,2017,3,1,30-44,0,.72406566,15
12060,2017,3,2,30-44,0,.29957166,3
12060,2017,3,6,30-44,0,.5271433,7
12060,2017,4,1,30-44,.06838607,.74238199,17
12060,2017,4,2,30-44,0,.50242019,4
12060,2017,4,3,30-44,0,1,4
12060,2017,4,6,30-44,.10663892,.6766817,41
12060,2017,1,1,45-64,.36867577,0,3
12060,2017,1,2,45-64,0,,1
12060,2017,1,3,45-64,0,0,3
12060,2017,2,1,45-64,.45311454,.23070665,10
12060,2017,2,2,45-64,0,0,3
12060,2017,2,3,45-64,.15094449,.33220607,5
12060,2017,2,6,45-64,.13529979,.30790165,23
12060,2017,3,1,45-64,.085782304,.92203355,12
12060,2017,3,2,45-64,0,.45879358,2
12060,2017,3,3,45-64,0,1,1
12060,2017,3,6,45-64,.067759588,.34903607,14
12060,2017,3,7,45-64,1,1,1
12060,2017,4,1,45-64,.1133882,.62204027,15
12060,2017,4,2,45-64,0,.71295583,4
12060,2017,4,3,45-64,.5,1,2
12060,2017,4,6,45-64,.19294271,.6171577,35
12060,2019,1,1,18-29,0,,1
12060,2019,1,2,18-29,0,,1
12060,2019,2,1,18-29,0,,8
12060,2019,2,6,18-29,0,,2
12060,2019,3,1,18-29,0,,3
12060,2019,3,2,18-29,0,,3
12060,2019,3,3,18-29,0,,1
12060,2019,3,6,18-29,.27311656,,3
12060,2019,3,7,18-29,0,,1
12060,2019,4,1,18-29,.31709534,,3
12060,2019,4,2,18-29,0,,1
12060,2019,4,3,18-29,0,,1
12060,2019,4,6,18-29,.12275282,,9
12060,2019,1,2,30-44,.41462609,,3
12060,2019,1,6,30-44,0,,1
12060,2019,2,1,30-44,.36713338,,6
12060,2019,2,2,30-44,0,,4
12060,2019,2,6,30-44,.26708567,,4
12060,2019,3,1,30-44,0,,12
12060,2019,3,2,30-44,0,,2
12060,2019,3,6,30-44,.13342857,,9
12060,2019,4,1,30-44,0,,15
12060,2019,4,2,30-44,0,,6
12060,2019,4,3,30-44,0,,4
12060,2019,4,6,30-44,0,,31
12060,2019,4,7,30-44,0,,1
12060,2019,1,2,45-64,0,,1
12060,2019,1,3,45-64,0,,2
12060,2019,1,6,45-64,.30319983,,2
12060,2019,2,1,45-64,0,,7
12060,2019,2,3,45-64,.36775833,,3
12060,2019,2,6,45-64,.20928034,,8
12060,2019,2,7,45-64,0,,1
12060,2019,3,1,45-64,.24021652,,10
12060,2019,3,2,45-64,0,,3
12060,2019,3,3,45-64,0,,1
12060,2019,3,6,45-64,.29487216,,20
12060,2019,4,1,45-64,.12303134,,16
12060,2019,4,2,45-64,0,,2
12060,2019,4,3,45-64,0,,2
12060,2019,4,5,45-64,0,,1
12060,2019,4,6,45-64,.18246558,,34
12060,2021,2,1,18-29,0,,6
12060,2021,2,2,18-29,.33553132,,2
12060,2021,2,6,18-29,0,,1
12060,2021,3,1,18-29,0,,1
12060,2021,3,6,18-29,0,,6
12060,2021,4,1,18-29,0,,5
12060,2021,4,2,18-29,0,,1
12060,2021,4,3,18-29,.20290235,,5
12060,2021,4,6,18-29,0,,2
12060,2021,4,7,18-29,0,,1
12060,2021,1,2,30-44,0,,3
12060,2021,1,3,30-44,1,,1
12060,2021,1,6,30-44,.54152864,,2
12060,2021,2,1,30-44,0,,6
12060,2021,2,2,30-44,.26819316,,4
12060,2021,2,4,30-44,0,,1
12060,2021,2,6,30-44,0,,4
12060,2021,3,1,30-44,.30605686,,9
12060,2021,3,2,30-44,.50089854,,4
12060,2021,3,6,30-44,.1087782,,10
12060,2021,3,7,30-44,0,,1
12060,2021,4,1,30-44,0,,25
12060,2021,4,2,30-44,0,,5
12060,2021,4,3,30-44,0,,7
12060,2021,4,6,30-44,.079707667,,26
12060,2021,1,2,45-64,0,,1
12060,2021,1,3,45-64,0,,2
12060,2021,1,6,45-64,0,,2
12060,2021,2,1,45-64,.10721792,,11
12060,2021,2,2,45-64,0,,1
12060,2021,2,6,45-64,.16064903,,6
12060,2021,3,1,45-64,.12064759,,10
12060,2021,3,2,45-64,0,,2
12060,2021,3,3,45-64,1,,1
12060,2021,3,6,45-64,.11759596,,16
12060,2021,4,1,45-64,.18935665,,14
12060,2021,4,2,45-64,.27692375,,3
12060,2021,4,3,45-64,0,,6
12060,2021,4,6,45-64,.1648657,,25
12060,2023,2,1,18-29,0,,1
12060,2023,2,2,18-29,.45187709,,2
12060,2023,3,1,18-29,.45316374,,2
12060,2023,3,6,18-29,0,,2
12060,2023,4,1,18-29,0,,3
12060,2023,4,2,18-29,0,,3
12060,2023,4,6,18-29,0,,14
12060,2023,4,7,18-29,0,,2
12060,2023,1,2,30-44,.14980853,,6
12060,2023,1,6,30-44,0,,1
12060,2023,1,7,30-44,0,,1
12060,2023,2,1,30-44,0,,5
12060,2023,2,2,30-44,.40170303,,8
12060,2023,2,6,30-44,0,,3
12060,2023,3,1,30-44,.37687969,,8
12060,2023,3,6,30-44,.17709264,,5
12060,2023,4,1,30-44,.25943825,,12
12060,2023,4,2,30-44,0,,2
12060,2023,4,3,30-44,0,,7
12060,2023,4,6,30-44,.053831439,,22
12060,2023,1,2,45-64,0,,1
12060,2023,2,1,45-64,.19624528,,5
12060,2023,2,3,45-64,0,,2
12060,2023,2,6,45-64,0,,3
12060,2023,3,1,45-64,0,,11
12060,2023,3,3,45-64,1,,1
12060,2023,3,6,45-64,.048637398,,15
12060,2023,3,7,45-64,0,,1
12060,2023,4,1,45-64,0,,11
12060,2023,4,2,45-64,.1999428,,5
12060,2023,4,3,45-64,0,,3
12060,2023,4,6,45-64,.21806428,,19
12100,2013,1,6,18-29,0,0,1
12100,2013,2,1,18-29,0,0,1
12100,2013,3,3,18-29,0,0,1
12100,2013,4,6,18-29,0,1,1
12100,2013,1,3,30-44,0,0,1
12100,2013,2,2,30-44,0,0,1
12100,2013,4,3,30-44,0,1,1
12100,2013,2,2,45-64,0,0,1
12100,2013,2,6,45-64,0,0,2
12100,2013,3,2,45-64,0,0,2
12100,2013,3,6,45-64,0,0,4
12100,2013,4,3,45-64,0,0,1
12100,2013,4,6,45-64,0,.71857774,4
12100,2015,3,2,18-29,0,0,1
12100,2015,4,6,18-29,0,0,1
12100,2015,2,6,30-44,0,0,1
12100,2015,2,6,45-64,.41844973,.58155024,2
12100,2015,3,6,45-64,0,0,2
12100,2015,4,6,45-64,0,0,1
12100,2017,3,3,18-29,0,0,1
12100,2017,1,1,30-44,0,0,1
12100,2017,3,3,30-44,0,0,1
12100,2017,4,3,30-44,0,0,1
12100,2017,1,2,45-64,0,0,1
12100,2017,2,3,45-64,0,0,1
12100,2017,3,2,45-64,0,0,1
12100,2017,4,1,45-64,0,0,1
12100,2017,4,6,45-64,0,1,1
12100,2019,2,2,18-29,0,,1
12100,2019,2,2,30-44,0,,2
12100,2019,2,6,30-44,0,,1
12100,2019,3,1,30-44,0,,1
12100,2019,3,2,30-44,0,,1
12100,2019,4,6,30-44,0,,1
12100,2019,1,2,45-64,0,,1
12100,2019,2,6,45-64,0,,2
12100,2019,4,6,45-64,0,,3
12100,2021,3,6,18-29,0,,2
12100,2021,2,3,30-44,1,,1
12100,2021,3,2,30-44,0,,1
12100,2021,3,6,30-44,0,,1
12100,2021,4,6,30-44,0,,1
12100,2021,2,2,45-64,0,,1
12100,2021,3,6,45-64,0,,1
12100,2021,4,1,45-64,0,,1
12100,2021,4,6,45-64,0,,3
12100,2023,2,6,30-44,0,,1
12100,2023,3,2,30-44,0,,1
12100,2023,3,6,30-44,0,,1
12100,2023,1,6,45-64,0,,1
12100,2023,2,6,45-64,1,,1
12220,2015,1,1,18-29,0,0,1
12220,2015,3,6,18-29,0,0,1
12220,2015,4,6,18-29,0,1,1
12220,2015,2,1,30-44,0,1,1
12220,2015,3,1,30-44,0,0,1
12220,2015,3,2,30-44,0,1,1
12220,2015,3,6,30-44,0,1,1
12220,2015,4,6,30-44,0,0,1
12220,2015,1,1,45-64,0,0,1
12220,2015,4,6,45-64,0,1,1
12220,2017,4,6,18-29,0,1,1
12220,2017,2,1,30-44,0,0,1
12220,2017,2,6,30-44,0,,1
12220,2017,3,6,30-44,0,.47036555,2
12220,2017,4,6,30-44,0,1,1
12220,2017,4,6,45-64,0,.47420728,2
12220,2019,3,1,18-29,0,,1
12220,2019,4,6,18-29,0,,1
12220,2019,1,1,30-44,0,,1
12220,2019,2,6,30-44,0,,1
12220,2019,3,1,30-44,0,,1
12220,2019,4,1,30-44,0,,1
12220,2019,4,6,30-44,0,,3
12220,2019,1,6,45-64,0,,1
12220,2019,2,6,45-64,0,,1
12220,2019,3,1,45-64,0,,1
12220,2019,3,6,45-64,0,,5
12220,2019,4,6,45-64,0,,1
12220,2021,4,6,18-29,0,,1
12220,2021,2,1,30-44,0,,2
12220,2021,2,6,30-44,0,,1
12220,2021,3,6,30-44,0,,2
12220,2021,4,6,30-44,.34909567,,6
12220,2021,1,6,45-64,0,,1
12220,2021,2,1,45-64,0,,2
12220,2021,2,6,45-64,0,,1
12220,2021,4,6,45-64,0,,3
12220,2021,4,7,45-64,0,,1
12220,2023,2,6,18-29,0,,1
12220,2023,3,6,18-29,0,,1
12220,2023,3,6,30-44,0,,1
12220,2023,4,6,30-44,0,,2
12220,2023,2,6,45-64,0,,1
12220,2023,4,6,45-64,0,,1
12260,2013,2,1,18-29,0,1,1
12260,2013,4,6,18-29,0,.47071728,2
12260,2013,2,1,30-44,0,1,3
12260,2013,2,2,30-44,0,0,2
12260,2013,2,7,30-44,0,0,1
12260,2013,3,6,30-44,0,0,3
12260,2013,4,6,30-44,0,1,1
12260,2013,2,1,45-64,1,1,1
12260,2013,2,6,45-64,1,0,1
12260,2013,3,1,45-64,0,0,1
12260,2013,3,6,45-64,0,.39906028,2
12260,2015,2,1,18-29,0,,1
12260,2015,3,6,18-29,0,1,1
12260,2015,4,6,18-29,0,1,1
12260,2015,2,6,30-44,0,.49533236,2
12260,2015,3,1,30-44,0,,1
12260,2015,3,2,30-44,0,0,1
12260,2015,3,6,30-44,0,1,3
12260,2015,1,1,45-64,,,0
12260,2015,2,1,45-64,0,.41666511,3
12260,2015,2,6,45-64,0,0,2
12260,2015,3,6,45-64,0,.33242774,2
12260,2015,4,6,45-64,0,1,2
12260,2017,2,1,18-29,0,1,1
12260,2017,2,6,18-29,0,0,1
12260,2017,3,1,18-29,0,1,1
12260,2017,3,6,18-29,0,1,2
12260,2017,4,6,18-29,0,0,1
12260,2017,1,6,30-44,1,0,1
12260,2017,2,1,30-44,0,1,1
12260,2017,3,1,30-44,0,.47060391,3
12260,2017,3,6,30-44,.50836688,1,2
12260,2017,4,1,30-44,1,0,1
12260,2017,4,6,30-44,0,1,1
12260,2017,3,1,45-64,0,.21583629,3
12260,2017,3,6,45-64,.29386866,1,4
12260,2017,4,6,45-64,0,1,2
12260,2019,2,2,18-29,0,,1
12260,2019,2,6,18-29,0,,1
12260,2019,3,6,18-29,0,,2
12260,2019,4,6,18-29,0,,1
12260,2019,1,6,30-44,0,,1
12260,2019,2,1,30-44,0,,1
12260,2019,3,1,30-44,0,,2
12260,2019,4,1,30-44,0,,1
12260,2019,4,6,30-44,.45994923,,2
12260,2019,1,6,45-64,0,,1
12260,2019,2,2,45-64,0,,1
12260,2019,2,6,45-64,0,,2
12260,2019,3,6,45-64,0,,3
12260,2019,4,1,45-64,0,,2
12260,2019,4,6,45-64,0,,1
12260,2021,4,1,18-29,0,,1
12260,2021,4,2,18-29,0,,1
12260,2021,2,1,30-44,0,,2
12260,2021,2,6,30-44,0,,1
12260,2021,3,6,30-44,0,,2
12260,2021,4,1,30-44,0,,2
12260,2021,4,6,30-44,0,,1
12260,2021,1,1,45-64,0,,1
12260,2021,1,6,45-64,1,,1
12260,2021,2,1,45-64,0,,1
12260,2021,3,1,45-64,0,,1
12260,2021,3,6,45-64,0,,1
12260,2021,4,1,45-64,0,,1
12260,2021,4,6,45-64,0,,2
12260,2023,2,6,18-29,0,,1
12260,2023,4,1,18-29,0,,1
12260,2023,4,6,18-29,0,,2
12260,2023,1,2,30-44,0,,1
12260,2023,2,1,30-44,0,,1
12260,2023,2,6,30-44,0,,1
12260,2023,3,1,30-44,0,,2
12260,2023,4,1,30-44,0,,2
12260,2023,4,2,30-44,0,,1
12260,2023,4,6,30-44,0,,2
12260,2023,1,2,45-64,0,,1
12260,2023,2,1,45-64,0,,1
12260,2023,2,6,45-64,0,,1
12260,2023,4,1,45-64,0,,1
12260,2023,4,3,45-64,0,,1
12260,2023,4,6,45-64,0,,6
12420,2013,2,2,18-29,0,.3179214,3
12420,2013,2,6,18-29,0,.50424302,2
12420,2013,3,1,18-29,0,1,1
12420,2013,3,6,18-29,0,1,2
12420,2013,4,1,18-29,0,1,1
12420,2013,4,6,18-29,0,.66066748,9
12420,2013,1,2,30-44,0,0,1
12420,2013,2,2,30-44,0,.24192694,4
12420,2013,2,6,30-44,.31253111,.68746889,3
12420,2013,3,1,30-44,0,0,1
12420,2013,3,2,30-44,0,.62381893,5
12420,2013,3,3,30-44,0,0,2
12420,2013,3,6,30-44,.36041352,.57620192,9
12420,2013,4,1,30-44,0,.24816503,5
12420,2013,4,2,30-44,.16912033,.61743301,5
12420,2013,4,3,30-44,0,0,1
12420,2013,4,6,30-44,.15001769,.66637146,21
12420,2013,1,2,45-64,1,0,1
12420,2013,1,6,45-64,0,0,1
12420,2013,2,2,45-64,0,.21813022,4
12420,2013,2,6,45-64,0,.50888997,4
12420,2013,3,1,45-64,.5007354,.49926463,2
12420,2013,3,2,45-64,.60811025,0,2
12420,2013,3,6,45-64,0,.55214006,9
12420,2013,4,1,45-64,0,1,1
12420,2013,4,2,45-64,,0,0
12420,2013,4,6,45-64,0,.57815129,14
12420,2015,2,2,18-29,0,0,2
12420,2015,2,6,18-29,0,1,1
12420,2015,3,1,18-29,0,0,1
12420,2015,3,2,18-29,0,0,1
12420,2015,3,6,18-29,.34998775,.57239425,6
12420,2015,4,6,18-29,0,.49587274,4
12420,2015,1,2,30-44,.5122956,0,2
12420,2015,2,1,30-44,0,0,1
12420,2015,2,2,30-44,0,,1
12420,2015,2,6,30-44,0,0,1
12420,2015,3,1,30-44,0,1,2
12420,2015,3,2,30-44,1,0,1
12420,2015,3,6,30-44,0,.31812334,6
12420,2015,4,2,30-44,0,.67254603,4
12420,2015,4,3,30-44,0,.43844017,5
12420,2015,4,6,30-44,.23745833,.442478,16
12420,2015,1,2,45-64,.17422207,0,5
12420,2015,2,2,45-64,0,,1
12420,2015,3,2,45-64,0,.6354301,2
12420,2015,3,6,45-64,.17254105,.44666553,5
12420,2015,3,7,45-64,0,0,1
12420,2015,4,1,45-64,0,1,2
12420,2015,4,2,45-64,0,0,1
12420,2015,4,3,45-64,.32813659,.67186338,3
12420,2015,4,6,45-64,.13699678,.70135885,15
12420,2017,1,6,18-29,0,0,1
12420,2017,2,2,18-29,1,,1
12420,2017,3,2,18-29,0,1,3
12420,2017,3,6,18-29,0,0,1
12420,2017,4,1,18-29,0,.33218539,3
12420,2017,4,3,18-29,0,.61014575,2
12420,2017,4,6,18-29,0,.71526653,8
12420,2017,4,7,18-29,0,1,1
12420,2017,1,2,30-44,0,1,2
12420,2017,2,2,30-44,0,0,3
12420,2017,2,6,30-44,0,.46728551,2
12420,2017,2,7,30-44,0,1,1
12420,2017,3,1,30-44,0,0,1
12420,2017,3,6,30-44,.25182915,.24699076,8
12420,2017,4,1,30-44,0,0,2
12420,2017,4,2,30-44,.25580499,.50571501,4
12420,2017,4,3,30-44,.37315908,0,2
12420,2017,4,6,30-44,.15639821,.92378175,14
12420,2017,1,2,45-64,0,0,1
12420,2017,1,6,45-64,0,0,2
12420,2017,2,2,45-64,0,0,1
12420,2017,2,6,45-64,.30823001,.30231845,3
12420,2017,3,1,45-64,1,0,1
12420,2017,3,2,45-64,0,0,1
12420,2017,3,3,45-64,0,0,1
12420,2017,3,6,45-64,.41726348,.43705642,5
12420,2017,4,1,45-64,0,.45461231,2
12420,2017,4,2,45-64,0,1,2
12420,2017,4,3,45-64,.24831456,.25352201,4
12420,2017,4,6,45-64,.085941799,.54551744,21
12420,2019,2,2,18-29,0,,1
12420,2019,2,6,18-29,0,,2
12420,2019,3,2,18-29,0,,1
12420,2019,3,6,18-29,0,,3
12420,2019,4,6,18-29,0,,6
12420,2019,1,2,30-44,0,,2
12420,2019,2,2,30-44,0,,4
12420,2019,2,6,30-44,0,,1
12420,2019,3,1,30-44,0,,1
12420,2019,3,2,30-44,0,,3
12420,2019,3,6,30-44,0,,5
12420,2019,4,2,30-44,0,,2
12420,2019,4,3,30-44,0,,1
12420,2019,4,6,30-44,.15815805,,14
12420,2019,1,2,45-64,.25807467,,4
12420,2019,2,2,45-64,0,,1
12420,2019,2,6,45-64,.17472957,,6
12420,2019,3,1,45-64,0,,3
12420,2019,3,2,45-64,0,,1
12420,2019,3,3,45-64,0,,1
12420,2019,3,6,45-64,.25695503,,7
12420,2019,4,1,45-64,1,,1
12420,2019,4,2,45-64,.57391274,,2
12420,2019,4,6,45-64,.12774673,,13
12420,2021,1,2,18-29,1,,1
12420,2021,2,1,18-29,0,,2
12420,2021,2,2,18-29,0,,3
12420,2021,2,6,18-29,0,,2
12420,2021,3,1,18-29,0,,1
12420,2021,3,6,18-29,0,,1
12420,2021,4,2,18-29,0,,1
12420,2021,4,3,18-29,0,,5
12420,2021,4,6,18-29,0,,5
12420,2021,1,1,30-44,0,,1
12420,2021,1,6,30-44,0,,1
12420,2021,2,6,30-44,0,,3
12420,2021,3,2,30-44,0,,1
12420,2021,3,6,30-44,0,,3
12420,2021,4,2,30-44,.23250388,,5
12420,2021,4,3,30-44,0,,7
12420,2021,4,6,30-44,.11889347,,16
12420,2021,1,1,45-64,1,,1
12420,2021,1,3,45-64,1,,1
12420,2021,2,1,45-64,0,,1
12420,2021,2,6,45-64,0,,1
12420,2021,3,2,45-64,0,,1
12420,2021,3,6,45-64,.27194604,,8
12420,2021,4,2,45-64,0,,2
12420,2021,4,3,45-64,0,,2
12420,2021,4,6,45-64,.31930384,,15
12420,2023,1,2,18-29,0,,2
12420,2023,3,2,18-29,0,,4
12420,2023,3,3,18-29,0,,1
12420,2023,3,7,18-29,0,,1
12420,2023,4,1,18-29,0,,1
12420,2023,4,2,18-29,0,,3
12420,2023,4,3,18-29,0,,1
12420,2023,4,6,18-29,0,,5
12420,2023,1,2,30-44,0,,2
12420,2023,2,1,30-44,0,,1
12420,2023,2,2,30-44,0,,1
12420,2023,2,6,30-44,.3201147,,3
12420,2023,3,1,30-44,0,,3
12420,2023,3,2,30-44,.39651805,,3
12420,2023,3,6,30-44,.31157306,,6
12420,2023,4,1,30-44,0,,2
12420,2023,4,2,30-44,0,,4
12420,2023,4,3,30-44,0,,3
12420,2023,4,6,30-44,.064729698,,14
12420,2023,1,2,45-64,.72056854,,5
12420,2023,2,1,45-64,0,,1
12420,2023,2,6,45-64,0,,2
12420,2023,3,2,45-64,0,,1
12420,2023,3,6,45-64,0,,4
12420,2023,4,1,45-64,0,,1
12420,2023,4,2,45-64,.38991925,,3
12420,2023,4,3,45-64,0,,2
12420,2023,4,6,45-64,.16373298,,17
12540,2013,2,2,18-29,0,,1
12540,2013,2,6,18-29,0,1,1
12540,2013,3,2,18-29,0,0,2
12540,2013,3,5,18-29,0,0,1
12540,2013,3,6,18-29,0,0,3
12540,2013,4,2,18-29,0,1,1
12540,2013,4,6,18-29,0,1,1
12540,2013,1,2,30-44,0,,1
12540,2013,2,2,30-44,.46755394,0,4
12540,2013,2,6,30-44,0,0,3
12540,2013,3,2,30-44,0,.32379633,3
12540,2013,3,6,30-44,0,1,1
12540,2013,3,7,30-44,0,,1
12540,2013,4,6,30-44,0,0,2
12540,2013,1,2,45-64,0,0,1
12540,2013,1,6,45-64,0,0,1
12540,2013,2,2,45-64,.67906076,0,2
12540,2013,3,2,45-64,1,1,1
12540,2013,4,3,45-64,0,1,1
12540,2013,4,6,45-64,0,.50775045,2
12540,2015,2,1,18-29,0,,1
12540,2015,2,2,18-29,0,1,2
12540,2015,3,4,18-29,0,0,1
12540,2015,3,6,18-29,0,1,1
12540,2015,4,6,18-29,0,0,1
12540,2015,1,2,30-44,0,0,2
12540,2015,2,2,30-44,0,1,1
12540,2015,2,3,30-44,0,0,1
12540,2015,2,6,30-44,0,1,1
12540,2015,3,1,30-44,0,0,1
12540,2015,3,6,30-44,0,0,1
12540,2015,4,6,30-44,0,0,1
12540,2015,1,2,45-64,0,0,2
12540,2015,1,3,45-64,1,0,1
12540,2015,2,6,45-64,0,0,1
12540,2015,3,2,45-64,0,,1
12540,2015,3,6,45-64,0,1,1
12540,2015,4,6,45-64,0,1,1
12540,2017,1,2,18-29,0,0,1
12540,2017,2,2,18-29,.60712141,.60712141,2
12540,2017,2,6,18-29,0,.52169478,2
12540,2017,3,2,18-29,0,.45333263,2
12540,2017,3,3,18-29,0,0,1
12540,2017,4,2,18-29,0,.49866346,2
12540,2017,1,2,30-44,.22534965,0,4
12540,2017,2,2,30-44,.35749176,.35749176,3
12540,2017,3,1,30-44,0,,1
12540,2017,3,2,30-44,0,1,1
12540,2017,3,6,30-44,0,0,2
12540,2017,4,2,30-44,0,0,1
12540,2017,4,3,30-44,0,0,1
12540,2017,4,6,30-44,0,1,3
12540,2017,1,2,45-64,0,0,3
12540,2017,1,6,45-64,1,,1
12540,2017,2,6,45-64,0,1,2
12540,2017,3,2,45-64,0,1,2
12540,2017,3,6,45-64,0,0,3
12540,2017,4,6,45-64,0,.39182505,5
12540,2019,2,2,18-29,0,,1
12540,2019,3,2,18-29,0,,1
12540,2019,3,6,18-29,0,,2
12540,2019,4,3,18-29,1,,1
12540,2019,4,6,18-29,0,,1
12540,2019,1,2,30-44,.42461044,,5
12540,2019,2,2,30-44,.24282722,,4
12540,2019,2,6,30-44,0,,1
12540,2019,3,2,30-44,0,,3
12540,2019,4,2,30-44,0,,2
12540,2019,4,3,30-44,1,,1
12540,2019,4,6,30-44,0,,2
12540,2019,1,2,45-64,.31331655,,3
12540,2019,2,6,45-64,0,,2
12540,2019,3,2,45-64,.58284223,,2
12540,2019,3,3,45-64,0,,1
12540,2019,3,6,45-64,.35671204,,3
12540,2019,4,1,45-64,0,,1
12540,2019,4,2,45-64,0,,1
12540,2019,4,3,45-64,0,,1
12540,2019,4,6,45-64,0,,4
12540,2021,2,2,18-29,0,,3
12540,2021,2,6,18-29,0,,1
12540,2021,3,2,18-29,0,,1
12540,2021,3,6,18-29,0,,1
12540,2021,1,2,30-44,0,,3
12540,2021,1,6,30-44,0,,1
12540,2021,2,2,30-44,1,,1
12540,2021,2,3,30-44,0,,1
12540,2021,2,6,30-44,0,,1
12540,2021,3,2,30-44,0,,2
12540,2021,3,6,30-44,0,,3
12540,2021,4,6,30-44,0,,3
12540,2021,1,2,45-64,.64494687,,3
12540,2021,2,2,45-64,1,,1
12540,2021,2,3,45-64,0,,1
12540,2021,2,6,45-64,0,,1
12540,2021,3,2,45-64,0,,1
12540,2021,3,6,45-64,0,,2
12540,2021,4,2,45-64,0,,1
12540,2021,4,3,45-64,0,,1
12540,2021,4,6,45-64,.32099164,,3
12540,2023,2,6,18-29,0,,1
12540,2023,3,2,18-29,0,,2
12540,2023,4,6,18-29,0,,1
12540,2023,2,2,30-44,0,,1
12540,2023,2,6,30-44,0,,1
12540,2023,3,2,30-44,0,,2
12540,2023,4,3,30-44,0,,1
12540,2023,4,6,30-44,0,,4
12540,2023,1,2,45-64,0,,4
12540,2023,3,6,45-64,0,,1
12540,2023,4,2,45-64,1,,1
12540,2023,4,6,45-64,0,,2
12580,2013,1,2,18-29,0,,1
12580,2013,1,3,18-29,0,0,1
12580,2013,2,1,18-29,0,.43112627,3
12580,2013,2,6,18-29,0,.57287699,4
12580,2013,3,1,18-29,0,.69559783,5
12580,2013,3,6,18-29,0,.47581622,2
12580,2013,4,1,18-29,0,1,3
12580,2013,4,2,18-29,0,0,1
12580,2013,4,3,18-29,0,0,1
12580,2013,4,6,18-29,.073597178,.7481429,12
12580,2013,4,7,18-29,0,1,1
12580,2013,1,2,30-44,.39045444,.32365984,4
12580,2013,1,6,30-44,0,1,1
12580,2013,2,1,30-44,0,.44963288,11
12580,2013,2,2,30-44,0,.47565135,2
12580,2013,2,3,30-44,0,0,1
12580,2013,2,6,30-44,.16814373,.43334267,7
12580,2013,3,1,30-44,.12582128,.16885461,8
12580,2013,3,2,30-44,.57627237,.4237276,2
12580,2013,3,6,30-44,0,.87749439,7
12580,2013,4,1,30-44,0,.47489566,4
12580,2013,4,2,30-44,0,0,2
12580,2013,4,3,30-44,.097505912,.33395824,9
12580,2013,4,6,30-44,.055719916,.58290869,39
12580,2013,1,1,45-64,.36185941,0,3
12580,2013,1,2,45-64,.48410031,0,2
12580,2013,1,6,45-64,.33808985,0,3
12580,2013,2,1,45-64,0,.16530201,13
12580,2013,2,2,45-64,0,.61659616,2
12580,2013,2,3,45-64,.35507801,.28438875,3
12580,2013,2,6,45-64,.17834063,.23282368,17
12580,2013,3,1,45-64,0,0,5
12580,2013,3,2,45-64,0,.64386266,2
12580,2013,3,6,45-64,0,.29370573,30
12580,2013,3,7,45-64,0,,1
12580,2013,4,1,45-64,.078535639,.385095,16
12580,2013,4,2,45-64,0,.29851931,3
12580,2013,4,3,45-64,0,0,3
12580,2013,4,6,45-64,.12330288,.28926012,46
12580,2013,4,7,45-64,0,1,1
12580,2015,2,1,18-29,0,0,3
12580,2015,2,7,18-29,0,0,1
12580,2015,3,1,18-29,0,1,2
12580,2015,3,2,18-29,0,.46193215,2
12580,2015,3,6,18-29,0,.6725831,3
12580,2015,4,1,18-29,0,1,1
12580,2015,4,3,18-29,0,1,1
12580,2015,4,6,18-29,0,.88157445,4
12580,2015,1,2,30-44,0,1,3
12580,2015,2,1,30-44,0,.4570097,6
12580,2015,2,6,30-44,0,.40740973,3
12580,2015,3,1,30-44,0,.53589946,3
12580,2015,3,2,30-44,0,0,1
12580,2015,3,6,30-44,0,.54510015,6
12580,2015,4,1,30-44,0,.8369534,7
12580,2015,4,2,30-44,0,1,1
12580,2015,4,3,30-44,0,.80900025,3
12580,2015,4,6,30-44,.026466465,.68929654,19
12580,2015,2,1,45-64,0,.23840983,4
12580,2015,2,2,45-64,0,0,1
12580,2015,2,3,45-64,1,0,1
12580,2015,2,6,45-64,.26463801,.38630885,8
12580,2015,3,1,45-64,0,.63594902,7
12580,2015,3,2,45-64,0,0,1
12580,2015,3,6,45-64,0,.62561136,14
12580,2015,3,7,45-64,0,0,1
12580,2015,4,1,45-64,0,1,2
12580,2015,4,3,45-64,0,.49885213,4
12580,2015,4,6,45-64,.16666281,.50316799,30
12580,2017,1,2,18-29,0,0,1
12580,2017,2,1,18-29,0,1,2
12580,2017,2,6,18-29,0,1,2
12580,2017,3,1,18-29,0,.53078455,2
12580,2017,3,6,18-29,0,1,2
12580,2017,4,6,18-29,0,.88352507,10
12580,2017,1,2,30-44,0,0,1
12580,2017,2,6,30-44,0,.69610232,3
12580,2017,3,1,30-44,0,.50407827,2
12580,2017,3,2,30-44,0,1,2
12580,2017,3,4,30-44,0,1,1
12580,2017,3,6,30-44,0,.6054585,5
12580,2017,4,1,30-44,0,.9040727,8
12580,2017,4,3,30-44,0,.71992838,3
12580,2017,4,6,30-44,.11385714,.80175346,19
12580,2017,4,7,30-44,0,1,2
12580,2017,1,6,45-64,0,0,2
12580,2017,2,1,45-64,0,1,2
12580,2017,2,6,45-64,.079455614,.39873147,10
12580,2017,3,1,45-64,0,0,1
12580,2017,3,6,45-64,.30754387,.38278455,7
12580,2017,4,1,45-64,0,0,2
12580,2017,4,3,45-64,0,0,2
12580,2017,4,6,45-64,.043183807,.53530747,26
12580,2019,1,1,18-29,0,,1
12580,2019,2,1,18-29,0,,1
12580,2019,2,6,18-29,0,,2
12580,2019,2,7,18-29,0,,1
12580,2019,3,1,18-29,0,,4
12580,2019,4,1,18-29,0,,2
12580,2019,4,6,18-29,0,,11
12580,2019,1,2,30-44,.46684435,,2
12580,2019,2,1,30-44,0,,2
12580,2019,2,6,30-44,0,,2
12580,2019,3,2,30-44,0,,1
12580,2019,3,6,30-44,.22827061,,5
12580,2019,4,1,30-44,0,,3
12580,2019,4,3,30-44,0,,3
12580,2019,4,4,30-44,0,,1
12580,2019,4,6,30-44,.056481782,,17
12580,2019,1,1,45-64,1,,1
12580,2019,1,2,45-64,0,,1
12580,2019,1,6,45-64,0,,2
12580,2019,2,1,45-64,0,,3
12580,2019,2,2,45-64,0,,1
12580,2019,2,6,45-64,.11877771,,7
12580,2019,3,1,45-64,.12762281,,6
12580,2019,3,6,45-64,.16456157,,6
12580,2019,4,1,45-64,0,,2
12580,2019,4,2,45-64,0,,1
12580,2019,4,3,45-64,0,,2
12580,2019,4,6,45-64,0,,24
12580,2021,2,1,18-29,0,,1
12580,2021,3,1,18-29,0,,2
12580,2021,3,2,18-29,0,,1
12580,2021,3,6,18-29,0,,1
12580,2021,4,2,18-29,0,,1
12580,2021,2,1,30-44,.58054465,,2
12580,2021,2,6,30-44,0,,1
12580,2021,2,7,30-44,0,,1
12580,2021,3,1,30-44,.26625219,,4
12580,2021,3,4,30-44,0,,1
12580,2021,3,6,30-44,0,,3
12580,2021,4,1,30-44,0,,3
12580,2021,4,2,30-44,.58138525,,2
12580,2021,4,3,30-44,0,,4
12580,2021,4,6,30-44,.083590508,,11
12580,2021,4,7,30-44,1,,1
12580,2021,1,1,45-64,0,,1
12580,2021,2,1,45-64,.14692497,,6
12580,2021,2,3,45-64,0,,1
12580,2021,2,6,45-64,.25682536,,4
12580,2021,3,1,45-64,0,,3
12580,2021,3,6,45-64,.1476379,,7
12580,2021,4,1,45-64,0,,5
12580,2021,4,3,45-64,.74960995,,3
12580,2021,4,6,45-64,.070092879,,13
12580,2021,4,7,45-64,0,,1
12580,2023,1,2,18-29,0,,1
12580,2023,2,1,18-29,0,,3
12580,2023,3,1,18-29,0,,2
12580,2023,3,6,18-29,.21238708,,4
12580,2023,3,7,18-29,0,,1
12580,2023,4,6,18-29,0,,5
12580,2023,2,1,30-44,0,,3
12580,2023,2,6,30-44,0,,1
12580,2023,4,1,30-44,.099703252,,8
12580,2023,4,2,30-44,0,,1
12580,2023,4,3,30-44,0,,2
12580,2023,4,6,30-44,.059925359,,16
12580,2023,4,7,30-44,0,,1
12580,2023,1,6,45-64,.52163672,,2
12580,2023,2,1,45-64,0,,4
12580,2023,2,2,45-64,0,,1
12580,2023,2,6,45-64,0,,1
12580,2023,3,1,45-64,.36036164,,3
12580,2023,3,6,45-64,.095147267,,11
12580,2023,3,7,45-64,0,,1
12580,2023,4,1,45-64,.29694349,,9
12580,2023,4,2,45-64,.34728497,,3
12580,2023,4,3,45-64,.2464484,,4
12580,2023,4,6,45-64,.22378212,,25
12620,2013,1,6,18-29,0,0,2
12620,2013,2,6,18-29,0,0,3
12620,2013,3,1,18-29,0,1,1
12620,2013,3,6,18-29,0,.4616583,4
12620,2013,4,6,18-29,0,0,1
12620,2013,2,6,30-44,.4708125,.23994876,4
12620,2013,3,6,30-44,.19690038,.56798118,5
12620,2013,4,2,30-44,0,1,1
12620,2013,4,6,30-44,0,.147214,6
12620,2013,1,6,45-64,1,0,1
12620,2013,2,6,45-64,.59076327,0,5
12620,2013,3,2,45-64,0,0,1
12620,2013,3,6,45-64,0,.22225128,9
12620,2013,4,6,45-64,.40196016,.18774329,5
12620,2015,3,6,18-29,0,1,1
12620,2015,4,6,18-29,0,.60631466,2
12620,2015,2,6,30-44,0,0,1
12620,2015,3,6,30-44,0,1,1
12620,2015,4,6,30-44,.23351982,.67290968,3
12620,2015,1,6,45-64,0,0,3
12620,2015,2,6,45-64,.33185643,0,3
12620,2015,3,6,45-64,.53442889,.29024354,6
12620,2015,4,6,45-64,0,.26014048,4
12620,2017,2,6,18-29,0,.3644661,2
12620,2017,3,6,18-29,0,.79275334,5
12620,2017,4,6,18-29,0,1,1
12620,2017,2,6,30-44,0,0,1
12620,2017,3,6,30-44,0,.50254327,2
12620,2017,4,6,30-44,0,.59858328,3
12620,2017,2,6,45-64,0,.50590265,2
12620,2017,3,6,45-64,0,.67032588,4
12620,2017,4,6,45-64,0,1,5
12620,2019,2,6,18-29,0,,2
12620,2019,4,6,18-29,0,,2
12620,2019,4,6,30-44,0,,2
12620,2019,2,6,45-64,0,,1
12620,2019,3,6,45-64,.234999,,4
12620,2019,4,6,45-64,0,,4
12620,2021,2,6,18-29,0,,1
12620,2021,3,6,18-29,0,,4
12620,2021,4,6,18-29,0,,1
12620,2021,2,6,30-44,.27395675,,3
12620,2021,4,6,30-44,0,,6
12620,2021,2,6,45-64,0,,3
12620,2021,3,6,45-64,0,,2
12620,2021,4,6,45-64,0,,1
12620,2023,2,6,18-29,0,,1
12620,2023,2,6,30-44,0,,1
12620,2023,4,6,30-44,0,,3
12620,2023,2,6,45-64,0,,2
12620,2023,3,6,45-64,0,,4
12620,2023,4,6,45-64,0,,1
12700,2013,2,6,18-29,0,0,1
12700,2013,3,6,30-44,0,.56430763,2
12700,2013,4,6,30-44,0,.6908564,3
12700,2013,2,6,45-64,.64723027,0,3
12700,2013,4,3,45-64,0,0,1
12700,2013,4,6,45-64,.21567969,.54209167,4
12700,2015,3,6,30-44,0,0,1
12700,2015,2,6,45-64,0,0,1
12700,2015,3,6,45-64,0,0,1
12700,2015,4,6,45-64,.38966659,.70124936,3
12700,2017,1,6,18-29,0,1,1
12700,2017,4,6,30-44,0,1,1
12700,2017,2,6,45-64,.25844464,.72052276,4
12700,2017,3,6,45-64,.70960951,.3493205,3
12700,2017,4,6,45-64,1,0,1
12700,2019,3,1,18-29,0,,1
12700,2019,2,6,30-44,0,,2
12700,2019,3,6,30-44,0,,1
12700,2019,4,1,30-44,0,,1
12700,2019,2,1,45-64,0,,1
12700,2019,2,6,45-64,0,,1
12700,2019,3,6,45-64,0,,1
12700,2019,4,6,45-64,0,,1
12700,2021,3,7,30-44,0,,1
12700,2021,3,6,45-64,.30493453,,3
12700,2021,4,6,45-64,0,,3
12700,2023,3,6,18-29,0,,1
12700,2023,2,1,30-44,0,,1
12700,2023,2,6,30-44,.45057592,,2
12700,2023,4,6,30-44,0,,1
12700,2023,2,1,45-64,1,,1
12700,2023,2,6,45-64,1,,1
12700,2023,3,6,45-64,0,,2
12700,2023,4,6,45-64,.76586473,,4
12940,2013,1,1,18-29,0,,1
12940,2013,1,6,18-29,0,1,1
12940,2013,2,1,18-29,0,0,2
12940,2013,2,6,18-29,0,.52925903,3
12940,2013,3,1,18-29,0,0,2
12940,2013,4,6,18-29,0,.56280452,2
12940,2013,4,7,18-29,0,0,1
12940,2013,1,1,30-44,0,,1
12940,2013,1,6,30-44,0,,1
12940,2013,2,1,30-44,0,0,3
12940,2013,2,6,30-44,0,0,1
12940,2013,3,1,30-44,0,0,1
12940,2013,3,6,30-44,0,1,3
12940,2013,4,1,30-44,0,0,1
12940,2013,4,3,30-44,0,1,1
12940,2013,4,6,30-44,0,.48184061,2
12940,2013,1,6,45-64,0,0,1
12940,2013,2,1,45-64,.31874084,.52115399,3
12940,2013,2,3,45-64,0,1,1
12940,2013,2,6,45-64,0,.55316252,6
12940,2013,3,6,45-64,0,0,1
12940,2013,4,1,45-64,0,0,2
12940,2013,4,6,45-64,.16685228,.50417,6
12940,2015,1,2,18-29,0,1,2
12940,2015,1,7,18-29,0,1,1
12940,2015,2,1,18-29,0,0,2
12940,2015,2,2,18-29,0,,1
12940,2015,2,6,18-29,0,.71523941,3
12940,2015,3,1,18-29,0,1,1
12940,2015,3,6,18-29,0,1,3
12940,2015,4,6,18-29,0,.67899579,3
12940,2015,2,1,30-44,0,0,1
12940,2015,2,6,30-44,0,.40717611,6
12940,2015,3,1,30-44,0,.73935342,6
12940,2015,3,6,30-44,.20527577,1,4
12940,2015,4,1,30-44,0,1,2
12940,2015,4,2,30-44,0,.62488353,3
12940,2015,4,3,30-44,0,1,1
12940,2015,4,6,30-44,.14064422,1,6
12940,2015,1,1,45-64,1,,1
12940,2015,1,6,45-64,0,0,3
12940,2015,2,1,45-64,0,.46270087,6
12940,2015,2,6,45-64,.2167235,.23622228,5
12940,2015,3,1,45-64,0,1,2
12940,2015,3,2,45-64,0,1,1
12940,2015,3,6,45-64,0,.626719,11
12940,2015,4,1,45-64,0,.44051391,2
12940,2015,4,6,45-64,0,.68243551,10
12940,2017,2,2,18-29,0,0,1
12940,2017,2,6,18-29,0,1,1
12940,2017,3,6,18-29,0,.71574134,4
12940,2017,4,1,18-29,0,1,2
12940,2017,4,6,18-29,0,1,1
12940,2017,1,1,30-44,0,1,1
12940,2017,1,2,30-44,1,,2
12940,2017,1,6,30-44,0,,1
12940,2017,2,1,30-44,.45649576,.54350424,2
12940,2017,2,2,30-44,0,,1
12940,2017,2,6,30-44,0,1,2
12940,2017,3,1,30-44,0,.34525698,3
12940,2017,3,6,30-44,0,.69996637,4
12940,2017,4,1,30-44,0,1,3
12940,2017,4,2,30-44,0,0,1
12940,2017,4,6,30-44,.29203072,.80780309,11
12940,2017,1,1,45-64,0,0,2
12940,2017,1,6,45-64,0,1,1
12940,2017,2,1,45-64,0,0,1
12940,2017,2,6,45-64,0,.70882708,3
12940,2017,3,1,45-64,0,.78668761,5
12940,2017,3,6,45-64,.31579,.68421,4
12940,2017,4,1,45-64,0,1,1
12940,2017,4,3,45-64,0,0,1
12940,2017,4,6,45-64,.11253151,.89279091,8
12940,2019,2,1,18-29,0,,2
12940,2019,2,6,18-29,0,,1
12940,2019,3,1,18-29,0,,1
12940,2019,3,2,18-29,0,,1
12940,2019,3,6,18-29,0,,2
12940,2019,4,1,18-29,0,,1
12940,2019,4,6,18-29,0,,3
12940,2019,4,7,18-29,0,,1
12940,2019,1,1,30-44,0,,1
12940,2019,1,2,30-44,0,,1
12940,2019,2,1,30-44,0,,2
12940,2019,2,2,30-44,0,,1
12940,2019,2,6,30-44,0,,4
12940,2019,3,1,30-44,0,,3
12940,2019,3,2,30-44,1,,1
12940,2019,3,6,30-44,.25658557,,7
12940,2019,4,1,30-44,0,,3
12940,2019,4,2,30-44,0,,4
12940,2019,4,6,30-44,0,,8
12940,2019,1,6,45-64,0,,1
12940,2019,2,1,45-64,0,,3
12940,2019,2,2,45-64,0,,1
12940,2019,2,6,45-64,.18434884,,6
12940,2019,3,1,45-64,0,,3
12940,2019,3,6,45-64,0,,5
12940,2019,4,1,45-64,.53646326,,2
12940,2019,4,6,45-64,0,,9
12940,2021,2,6,18-29,0,,1
12940,2021,3,1,18-29,0,,2
12940,2021,3,6,18-29,0,,4
12940,2021,4,1,18-29,0,,1
12940,2021,4,6,18-29,0,,2
12940,2021,2,1,30-44,0,,2
12940,2021,2,6,30-44,0,,3
12940,2021,2,7,30-44,0,,1
12940,2021,3,1,30-44,.23455621,,4
12940,2021,3,6,30-44,0,,2
12940,2021,4,1,30-44,.28614619,,4
12940,2021,4,6,30-44,0,,4
12940,2021,1,6,45-64,0,,1
12940,2021,2,1,45-64,0,,1
12940,2021,2,2,45-64,0,,1
12940,2021,2,6,45-64,.47485101,,2
12940,2021,3,1,45-64,0,,2
12940,2021,3,2,45-64,0,,1
12940,2021,3,6,45-64,0,,7
12940,2021,4,1,45-64,.48999,,2
12940,2021,4,6,45-64,0,,5
12940,2023,2,6,18-29,0,,3
12940,2023,3,6,18-29,0,,1
12940,2023,4,1,18-29,0,,2
12940,2023,4,6,18-29,0,,4
12940,2023,1,1,30-44,0,,2
12940,2023,1,6,30-44,0,,2
12940,2023,2,1,30-44,.38314402,,3
12940,2023,2,2,30-44,1,,1
12940,2023,3,6,30-44,0,,1
12940,2023,4,1,30-44,0,,1
12940,2023,4,6,30-44,.14517298,,7
12940,2023,2,1,45-64,.4492242,,4
12940,2023,2,6,45-64,.39009309,,3
12940,2023,2,7,45-64,.53117639,,2
12940,2023,3,4,45-64,0,,1
12940,2023,3,6,45-64,.17447039,,5
12940,2023,4,1,45-64,.31822667,,3
12940,2023,4,6,45-64,.30588329,,4
12980,2015,1,6,18-29,0,0,1
12980,2015,2,6,18-29,0,0,1
12980,2015,3,6,18-29,0,.48188111,2
12980,2015,4,6,18-29,0,1,1
12980,2015,2,1,30-44,0,1,1
12980,2015,2,6,30-44,1,0,1
12980,2015,3,6,30-44,0,.6784361,3
12980,2015,2,1,45-64,0,0,1
12980,2015,2,6,45-64,.32488319,.31722367,3
12980,2015,3,6,45-64,0,0,4
12980,2015,4,6,45-64,0,0,2
12980,2017,2,6,18-29,0,1,1
12980,2017,2,3,30-44,0,1,1
12980,2017,4,6,30-44,0,1,1
12980,2017,2,2,45-64,0,0,1
12980,2019,2,6,18-29,0,,1
12980,2019,1,2,30-44,0,,1
12980,2019,1,6,30-44,0,,1
12980,2019,2,6,30-44,0,,1
12980,2019,3,1,30-44,0,,1
12980,2019,3,6,30-44,0,,2
12980,2019,2,1,45-64,0,,2
12980,2019,2,6,45-64,0,,1
12980,2019,3,6,45-64,.25534362,,3
12980,2019,4,6,45-64,0,,2
12980,2021,1,1,18-29,0,,1
12980,2021,2,1,18-29,0,,1
12980,2021,3,6,18-29,0,,1
12980,2021,4,6,18-29,0,,1
12980,2021,2,6,30-44,0,,1
12980,2021,2,6,45-64,0,,1
12980,2021,3,6,45-64,0,,1
12980,2021,4,6,45-64,0,,1
12980,2023,2,2,18-29,0,,1
12980,2023,3,6,30-44,0,,3
12980,2023,3,7,30-44,1,,1
12980,2023,4,6,30-44,0,,1
12980,2023,2,6,45-64,0,,1
12980,2023,3,1,45-64,1,,1
12980,2023,3,6,45-64,0,,4
12980,2023,4,6,45-64,1,,1
13140,2013,1,6,18-29,0,1,1
13140,2013,2,6,18-29,0,0,1
13140,2013,3,6,18-29,0,0,1
13140,2013,4,1,18-29,0,1,1
13140,2013,4,2,18-29,0,0,1
13140,2013,1,1,30-44,0,0,1
13140,2013,1,2,30-44,0,0,1
13140,2013,2,6,30-44,0,0,1
13140,2013,3,6,30-44,0,1,2
13140,2013,4,1,30-44,0,.45661977,2
13140,2013,4,6,30-44,0,1,2
13140,2013,2,1,45-64,0,0,2
13140,2013,2,6,45-64,1,0,1
13140,2013,3,1,45-64,0,.50338244,2
13140,2013,3,6,45-64,0,0,2
13140,2013,4,6,45-64,.50215942,.49784055,2
13140,2015,3,1,18-29,0,,1
13140,2015,1,2,30-44,0,,1
13140,2015,1,6,30-44,0,1,1
13140,2015,4,1,30-44,0,0,1
13140,2015,3,1,45-64,0,,1
13140,2015,4,2,45-64,0,0,1
13140,2017,2,2,18-29,0,1,1
13140,2017,3,1,18-29,0,1,1
13140,2017,1,2,30-44,0,,1
13140,2017,3,6,30-44,0,1,1
13140,2017,4,1,30-44,0,,1
13140,2017,2,1,45-64,0,0,1
13140,2017,2,6,45-64,0,0,1
13140,2017,3,3,45-64,1,1,1
13140,2017,3,6,45-64,0,0,1
13140,2017,4,6,45-64,0,1,1
13140,2019,3,2,18-29,0,,1
13140,2019,4,6,45-64,0,,1
13140,2021,4,6,30-44,0,,1
13140,2021,3,6,45-64,0,,1
13140,2021,4,1,45-64,1,,1
13140,2021,4,6,45-64,0,,1
13140,2023,2,1,18-29,0,,1
13140,2023,4,6,18-29,0,,1
13140,2023,2,2,30-44,1,,1
13140,2023,3,1,30-44,.5900867,,2
13140,2023,3,5,30-44,0,,1
13140,2023,3,6,30-44,0,,1
13140,2023,3,1,45-64,0,,1
13140,2023,3,6,45-64,0,,1
13140,2023,4,6,45-64,0,,1
13380,2013,3,6,18-29,0,0,1
13380,2013,3,3,30-44,0,0,1
13380,2013,3,6,30-44,0,1,1
13380,2013,4,6,30-44,0,0,4
13380,2013,3,6,45-64,0,0,1
13380,2013,4,4,45-64,0,0,1
13460,2013,2,7,18-29,0,0,1
13460,2013,3,6,18-29,0,0,1
13460,2013,2,6,30-44,0,0,2
13460,2013,3,6,30-44,.16000786,.4014743,6
13460,2013,4,6,30-44,0,.24259001,4
13460,2013,2,6,45-64,0,.46154031,2
13460,2013,3,6,45-64,0,0,1
13460,2013,4,6,45-64,.25205666,.19538584,9
13460,2015,2,6,18-29,0,0,2
13460,2015,3,4,18-29,0,1,1
13460,2015,4,6,18-29,0,1,1
13460,2015,3,3,30-44,0,1,1
13460,2015,3,7,30-44,1,0,1
13460,2015,4,6,30-44,0,.60245281,3
13460,2015,2,6,45-64,0,0,2
13460,2015,3,6,45-64,.24291973,.24291973,4
13460,2015,4,6,45-64,.30549556,.27104536,7
13460,2017,2,6,18-29,0,1,1
13460,2017,4,3,18-29,0,1,1
13460,2017,1,2,30-44,0,0,1
13460,2017,2,6,30-44,0,1,1
13460,2017,3,1,30-44,0,1,1
13460,2017,3,6,30-44,.18771654,.60648072,7
13460,2017,4,6,30-44,0,.62864673,8
13460,2017,2,6,45-64,.31989959,.48773077,3
13460,2017,3,6,45-64,.54823202,.13705611,6
13460,2017,4,6,45-64,.35080624,.32255024,6
13460,2019,2,6,18-29,0,,3
13460,2019,3,6,18-29,0,,2
13460,2019,2,6,30-44,.49879467,,4
13460,2019,3,3,30-44,0,,1
13460,2019,3,6,30-44,.3295947,,3
13460,2019,4,6,30-44,.17325947,,7
13460,2019,1,6,45-64,0,,1
13460,2019,2,6,45-64,.4675228,,2
13460,2019,3,6,45-64,0,,2
13460,2019,4,6,45-64,.20251988,,5
13460,2021,3,6,18-29,0,,1
13460,2021,3,6,30-44,0,,1
13460,2021,4,6,30-44,.21671517,,6
13460,2021,1,2,45-64,0,,1
13460,2021,2,6,45-64,0,,2
13460,2021,3,5,45-64,0,,1
13460,2021,3,6,45-64,.20907621,,5
13460,2021,4,6,45-64,0,,9
13460,2023,2,2,18-29,0,,1
13460,2023,2,6,18-29,0,,2
13460,2023,3,6,18-29,0,,1
13460,2023,4,6,18-29,0,,3
13460,2023,1,2,30-44,0,,1
13460,2023,2,6,30-44,0,,2
13460,2023,3,2,30-44,1,,1
13460,2023,3,6,30-44,.31298646,,3
13460,2023,4,2,30-44,1,,1
13460,2023,4,6,30-44,.23511569,,4
13460,2023,2,2,45-64,0,,1
13460,2023,2,6,45-64,.52308553,,2
13460,2023,3,6,45-64,0,,3
13460,2023,4,6,45-64,.110195,,9
13740,2013,2,6,18-29,0,0,1
13740,2013,3,6,18-29,0,0,1
13740,2013,4,6,18-29,0,0,2
13740,2013,1,2,30-44,0,0,1
13740,2013,2,6,30-44,0,0,2
13740,2013,3,6,30-44,0,.13664114,6
13740,2013,4,6,30-44,0,.2378311,3
13740,2013,2,6,45-64,0,.084337898,12
13740,2013,3,6,45-64,0,0,3
13740,2013,4,6,45-64,0,0,4
13740,2015,2,6,18-29,.37420955,0,3
13740,2015,3,1,18-29,1,0,1
13740,2015,3,6,18-29,0,0,1
13740,2015,4,6,18-29,0,0,2
13740,2015,1,6,30-44,0,,1
13740,2015,2,1,30-44,0,0,1
13740,2015,2,2,30-44,0,0,1
13740,2015,2,6,30-44,0,0,6
13740,2015,3,1,30-44,0,0,1
13740,2015,3,4,30-44,0,0,1
13740,2015,3,6,30-44,.1374453,.17891666,11
13740,2015,4,1,30-44,0,0,1
13740,2015,4,2,30-44,0,0,1
13740,2015,4,6,30-44,0,0,2
13740,2015,1,6,45-64,0,0,4
13740,2015,2,6,45-64,.2387017,.2712234,8
13740,2015,3,2,45-64,0,0,1
13740,2015,3,4,45-64,0,0,1
13740,2015,3,6,45-64,.12833713,.2210176,14
13740,2015,4,3,45-64,0,0,1
13740,2015,4,4,45-64,0,0,1
13740,2015,4,6,45-64,0,.095195904,10
13740,2017,2,2,18-29,0,0,1
13740,2017,2,6,18-29,0,0,2
13740,2017,3,6,18-29,0,.45091069,4
13740,2017,4,6,18-29,0,.57390308,2
13740,2017,2,6,30-44,.15006293,.18332872,6
13740,2017,3,1,30-44,0,0,1
13740,2017,3,6,30-44,0,.28038803,8
13740,2017,4,6,30-44,0,.30355838,4
13740,2017,2,1,45-64,0,0,1
13740,2017,2,6,45-64,.12442782,.27706489,9
13740,2017,3,6,45-64,.13864809,.11196445,7
13740,2017,4,6,45-64,.091432825,.20413926,20
13740,2019,1,2,18-29,0,,1
13740,2019,2,6,18-29,0,,4
13740,2019,3,6,18-29,0,,1
13740,2019,3,7,18-29,0,,1
13740,2019,4,6,18-29,0,,3
13740,2019,2,2,30-44,1,,1
13740,2019,2,6,30-44,.15630469,,6
13740,2019,3,6,30-44,.12528244,,7
13740,2019,4,6,30-44,0,,8
13740,2019,1,6,45-64,0,,1
13740,2019,2,6,45-64,.29840508,,10
13740,2019,3,3,45-64,1,,1
13740,2019,3,6,45-64,.18497156,,6
13740,2019,4,6,45-64,.10935991,,11
13740,2021,2,4,18-29,0,,1
13740,2021,4,6,18-29,0,,1
13740,2021,1,6,30-44,0,,1
13740,2021,2,6,30-44,.15538958,,6
13740,2021,3,6,30-44,0,,2
13740,2021,4,6,30-44,0,,8
13740,2021,1,2,45-64,0,,1
13740,2021,2,6,45-64,0,,8
13740,2021,3,6,45-64,0,,1
13740,2021,4,2,45-64,0,,1
13740,2021,4,6,45-64,0,,7
13740,2023,1,2,18-29,0,,1
13740,2023,1,6,18-29,0,,2
13740,2023,2,6,18-29,0,,2
13740,2023,3,6,18-29,0,,1
13740,2023,4,6,18-29,0,,2
13740,2023,2,6,30-44,0,,1
13740,2023,3,6,30-44,.5624643,,2
13740,2023,4,6,30-44,.14021109,,9
13740,2023,1,6,45-64,0,,1
13740,2023,2,2,45-64,0,,1
13740,2023,2,6,45-64,.21723387,,4
13740,2023,3,6,45-64,.28636053,,3
13740,2023,4,6,45-64,.19355631,,5
13780,2013,2,6,18-29,1,0,1
13780,2013,1,6,30-44,0,1,1
13780,2013,2,6,30-44,0,0,2
13780,2013,4,6,30-44,0,0,1
13780,2013,2,6,45-64,0,0,3
13780,2013,3,6,45-64,0,0,2
13780,2013,4,6,45-64,0,0,1
13780,2015,2,6,18-29,0,0,1
13780,2015,3,6,18-29,0,1,1
13780,2015,3,2,30-44,0,1,1
13780,2015,3,6,30-44,0,0,1
13780,2015,4,6,30-44,.5,1,2
13780,2015,4,7,30-44,0,0,1
13780,2015,1,6,45-64,0,.35320443,3
13780,2015,1,7,45-64,0,0,1
13780,2015,2,6,45-64,0,0,2
13780,2015,3,1,45-64,0,0,1
13780,2015,3,6,45-64,0,0,6
13780,2015,4,6,45-64,.24997588,.26886109,4
13780,2017,3,6,18-29,0,,1
13780,2017,2,6,30-44,0,.39910817,2
13780,2017,3,6,30-44,0,1,2
13780,2017,4,6,30-44,0,.6641351,3
13780,2017,2,2,45-64,0,0,1
13780,2017,2,6,45-64,0,.51348692,2
13780,2017,3,6,45-64,0,.32811013,6
13780,2017,4,6,45-64,.22947575,.65946734,9
13780,2019,4,6,18-29,0,,3
13780,2019,3,6,30-44,0,,1
13780,2019,4,6,30-44,0,,4
13780,2019,2,6,45-64,.1996693,,5
13780,2019,3,6,45-64,0,,3
13780,2019,4,6,45-64,0,,2
13780,2021,3,7,30-44,0,,1
13780,2021,2,6,45-64,1,,1
13780,2021,3,6,45-64,.53323114,,2
13780,2021,4,6,45-64,0,,1
13780,2023,3,6,18-29,0,,1
13780,2023,1,6,30-44,0,,1
13780,2023,2,2,30-44,0,,1
13780,2023,3,6,30-44,0,,2
13780,2023,4,2,30-44,0,,1
13780,2023,4,6,30-44,.40234718,,5
13780,2023,2,6,45-64,0,,3
13780,2023,3,6,45-64,0,,3
13780,2023,4,6,45-64,0,,1
13820,2013,1,6,18-29,0,0,2
13820,2013,2,1,18-29,0,0,1
13820,2013,2,6,18-29,0,0,1
13820,2013,3,1,18-29,0,.48443568,2
13820,2013,3,6,18-29,0,1,3
13820,2013,4,6,18-29,0,.63114107,5
13820,2013,1,2,30-44,0,0,1
13820,2013,1,6,30-44,0,,1
13820,2013,2,6,30-44,0,.44653249,4
13820,2013,3,1,30-44,.21150243,.45858893,4
13820,2013,3,6,30-44,.21234407,.59895837,5
13820,2013,4,1,30-44,0,0,1
13820,2013,4,6,30-44,.11707947,.74265236,8
13820,2013,2,1,45-64,0,,1
13820,2013,2,6,45-64,.15211374,.61492211,7
13820,2013,3,1,45-64,0,0,1
13820,2013,3,6,45-64,.2305188,.42121205,5
13820,2013,4,1,45-64,0,.32390094,3
13820,2013,4,6,45-64,.086637326,.2385166,12
13820,2015,1,6,18-29,0,0,1
13820,2015,2,1,18-29,0,0,1
13820,2015,2,6,18-29,0,.27116293,4
13820,2015,3,2,18-29,0,0,1
13820,2015,3,6,18-29,0,.32455871,3
13820,2015,4,6,18-29,0,.44989219,4
13820,2015,1,6,30-44,0,1,1
13820,2015,2,1,30-44,0,0,4
13820,2015,2,2,30-44,0,,1
13820,2015,2,6,30-44,.32126859,.23081324,6
13820,2015,3,1,30-44,0,1,2
13820,2015,3,6,30-44,0,.29256797,7
13820,2015,4,1,30-44,0,.52499837,9
13820,2015,4,6,30-44,0,.48843762,10
13820,2015,1,1,45-64,0,,2
13820,2015,1,6,45-64,0,0,4
13820,2015,2,1,45-64,0,1,3
13820,2015,2,6,45-64,0,.35569733,4
13820,2015,3,1,45-64,0,.25342479,5
13820,2015,3,6,45-64,0,.5308817,5
13820,2015,4,1,45-64,0,0,3
13820,2015,4,3,45-64,0,0,2
13820,2015,4,6,45-64,.061218146,.32675615,15
13820,2017,1,2,18-29,0,,1
13820,2017,2,1,18-29,0,1,4
13820,2017,2,6,18-29,0,1,2
13820,2017,3,1,18-29,0,.53075939,2
13820,2017,3,2,18-29,0,1,1
13820,2017,3,6,18-29,0,.27565861,5
13820,2017,4,6,18-29,0,.5,2
13820,2017,1,2,30-44,.42568046,0,2
13820,2017,1,6,30-44,0,1,1
13820,2017,2,1,30-44,0,1,2
13820,2017,2,6,30-44,.15486154,.76696622,6
13820,2017,3,1,30-44,.2986277,1,4
13820,2017,3,4,30-44,0,,1
13820,2017,3,6,30-44,0,.88218087,7
13820,2017,4,1,30-44,0,.62689382,3
13820,2017,4,2,30-44,0,.6538769,2
13820,2017,4,6,30-44,.19904526,.67646486,7
13820,2017,1,1,45-64,0,1,1
13820,2017,1,6,45-64,0,0,1
13820,2017,2,6,45-64,.11152895,.23317458,8
13820,2017,3,1,45-64,0,.39032713,2
13820,2017,3,4,45-64,0,0,1
13820,2017,3,6,45-64,0,.35868746,8
13820,2017,3,7,45-64,0,1,1
13820,2017,4,1,45-64,0,.72049731,8
13820,2017,4,6,45-64,.41485795,.42426863,7
13820,2019,1,1,18-29,0,,1
13820,2019,1,6,18-29,0,,1
13820,2019,2,1,18-29,0,,1
13820,2019,2,2,18-29,0,,1
13820,2019,2,6,18-29,0,,1
13820,2019,3,6,18-29,0,,2
13820,2019,4,6,18-29,0,,6
13820,2019,1,2,30-44,0,,1
13820,2019,2,1,30-44,0,,2
13820,2019,2,6,30-44,0,,4
13820,2019,3,6,30-44,0,,4
13820,2019,4,1,30-44,0,,2
13820,2019,4,6,30-44,.11629496,,9
13820,2019,2,1,45-64,0,,2
13820,2019,2,2,45-64,0,,1
13820,2019,2,6,45-64,.12983556,,8
13820,2019,3,6,45-64,.1400885,,9
13820,2019,4,6,45-64,.19005159,,6
13820,2021,2,1,18-29,.35603377,,3
13820,2021,2,2,18-29,0,,1
13820,2021,2,6,18-29,0,,2
13820,2021,3,1,18-29,0,,1
13820,2021,3,6,18-29,.25060838,,4
13820,2021,4,2,18-29,0,,1
13820,2021,4,6,18-29,0,,2
13820,2021,1,6,30-44,1,,1
13820,2021,2,1,30-44,.401981,,3
13820,2021,2,3,30-44,0,,1
13820,2021,2,6,30-44,0,,5
13820,2021,3,1,30-44,0,,1
13820,2021,3,2,30-44,0,,1
13820,2021,3,6,30-44,0,,3
13820,2021,4,1,30-44,0,,4
13820,2021,4,6,30-44,0,,7
13820,2021,2,1,45-64,.24175,,4
13820,2021,2,2,45-64,1,,1
13820,2021,2,6,45-64,.13955061,,7
13820,2021,3,1,45-64,0,,5
13820,2021,3,2,45-64,0,,1
13820,2021,3,6,45-64,.11193559,,6
13820,2021,4,1,45-64,0,,2
13820,2021,4,6,45-64,.10995728,,7
13820,2023,2,6,18-29,0,,3
13820,2023,3,2,18-29,0,,1
13820,2023,3,6,18-29,0,,5
13820,2023,4,6,18-29,0,,4
13820,2023,1,2,30-44,0,,2
13820,2023,1,6,30-44,0,,2
13820,2023,2,1,30-44,0,,4
13820,2023,2,2,30-44,.46258196,,2
13820,2023,2,6,30-44,.20371385,,6
13820,2023,3,1,30-44,0,,3
13820,2023,3,2,30-44,0,,1
13820,2023,3,6,30-44,.34641814,,3
13820,2023,3,7,30-44,0,,1
13820,2023,4,1,30-44,0,,2
13820,2023,4,3,30-44,0,,1
13820,2023,4,6,30-44,0,,12
13820,2023,1,1,45-64,0,,1
13820,2023,1,6,45-64,0,,1
13820,2023,2,1,45-64,0,,3
13820,2023,2,6,45-64,.43644413,,2
13820,2023,3,1,45-64,0,,2
13820,2023,3,6,45-64,.08033476,,11
13820,2023,4,1,45-64,0,,1
13820,2023,4,4,45-64,0,,1
13820,2023,4,6,45-64,.061424267,,15
13980,2015,3,6,18-29,0,1,1
13980,2015,4,6,18-29,0,1,1
13980,2015,3,6,30-44,0,1,1
13980,2015,4,6,45-64,0,.25936314,3
13980,2017,4,3,18-29,0,0,1
13980,2017,4,6,18-29,1,1,1
13980,2017,3,6,30-44,0,1,2
13980,2017,4,6,30-44,0,1,2
13980,2017,2,1,45-64,0,0,1
13980,2017,2,6,45-64,0,0,1
13980,2017,4,2,45-64,0,0,1
13980,2019,2,6,18-29,0,,2
13980,2019,4,6,18-29,0,,2
13980,2019,2,6,30-44,0,,1
13980,2019,4,6,30-44,.31369805,,2
13980,2019,2,6,45-64,0,,2
13980,2019,4,6,45-64,1,,1
13980,2021,4,6,18-29,0,,2
13980,2021,2,6,30-44,0,,1
13980,2021,4,6,45-64,0,,2
13980,2023,2,2,18-29,0,,1
13980,2023,2,6,30-44,0,,2
13980,2023,4,2,30-44,0,,1
13980,2023,3,6,45-64,0,,1
13980,2023,4,6,45-64,0,,2
14010,2013,3,6,30-44,0,0,1
14010,2013,4,3,30-44,0,0,4
14010,2013,4,6,30-44,0,.47654691,2
14010,2013,2,6,45-64,0,0,1
14010,2013,3,6,45-64,0,0,2
14010,2013,4,6,45-64,.21067348,0,5
14010,2015,3,6,18-29,0,1,2
14010,2015,4,3,18-29,0,0,2
14010,2015,1,6,30-44,0,1,1
14010,2015,2,6,30-44,1,0,1
14010,2015,3,6,30-44,0,1,1
14010,2015,4,3,30-44,0,1,1
14010,2015,4,6,30-44,0,1,2
14010,2015,2,6,45-64,.52672005,.47327992,2
14010,2015,4,6,45-64,0,.26754385,4
14010,2017,4,6,18-29,0,0,1
14010,2017,2,6,30-44,0,1,1
14010,2017,4,6,30-44,0,.43934441,2
14010,2017,2,6,45-64,.32518336,1,3
14010,2017,3,6,45-64,0,.50788242,2
14010,2017,4,6,45-64,0,.77123684,4
14010,2019,2,6,18-29,.5,,2
14010,2019,4,3,30-44,0,,1
14010,2019,4,6,30-44,0,,1
14010,2019,2,6,45-64,.61305445,,3
14010,2019,4,2,45-64,0,,1
14010,2019,4,3,45-64,1,,1
14010,2019,4,6,45-64,0,,1
14010,2021,4,3,18-29,0,,1
14010,2021,4,6,30-44,0,,2
14010,2021,2,6,45-64,1,,1
14010,2021,4,6,45-64,0,,2
14010,2023,1,6,18-29,0,,1
14010,2023,3,6,18-29,0,,2
14010,2023,2,6,30-44,0,,1
14010,2023,3,6,30-44,0,,3
14010,2023,4,6,30-44,0,,1
14010,2023,3,6,45-64,0,,2
14010,2023,4,6,45-64,0,,2
14020,2013,1,6,18-29,0,1,1
14020,2013,2,6,18-29,0,1,1
14020,2013,3,6,18-29,0,.55103296,2
14020,2013,4,6,18-29,0,0,1
14020,2013,1,6,30-44,0,0,1
14020,2013,2,6,30-44,1,0,1
14020,2013,3,6,30-44,0,,1
14020,2013,4,6,30-44,0,.23699804,4
14020,2013,1,6,45-64,0,0,1
14020,2013,2,6,45-64,0,0,2
14020,2013,3,6,45-64,0,0,1
14020,2013,4,6,45-64,0,0,1
14020,2015,2,6,30-44,0,1,1
14020,2015,1,6,45-64,0,,1
14020,2015,2,6,45-64,0,0,1
14020,2015,3,6,45-64,0,0,1
14020,2015,4,1,45-64,0,1,1
14020,2015,4,6,45-64,0,1,2
14020,2017,1,6,18-29,0,1,1
14020,2017,3,6,18-29,0,0,1
14020,2017,4,6,18-29,0,1,1
14020,2017,2,6,30-44,0,0,1
14020,2017,4,6,30-44,0,1,1
14020,2017,3,6,45-64,0,1,1
14020,2019,1,6,18-29,0,,1
14020,2019,2,6,30-44,0,,1
14020,2019,3,6,30-44,0,,1
14020,2019,2,2,45-64,0,,1
14020,2019,2,6,45-64,0,,1
14020,2019,3,6,45-64,0,,1
14020,2019,4,6,45-64,0,,2
14020,2021,2,1,18-29,0,,1
14020,2021,4,6,18-29,0,,2
14020,2021,3,6,30-44,0,,1
14020,2021,4,6,30-44,0,,3
14020,2021,3,6,45-64,0,,1
14020,2021,4,3,45-64,0,,1
14020,2021,4,6,45-64,.25803581,,4
14020,2023,4,3,18-29,0,,1
14020,2023,4,6,18-29,0,,1
14020,2023,4,6,30-44,0,,4
14020,2023,3,6,45-64,0,,1
14020,2023,4,6,45-64,.49632481,,2
14260,2013,1,2,18-29,0,,2
14260,2013,2,2,18-29,0,,1
14260,2013,2,6,18-29,0,.79285258,5
14260,2013,3,2,18-29,0,0,2
14260,2013,3,6,18-29,.2669982,1,4
14260,2013,4,6,18-29,0,.73673105,3
14260,2013,1,2,30-44,.32737345,0,3
14260,2013,1,6,30-44,0,1,1
14260,2013,2,2,30-44,0,1,2
14260,2013,2,6,30-44,.16496845,.77094507,6
14260,2013,3,1,30-44,0,0,1
14260,2013,3,3,30-44,0,1,1
14260,2013,3,6,30-44,.41722643,.59778541,10
14260,2013,4,2,30-44,0,0,1
14260,2013,4,3,30-44,0,0,1
14260,2013,4,6,30-44,.06300234,.67905217,15
14260,2013,1,2,45-64,0,0,3
14260,2013,1,6,45-64,1,0,1
14260,2013,2,3,45-64,1,0,1
14260,2013,2,6,45-64,.36333352,0,6
14260,2013,3,6,45-64,.48988783,.19087243,21
14260,2013,4,6,45-64,.15397225,.092250392,18
14260,2015,2,2,18-29,0,0,2
14260,2015,2,6,18-29,0,.52310121,2
14260,2015,3,2,18-29,0,0,1
14260,2015,3,6,18-29,.20563531,1,6
14260,2015,4,6,18-29,0,.51836491,8
14260,2015,1,6,30-44,0,1,1
14260,2015,2,2,30-44,0,0,2
14260,2015,2,6,30-44,.15970281,.63370174,7
14260,2015,2,7,30-44,0,0,1
14260,2015,3,2,30-44,0,.44958794,2
14260,2015,3,6,30-44,.11085527,.62276429,18
14260,2015,4,3,30-44,0,0,1
14260,2015,4,5,30-44,0,0,1
14260,2015,4,6,30-44,0,.38682532,18
14260,2015,1,2,45-64,0,0,2
14260,2015,1,6,45-64,0,0,1
14260,2015,2,2,45-64,0,0,1
14260,2015,2,6,45-64,.20304962,.50812489,10
14260,2015,3,2,45-64,.54120833,.54120833,2
14260,2015,3,6,45-64,.21648769,.20134945,14
14260,2015,4,2,45-64,0,1,1
14260,2015,4,6,45-64,.11222114,.52060217,17
14260,2017,2,6,18-29,.18312638,1,6
14260,2017,3,2,18-29,0,1,1
14260,2017,3,6,18-29,.10200423,.60434979,9
14260,2017,4,6,18-29,0,.91236442,11
14260,2017,2,2,30-44,0,.45836484,4
14260,2017,2,6,30-44,.099408351,.56966597,9
14260,2017,3,2,30-44,0,1,1
14260,2017,3,6,30-44,.044859927,.64980543,19
14260,2017,4,2,30-44,.15952764,1,4
14260,2017,4,6,30-44,.038321067,.70965642,20
14260,2017,1,2,45-64,0,.47914663,2
14260,2017,2,1,45-64,0,0,2
14260,2017,2,6,45-64,.12276394,0,9
14260,2017,3,2,45-64,0,1,1
14260,2017,3,6,45-64,.26337725,.35775238,22
14260,2017,4,2,45-64,0,1,1
14260,2017,4,3,45-64,1,0,1
14260,2017,4,6,45-64,.082851343,.55249697,11
14260,2017,4,7,45-64,0,1,1
14260,2019,1,2,18-29,0,,1
14260,2019,2,6,18-29,.11058693,,9
14260,2019,3,2,18-29,0,,3
14260,2019,3,6,18-29,0,,7
14260,2019,4,6,18-29,0,,6
14260,2019,1,2,30-44,0,,4
14260,2019,1,6,30-44,0,,1
14260,2019,2,2,30-44,0,,3
14260,2019,2,3,30-44,0,,1
14260,2019,2,6,30-44,.31810379,,9
14260,2019,3,2,30-44,.24858126,,6
14260,2019,3,6,30-44,.24088547,,12
14260,2019,4,4,30-44,1,,1
14260,2019,4,6,30-44,.17427732,,18
14260,2019,4,7,30-44,0,,3
14260,2019,1,2,45-64,0,,2
14260,2019,1,6,45-64,.48418254,,2
14260,2019,2,6,45-64,.33118674,,12
14260,2019,2,7,45-64,0,,1
14260,2019,3,6,45-64,.1923562,,14
14260,2019,4,6,45-64,.15641001,,18
14260,2019,4,7,45-64,1,,1
14260,2021,1,2,18-29,0,,1
14260,2021,2,6,18-29,0,,1
14260,2021,3,2,18-29,0,,2
14260,2021,3,6,18-29,0,,5
14260,2021,4,6,18-29,0,,4
14260,2021,4,7,18-29,0,,1
14260,2021,1,2,30-44,0,,1
14260,2021,2,2,30-44,0,,2
14260,2021,2,6,30-44,.49703428,,2
14260,2021,3,1,30-44,0,,1
14260,2021,3,2,30-44,0,,1
14260,2021,3,6,30-44,.14776537,,16
14260,2021,3,7,30-44,0,,1
14260,2021,4,1,30-44,0,,1
14260,2021,4,2,30-44,0,,2
14260,2021,4,6,30-44,.15499873,,25
14260,2021,1,2,45-64,0,,1
14260,2021,1,6,45-64,0,,1
14260,2021,2,2,45-64,0,,2
14260,2021,2,6,45-64,.17524634,,10
14260,2021,3,2,45-64,0,,1
14260,2021,3,5,45-64,0,,1
14260,2021,3,6,45-64,.26692858,,16
14260,2021,4,6,45-64,.26011685,,19
14260,2023,1,2,18-29,0,,1
14260,2023,1,6,18-29,0,,3
14260,2023,2,2,18-29,1,,1
14260,2023,2,6,18-29,0,,4
14260,2023,3,6,18-29,.11395822,,9
14260,2023,4,3,18-29,0,,1
14260,2023,4,6,18-29,0,,9
14260,2023,1,2,30-44,0,,1
14260,2023,2,2,30-44,0,,3
14260,2023,2,6,30-44,0,,9
14260,2023,3,2,30-44,0,,2
14260,2023,3,4,30-44,0,,1
14260,2023,3,6,30-44,.1257733,,15
14260,2023,4,1,30-44,0,,1
14260,2023,4,6,30-44,.14738457,,21
14260,2023,4,7,30-44,0,,1
14260,2023,1,2,45-64,0,,3
14260,2023,2,2,45-64,0,,2
14260,2023,2,6,45-64,.37070853,,8
14260,2023,3,2,45-64,0,,2
14260,2023,3,6,45-64,.15701395,,12
14260,2023,4,2,45-64,0,,1
14260,2023,4,3,45-64,0,,1
14260,2023,4,6,45-64,.14851587,,34
14460,2013,1,2,18-29,,,0
14460,2013,1,6,18-29,0,1,1
14460,2013,2,1,18-29,0,1,2
14460,2013,2,2,18-29,0,0,2
14460,2013,2,3,18-29,0,0,1
14460,2013,2,6,18-29,0,.32299829,8
14460,2013,2,7,18-29,,,0
14460,2013,3,2,18-29,0,0,1
14460,2013,3,3,18-29,0,1,1
14460,2013,3,6,18-29,0,.10800157,9
14460,2013,4,1,18-29,0,1,1
14460,2013,4,3,18-29,0,.66725868,3
14460,2013,4,6,18-29,0,.52365667,13
14460,2013,1,6,30-44,.32165381,.32165381,3
14460,2013,2,1,30-44,0,0,2
14460,2013,2,2,30-44,0,0,4
14460,2013,2,3,30-44,0,0,1
14460,2013,2,6,30-44,.29214808,.14787225,10
14460,2013,3,1,30-44,0,1,2
14460,2013,3,2,30-44,0,1,2
14460,2013,3,3,30-44,0,.55522484,2
14460,2013,3,6,30-44,.02356839,.25810415,23
14460,2013,3,7,30-44,0,1,1
14460,2013,4,1,30-44,0,.27010071,4
14460,2013,4,2,30-44,0,.89905483,4
14460,2013,4,3,30-44,0,.36150607,11
14460,2013,4,4,30-44,0,0,1
14460,2013,4,6,30-44,.057022743,.45793322,78
14460,2013,1,6,45-64,.28384686,.038568269,8
14460,2013,2,1,45-64,0,0,1
14460,2013,2,2,45-64,0,0,4
14460,2013,2,3,45-64,0,0,1
14460,2013,2,6,45-64,.11464427,.057883993,45
14460,2013,3,1,45-64,0,0,3
14460,2013,3,2,45-64,0,0,2
14460,2013,3,3,45-64,0,0,2
14460,2013,3,6,45-64,.13080557,.12206574,52
14460,2013,3,7,45-64,0,0,1
14460,2013,4,1,45-64,0,0,3
14460,2013,4,2,45-64,0,1,2
14460,2013,4,3,45-64,0,.39591706,6
14460,2013,4,6,45-64,.15594231,.22343379,91
14460,2015,2,1,18-29,0,1,1
14460,2015,2,6,18-29,0,0,2
14460,2015,3,2,18-29,0,.44832462,3
14460,2015,3,6,18-29,0,.71025395,11
14460,2015,4,2,18-29,0,1,2
14460,2015,4,3,18-29,0,0,1
14460,2015,4,6,18-29,.043587428,.46265078,21
14460,2015,1,1,30-44,0,0,1
14460,2015,1,2,30-44,0,0,2
14460,2015,1,6,30-44,1,1,1
14460,2015,2,1,30-44,0,.24068376,5
14460,2015,2,2,30-44,0,0,2
14460,2015,2,6,30-44,.31791991,.6970824,15
14460,2015,3,1,30-44,0,.29272035,3
14460,2015,3,2,30-44,0,.77843678,3
14460,2015,3,3,30-44,0,1,1
14460,2015,3,6,30-44,.088806055,.51188922,17
14460,2015,4,1,30-44,0,.4708617,5
14460,2015,4,2,30-44,0,1,1
14460,2015,4,3,30-44,0,.33595815,9
14460,2015,4,6,30-44,.10536822,.57338983,60
14460,2015,4,7,30-44,0,0,1
14460,2015,1,1,45-64,0,0,2
14460,2015,1,2,45-64,.49128148,1,2
14460,2015,1,3,45-64,0,0,1
14460,2015,1,6,45-64,0,.16956082,6
14460,2015,2,1,45-64,.16803466,.22253102,6
14460,2015,2,2,45-64,0,.51728332,2
14460,2015,2,3,45-64,0,.4129186,2
14460,2015,2,6,45-64,.038513437,.27567241,24
14460,2015,2,7,45-64,0,0,1
14460,2015,3,1,45-64,0,.62658697,3
14460,2015,3,2,45-64,0,.79287666,2
14460,2015,3,3,45-64,0,1,1
14460,2015,3,6,45-64,.052976321,.19880892,47
14460,2015,3,7,45-64,0,1,1
14460,2015,4,1,45-64,0,0,1
14460,2015,4,2,45-64,0,1,2
14460,2015,4,3,45-64,0,0,5
14460,2015,4,6,45-64,.041923255,.32005525,83
14460,2015,4,7,45-64,0,0,1
14460,2017,2,2,18-29,0,1,2
14460,2017,2,4,18-29,0,0,1
14460,2017,2,6,18-29,0,.3570298,6
14460,2017,3,1,18-29,0,.45463374,2
14460,2017,3,6,18-29,0,.67087901,12
14460,2017,3,7,18-29,0,0,1
14460,2017,4,1,18-29,0,0,1
14460,2017,4,2,18-29,0,1,1
14460,2017,4,3,18-29,0,.66319144,3
14460,2017,4,6,18-29,.10670905,.64478236,16
14460,2017,1,2,30-44,0,0,2
14460,2017,1,6,30-44,0,.18840829,2
14460,2017,2,1,30-44,.48376641,.48376641,2
14460,2017,2,2,30-44,0,.80578697,5
14460,2017,2,3,30-44,0,0,1
14460,2017,2,6,30-44,.096345291,.2692396,13
14460,2017,3,1,30-44,0,.80009609,3
14460,2017,3,2,30-44,0,.61260492,3
14460,2017,3,6,30-44,.026845345,.81378704,18
14460,2017,4,1,30-44,0,0,1
14460,2017,4,2,30-44,0,1,3
14460,2017,4,3,30-44,0,.48423409,4
14460,2017,4,6,30-44,.07216242,.6237973,55
14460,2017,1,1,45-64,0,1,2
14460,2017,1,6,45-64,0,1,1
14460,2017,2,1,45-64,0,0,2
14460,2017,2,2,45-64,0,0,1
14460,2017,2,6,45-64,.1547223,.54466695,39
14460,2017,2,7,45-64,0,0,1
14460,2017,3,1,45-64,0,.67896211,4
14460,2017,3,2,45-64,0,1,1
14460,2017,3,6,45-64,.11753974,.37569717,37
14460,2017,3,7,45-64,0,1,1
14460,2017,4,1,45-64,0,.6104849,2
14460,2017,4,2,45-64,.36701596,0,4
14460,2017,4,3,45-64,.20505708,.50083637,6
14460,2017,4,4,45-64,0,,1
14460,2017,4,6,45-64,.10888708,.45550078,86
14460,2019,1,1,18-29,0,,1
14460,2019,1,2,18-29,0,,2
14460,2019,2,2,18-29,0,,1
14460,2019,2,6,18-29,0,,4
14460,2019,2,7,18-29,0,,1
14460,2019,3,1,18-29,0,,1
14460,2019,3,2,18-29,0,,1
14460,2019,3,6,18-29,0,,3
14460,2019,4,1,18-29,0,,2
14460,2019,4,3,18-29,0,,6
14460,2019,4,6,18-29,.074894428,,18
14460,2019,4,7,18-29,0,,2
14460,2019,1,2,30-44,0,,3
14460,2019,1,6,30-44,0,,2
14460,2019,2,2,30-44,0,,2
14460,2019,2,6,30-44,.351724,,12
14460,2019,3,1,30-44,.27923736,,5
14460,2019,3,2,30-44,0,,2
14460,2019,3,6,30-44,.23203,,17
14460,2019,3,7,30-44,0,,1
14460,2019,4,1,30-44,0,,2
14460,2019,4,2,30-44,.38229218,,2
14460,2019,4,3,30-44,.085902877,,12
14460,2019,4,6,30-44,.066411622,,59
14460,2019,1,6,45-64,.10456619,,4
14460,2019,2,1,45-64,0,,3
14460,2019,2,2,45-64,0,,2
14460,2019,2,3,45-64,0,,1
14460,2019,2,6,45-64,.13417935,,32
14460,2019,3,1,45-64,0,,2
14460,2019,3,6,45-64,.20183258,,44
14460,2019,3,7,45-64,0,,1
14460,2019,4,1,45-64,0,,1
14460,2019,4,2,45-64,.33317035,,3
14460,2019,4,3,45-64,.18204151,,6
14460,2019,4,6,45-64,.17674693,,83
14460,2019,4,7,45-64,0,,2
14460,2021,2,1,18-29,0,,2
14460,2021,2,6,18-29,0,,2
14460,2021,3,2,18-29,0,,1
14460,2021,3,3,18-29,0,,1
14460,2021,3,5,18-29,1,,1
14460,2021,3,6,18-29,0,,2
14460,2021,4,1,18-29,0,,2
14460,2021,4,2,18-29,0,,1
14460,2021,4,3,18-29,0,,2
14460,2021,4,6,18-29,0,,18
14460,2021,4,7,18-29,0,,2
14460,2021,2,1,30-44,0,,1
14460,2021,2,2,30-44,0,,2
14460,2021,2,3,30-44,0,,1
14460,2021,2,4,30-44,0,,1
14460,2021,2,5,30-44,0,,1
14460,2021,2,6,30-44,.0407717,,12
14460,2021,2,7,30-44,0,,1
14460,2021,3,1,30-44,0,,1
14460,2021,3,2,30-44,0,,3
14460,2021,3,3,30-44,0,,1
14460,2021,3,6,30-44,.045511458,,15
14460,2021,3,7,30-44,0,,1
14460,2021,4,1,30-44,0,,4
14460,2021,4,2,30-44,0,,4
14460,2021,4,3,30-44,0,,17
14460,2021,4,6,30-44,.056492779,,47
14460,2021,4,7,30-44,0,,3
14460,2021,1,1,45-64,0,,2
14460,2021,2,1,45-64,0,,1
14460,2021,2,2,45-64,0,,1
14460,2021,2,3,45-64,0,,1
14460,2021,2,5,45-64,0,,1
14460,2021,2,6,45-64,.14236566,,16
14460,2021,2,7,45-64,0,,1
14460,2021,3,1,45-64,0,,2
14460,2021,3,2,45-64,0,,2
14460,2021,3,3,45-64,.78867948,,2
14460,2021,3,6,45-64,.053355802,,23
14460,2021,4,1,45-64,0,,3
14460,2021,4,2,45-64,0,,4
14460,2021,4,3,45-64,.22315763,,7
14460,2021,4,5,45-64,0,,1
14460,2021,4,6,45-64,.094042413,,84
14460,2021,4,7,45-64,0,,1
14460,2023,1,1,18-29,0,,1
14460,2023,2,2,18-29,0,,1
14460,2023,2,6,18-29,0,,4
14460,2023,3,6,18-29,0,,3
14460,2023,4,1,18-29,0,,3
14460,2023,4,2,18-29,0,,2
14460,2023,4,3,18-29,0,,5
14460,2023,4,6,18-29,.085262679,,14
14460,2023,1,1,30-44,0,,1
14460,2023,1,2,30-44,0,,2
14460,2023,1,6,30-44,.58568025,,2
14460,2023,1,7,30-44,0,,1
14460,2023,2,2,30-44,0,,2
14460,2023,2,6,30-44,.11132672,,10
14460,2023,3,1,30-44,0,,1
14460,2023,3,2,30-44,1,,1
14460,2023,3,6,30-44,.076735862,,11
14460,2023,4,1,30-44,0,,3
14460,2023,4,2,30-44,.26411498,,8
14460,2023,4,3,30-44,.19970869,,6
14460,2023,4,6,30-44,.091862656,,50
14460,2023,1,2,45-64,0,,3
14460,2023,1,3,45-64,1,,1
14460,2023,1,6,45-64,0,,3
14460,2023,2,2,45-64,.60884446,,2
14460,2023,2,3,45-64,0,,1
14460,2023,2,6,45-64,.074743874,,20
14460,2023,3,1,45-64,0,,3
14460,2023,3,2,45-64,0,,2
14460,2023,3,5,45-64,0,,1
14460,2023,3,6,45-64,.11402059,,13
14460,2023,4,1,45-64,0,,4
14460,2023,4,2,45-64,0,,2
14460,2023,4,3,45-64,0,,2
14460,2023,4,6,45-64,.11347954,,59
14500,2013,1,6,18-29,0,1,1
14500,2013,2,2,18-29,0,0,2
14500,2013,2,6,18-29,0,0,1
14500,2013,3,2,18-29,0,0,1
14500,2013,3,6,18-29,0,0,1
14500,2013,4,2,18-29,0,1,1
14500,2013,4,6,18-29,0,.72355741,4
14500,2013,1,2,30-44,0,0,1
14500,2013,3,2,30-44,0,1,1
14500,2013,3,6,30-44,0,.63279575,3
14500,2013,3,7,30-44,0,1,1
14500,2013,4,6,30-44,.2763862,.25222209,14
14500,2013,4,7,30-44,0,1,1
14500,2013,1,2,45-64,0,0,1
14500,2013,2,6,45-64,0,.21114808,4
14500,2013,3,6,45-64,0,.20396189,4
14500,2013,4,6,45-64,.41554973,.3488709,9
14500,2015,4,6,18-29,0,.63424057,2
14500,2015,2,2,30-44,0,0,1
14500,2015,3,6,30-44,0,0,1
14500,2015,4,6,30-44,0,.60442269,4
14500,2015,1,2,45-64,0,0,1
14500,2015,1,6,45-64,0,0,1
14500,2015,3,6,45-64,0,0,1
14500,2015,4,6,45-64,.38557035,.19746694,10
14500,2017,3,6,18-29,0,1,1
14500,2017,4,3,18-29,0,1,1
14500,2017,4,6,18-29,0,1,2
14500,2017,4,6,30-44,1,0,1
14500,2017,2,6,45-64,0,0,1
14500,2017,4,6,45-64,.20547406,.44729379,4
14500,2019,3,6,18-29,0,,1
14500,2019,2,2,30-44,0,,1
14500,2019,3,6,30-44,0,,1
14500,2019,4,6,30-44,0,,2
14500,2019,2,6,45-64,0,,1
14500,2019,4,6,45-64,.65065336,,2
14500,2021,4,6,18-29,0,,1
14500,2021,4,6,30-44,0,,1
14500,2021,4,3,45-64,0,,1
14500,2021,4,6,45-64,0,,2
14500,2023,4,6,18-29,.55040467,,2
14500,2023,4,2,30-44,0,,1
14500,2023,4,6,30-44,0,,3
14500,2023,4,6,45-64,0,,1
14540,2013,3,6,18-29,0,0,1
14540,2013,4,6,18-29,0,.22828889,3
14540,2013,1,6,30-44,0,0,1
14540,2013,2,6,45-64,0,0,1
14540,2013,3,6,45-64,0,1,1
14540,2013,4,6,45-64,.25849459,0,3
14540,2015,3,6,18-29,0,0,1
14540,2015,2,6,30-44,0,0,2
14540,2015,3,6,30-44,0,.57262594,3
14540,2015,4,6,30-44,0,.75929594,4
14540,2015,1,6,45-64,0,0,1
14540,2015,3,1,45-64,0,0,1
14540,2015,3,6,45-64,0,0,1
14540,2015,4,6,45-64,0,.34509265,3
14540,2017,2,3,18-29,0,0,1
14540,2017,3,6,18-29,0,0,2
14540,2017,1,6,30-44,0,.50122869,2
14540,2017,2,6,30-44,0,0,2
14540,2017,3,6,30-44,.46733218,.53266782,2
14540,2017,4,6,30-44,.49028039,.49028039,2
14540,2017,2,6,45-64,0,.69750977,3
14540,2017,3,6,45-64,0,0,2
14540,2017,4,2,45-64,0,0,1
14540,2019,2,2,30-44,0,,1
14540,2019,2,6,30-44,0,,1
14540,2019,3,6,30-44,0,,1
14540,2019,2,6,45-64,0,,2
14540,2019,3,6,45-64,.4374032,,2
14540,2019,4,6,45-64,0,,7
14540,2021,2,6,18-29,0,,1
14540,2023,4,1,30-44,0,,1
14540,2023,4,3,30-44,0,,1
14540,2023,4,6,30-44,0,,2
14540,2023,2,6,45-64,0,,2
14540,2023,3,6,45-64,0,,1
14540,2023,4,6,45-64,0,,1
14740,2013,2,6,18-29,0,1,1
14740,2013,3,2,18-29,0,1,1
14740,2013,2,6,30-44,0,1,2
14740,2013,3,2,30-44,0,1,1
14740,2013,3,6,30-44,0,0,2
14740,2013,4,6,30-44,1,1,1
14740,2013,3,2,45-64,0,0,1
14740,2013,3,5,45-64,1,0,1
14740,2013,3,6,45-64,0,1,1
14740,2013,3,7,45-64,0,0,1
14740,2013,4,6,45-64,.20782167,.62022924,5
14860,2013,2,6,18-29,0,0,1
14860,2013,3,1,18-29,0,0,1
14860,2013,3,6,18-29,0,1,1
14860,2013,4,3,18-29,0,0,1
14860,2013,4,6,18-29,0,.42371908,7
14860,2013,2,1,30-44,0,0,1
14860,2013,2,2,30-44,.19631633,.20573737,3
14860,2013,2,6,30-44,.67330003,0,3
14860,2013,3,1,30-44,0,.41200384,3
14860,2013,3,2,30-44,0,0,1
14860,2013,3,6,30-44,0,.21303503,6
14860,2013,4,1,30-44,0,0,4
14860,2013,4,2,30-44,0,.54825455,2
14860,2013,4,3,30-44,0,.28491649,7
14860,2013,4,6,30-44,.042901322,.40826318,22
14860,2013,1,2,45-64,0,0,1
14860,2013,2,1,45-64,0,0,1
14860,2013,2,3,45-64,0,0,1
14860,2013,2,6,45-64,.29543731,0,7
14860,2013,3,1,45-64,0,.49921244,2
14860,2013,3,2,45-64,0,0,2
14860,2013,3,3,45-64,0,0,1
14860,2013,3,5,45-64,1,0,1
14860,2013,3,6,45-64,.16688395,.071760379,12
14860,2013,4,1,45-64,0,1,1
14860,2013,4,3,45-64,.60634202,0,2
14860,2013,4,6,45-64,.27945012,.30570537,44
14860,2015,3,2,18-29,0,1,1
14860,2015,4,6,18-29,0,.39242393,3
14860,2015,1,2,30-44,1,0,1
14860,2015,2,2,30-44,1,0,2
14860,2015,3,6,30-44,0,.44990638,3
14860,2015,4,1,30-44,0,0,1
14860,2015,4,3,30-44,0,1,1
14860,2015,4,6,30-44,.25358632,.44835889,12
14860,2015,2,1,45-64,0,0,1
14860,2015,2,6,45-64,.2022178,0,7
14860,2015,3,1,45-64,.68023974,1,2
14860,2015,3,6,45-64,.36776981,.25119308,6
14860,2015,4,3,45-64,.26440117,.27134103,3
14860,2015,4,6,45-64,.24968518,.37874112,24
14860,2017,4,2,18-29,0,1,2
14860,2017,4,6,18-29,0,.74518257,4
14860,2017,2,2,30-44,.49260971,.50739032,2
14860,2017,2,3,30-44,0,1,1
14860,2017,2,6,30-44,0,1,1
14860,2017,3,1,30-44,0,.51314223,2
14860,2017,3,6,30-44,0,1,3
14860,2017,4,6,30-44,.15187463,.48454216,10
14860,2017,1,2,45-64,0,,1
14860,2017,2,1,45-64,0,1,1
14860,2017,2,3,45-64,0,0,1
14860,2017,2,6,45-64,0,0,3
14860,2017,3,1,45-64,0,1,1
14860,2017,3,2,45-64,0,0,1
14860,2017,3,6,45-64,0,.25224158,3
14860,2017,4,1,45-64,0,0,1
14860,2017,4,2,45-64,0,1,1
14860,2017,4,6,45-64,.23843247,.51252365,22
14860,2019,4,6,18-29,0,,3
14860,2019,1,2,30-44,0,,2
14860,2019,2,2,30-44,.27187952,,3
14860,2019,2,6,30-44,0,,1
14860,2019,3,6,30-44,0,,1
14860,2019,4,2,30-44,0,,1
14860,2019,4,3,30-44,0,,1
14860,2019,4,6,30-44,0,,6
14860,2019,1,2,45-64,0,,2
14860,2019,2,2,45-64,0,,1
14860,2019,2,6,45-64,1,,1
14860,2019,3,6,45-64,.38320091,,5
14860,2019,4,1,45-64,0,,1
14860,2019,4,2,45-64,.49259672,,2
14860,2019,4,6,45-64,.14568317,,7
14860,2021,3,6,18-29,0,,1
14860,2021,4,1,18-29,0,,1
14860,2021,4,3,18-29,0,,1
14860,2021,4,6,18-29,0,,2
14860,2021,3,6,30-44,0,,3
14860,2021,4,1,30-44,0,,1
14860,2021,4,2,30-44,0,,5
14860,2021,4,6,30-44,0,,10
14860,2021,1,6,45-64,1,,1
14860,2021,2,6,45-64,1,,2
14860,2021,3,6,45-64,0,,3
14860,2021,4,2,45-64,0,,1
14860,2021,4,3,45-64,0,,1
14860,2021,4,6,45-64,.13112114,,7
14860,2023,2,5,18-29,0,,1
14860,2023,3,1,18-29,0,,1
14860,2023,4,6,18-29,0,,4
14860,2023,1,6,30-44,0,,1
14860,2023,2,2,30-44,0,,1
14860,2023,2,6,30-44,1,,1
14860,2023,3,2,30-44,0,,2
14860,2023,4,2,30-44,0,,2
14860,2023,4,3,30-44,0,,1
14860,2023,4,6,30-44,0,,6
14860,2023,1,2,45-64,0,,1
14860,2023,2,1,45-64,0,,1
14860,2023,2,6,45-64,1,,1
14860,2023,3,2,45-64,0,,2
14860,2023,3,6,45-64,0,,1
14860,2023,4,1,45-64,.47889328,,2
14860,2023,4,2,45-64,0,,1
14860,2023,4,3,45-64,1,,1
14860,2023,4,6,45-64,.12023891,,15
15180,2013,1,2,18-29,0,0,1
15180,2013,2,2,18-29,0,,1
15180,2013,4,2,18-29,0,.52719766,2
15180,2013,1,2,30-44,0,0,1
15180,2013,2,2,30-44,0,0,1
15180,2013,3,2,30-44,0,,1
15180,2013,4,2,30-44,0,0,1
15180,2013,4,3,30-44,0,0,2
15180,2013,1,2,45-64,0,0,2
15180,2013,2,2,45-64,0,0,1
15180,2013,3,2,45-64,0,0,1
15180,2013,3,6,45-64,0,0,1
15180,2013,4,2,45-64,0,.55909532,2
15180,2013,4,6,45-64,0,0,2
15180,2015,2,2,18-29,0,,1
15180,2015,4,2,18-29,0,1,1
15180,2015,3,2,30-44,1,,1
15180,2015,4,2,30-44,0,1,1
15180,2015,1,2,45-64,0,0,4
15180,2015,4,2,45-64,0,0,1
15180,2015,4,6,45-64,0,0,1
15180,2017,1,2,18-29,1,0,1
15180,2017,1,2,30-44,1,,1
15180,2017,2,2,30-44,0,0,1
15180,2017,3,2,30-44,0,0,1
15180,2017,1,2,45-64,0,1,1
15180,2017,2,6,45-64,0,0,1
15180,2017,3,2,45-64,0,1,1
15180,2017,4,2,45-64,0,1,1
15180,2017,4,6,45-64,0,1,1
15180,2019,4,2,18-29,1,,1
15180,2019,1,2,30-44,0,,2
15180,2019,2,2,30-44,0,,1
15180,2019,3,2,30-44,0,,1
15180,2019,1,2,45-64,0,,1
15180,2019,2,2,45-64,0,,4
15180,2019,2,6,45-64,0,,1
15180,2019,4,2,45-64,.49708053,,2
15180,2019,4,6,45-64,0,,1
15180,2021,3,2,18-29,1,,1
15180,2021,3,6,18-29,0,,1
15180,2021,3,7,18-29,0,,1
15180,2021,1,2,30-44,0,,2
15180,2021,2,2,30-44,0,,2
15180,2021,1,2,45-64,0,,4
15180,2021,3,2,45-64,0,,2
15180,2021,4,2,45-64,0,,1
15180,2021,4,6,45-64,1,,1
15180,2023,1,2,30-44,0,,1
15180,2023,2,2,30-44,0,,1
15180,2023,3,2,30-44,0,,1
15180,2023,4,3,30-44,0,,1
15180,2023,2,2,45-64,0,,2
15180,2023,4,2,45-64,1,,1
15380,2013,2,1,18-29,0,1,1
15380,2013,2,6,18-29,0,0,4
15380,2013,3,6,18-29,0,0,1
15380,2013,4,3,18-29,0,1,2
15380,2013,2,1,30-44,0,0,1
15380,2013,2,4,30-44,0,1,1
15380,2013,2,6,30-44,0,0,2
15380,2013,3,1,30-44,0,0,2
15380,2013,3,2,30-44,0,0,1
15380,2013,3,6,30-44,0,0,3
15380,2013,4,6,30-44,0,.27881598,7
15380,2013,2,1,45-64,0,0,1
15380,2013,2,6,45-64,.26036924,0,8
15380,2013,3,6,45-64,.087212384,0,11
15380,2013,4,6,45-64,0,0,8
15380,2015,2,1,18-29,0,0,1
15380,2015,3,6,18-29,0,0,1
15380,2015,4,6,18-29,0,.6233269,3
15380,2015,2,3,30-44,0,1,1
15380,2015,2,6,30-44,.53150243,.46849757,2
15380,2015,3,6,30-44,0,1,1
15380,2015,4,1,30-44,0,1,1
15380,2015,4,6,30-44,.12933883,.55907363,7
15380,2015,1,1,45-64,0,0,2
15380,2015,2,1,45-64,0,0,1
15380,2015,2,6,45-64,0,0,5
15380,2015,3,6,45-64,0,0,3
15380,2015,4,6,45-64,.11906164,.31374079,10
15380,2017,2,6,18-29,0,1,1
15380,2017,3,6,18-29,0,,1
15380,2017,4,1,18-29,0,1,1
15380,2017,4,6,18-29,.50204349,1,2
15380,2017,2,6,30-44,0,.77833992,4
15380,2017,3,1,30-44,0,0,1
15380,2017,3,6,30-44,.10812035,.29947782,7
15380,2017,4,1,30-44,0,0,1
15380,2017,4,6,30-44,0,.66845953,6
15380,2017,1,1,45-64,0,0,1
15380,2017,1,6,45-64,0,0,1
15380,2017,2,6,45-64,.50295991,.49704006,2
15380,2017,3,1,45-64,0,.49571696,2
15380,2017,3,6,45-64,0,.355266,9
15380,2017,4,1,45-64,0,0,1
15380,2017,4,2,45-64,0,0,1
15380,2017,4,6,45-64,0,.29353511,8
15380,2019,3,3,18-29,0,,1
15380,2019,3,6,18-29,0,,1
15380,2019,4,6,18-29,0,,5
15380,2019,1,6,30-44,0,,1
15380,2019,2,6,30-44,0,,1
15380,2019,3,1,30-44,0,,1
15380,2019,3,6,30-44,0,,3
15380,2019,4,3,30-44,0,,2
15380,2019,4,6,30-44,.1467302,,7
15380,2019,2,3,45-64,0,,1
15380,2019,2,6,45-64,0,,5
15380,2019,3,1,45-64,0,,2
15380,2019,3,6,45-64,.28323641,,7
15380,2019,4,1,45-64,0,,1
15380,2019,4,3,45-64,0,,1
15380,2019,4,4,45-64,0,,1
15380,2019,4,6,45-64,.1191391,,10
15380,2021,3,6,18-29,0,,1
15380,2021,4,1,18-29,0,,1
15380,2021,4,2,18-29,0,,1
15380,2021,4,6,18-29,0,,5
15380,2021,2,1,30-44,0,,1
15380,2021,2,2,30-44,0,,1
15380,2021,2,6,30-44,0,,1
15380,2021,3,2,30-44,0,,1
15380,2021,3,6,30-44,0,,3
15380,2021,4,6,30-44,.1972813,,8
15380,2021,1,1,45-64,0,,1
15380,2021,2,1,45-64,0,,2
15380,2021,2,6,45-64,0,,4
15380,2021,3,1,45-64,0,,1
15380,2021,3,6,45-64,0,,5
15380,2021,4,6,45-64,0,,7
15380,2023,2,2,18-29,0,,1
15380,2023,3,6,18-29,0,,1
15380,2023,4,6,18-29,0,,1
15380,2023,1,1,30-44,0,,1
15380,2023,2,2,30-44,0,,1
15380,2023,2,6,30-44,0,,1
15380,2023,3,6,30-44,1,,1
15380,2023,4,6,30-44,0,,7
15380,2023,2,1,45-64,0,,1
15380,2023,2,6,45-64,0,,4
15380,2023,3,1,45-64,0,,1
15380,2023,3,6,45-64,.15321019,,7
15380,2023,4,3,45-64,1,,1
15380,2023,4,6,45-64,0,,14
15500,2015,3,2,18-29,0,1,1
15500,2015,3,6,18-29,0,0,1
15500,2015,1,2,45-64,0,1,1
15500,2015,1,6,45-64,0,0,1
15500,2015,2,1,45-64,.59886211,0,2
15500,2015,3,6,45-64,0,0,3
15500,2015,4,6,45-64,0,1,1
15500,2017,1,1,18-29,0,1,1
15500,2017,2,2,18-29,0,1,1
15500,2017,3,6,18-29,0,1,2
15500,2017,4,2,18-29,0,0,1
15500,2017,1,1,30-44,0,1,1
15500,2017,1,2,30-44,0,.47160408,2
15500,2017,1,6,30-44,0,1,1
15500,2017,3,6,30-44,0,0,1
15500,2017,4,1,30-44,0,1,1
15500,2017,4,3,30-44,0,1,1
15500,2017,4,6,30-44,0,1,2
15500,2017,1,2,45-64,0,0,2
15500,2017,2,6,45-64,0,0,1
15500,2017,3,1,45-64,0,0,1
15500,2017,3,3,45-64,1,0,1
15500,2017,3,6,45-64,0,0,1
15500,2017,4,1,45-64,0,0,1
15500,2017,4,6,45-64,.52529079,.71869475,4
15500,2019,2,2,30-44,0,,1
15500,2019,2,6,30-44,0,,1
15500,2019,3,1,30-44,0,,1
15500,2019,4,1,30-44,0,,1
15500,2019,4,6,30-44,0,,1
15500,2019,1,2,45-64,0,,1
15500,2019,1,6,45-64,1,,1
15500,2019,2,1,45-64,0,,2
15500,2019,2,2,45-64,1,,1
15500,2019,2,6,45-64,.29399666,,3
15500,2019,3,6,45-64,0,,1
15500,2019,4,1,45-64,0,,1
15500,2019,4,6,45-64,0,,1
15500,2021,3,6,18-29,0,,2
15500,2021,4,6,18-29,0,,1
15500,2021,1,2,30-44,0,,1
15500,2021,1,6,45-64,0,,1
15500,2021,2,6,45-64,0,,1
15500,2021,3,1,45-64,0,,2
15500,2021,3,6,45-64,0,,3
15500,2021,4,6,45-64,0,,1
15500,2023,3,6,30-44,0,,2
15500,2023,2,6,45-64,0,,1
15500,2023,4,6,45-64,0,,1
15540,2013,2,2,18-29,0,0,1
15540,2013,2,6,18-29,0,0,2
15540,2013,3,6,18-29,0,.26835483,3
15540,2013,4,1,18-29,0,0,1
15540,2013,4,6,18-29,0,.40309602,9
15540,2013,1,7,30-44,0,0,1
15540,2013,2,6,30-44,.17440636,.19388652,5
15540,2013,3,6,30-44,.19472849,.45746157,10
15540,2013,4,3,30-44,0,.41519332,3
15540,2013,4,6,30-44,0,.40400317,17
15540,2013,2,1,45-64,0,0,1
15540,2013,2,6,45-64,.21778807,0,14
15540,2013,3,6,45-64,.19073997,.28904262,24
15540,2013,3,7,45-64,0,0,1
15540,2013,4,3,45-64,0,0,1
15540,2013,4,6,45-64,.19275695,.20491353,35
15540,2015,2,6,18-29,0,1,1
15540,2015,3,6,18-29,.3215456,.61893213,3
15540,2015,4,2,18-29,0,0,1
15540,2015,4,6,18-29,0,1,7
15540,2015,2,2,30-44,0,0,1
15540,2015,2,6,30-44,.16757706,.85501355,7
15540,2015,3,3,30-44,1,0,1
15540,2015,3,6,30-44,0,.45449433,8
15540,2015,4,3,30-44,0,1,1
15540,2015,4,6,30-44,0,.61262918,20
15540,2015,1,6,45-64,0,1,1
15540,2015,2,6,45-64,.18722104,.12263692,17
15540,2015,3,6,45-64,.095177308,.52293241,10
15540,2015,4,3,45-64,0,0,1
15540,2015,4,6,45-64,.10999333,.3933396,26
15540,2015,4,7,45-64,0,0,1
15540,2017,2,6,18-29,0,.61489069,2
15540,2017,3,2,18-29,0,1,1
15540,2017,4,6,18-29,0,.48815799,5
15540,2017,1,6,30-44,0,0,1
15540,2017,2,6,30-44,.46594116,.26499733,3
15540,2017,4,3,30-44,0,0,1
15540,2017,4,6,30-44,.16183417,.45425156,13
15540,2017,1,6,45-64,0,0,1
15540,2017,2,6,45-64,0,.29674795,10
15540,2017,3,3,45-64,1,0,1
15540,2017,3,6,45-64,0,.36131492,11
15540,2017,3,7,45-64,0,0,1
15540,2017,4,6,45-64,.20970215,.4551723,18
15540,2019,1,3,18-29,0,,1
15540,2019,3,6,18-29,0,,6
15540,2019,4,6,18-29,0,,2
15540,2019,1,6,30-44,1,,1
15540,2019,2,6,30-44,0,,2
15540,2019,3,2,30-44,0,,1
15540,2019,3,6,30-44,0,,3
15540,2019,4,2,30-44,0,,1
15540,2019,4,3,30-44,0,,1
15540,2019,4,6,30-44,0,,16
15540,2019,2,6,45-64,.21444237,,12
15540,2019,3,6,45-64,.066080086,,15
15540,2019,4,6,45-64,.15183765,,19
15540,2021,2,6,18-29,0,,1
15540,2021,3,6,18-29,0,,2
15540,2021,4,6,18-29,0,,4
15540,2021,2,6,30-44,0,,1
15540,2021,3,6,30-44,.1678963,,10
15540,2021,4,6,30-44,.32917082,,13
15540,2021,2,6,45-64,.18790217,,11
15540,2021,3,6,45-64,.09948647,,10
15540,2021,4,6,45-64,.12440143,,16
15540,2021,4,7,45-64,0,,2
15540,2023,2,6,18-29,0,,2
15540,2023,4,6,18-29,0,,5
15540,2023,4,7,18-29,0,,1
15540,2023,2,2,30-44,0,,1
15540,2023,2,6,30-44,0,,2
15540,2023,3,1,30-44,0,,1
15540,2023,3,6,30-44,0,,2
15540,2023,4,3,30-44,0,,1
15540,2023,4,6,30-44,.055860642,,19
15540,2023,1,6,45-64,0,,1
15540,2023,2,6,45-64,0,,10
15540,2023,3,1,45-64,0,,2
15540,2023,3,6,45-64,0,,3
15540,2023,4,1,45-64,0,,1
15540,2023,4,6,45-64,.058038488,,20
15680,2015,1,6,30-44,0,1,1
15680,2015,2,6,30-44,0,.54612309,2
15680,2015,3,1,30-44,0,0,1
15680,2015,3,6,30-44,0,.45387691,2
15680,2015,4,6,30-44,0,1,1
15680,2015,2,6,45-64,0,0,1
15680,2015,3,1,45-64,0,0,1
15680,2015,4,6,45-64,1,.32139716,3
15680,2017,1,6,18-29,1,1,1
15680,2017,3,6,18-29,0,1,1
15680,2017,4,6,18-29,0,1,1
15680,2017,2,6,30-44,0,1,1
15680,2017,3,6,30-44,0,1,2
15680,2017,3,6,45-64,0,1,1
15680,2017,4,6,45-64,0,1,2
15680,2019,3,1,30-44,0,,1
15680,2019,3,6,30-44,0,,1
15680,2019,4,6,30-44,0,,1
15680,2019,2,1,45-64,0,,1
15680,2019,3,6,45-64,0,,1
15680,2019,4,6,45-64,1,,1
15680,2021,4,6,45-64,0,,1
15680,2023,4,6,18-29,0,,1
15680,2023,3,6,30-44,0,,1
15680,2023,4,1,45-64,0,,1
15680,2023,4,3,45-64,0,,2
15680,2023,4,6,45-64,0,,1
15940,2013,2,6,18-29,0,1,1
15940,2013,3,1,18-29,0,0,1
15940,2013,3,6,18-29,0,1,1
15940,2013,1,6,30-44,0,0,1
15940,2013,2,3,30-44,0,0,1
15940,2013,2,6,30-44,0,1,1
15940,2013,3,6,30-44,.21624941,.73036581,4
15940,2013,4,6,30-44,0,1,1
15940,2013,1,6,45-64,1,0,1
15940,2013,2,6,45-64,0,0,4
15940,2013,3,1,45-64,0,,1
15940,2013,3,6,45-64,0,0,2
15940,2013,4,6,45-64,.5022704,0,2
15940,2015,2,6,18-29,0,1,1
15940,2015,2,5,30-44,0,1,1
15940,2015,3,4,30-44,0,0,1
15940,2015,3,6,30-44,0,.63967073,3
15940,2015,4,6,30-44,0,.49967119,4
15940,2015,1,6,45-64,0,,1
15940,2015,2,1,45-64,0,0,1
15940,2015,2,6,45-64,0,.20570943,4
15940,2015,2,7,45-64,0,0,1
15940,2015,3,6,45-64,0,0,3
15940,2015,4,6,45-64,0,.29857701,7
15940,2017,2,6,18-29,0,1,2
15940,2017,2,7,18-29,0,1,1
15940,2017,3,6,18-29,0,0,1
15940,2017,4,6,18-29,0,1,1
15940,2017,2,6,30-44,.31691355,.67671466,4
15940,2017,3,6,30-44,0,0,2
15940,2017,4,6,30-44,0,1,2
15940,2017,2,6,45-64,.53479612,.46520391,2
15940,2017,3,6,45-64,0,0,3
15940,2017,4,6,45-64,0,.23511158,4
15940,2019,2,6,18-29,0,,1
15940,2019,3,1,18-29,0,,1
15940,2019,3,6,18-29,0,,1
15940,2019,4,6,18-29,0,,1
15940,2019,1,2,30-44,1,,1
15940,2019,1,6,30-44,0,,1
15940,2019,2,6,30-44,0,,2
15940,2019,3,2,30-44,0,,1
15940,2019,3,6,30-44,0,,1
15940,2019,4,6,30-44,0,,2
15940,2019,2,1,45-64,0,,1
15940,2019,2,6,45-64,0,,3
15940,2019,3,6,45-64,0,,5
15940,2019,4,6,45-64,0,,7
15940,2021,2,2,18-29,0,,1
15940,2021,4,6,18-29,0,,1
15940,2021,2,6,30-44,0,,2
15940,2021,2,7,30-44,0,,1
15940,2021,3,6,30-44,0,,2
15940,2021,4,6,30-44,0,,4
15940,2021,2,6,45-64,.32035044,,3
15940,2021,3,6,45-64,0,,2
15940,2021,4,6,45-64,0,,1
15940,2023,2,6,18-29,0,,1
15940,2023,3,6,18-29,0,,1
15940,2023,2,6,30-44,0,,4
15940,2023,4,6,30-44,.4676491,,2
15940,2023,2,6,45-64,0,,1
15940,2023,4,6,45-64,0,,4
15980,2013,2,1,18-29,0,0,1
15980,2013,2,2,18-29,0,1,1
15980,2013,3,6,18-29,0,0,2
15980,2013,4,6,18-29,0,0,2
15980,2013,1,2,30-44,0,0,3
15980,2013,2,2,30-44,0,.31623217,3
15980,2013,2,6,30-44,0,0,1
15980,2013,3,1,30-44,0,,1
15980,2013,3,2,30-44,0,0,1
15980,2013,3,6,30-44,.48038766,0,2
15980,2013,4,6,30-44,0,0,1
15980,2013,1,6,45-64,0,0,2
15980,2013,2,6,45-64,0,0,4
15980,2013,3,2,45-64,0,.4110454,2
15980,2013,3,6,45-64,0,0,3
15980,2013,4,6,45-64,0,1,2
15980,2015,2,1,18-29,0,,1
15980,2015,2,6,18-29,0,0,1
15980,2015,3,2,18-29,0,0,4
15980,2015,4,2,18-29,0,0,1
15980,2015,4,6,18-29,0,1,1
15980,2015,2,1,30-44,0,0,1
15980,2015,2,6,30-44,0,0,1
15980,2015,3,2,30-44,1,1,1
15980,2015,3,6,30-44,0,0,2
15980,2015,4,2,30-44,1,1,1
15980,2015,4,4,30-44,0,1,1
15980,2015,4,6,30-44,0,.36071789,3
15980,2015,2,6,45-64,0,.51893598,2
15980,2015,3,6,45-64,0,.63257778,3
15980,2015,4,1,45-64,0,1,1
15980,2015,4,6,45-64,0,.40151656,8
15980,2017,3,6,18-29,0,0,1
15980,2017,4,6,18-29,0,1,1
15980,2017,2,6,30-44,.31155893,.31155893,3
15980,2017,3,6,30-44,0,.47637981,2
15980,2017,4,6,30-44,0,.56696647,2
15980,2017,1,6,45-64,0,0,2
15980,2017,2,2,45-64,0,0,2
15980,2017,2,6,45-64,0,.39313915,3
15980,2017,3,1,45-64,0,0,1
15980,2017,3,6,45-64,0,.53116548,4
15980,2017,4,2,45-64,1,0,1
15980,2017,4,6,45-64,0,.44300216,2
15980,2019,2,2,18-29,0,,1
15980,2019,4,6,18-29,0,,3
15980,2019,3,1,30-44,0,,1
15980,2019,3,2,30-44,0,,1
15980,2019,3,6,30-44,.41875774,,5
15980,2019,4,6,30-44,0,,2
15980,2019,2,2,45-64,0,,1
15980,2019,4,6,45-64,.16499557,,5
15980,2021,2,2,18-29,0,,1
15980,2021,3,1,18-29,1,,1
15980,2021,3,6,18-29,0,,2
15980,2021,2,6,30-44,0,,1
15980,2021,3,1,30-44,0,,1
15980,2021,3,2,30-44,1,,1
15980,2021,4,6,30-44,0,,2
15980,2021,2,2,45-64,.42694089,,4
15980,2021,2,6,45-64,0,,4
15980,2021,4,2,45-64,0,,1
15980,2021,4,6,45-64,0,,1
15980,2023,4,6,18-29,0,,1
15980,2023,2,6,30-44,0,,1
15980,2023,3,6,30-44,0,,2
15980,2023,4,6,30-44,0,,2
15980,2023,2,6,45-64,0,,1
15980,2023,3,2,45-64,.44110224,,2
15980,2023,3,6,45-64,0,,4
15980,2023,4,6,45-64,0,,3
16060,2015,3,6,18-29,0,.44643888,2
16060,2015,4,6,18-29,0,0,1
16060,2015,2,6,30-44,0,1,1
16060,2015,3,6,30-44,0,.4969404,2
16060,2015,4,6,45-64,1,0,1
16060,2017,4,6,18-29,0,0,1
16060,2017,4,6,30-44,.53598028,.46401969,2
16060,2017,2,6,45-64,0,0,2
16060,2017,3,6,45-64,0,0,1
16060,2017,4,6,45-64,0,1,1
16060,2019,2,2,30-44,0,,1
16060,2019,2,6,30-44,0,,1
16060,2019,3,6,30-44,0,,2
16060,2019,1,6,45-64,0,,1
16060,2019,3,6,45-64,0,,2
16060,2019,4,6,45-64,0,,1
16060,2021,3,6,18-29,0,,1
16060,2021,4,6,18-29,0,,1
16060,2021,3,1,30-44,0,,1
16060,2021,4,6,30-44,0,,2
16060,2021,2,6,45-64,0,,1
16060,2021,4,6,45-64,0,,1
16060,2023,4,6,18-29,0,,1
16060,2023,3,6,30-44,.53295207,,2
16060,2023,2,6,45-64,0,,1
16060,2023,3,6,45-64,0,,1
16300,2013,3,6,18-29,0,.63084304,3
16300,2013,4,6,18-29,0,0,1
16300,2013,2,6,30-44,.31121242,.29944393,3
16300,2013,3,2,30-44,0,1,1
16300,2013,3,6,30-44,.28668359,.23104808,4
16300,2013,4,3,30-44,0,0,1
16300,2013,4,6,30-44,.13212121,.29260582,7
16300,2013,4,7,30-44,0,,1
16300,2013,2,6,45-64,0,.17923975,6
16300,2013,3,6,45-64,.11856966,.10790271,9
16300,2013,4,6,45-64,.33574575,.18978702,6
16300,2015,2,6,18-29,0,1,1
16300,2015,3,6,18-29,0,0,1
16300,2015,3,7,18-29,0,1,1
16300,2015,4,3,18-29,0,0,1
16300,2015,4,6,18-29,0,0,1
16300,2015,2,6,30-44,0,.50653619,2
16300,2015,3,1,30-44,0,1,1
16300,2015,3,6,30-44,0,.7182309,4
16300,2015,4,2,30-44,0,1,1
16300,2015,4,6,30-44,0,0,2
16300,2015,3,6,45-64,0,0,2
16300,2015,4,6,45-64,0,.49009332,3
16300,2017,1,1,18-29,0,,1
16300,2017,3,6,18-29,0,0,1
16300,2017,4,6,18-29,0,1,3
16300,2017,2,6,30-44,0,.6488564,3
16300,2017,3,6,30-44,0,.35199931,3
16300,2017,4,6,30-44,0,.48435545,2
16300,2017,1,1,45-64,0,0,1
16300,2017,2,6,45-64,0,.29965675,3
16300,2017,3,6,45-64,.29897374,.16272917,4
16300,2017,4,6,45-64,.46466166,.53533834,2
16300,2019,3,3,18-29,0,,2
16300,2019,3,6,18-29,.46063668,,2
16300,2019,4,6,18-29,0,,1
16300,2019,3,6,30-44,0,,1
16300,2019,4,6,30-44,0,,2
16300,2019,2,6,45-64,.54871643,,2
16300,2019,3,6,45-64,.21515942,,4
16300,2019,4,6,45-64,0,,3
16300,2021,2,6,18-29,0,,2
16300,2021,4,6,18-29,0,,1
16300,2021,2,6,30-44,0,,1
16300,2021,3,6,30-44,0,,2
16300,2021,4,6,30-44,0,,1
16300,2021,2,6,45-64,0,,3
16300,2021,3,6,45-64,0,,5
16300,2021,4,6,45-64,0,,2
16300,2023,1,6,18-29,0,,1
16300,2023,2,1,18-29,0,,1
16300,2023,2,6,18-29,0,,1
16300,2023,3,6,18-29,0,,4
16300,2023,4,1,18-29,0,,1
16300,2023,4,3,18-29,0,,1
16300,2023,4,6,18-29,0,,1
16300,2023,3,1,30-44,0,,1
16300,2023,3,6,30-44,.17973706,,6
16300,2023,4,1,30-44,0,,2
16300,2023,4,3,30-44,0,,1
16300,2023,4,6,30-44,0,,4
16300,2023,2,6,45-64,0,,1
16300,2023,3,1,45-64,0,,1
16300,2023,3,6,45-64,0,,2
16300,2023,4,6,45-64,0,,3
16540,2015,2,6,18-29,0,1,1
16540,2015,2,2,30-44,0,,1
16540,2015,2,6,30-44,0,0,2
16540,2015,4,6,30-44,0,1,2
16540,2015,2,6,45-64,0,0,4
16540,2015,3,6,45-64,.31812149,0,3
16540,2015,4,6,45-64,0,0,1
16540,2017,1,2,30-44,0,0,1
16540,2017,1,2,45-64,0,0,1
16540,2017,2,6,45-64,0,0,7
16540,2017,3,6,45-64,0,1,1
16540,2017,4,6,45-64,0,.51258653,2
16540,2019,1,6,18-29,0,,1
16540,2019,3,6,30-44,0,,1
16540,2019,2,6,45-64,0,,3
16540,2019,3,6,45-64,0,,2
16540,2019,4,1,45-64,0,,1
16540,2019,4,6,45-64,0,,1
16540,2021,2,2,18-29,0,,1
16540,2021,2,6,18-29,.44030768,,2
16540,2021,2,2,30-44,0,,1
16540,2021,3,1,30-44,0,,1
16540,2021,3,6,30-44,0,,1
16540,2021,2,6,45-64,0,,5
16540,2021,3,6,45-64,0,,2
16540,2021,4,6,45-64,0,,2
16540,2023,2,6,30-44,0,,2
16540,2023,2,6,45-64,0,,4
16540,2023,3,6,45-64,0,,1
16540,2023,4,6,45-64,.48010549,,2
16580,2013,2,1,18-29,0,,1
16580,2013,2,6,18-29,0,0,1
16580,2013,3,1,18-29,0,1,1
16580,2013,3,6,18-29,0,0,1
16580,2013,4,6,18-29,0,.66939276,6
16580,2013,1,6,30-44,0,1,1
16580,2013,3,6,30-44,0,1,1
16580,2013,4,6,30-44,0,.47070867,2
16580,2013,2,3,45-64,0,0,1
16580,2013,2,6,45-64,0,0,1
16580,2013,3,6,45-64,.32814637,0,3
16580,2013,4,6,45-64,.19280967,0,5
16580,2015,1,6,18-29,,0,0
16580,2015,2,6,18-29,0,.45970878,2
16580,2015,3,6,18-29,0,.41753435,2
16580,2015,3,7,18-29,0,1,1
16580,2015,2,6,30-44,0,1,1
16580,2015,3,3,30-44,0,0,1
16580,2015,4,6,30-44,0,1,2
16580,2015,2,1,45-64,.46810728,.53189272,2
16580,2015,3,6,45-64,0,.51519382,2
16580,2015,4,1,45-64,0,0,1
16580,2015,4,6,45-64,.33069807,.66930193,3
16580,2017,2,3,18-29,0,1,1
16580,2017,3,6,18-29,0,1,1
16580,2017,4,6,18-29,0,.68236375,3
16580,2017,4,2,30-44,0,1,1
16580,2017,4,6,30-44,0,.48074096,4
16580,2017,1,6,45-64,0,0,1
16580,2017,2,6,45-64,0,0,1
16580,2017,3,1,45-64,0,0,1
16580,2017,3,6,45-64,0,1,1
16580,2019,1,1,30-44,0,,1
16580,2019,3,6,30-44,0,,1
16580,2019,3,6,45-64,0,,2
16580,2019,4,6,45-64,0,,2
16580,2021,4,6,18-29,.54271936,,2
16580,2021,2,2,30-44,1,,1
16580,2021,2,3,30-44,0,,1
16580,2021,3,6,30-44,0,,1
16580,2021,4,3,30-44,0,,1
16580,2021,4,6,30-44,0,,4
16580,2021,2,6,45-64,0,,1
16580,2021,4,3,45-64,.27388069,,3
16580,2021,4,6,45-64,0,,1
16580,2023,3,1,30-44,0,,1
16580,2023,3,6,30-44,0,,1
16580,2023,4,7,30-44,0,,1
16580,2023,1,1,45-64,0,,1
16580,2023,2,3,45-64,0,,2
16580,2023,3,6,45-64,0,,1
16580,2023,4,6,45-64,.31491452,,3
16620,2013,2,6,18-29,0,0,1
16620,2013,3,1,18-29,0,0,1
16620,2013,3,6,18-29,0,,1
16620,2013,4,6,18-29,0,0,1
16620,2013,2,6,30-44,0,0,1
16620,2013,3,3,30-44,0,0,1
16620,2013,3,6,30-44,0,.19297852,5
16620,2013,4,3,30-44,0,1,1
16620,2013,4,6,30-44,0,0,3
16620,2013,1,6,45-64,0,,1
16620,2013,2,6,45-64,0,0,5
16620,2013,3,6,45-64,0,.49936438,2
16620,2013,4,1,45-64,0,0,1
16620,2013,4,6,45-64,.085022829,.11325439,10
16620,2015,2,6,18-29,0,.56461495,2
16620,2015,2,7,18-29,0,0,1
16620,2015,3,6,18-29,0,.32199025,3
16620,2015,1,6,30-44,0,0,1
16620,2015,2,6,30-44,0,1,1
16620,2015,2,7,30-44,0,0,1
16620,2015,3,1,30-44,1,1,1
16620,2015,3,6,30-44,.4979926,0,2
16620,2015,4,6,30-44,0,.48989528,4
16620,2015,1,6,45-64,0,.67124158,2
16620,2015,2,1,45-64,0,0,1
16620,2015,2,6,45-64,.23716131,.50904661,4
16620,2015,3,1,45-64,0,1,1
16620,2015,3,6,45-64,0,.48039818,4
16620,2015,4,6,45-64,0,.3107352,6
16620,2017,2,6,18-29,0,.43083692,2
16620,2017,3,6,18-29,0,0,2
16620,2017,4,6,18-29,0,1,1
16620,2017,3,1,30-44,0,,1
16620,2017,3,6,30-44,0,0,4
16620,2017,4,6,30-44,0,.15858001,4
16620,2017,1,6,45-64,0,.511814,2
16620,2017,2,1,45-64,0,.32369035,2
16620,2017,2,6,45-64,0,.36880058,6
16620,2017,3,6,45-64,0,.5366624,6
16620,2017,4,6,45-64,0,.22811604,5
16620,2019,1,6,18-29,0,,1
16620,2019,2,6,18-29,0,,3
16620,2019,2,7,18-29,0,,1
16620,2019,3,1,18-29,0,,1
16620,2019,3,6,18-29,0,,3
16620,2019,4,6,18-29,0,,1
16620,2019,1,6,30-44,0,,1
16620,2019,2,1,30-44,0,,1
16620,2019,2,6,30-44,0,,5
16620,2019,3,1,30-44,0,,1
16620,2019,3,6,30-44,0,,6
16620,2019,4,6,30-44,0,,8
16620,2019,2,6,45-64,0,,6
16620,2019,3,6,45-64,.11135976,,7
16620,2019,4,1,45-64,0,,1
16620,2019,4,6,45-64,.082057893,,10
16620,2021,2,6,18-29,0,,5
16620,2021,3,6,18-29,0,,2
16620,2021,4,6,18-29,0,,1
16620,2021,1,6,30-44,0,,1
16620,2021,2,1,30-44,0,,1
16620,2021,2,6,30-44,0,,2
16620,2021,3,6,30-44,0,,1
16620,2021,4,1,30-44,0,,1
16620,2021,4,6,30-44,0,,9
16620,2021,2,6,45-64,.2493055,,4
16620,2021,3,6,45-64,0,,5
16620,2021,4,6,45-64,0,,4
16620,2023,2,6,18-29,0,,4
16620,2023,3,7,18-29,0,,1
16620,2023,4,3,18-29,0,,1
16620,2023,4,6,18-29,0,,7
16620,2023,2,1,30-44,0,,1
16620,2023,2,2,30-44,1,,1
16620,2023,2,6,30-44,.22905459,,5
16620,2023,3,1,30-44,0,,1
16620,2023,3,6,30-44,.26570249,,5
16620,2023,4,6,30-44,0,,6
16620,2023,1,6,45-64,0,,1
16620,2023,2,1,45-64,1,,1
16620,2023,2,6,45-64,0,,3
16620,2023,3,6,45-64,0,,5
16620,2023,3,7,45-64,0,,1
16620,2023,4,1,45-64,0,,1
16620,2023,4,6,45-64,0,,5
16700,2013,2,1,18-29,0,,1
16700,2013,3,1,18-29,0,0,2
16700,2013,3,6,18-29,.24530548,.24530548,3
16700,2013,4,6,18-29,0,.46742037,2
16700,2013,1,1,30-44,0,,1
16700,2013,1,2,30-44,0,0,1
16700,2013,1,6,30-44,0,0,1
16700,2013,2,6,30-44,.36035651,.28961676,3
16700,2013,3,1,30-44,0,0,1
16700,2013,3,2,30-44,0,,1
16700,2013,3,6,30-44,0,0,2
16700,2013,4,2,30-44,0,0,1
16700,2013,4,6,30-44,.29172745,.45366922,13
16700,2013,1,6,45-64,0,0,1
16700,2013,2,6,45-64,0,.49705341,2
16700,2013,3,6,45-64,0,0,4
16700,2013,4,1,45-64,0,0,1
16700,2013,4,6,45-64,.28475589,.12875549,7
16700,2015,1,6,18-29,0,0,2
16700,2015,2,2,18-29,0,1,1
16700,2015,3,6,18-29,0,.79435927,3
16700,2015,4,6,18-29,0,0,4
16700,2015,1,2,30-44,0,,1
16700,2015,3,1,30-44,0,.70070559,4
16700,2015,3,2,30-44,0,,1
16700,2015,3,6,30-44,0,1,3
16700,2015,4,1,30-44,0,0,1
16700,2015,4,6,30-44,.10438079,.38517359,8
16700,2015,1,1,45-64,0,0,1
16700,2015,1,6,45-64,0,1,1
16700,2015,2,1,45-64,0,1,1
16700,2015,2,6,45-64,1,0,1
16700,2015,3,2,45-64,0,1,1
16700,2015,3,6,45-64,0,0,2
16700,2015,4,1,45-64,0,1,3
16700,2015,4,6,45-64,.14540857,.29081714,7
16700,2015,4,7,45-64,0,1,1
16700,2017,1,1,18-29,0,,1
16700,2017,2,1,18-29,1,0,1
16700,2017,2,6,18-29,0,1,1
16700,2017,4,6,18-29,0,1,2
16700,2017,1,1,30-44,0,1,1
16700,2017,1,6,30-44,0,0,2
16700,2017,3,1,30-44,0,.46434394,2
16700,2017,3,6,30-44,0,.54812175,2
16700,2017,4,1,30-44,.4979426,0,2
16700,2017,4,3,30-44,0,0,1
16700,2017,4,6,30-44,0,.10903908,8
16700,2017,4,7,30-44,0,1,1
16700,2017,1,1,45-64,0,,1
16700,2017,2,1,45-64,0,0,3
16700,2017,2,6,45-64,0,1,1
16700,2017,3,6,45-64,0,.25786722,5
16700,2017,4,1,45-64,0,0,5
16700,2017,4,6,45-64,0,.49319121,4
16700,2019,2,6,18-29,0,,1
16700,2019,3,6,18-29,0,,1
16700,2019,4,6,18-29,0,,2
16700,2019,1,1,30-44,0,,1
16700,2019,2,1,30-44,0,,1
16700,2019,2,2,30-44,0,,2
16700,2019,2,6,30-44,0,,2
16700,2019,3,1,30-44,0,,1
16700,2019,3,3,30-44,0,,1
16700,2019,3,6,30-44,0,,3
16700,2019,4,1,30-44,0,,2
16700,2019,4,6,30-44,.060983129,,12
16700,2019,2,1,45-64,.50399762,,2
16700,2019,2,6,45-64,.67086864,,3
16700,2019,3,2,45-64,0,,1
16700,2019,3,6,45-64,1,,1
16700,2019,4,1,45-64,0,,2
16700,2019,4,3,45-64,0,,2
16700,2019,4,6,45-64,.26894808,,11
16700,2021,4,6,18-29,0,,2
16700,2021,1,2,30-44,1,,1
16700,2021,2,1,30-44,0,,2
16700,2021,3,1,30-44,0,,2
16700,2021,3,6,30-44,0,,1
16700,2021,4,1,30-44,0,,2
16700,2021,4,2,30-44,0,,1
16700,2021,4,4,30-44,0,,1
16700,2021,4,6,30-44,.0978802,,10
16700,2021,2,6,45-64,0,,1
16700,2021,3,6,45-64,.54650372,,4
16700,2021,4,1,45-64,0,,2
16700,2021,4,3,45-64,0,,1
16700,2021,4,6,45-64,.3541036,,9
16700,2023,2,1,18-29,0,,1
16700,2023,2,2,18-29,0,,2
16700,2023,2,6,18-29,.4165175,,2
16700,2023,3,1,18-29,0,,1
16700,2023,3,2,18-29,0,,1
16700,2023,3,6,18-29,0,,1
16700,2023,4,1,18-29,0,,1
16700,2023,4,6,18-29,0,,1
16700,2023,2,2,30-44,0,,1
16700,2023,2,6,30-44,0,,4
16700,2023,3,6,30-44,0,,2
16700,2023,4,1,30-44,0,,3
16700,2023,4,3,30-44,0,,1
16700,2023,4,6,30-44,0,,12
16700,2023,2,1,45-64,0,,1
16700,2023,2,6,45-64,.30919272,,7
16700,2023,3,1,45-64,0,,2
16700,2023,3,6,45-64,0,,4
16700,2023,4,1,45-64,0,,1
16700,2023,4,6,45-64,0,,5
16740,2013,1,6,18-29,0,0,1
16740,2013,2,6,18-29,0,,2
16740,2013,3,1,18-29,0,0,2
16740,2013,3,6,18-29,0,1,2
16740,2013,4,1,18-29,0,0,1
16740,2013,4,6,18-29,0,0,1
16740,2013,1,1,30-44,0,,1
16740,2013,1,6,30-44,0,1,1
16740,2013,2,1,30-44,0,0,3
16740,2013,2,2,30-44,0,0,3
16740,2013,2,6,30-44,0,.63693744,3
16740,2013,3,1,30-44,0,1,1
16740,2013,3,6,30-44,0,1,3
16740,2013,4,1,30-44,0,.49494979,4
16740,2013,4,2,30-44,0,0,2
16740,2013,4,3,30-44,0,0,1
16740,2013,4,6,30-44,0,.43252802,12
16740,2013,1,1,45-64,0,0,4
16740,2013,1,2,45-64,0,,1
16740,2013,1,6,45-64,0,0,1
16740,2013,2,1,45-64,0,0,4
16740,2013,2,6,45-64,.2131498,0,4
16740,2013,3,1,45-64,0,.45943618,7
16740,2013,3,6,45-64,.40503585,.30287373,10
16740,2013,4,1,45-64,.16805218,.10986694,6
16740,2013,4,2,45-64,0,0,2
16740,2013,4,6,45-64,.15479355,.20169492,14
16740,2015,1,2,18-29,0,0,2
16740,2015,1,6,18-29,0,1,2
16740,2015,2,1,18-29,.25498787,1,4
16740,2015,2,2,18-29,1,0,1
16740,2015,2,6,18-29,0,.89182204,7
16740,2015,3,1,18-29,0,1,2
16740,2015,3,6,18-29,0,1,4
16740,2015,4,1,18-29,0,.85610193,5
16740,2015,4,2,18-29,0,0,1
16740,2015,4,6,18-29,0,1,2
16740,2015,1,1,30-44,0,1,3
16740,2015,1,2,30-44,.36186042,.56768268,5
16740,2015,1,6,30-44,0,1,1
16740,2015,2,1,30-44,0,1,2
16740,2015,2,2,30-44,0,0,1
16740,2015,2,6,30-44,0,.36857653,3
16740,2015,3,1,30-44,0,0,1
16740,2015,3,6,30-44,.34555712,.54976171,4
16740,2015,3,7,30-44,0,1,2
16740,2015,4,1,30-44,0,.66317075,4
16740,2015,4,2,30-44,0,.55476779,2
16740,2015,4,3,30-44,0,1,1
16740,2015,4,6,30-44,0,.87494916,15
16740,2015,1,1,45-64,.52955145,.52955145,2
16740,2015,1,3,45-64,0,0,2
16740,2015,1,6,45-64,0,.62599814,2
16740,2015,2,1,45-64,0,1,1
16740,2015,2,2,45-64,0,0,1
16740,2015,2,6,45-64,.2834954,.40292242,11
16740,2015,3,1,45-64,.39803296,0,3
16740,2015,3,6,45-64,0,.40006641,14
16740,2015,4,1,45-64,0,1,5
16740,2015,4,3,45-64,0,1,1
16740,2015,4,6,45-64,.2209969,.57688797,28
16740,2015,4,7,45-64,0,1,1
16740,2017,1,1,18-29,0,0,1
16740,2017,1,2,18-29,0,0,1
16740,2017,2,2,18-29,0,1,1
16740,2017,2,6,18-29,0,1,4
16740,2017,3,1,18-29,0,1,2
16740,2017,3,6,18-29,0,0,1
16740,2017,4,1,18-29,0,1,3
16740,2017,4,2,18-29,0,1,1
16740,2017,4,6,18-29,0,.88593864,11
16740,2017,1,2,30-44,0,0,2
16740,2017,2,1,30-44,0,1,1
16740,2017,2,6,30-44,0,.53040659,3
16740,2017,3,1,30-44,0,.51684433,4
16740,2017,3,2,30-44,0,0,2
16740,2017,3,5,30-44,0,0,1
16740,2017,3,6,30-44,.28698722,.42649546,10
16740,2017,4,1,30-44,0,.45973235,3
16740,2017,4,2,30-44,0,0,1
16740,2017,4,3,30-44,0,1,1
16740,2017,4,6,30-44,.099324673,.61436129,21
16740,2017,1,1,45-64,0,0,1
16740,2017,1,6,45-64,0,0,1
16740,2017,2,1,45-64,.20602955,.43876866,3
16740,2017,2,2,45-64,0,1,1
16740,2017,2,6,45-64,.075209573,.35222867,13
16740,2017,3,1,45-64,.41023797,.31826991,3
16740,2017,3,2,45-64,1,1,1
16740,2017,3,6,45-64,.15386833,.76750618,13
16740,2017,4,1,45-64,0,1,2
16740,2017,4,6,45-64,.064897478,.43384165,13
16740,2019,2,1,18-29,0,,1
16740,2019,2,6,18-29,0,,2
16740,2019,3,2,18-29,0,,2
16740,2019,3,6,18-29,0,,5
16740,2019,4,6,18-29,0,,6
16740,2019,1,2,30-44,0,,3
16740,2019,2,2,30-44,0,,2
16740,2019,2,6,30-44,0,,4
16740,2019,3,2,30-44,0,,1
16740,2019,3,3,30-44,0,,2
16740,2019,3,6,30-44,0,,5
16740,2019,4,1,30-44,.24837999,,3
16740,2019,4,2,30-44,0,,1
16740,2019,4,3,30-44,0,,3
16740,2019,4,6,30-44,.078620054,,16
16740,2019,1,2,45-64,0,,1
16740,2019,1,6,45-64,0,,1
16740,2019,2,1,45-64,0,,3
16740,2019,2,6,45-64,.14917065,,9
16740,2019,3,1,45-64,0,,2
16740,2019,3,6,45-64,.19496094,,10
16740,2019,4,1,45-64,0,,6
16740,2019,4,2,45-64,0,,1
16740,2019,4,3,45-64,0,,2
16740,2019,4,6,45-64,.29316995,,19
16740,2019,4,7,45-64,0,,1
16740,2021,1,2,18-29,0,,1
16740,2021,2,1,18-29,0,,1
16740,2021,2,6,18-29,.58027864,,2
16740,2021,3,6,18-29,0,,6
16740,2021,4,1,18-29,0,,2
16740,2021,4,2,18-29,.60720485,,2
16740,2021,4,3,18-29,0,,1
16740,2021,4,6,18-29,0,,6
16740,2021,1,2,30-44,0,,1
16740,2021,2,1,30-44,0,,1
16740,2021,2,6,30-44,.23967029,,9
16740,2021,3,1,30-44,.4861539,,2
16740,2021,3,2,30-44,0,,1
16740,2021,3,6,30-44,.34000123,,7
16740,2021,3,7,30-44,0,,1
16740,2021,4,1,30-44,0,,1
16740,2021,4,3,30-44,0,,3
16740,2021,4,6,30-44,0,,14
16740,2021,4,7,30-44,1,,1
16740,2021,1,2,45-64,0,,2
16740,2021,1,6,45-64,0,,1
16740,2021,2,1,45-64,0,,1
16740,2021,2,4,45-64,0,,1
16740,2021,2,6,45-64,.25705856,,6
16740,2021,3,1,45-64,0,,3
16740,2021,3,6,45-64,.089007892,,10
16740,2021,4,1,45-64,0,,5
16740,2021,4,2,45-64,.60228062,,2
16740,2021,4,3,45-64,0,,1
16740,2021,4,6,45-64,.14725852,,9
16740,2023,1,6,18-29,0,,1
16740,2023,2,1,18-29,0,,1
16740,2023,2,6,18-29,0,,1
16740,2023,3,2,18-29,0,,1
16740,2023,3,6,18-29,.23705265,,4
16740,2023,4,1,18-29,0,,4
16740,2023,4,2,18-29,0,,1
16740,2023,4,6,18-29,0,,9
16740,2023,4,7,18-29,0,,1
16740,2023,1,2,30-44,0,,2
16740,2023,2,2,30-44,0,,2
16740,2023,2,6,30-44,.23765244,,6
16740,2023,3,1,30-44,0,,1
16740,2023,3,2,30-44,1,,1
16740,2023,3,6,30-44,0,,4
16740,2023,4,1,30-44,0,,5
16740,2023,4,2,30-44,.33797926,,4
16740,2023,4,3,30-44,0,,2
16740,2023,4,5,30-44,1,,1
16740,2023,4,6,30-44,0,,13
16740,2023,4,7,30-44,0,,1
16740,2023,1,2,45-64,.35369349,,3
16740,2023,2,1,45-64,0,,4
16740,2023,2,6,45-64,.22055715,,5
16740,2023,3,1,45-64,0,,2
16740,2023,3,2,45-64,0,,1
16740,2023,3,3,45-64,0,,1
16740,2023,3,6,45-64,.17388536,,9
16740,2023,4,1,45-64,.40047875,,5
16740,2023,4,2,45-64,.46443477,,3
16740,2023,4,3,45-64,0,,3
16740,2023,4,6,45-64,.11120168,,17
16820,2015,2,6,18-29,0,0,2
16820,2015,3,6,18-29,0,0,1
16820,2015,4,1,30-44,0,1,1
16820,2015,4,6,30-44,0,1,1
16820,2015,1,1,45-64,0,,1
16820,2015,2,1,45-64,0,0,2
16820,2015,2,6,45-64,0,0,1
16820,2015,4,6,45-64,0,.32350433,3
16820,2017,2,6,18-29,0,1,1
16820,2017,3,1,18-29,0,1,1
16820,2017,4,6,18-29,0,1,1
16820,2017,2,1,30-44,0,1,1
16820,2017,3,6,30-44,0,1,1
16820,2017,4,6,30-44,0,1,1
16820,2017,2,6,45-64,0,0,1
16820,2017,3,1,45-64,0,1,1
16820,2017,3,3,45-64,1,0,1
16820,2017,3,6,45-64,.52721572,0,2
16820,2017,4,6,45-64,.65243155,.34117851,3
16820,2019,4,6,18-29,0,,2
16820,2019,2,2,30-44,0,,1
16820,2019,2,6,30-44,0,,1
16820,2019,3,6,30-44,0,,1
16820,2019,4,1,30-44,0,,1
16820,2019,4,6,30-44,.37005645,,3
16820,2019,2,1,45-64,0,,1
16820,2019,3,6,45-64,1,,1
16820,2019,4,1,45-64,.53264445,,2
16820,2019,4,6,45-64,0,,3
16820,2021,4,6,18-29,0,,1
16820,2021,3,6,30-44,0,,1
16820,2021,4,6,30-44,0,,2
16820,2021,2,6,45-64,0,,1
16820,2021,4,1,45-64,1,,1
16820,2021,4,6,45-64,0,,3
16820,2023,1,2,18-29,0,,1
16820,2023,4,1,18-29,0,,1
16820,2023,4,6,18-29,0,,1
16820,2023,2,1,30-44,1,,1
16820,2023,2,6,30-44,0,,1
16820,2023,4,1,30-44,0,,1
16820,2023,4,6,30-44,0,,1
16820,2023,1,1,45-64,0,,1
16820,2023,1,6,45-64,0,,1
16820,2023,2,6,45-64,0,,2
16820,2023,3,6,45-64,0,,3
16820,2023,4,2,45-64,0,,1
16860,2013,1,6,18-29,0,0,1
16860,2013,3,6,18-29,0,.49465179,2
16860,2013,3,7,18-29,0,,1
16860,2013,4,6,18-29,0,1,1
16860,2013,1,2,30-44,0,,1
16860,2013,1,6,30-44,0,0,1
16860,2013,2,1,30-44,0,0,2
16860,2013,2,2,30-44,0,0,1
16860,2013,2,6,30-44,0,0,1
16860,2013,3,1,30-44,0,0,1
16860,2013,3,6,30-44,0,1,1
16860,2013,1,6,45-64,0,,1
16860,2013,2,6,45-64,0,0,4
16860,2013,3,6,45-64,0,0,4
16860,2013,4,6,45-64,0,.70361829,3
16860,2015,2,6,18-29,0,0,2
16860,2015,2,7,30-44,0,1,1
16860,2015,3,6,30-44,0,0,3
16860,2015,3,7,30-44,0,1,1
16860,2015,4,1,30-44,0,0,1
16860,2015,4,6,30-44,.27539238,.52265114,4
16860,2015,2,1,45-64,0,0,1
16860,2015,2,6,45-64,.20494556,.15584545,7
16860,2015,3,6,45-64,0,1,1
16860,2015,4,6,45-64,1,0,1
16860,2017,1,6,18-29,0,,1
16860,2017,2,1,18-29,0,0,1
16860,2017,2,6,18-29,0,1,1
16860,2017,3,6,18-29,0,1,1
16860,2017,2,6,30-44,0,1,1
16860,2017,3,1,30-44,0,1,1
16860,2017,3,6,30-44,0,0,2
16860,2017,4,6,30-44,0,.58187348,5
16860,2017,2,1,45-64,0,.46853316,2
16860,2017,2,6,45-64,.18103896,.16482858,6
16860,2017,3,1,45-64,0,1,1
16860,2017,3,6,45-64,0,.30476731,3
16860,2017,4,6,45-64,0,1,2
16860,2019,2,6,18-29,1,,1
16860,2019,3,1,18-29,0,,1
16860,2019,3,6,18-29,0,,3
16860,2019,4,6,18-29,0,,1
16860,2019,2,1,30-44,0,,1
16860,2019,3,6,30-44,.33309963,,3
16860,2019,4,6,30-44,.17936453,,4
16860,2019,1,6,45-64,.52884996,,2
16860,2019,2,6,45-64,0,,3
16860,2019,3,6,45-64,0,,1
16860,2019,4,1,45-64,0,,1
16860,2019,4,6,45-64,.31177148,,3
16860,2021,3,6,18-29,0,,2
16860,2021,4,6,18-29,0,,4
16860,2021,2,6,30-44,0,,3
16860,2021,4,6,30-44,0,,4
16860,2021,1,6,45-64,0,,1
16860,2021,2,6,45-64,0,,3
16860,2021,3,6,45-64,0,,3
16860,2021,4,6,45-64,0,,4
16860,2023,2,1,18-29,0,,1
16860,2023,2,2,18-29,0,,1
16860,2023,4,6,18-29,0,,2
16860,2023,2,1,30-44,0,,1
16860,2023,2,2,30-44,0,,1
16860,2023,3,6,30-44,0,,2
16860,2023,4,2,30-44,0,,1
16860,2023,4,6,30-44,0,,4
16860,2023,1,6,45-64,0,,1
16860,2023,2,6,45-64,0,,3
16860,2023,3,6,45-64,0,,2
16860,2023,4,6,45-64,0,,1
16980,2013,1,2,18-29,0,1,1
16980,2013,1,6,18-29,0,,1
16980,2013,2,1,18-29,0,0,6
16980,2013,2,2,18-29,0,.23992819,4
16980,2013,2,6,18-29,0,0,7
16980,2013,3,1,18-29,0,0,2
16980,2013,3,2,18-29,0,.23572685,4
16980,2013,3,6,18-29,.19339298,.1848013,10
16980,2013,4,1,18-29,0,.26283711,6
16980,2013,4,3,18-29,0,.51965803,4
16980,2013,4,6,18-29,.061225288,.45019281,32
16980,2013,1,1,30-44,0,,1
16980,2013,1,2,30-44,.067389704,.23036343,13
16980,2013,1,6,30-44,0,.45670325,2
16980,2013,2,1,30-44,0,0,8
16980,2013,2,2,30-44,0,.24455167,12
16980,2013,2,6,30-44,.25098747,.28499433,16
16980,2013,2,7,30-44,0,0,1
16980,2013,3,1,30-44,0,.15675457,12
16980,2013,3,2,30-44,.086077347,.3467319,12
16980,2013,3,6,30-44,.036943797,.43382055,24
16980,2013,3,7,30-44,0,0,1
16980,2013,4,1,30-44,0,.45790428,8
16980,2013,4,2,30-44,0,.14208598,6
16980,2013,4,3,30-44,0,.70625633,9
16980,2013,4,6,30-44,.091437824,.374814,72
16980,2013,4,7,30-44,0,0,2
16980,2013,1,1,45-64,.27608576,0,4
16980,2013,1,2,45-64,0,.093236022,11
16980,2013,1,6,45-64,0,.51521915,3
16980,2013,2,1,45-64,.12678756,.30687964,10
16980,2013,2,2,45-64,.12989478,.11193592,8
16980,2013,2,5,45-64,1,0,1
16980,2013,2,6,45-64,.14921437,.14232038,36
16980,2013,2,7,45-64,1,0,1
16980,2013,3,1,45-64,.12920429,.19793239,15
16980,2013,3,2,45-64,.16072531,0,6
16980,2013,3,3,45-64,.32592282,0,3
16980,2013,3,6,45-64,.13701294,.15315214,49
16980,2013,4,1,45-64,0,.44723654,11
16980,2013,4,2,45-64,0,.4445889,5
16980,2013,4,3,45-64,.13674082,.2431393,8
16980,2013,4,5,45-64,0,0,1
16980,2013,4,6,45-64,.14412512,.19556358,109
16980,2013,4,7,45-64,0,.36417487,3
16980,2015,1,1,18-29,0,0,1
16980,2015,1,2,18-29,0,.51774681,4
16980,2015,2,1,18-29,0,1,3
16980,2015,2,2,18-29,0,.64924467,8
16980,2015,2,6,18-29,0,.56025237,4
16980,2015,3,1,18-29,0,.40135363,6
16980,2015,3,2,18-29,0,.74191409,4
16980,2015,3,6,18-29,0,.67632204,10
16980,2015,4,1,18-29,0,1,3
16980,2015,4,2,18-29,0,1,5
16980,2015,4,3,18-29,0,.63645411,5
16980,2015,4,6,18-29,.040955245,.80318666,28
16980,2015,1,2,30-44,0,.51201296,5
16980,2015,1,6,30-44,.52278942,.47721058,2
16980,2015,2,1,30-44,.24706964,,4
16980,2015,2,2,30-44,0,.40692127,7
16980,2015,2,6,30-44,.072327897,.38201746,16
16980,2015,3,1,30-44,0,.42339802,3
16980,2015,3,2,30-44,.33277214,.59335577,6
16980,2015,3,3,30-44,0,1,1
16980,2015,3,5,30-44,0,0,1
16980,2015,3,6,30-44,.099207982,.64813584,29
16980,2015,3,7,30-44,0,1,1
16980,2015,4,1,30-44,0,.4300898,4
16980,2015,4,2,30-44,0,.7985695,8
16980,2015,4,3,30-44,.33136338,.67851013,9
16980,2015,4,5,30-44,0,0,1
16980,2015,4,6,30-44,.095276847,.68983066,79
16980,2015,4,7,30-44,0,1,1
16980,2015,1,1,45-64,0,0,1
16980,2015,1,2,45-64,.15870127,.1965491,6
16980,2015,1,6,45-64,0,1,2
16980,2015,2,1,45-64,0,.25762406,6
16980,2015,2,2,45-64,.12812909,.55633324,9
16980,2015,2,3,45-64,0,0,1
16980,2015,2,6,45-64,.13400096,.25912088,34
16980,2015,2,7,45-64,0,1,1
16980,2015,3,1,45-64,0,.24006714,11
16980,2015,3,2,45-64,0,0,3
16980,2015,3,6,45-64,.12089674,.32521021,41
16980,2015,3,7,45-64,0,0,2
16980,2015,4,1,45-64,0,.26816526,8
16980,2015,4,2,45-64,.11414576,.75381154,7
16980,2015,4,3,45-64,.22343355,.103076,8
16980,2015,4,6,45-64,.16902508,.41191563,93
16980,2015,4,7,45-64,0,0,1
16980,2017,1,1,18-29,0,0,1
16980,2017,2,1,18-29,0,1,1
16980,2017,2,2,18-29,0,.8123281,4
16980,2017,2,6,18-29,0,1,6
16980,2017,3,1,18-29,0,.47650903,5
16980,2017,3,6,18-29,0,.76646817,4
16980,2017,4,1,18-29,0,1,4
16980,2017,4,2,18-29,0,1,2
16980,2017,4,3,18-29,0,1,1
16980,2017,4,6,18-29,0,.80572683,27
16980,2017,4,7,18-29,0,0,1
16980,2017,1,2,30-44,.24371368,.75628632,4
16980,2017,1,6,30-44,0,0,1
16980,2017,2,1,30-44,.38415226,.27795127,5
16980,2017,2,2,30-44,0,.46915954,6
16980,2017,2,3,30-44,0,1,2
16980,2017,2,6,30-44,.29562941,.55476618,11
16980,2017,3,1,30-44,0,.49374503,5
16980,2017,3,2,30-44,.12266309,.54470456,8
16980,2017,3,3,30-44,0,.43221349,2
16980,2017,3,6,30-44,.092599623,.69425213,23
16980,2017,4,1,30-44,.12173136,.78250933,9
16980,2017,4,2,30-44,.1990056,.59398454,5
16980,2017,4,3,30-44,0,.8946085,11
16980,2017,4,6,30-44,.089364447,.61255258,65
16980,2017,4,7,30-44,0,0,1
16980,2017,1,1,45-64,0,0,1
16980,2017,1,2,45-64,0,.68815607,4
16980,2017,1,6,45-64,.21365556,0,5
16980,2017,2,1,45-64,0,.52072746,6
16980,2017,2,2,45-64,0,.19331478,6
16980,2017,2,6,45-64,.097997151,.36781394,22
16980,2017,3,1,45-64,0,.45393088,8
16980,2017,3,2,45-64,0,.73332441,8
16980,2017,3,3,45-64,.23522215,.20411502,4
16980,2017,3,6,45-64,.1683708,.38337559,36
16980,2017,4,1,45-64,.2332498,.60813022,10
16980,2017,4,2,45-64,0,.33458814,8
16980,2017,4,3,45-64,0,.450822,7
16980,2017,4,6,45-64,.10688684,.46649915,65
16980,2019,1,1,18-29,0,,1
16980,2019,2,1,18-29,0,,1
16980,2019,2,2,18-29,0,,8
16980,2019,2,3,18-29,0,,2
16980,2019,2,6,18-29,.52415913,,3
16980,2019,3,1,18-29,0,,3
16980,2019,3,2,18-29,0,,2
16980,2019,3,6,18-29,.12760879,,7
16980,2019,4,2,18-29,0,,6
16980,2019,4,3,18-29,0,,6
16980,2019,4,6,18-29,0,,18
16980,2019,1,2,30-44,0,,8
16980,2019,1,6,30-44,0,,1
16980,2019,2,1,30-44,0,,6
16980,2019,2,2,30-44,.26284626,,10
16980,2019,2,3,30-44,0,,2
16980,2019,2,6,30-44,0,,11
16980,2019,3,1,30-44,0,,10
16980,2019,3,2,30-44,0,,2
16980,2019,3,3,30-44,0,,4
16980,2019,3,6,30-44,.055851642,,14
16980,2019,4,1,30-44,.14707577,,5
16980,2019,4,2,30-44,0,,9
16980,2019,4,3,30-44,.054415628,,14
16980,2019,4,6,30-44,.080454148,,61
16980,2019,4,7,30-44,0,,1
16980,2019,1,1,45-64,0,,2
16980,2019,1,2,45-64,0,,11
16980,2019,1,6,45-64,0,,4
16980,2019,2,1,45-64,0,,4
16980,2019,2,2,45-64,0,,4
16980,2019,2,3,45-64,0,,1
16980,2019,2,6,45-64,.15117685,,18
16980,2019,2,7,45-64,0,,1
16980,2019,3,1,45-64,.082157023,,8
16980,2019,3,2,45-64,.10783929,,6
16980,2019,3,3,45-64,0,,2
16980,2019,3,6,45-64,.093136117,,23
16980,2019,4,1,45-64,.14102095,,17
16980,2019,4,2,45-64,0,,6
16980,2019,4,3,45-64,0,,11
16980,2019,4,6,45-64,.12524809,,73
16980,2019,4,7,45-64,0,,1
16980,2021,1,2,18-29,0,,1
16980,2021,2,1,18-29,0,,2
16980,2021,2,2,18-29,.15950657,,6
16980,2021,2,6,18-29,0,,3
16980,2021,3,1,18-29,0,,6
16980,2021,3,2,18-29,0,,1
16980,2021,3,6,18-29,0,,6
16980,2021,4,2,18-29,0,,1
16980,2021,4,3,18-29,0,,3
16980,2021,4,6,18-29,0,,16
16980,2021,1,2,30-44,0,,3
16980,2021,1,6,30-44,0,,1
16980,2021,2,1,30-44,0,,2
16980,2021,2,2,30-44,0,,4
16980,2021,2,3,30-44,0,,1
16980,2021,2,6,30-44,.24103034,,13
16980,2021,3,1,30-44,0,,7
16980,2021,3,2,30-44,0,,3
16980,2021,3,3,30-44,0,,2
16980,2021,3,6,30-44,.09786021,,12
16980,2021,3,7,30-44,0,,1
16980,2021,4,1,30-44,0,,9
16980,2021,4,2,30-44,0,,5
16980,2021,4,3,30-44,0,,13
16980,2021,4,6,30-44,.033651568,,56
16980,2021,4,7,30-44,0,,1
16980,2021,1,2,45-64,0,,8
16980,2021,2,1,45-64,0,,2
16980,2021,2,2,45-64,0,,13
16980,2021,2,3,45-64,0,,1
16980,2021,2,6,45-64,.43293858,,14
16980,2021,3,1,45-64,.10138495,,9
16980,2021,3,2,45-64,.1172493,,9
16980,2021,3,3,45-64,.39377856,,2
16980,2021,3,5,45-64,0,,1
16980,2021,3,6,45-64,.087831862,,27
16980,2021,4,1,45-64,0,,6
16980,2021,4,2,45-64,0,,7
16980,2021,4,3,45-64,.10026726,,9
16980,2021,4,6,45-64,.14669099,,71
16980,2023,1,2,18-29,0,,1
16980,2023,2,2,18-29,.17902356,,5
16980,2023,2,6,18-29,0,,3
16980,2023,3,1,18-29,0,,4
16980,2023,3,2,18-29,0,,6
16980,2023,3,3,18-29,0,,3
16980,2023,3,6,18-29,0,,6
16980,2023,4,1,18-29,0,,2
16980,2023,4,2,18-29,0,,4
16980,2023,4,3,18-29,0,,4
16980,2023,4,6,18-29,.034484554,,28
16980,2023,1,2,30-44,0,,3
16980,2023,1,6,30-44,0,,2
16980,2023,2,1,30-44,.35842982,,4
16980,2023,2,2,30-44,0,,5
16980,2023,2,3,30-44,1,,1
16980,2023,2,6,30-44,0,,15
16980,2023,3,1,30-44,0,,2
16980,2023,3,2,30-44,0,,6
16980,2023,3,3,30-44,1,,1
16980,2023,3,6,30-44,.12038606,,23
16980,2023,4,1,30-44,.1648567,,6
16980,2023,4,2,30-44,.080014221,,12
16980,2023,4,3,30-44,0,,9
16980,2023,4,6,30-44,.04922694,,57
16980,2023,1,2,45-64,.08720205,,11
16980,2023,2,1,45-64,.32199708,,4
16980,2023,2,2,45-64,0,,12
16980,2023,2,6,45-64,.18240957,,12
16980,2023,3,1,45-64,0,,4
16980,2023,3,2,45-64,0,,8
16980,2023,3,3,45-64,0,,2
16980,2023,3,6,45-64,.13620946,,21
16980,2023,4,1,45-64,0,,8
16980,2023,4,2,45-64,.18766458,,5
16980,2023,4,3,45-64,.12538327,,8
16980,2023,4,6,45-64,.09529084,,51
17020,2013,2,6,18-29,0,1,1
17020,2013,3,2,18-29,0,1,1
17020,2013,2,7,30-44,0,0,1
17020,2013,3,2,30-44,1,0,1
17020,2013,3,6,30-44,0,1,1
17020,2013,4,6,30-44,0,.48156062,2
17020,2013,3,6,45-64,.14366618,.13422316,7
17020,2015,1,6,18-29,1,0,1
17020,2015,3,6,30-44,.5334906,1,2
17020,2015,3,6,45-64,1,0,1
17020,2015,4,6,45-64,0,.55093139,2
17020,2017,2,6,18-29,0,1,1
17020,2017,2,7,18-29,0,0,1
17020,2017,3,6,18-29,0,1,1
17020,2017,2,4,30-44,0,0,1
17020,2017,3,6,30-44,0,1,2
17020,2017,2,6,45-64,0,1,1
17020,2017,3,6,45-64,1,0,1
17020,2017,4,6,45-64,0,1,1
17020,2019,2,2,30-44,0,,1
17020,2019,2,6,30-44,0,,2
17020,2019,3,6,30-44,0,,1
17020,2019,4,6,30-44,.49067384,,2
17020,2021,2,1,18-29,0,,1
17020,2021,2,2,18-29,0,,1
17020,2021,2,6,18-29,0,,1
17020,2021,3,2,18-29,0,,1
17020,2021,3,6,18-29,0,,1
17020,2021,2,6,30-44,1,,1
17020,2021,3,1,30-44,0,,1
17020,2021,3,3,30-44,0,,1
17020,2021,3,6,30-44,0,,1
17020,2021,4,6,30-44,0,,1
17020,2021,2,6,45-64,0,,2
17020,2021,3,6,45-64,0,,1
17020,2021,4,6,45-64,1,,1
17020,2021,4,7,45-64,0,,1
17020,2023,2,6,18-29,0,,1
17020,2023,2,6,30-44,0,,1
17020,2023,3,3,30-44,0,,1
17020,2023,3,6,30-44,0,,2
17020,2023,4,6,30-44,0,,1
17020,2023,2,6,45-64,0,,1
17140,2013,1,2,18-29,0,,1
17140,2013,1,4,18-29,0,,1
17140,2013,2,1,18-29,0,0,3
17140,2013,2,6,18-29,0,.15958257,8
17140,2013,3,1,18-29,0,1,1
17140,2013,3,3,18-29,0,0,2
17140,2013,3,6,18-29,0,.17559868,8
17140,2013,4,3,18-29,0,1,1
17140,2013,4,6,18-29,0,.4088496,7
17140,2013,1,2,30-44,0,0,1
17140,2013,1,6,30-44,0,0,1
17140,2013,2,1,30-44,0,0,2
17140,2013,2,6,30-44,.10339448,.24823266,11
17140,2013,3,1,30-44,0,1,3
17140,2013,3,6,30-44,0,.25726685,14
17140,2013,4,1,30-44,0,0,1
17140,2013,4,6,30-44,.073092721,.30984443,16
17140,2013,4,7,30-44,0,0,1
17140,2013,1,1,45-64,0,0,1
17140,2013,1,2,45-64,0,,2
17140,2013,1,6,45-64,0,0,3
17140,2013,2,1,45-64,0,0,4
17140,2013,2,6,45-64,.17714627,.070669733,20
17140,2013,3,1,45-64,0,0,4
17140,2013,3,6,45-64,0,.20815425,15
17140,2013,4,1,45-64,0,1,1
17140,2013,4,6,45-64,.087517187,.15208054,25
17140,2015,1,2,18-29,0,,1
17140,2015,2,6,18-29,0,.24565354,5
17140,2015,3,1,18-29,0,0,1
17140,2015,3,6,18-29,0,.44802341,6
17140,2015,4,6,18-29,0,.75011879,4
17140,2015,2,2,30-44,0,0,1
17140,2015,2,6,30-44,0,.41400844,3
17140,2015,3,6,30-44,0,.16191071,7
17140,2015,4,1,30-44,0,0,2
17140,2015,4,2,30-44,0,.63951766,3
17140,2015,4,3,30-44,0,0,2
17140,2015,4,6,30-44,.11813326,.53404152,18
17140,2015,4,7,30-44,0,0,1
17140,2015,1,1,45-64,0,1,1
17140,2015,1,2,45-64,0,,1
17140,2015,1,6,45-64,0,0,1
17140,2015,2,6,45-64,.081964761,.16269138,12
17140,2015,3,1,45-64,0,0,1
17140,2015,3,3,45-64,0,0,2
17140,2015,3,6,45-64,.064579681,.20405772,17
17140,2015,4,1,45-64,0,1,1
17140,2015,4,3,45-64,0,.426108,2
17140,2015,4,6,45-64,.16804674,.25588217,20
17140,2017,2,1,18-29,0,0,2
17140,2017,2,6,18-29,0,.65133762,5
17140,2017,3,6,18-29,.20846167,.8645857,6
17140,2017,4,3,18-29,0,0,1
17140,2017,4,6,18-29,0,.3289234,3
17140,2017,4,7,18-29,0,1,1
17140,2017,1,6,30-44,.30477175,0,2
17140,2017,2,6,30-44,.28839633,.54151952,4
17140,2017,2,7,30-44,0,1,1
17140,2017,3,1,30-44,1,1,1
17140,2017,3,5,30-44,0,1,1
17140,2017,3,6,30-44,.29979753,.70020247,3
17140,2017,4,1,30-44,0,0,1
17140,2017,4,6,30-44,.17040813,.45121858,16
17140,2017,1,6,45-64,0,.25893769,5
17140,2017,2,3,45-64,1,0,1
17140,2017,2,6,45-64,.061645459,.43050307,14
17140,2017,3,1,45-64,.22256278,.33372298,3
17140,2017,3,6,45-64,.15887597,.23048237,13
17140,2017,4,1,45-64,0,0,1
17140,2017,4,3,45-64,0,0,1
17140,2017,4,6,45-64,.095251955,.4168849,22
17140,2017,4,7,45-64,1,0,1
17140,2019,2,6,18-29,0,,4
17140,2019,3,6,18-29,0,,1
17140,2019,4,1,18-29,0,,1
17140,2019,4,3,18-29,0,,1
17140,2019,4,6,18-29,0,,5
17140,2019,1,2,30-44,0,,2
17140,2019,1,3,30-44,0,,1
17140,2019,1,6,30-44,0,,1
17140,2019,2,1,30-44,.32282075,,3
17140,2019,2,6,30-44,.17017724,,6
17140,2019,3,6,30-44,0,,5
17140,2019,4,1,30-44,0,,1
17140,2019,4,2,30-44,0,,1
17140,2019,4,3,30-44,0,,1
17140,2019,4,6,30-44,.071159862,,14
17140,2019,1,1,45-64,0,,1
17140,2019,1,2,45-64,1,,1
17140,2019,1,6,45-64,0,,1
17140,2019,2,2,45-64,0,,1
17140,2019,2,6,45-64,0,,5
17140,2019,3,1,45-64,0,,1
17140,2019,3,2,45-64,0,,1
17140,2019,3,6,45-64,.071294352,,13
17140,2019,4,1,45-64,0,,2
17140,2019,4,6,45-64,.2157298,,15
17140,2019,4,7,45-64,0,,1
17140,2021,2,6,18-29,0,,3
17140,2021,3,6,18-29,0,,2
17140,2021,4,1,18-29,0,,1
17140,2021,4,6,18-29,0,,4
17140,2021,1,6,30-44,0,,1
17140,2021,2,1,30-44,1,,1
17140,2021,2,6,30-44,0,,1
17140,2021,3,1,30-44,0,,1
17140,2021,3,6,30-44,.25721908,,8
17140,2021,4,6,30-44,.058034256,,16
17140,2021,2,6,45-64,.12881544,,9
17140,2021,3,1,45-64,0,,1
17140,2021,3,6,45-64,.13188134,,14
17140,2021,4,3,45-64,.35170984,,2
17140,2021,4,6,45-64,.14468256,,23
17140,2023,2,1,18-29,0,,1
17140,2023,2,2,18-29,0,,1
17140,2023,3,2,18-29,0,,1
17140,2023,4,1,18-29,0,,1
17140,2023,4,6,18-29,0,,8
17140,2023,2,2,30-44,0,,2
17140,2023,2,6,30-44,0,,3
17140,2023,3,1,30-44,0,,1
17140,2023,3,2,30-44,0,,1
17140,2023,3,6,30-44,0,,3
17140,2023,4,1,30-44,0,,1
17140,2023,4,6,30-44,0,,15
17140,2023,1,6,45-64,1,,1
17140,2023,2,1,45-64,0,,2
17140,2023,2,6,45-64,.22265568,,4
17140,2023,3,6,45-64,.22555181,,8
17140,2023,4,1,45-64,0,,2
17140,2023,4,3,45-64,0,,1
17140,2023,4,6,45-64,0,,10
17300,2015,3,6,18-29,0,0,1
17300,2015,4,6,18-29,0,0,1
17300,2015,3,3,30-44,0,0,1
17300,2015,3,6,30-44,0,0,1
17300,2015,4,6,30-44,1,0,1
17300,2015,2,6,45-64,0,0,2
17300,2015,3,1,45-64,0,0,1
17300,2015,3,6,45-64,0,1,1
17300,2017,2,6,18-29,0,1,1
17300,2017,3,1,18-29,0,1,1
17300,2017,3,3,18-29,0,0,1
17300,2017,3,6,18-29,0,1,2
17300,2017,4,6,18-29,0,.53307605,2
17300,2017,2,2,30-44,0,1,1
17300,2017,2,6,30-44,0,1,1
17300,2017,3,1,30-44,0,1,1
17300,2017,3,6,30-44,0,1,1
17300,2017,4,1,30-44,0,1,1
17300,2017,4,6,30-44,.54254335,.54254335,4
17300,2017,2,1,45-64,0,0,1
17300,2017,2,6,45-64,.47447628,0,2
17300,2017,3,1,45-64,0,1,1
17300,2017,3,6,45-64,0,1,1
17300,2017,4,3,45-64,0,0,1
17300,2017,4,6,45-64,0,.52344972,4
17300,2019,2,3,18-29,0,,1
17300,2019,2,6,18-29,0,,2
17300,2019,3,1,18-29,1,,1
17300,2019,3,6,18-29,0,,3
17300,2019,4,2,18-29,0,,1
17300,2019,2,6,30-44,0,,2
17300,2019,3,1,30-44,0,,1
17300,2019,3,2,30-44,0,,1
17300,2019,3,3,30-44,0,,1
17300,2019,3,6,30-44,.31564152,,3
17300,2019,4,2,30-44,0,,2
17300,2019,4,3,30-44,1,,1
17300,2019,4,6,30-44,0,,4
17300,2019,2,2,45-64,0,,1
17300,2019,3,1,45-64,0,,1
17300,2019,3,2,45-64,0,,1
17300,2019,3,6,45-64,.50024462,,2
17300,2019,3,7,45-64,0,,1
17300,2019,4,1,45-64,0,,1
17300,2019,4,6,45-64,0,,1
17300,2021,1,6,18-29,0,,1
17300,2021,4,6,18-29,0,,1
17300,2021,2,2,30-44,0,,1
17300,2021,3,2,30-44,0,,1
17300,2021,3,6,30-44,.30725399,,3
17300,2021,4,2,30-44,1,,1
17300,2021,4,6,30-44,0,,1
17300,2021,2,6,45-64,0,,2
17300,2021,4,1,45-64,0,,1
17300,2021,4,6,45-64,0,,2
17300,2023,2,6,18-29,0,,1
17300,2023,3,6,18-29,0,,2
17300,2023,4,6,18-29,0,,1
17300,2023,4,7,18-29,0,,1
17300,2023,3,6,30-44,.16797028,,5
17300,2023,4,1,30-44,0,,1
17300,2023,4,6,30-44,0,,1
17300,2023,2,1,45-64,0,,1
17300,2023,4,3,45-64,0,,1
17300,2023,4,6,45-64,0,,1
17420,2015,3,6,18-29,0,1,1
17420,2015,2,6,30-44,0,0,1
17420,2015,4,2,30-44,0,1,1
17420,2015,1,6,45-64,0,0,1
17420,2015,2,6,45-64,0,0,1
17420,2017,2,6,30-44,0,1,2
17420,2017,3,6,30-44,.35015559,.69271564,3
17420,2017,1,6,45-64,0,1,1
17420,2017,2,6,45-64,0,.50608611,2
17420,2017,4,6,45-64,0,1,2
17420,2019,2,6,18-29,0,,3
17420,2019,3,6,18-29,0,,1
17420,2019,2,6,30-44,.68129414,,3
17420,2019,3,6,30-44,0,,1
17420,2019,4,6,30-44,0,,1
17420,2019,1,6,45-64,0,,3
17420,2019,2,2,45-64,0,,1
17420,2019,2,6,45-64,0,,2
17420,2019,3,6,45-64,.47469625,,2
17420,2019,4,6,45-64,0,,2
17420,2021,2,2,18-29,0,,3
17420,2021,2,6,18-29,1,,1
17420,2021,3,6,18-29,0,,1
17420,2021,2,6,30-44,0,,2
17420,2021,3,6,30-44,1,,1
17420,2021,1,6,45-64,1,,1
17420,2021,2,6,45-64,0,,1
17420,2021,3,6,45-64,0,,2
17420,2023,4,6,18-29,0,,1
17420,2023,2,2,45-64,0,,1
17420,2023,3,6,45-64,.30241087,,3
17420,2023,4,6,45-64,0,,2
17460,2013,1,2,18-29,0,0,1
17460,2013,2,6,18-29,0,.53614461,2
17460,2013,3,1,18-29,0,1,1
17460,2013,3,2,18-29,0,1,1
17460,2013,3,6,18-29,0,.26700449,7
17460,2013,4,6,18-29,0,0,3
17460,2013,1,6,30-44,0,0,2
17460,2013,2,1,30-44,0,0,3
17460,2013,2,2,30-44,0,0,1
17460,2013,2,6,30-44,0,.32561266,9
17460,2013,3,1,30-44,0,0,2
17460,2013,3,2,30-44,0,.62107348,2
17460,2013,3,6,30-44,0,.39855564,12
17460,2013,4,1,30-44,0,0,3
17460,2013,4,2,30-44,0,1,1
17460,2013,4,6,30-44,.069476545,.30320451,13
17460,2013,1,6,45-64,0,0,2
17460,2013,2,1,45-64,.1387843,0,6
17460,2013,2,6,45-64,.077226371,.239356,13
17460,2013,3,1,45-64,0,0,1
17460,2013,3,6,45-64,.091982037,.32434535,22
17460,2013,4,3,45-64,0,0,1
17460,2013,4,6,45-64,.03832968,.27110642,26
17460,2015,1,1,18-29,0,0,1
17460,2015,2,1,18-29,.21554171,0,4
17460,2015,2,2,18-29,0,0,3
17460,2015,3,1,18-29,0,.33518708,3
17460,2015,3,6,18-29,0,.74582231,4
17460,2015,4,1,18-29,0,0,1
17460,2015,4,6,18-29,.17074467,.58825934,5
17460,2015,1,6,30-44,0,0,1
17460,2015,2,1,30-44,0,0,4
17460,2015,2,6,30-44,0,.67373449,3
17460,2015,3,2,30-44,0,,1
17460,2015,3,3,30-44,0,1,1
17460,2015,3,6,30-44,0,.3381153,10
17460,2015,4,1,30-44,0,1,1
17460,2015,4,3,30-44,0,1,1
17460,2015,4,6,30-44,.055324975,.69354564,18
17460,2015,1,1,45-64,0,0,2
17460,2015,1,6,45-64,0,0,3
17460,2015,2,1,45-64,0,0,2
17460,2015,2,6,45-64,0,.14970052,8
17460,2015,3,1,45-64,0,.52839094,2
17460,2015,3,6,45-64,.193904,.37909299,11
17460,2015,4,3,45-64,0,1,1
17460,2015,4,6,45-64,.19646929,.43343821,16
17460,2017,1,6,18-29,0,1,1
17460,2017,2,1,18-29,0,,1
17460,2017,2,6,18-29,0,1,1
17460,2017,3,1,18-29,0,,1
17460,2017,3,2,18-29,0,1,1
17460,2017,3,6,18-29,0,.38742772,8
17460,2017,4,6,18-29,0,1,5
17460,2017,1,1,30-44,0,0,1
17460,2017,1,6,30-44,1,,1
17460,2017,2,1,30-44,0,0,2
17460,2017,2,6,30-44,.36738509,.66348481,6
17460,2017,3,1,30-44,0,.63270819,3
17460,2017,3,6,30-44,.18872161,1,4
17460,2017,4,1,30-44,0,1,1
17460,2017,4,6,30-44,.054432936,.79777139,18
17460,2017,1,1,45-64,0,0,1
17460,2017,1,2,45-64,0,,1
17460,2017,2,1,45-64,.23724169,0,3
17460,2017,2,6,45-64,0,.60521895,10
17460,2017,3,1,45-64,0,1,1
17460,2017,3,2,45-64,0,.50111216,2
17460,2017,3,6,45-64,0,.36297828,16
17460,2017,4,1,45-64,0,0,1
17460,2017,4,2,45-64,0,.47979131,2
17460,2017,4,3,45-64,0,1,1
17460,2017,4,6,45-64,.35446066,.76651996,9
17460,2019,2,1,18-29,0,,1
17460,2019,3,2,18-29,0,,1
17460,2019,3,6,18-29,0,,4
17460,2019,4,1,18-29,0,,2
17460,2019,4,6,18-29,0,,5
17460,2019,2,6,30-44,0,,1
17460,2019,3,1,30-44,0,,4
17460,2019,3,6,30-44,.10945122,,8
17460,2019,4,1,30-44,0,,3
17460,2019,4,3,30-44,0,,1
17460,2019,4,6,30-44,.15408491,,14
17460,2019,1,6,45-64,0,,3
17460,2019,2,1,45-64,0,,2
17460,2019,2,6,45-64,.10447729,,9
17460,2019,3,3,45-64,0,,1
17460,2019,3,6,45-64,0,,8
17460,2019,4,1,45-64,0,,2
17460,2019,4,6,45-64,.23733273,,18
17460,2021,2,1,18-29,0,,1
17460,2021,2,6,18-29,0,,2
17460,2021,3,6,18-29,0,,4
17460,2021,4,1,18-29,0,,2
17460,2021,4,3,18-29,0,,1
17460,2021,4,6,18-29,0,,2
17460,2021,1,1,30-44,0,,1
17460,2021,2,1,30-44,0,,3
17460,2021,2,6,30-44,.17944805,,6
17460,2021,3,1,30-44,0,,1
17460,2021,3,6,30-44,0,,5
17460,2021,4,3,30-44,0,,2
17460,2021,4,6,30-44,0,,13
17460,2021,2,1,45-64,0,,1
17460,2021,2,2,45-64,0,,1
17460,2021,2,6,45-64,.18460231,,17
17460,2021,3,1,45-64,0,,2
17460,2021,3,2,45-64,0,,1
17460,2021,3,6,45-64,.2190872,,14
17460,2021,4,1,45-64,0,,1
17460,2021,4,6,45-64,.04409771,,21
17460,2023,2,1,18-29,0,,1
17460,2023,2,6,18-29,0,,3
17460,2023,3,6,18-29,0,,1
17460,2023,3,7,18-29,0,,3
17460,2023,4,3,18-29,0,,1
17460,2023,4,6,18-29,0,,3
17460,2023,2,1,30-44,0,,1
17460,2023,2,6,30-44,.16975759,,6
17460,2023,3,1,30-44,0,,1
17460,2023,3,2,30-44,0,,1
17460,2023,3,6,30-44,0,,6
17460,2023,4,1,30-44,0,,1
17460,2023,4,2,30-44,0,,2
17460,2023,4,3,30-44,1,,1
17460,2023,4,6,30-44,0,,12
17460,2023,1,1,45-64,1,,1
17460,2023,2,1,45-64,.61107153,,3
17460,2023,2,2,45-64,0,,3
17460,2023,2,6,45-64,0,,6
17460,2023,3,1,45-64,0,,3
17460,2023,3,6,45-64,.10082372,,10
17460,2023,4,1,45-64,0,,1
17460,2023,4,6,45-64,.15154947,,14
17660,2013,2,6,18-29,0,1,1
17660,2013,3,6,18-29,0,.82594067,5
17660,2013,4,6,18-29,0,0,1
17660,2013,2,6,30-44,0,0,2
17660,2013,3,6,30-44,0,0,1
17660,2013,4,6,30-44,0,0,1
17660,2013,1,6,45-64,0,0,2
17660,2013,2,6,45-64,.41700807,.5829919,2
17660,2013,3,6,45-64,0,0,4
17660,2013,4,6,45-64,0,.41922066,4
17660,2015,2,6,18-29,.47079006,0,2
17660,2015,3,6,18-29,0,.43552351,2
17660,2015,4,6,18-29,0,1,2
17660,2015,1,6,30-44,0,.49527371,2
17660,2015,2,6,30-44,0,1,2
17660,2015,3,2,30-44,0,1,1
17660,2015,3,6,30-44,.14672492,.17555994,7
17660,2015,4,2,30-44,0,1,2
17660,2015,4,6,30-44,0,.7889424,4
17660,2015,1,6,45-64,0,0,1
17660,2015,2,6,45-64,0,0,2
17660,2015,3,6,45-64,.66266644,.63146627,3
17660,2015,4,6,45-64,0,.6808641,6
17660,2017,2,6,18-29,0,1,2
17660,2017,3,6,18-29,0,0,2
17660,2017,4,6,18-29,1,1,1
17660,2017,2,2,30-44,0,0,1
17660,2017,2,6,30-44,0,0,3
17660,2017,3,6,30-44,.14958209,1,6
17660,2017,4,6,30-44,.14332643,.69381171,7
17660,2017,2,6,45-64,0,0,1
17660,2017,2,7,45-64,0,0,1
17660,2017,3,6,45-64,0,.45204139,4
17660,2017,4,2,45-64,0,0,1
17660,2017,4,6,45-64,.36121768,.1811412,5
17660,2019,2,6,18-29,0,,2
17660,2019,2,6,30-44,1,,2
17660,2019,3,6,30-44,0,,4
17660,2019,4,6,30-44,0,,1
17660,2019,3,2,45-64,0,,1
17660,2019,3,6,45-64,0,,2
17660,2019,4,6,45-64,.41778529,,3
17660,2021,1,6,18-29,1,,1
17660,2021,2,6,18-29,0,,2
17660,2021,4,6,18-29,0,,1
17660,2021,2,6,30-44,0,,3
17660,2021,3,2,30-44,0,,1
17660,2021,3,6,30-44,0,,5
17660,2021,4,6,30-44,0,,2
17660,2021,2,6,45-64,.26648486,,4
17660,2021,3,6,45-64,.19736958,,9
17660,2021,4,6,45-64,.67410082,,3
17660,2023,2,6,18-29,0,,2
17660,2023,2,6,30-44,0,,2
17660,2023,3,6,30-44,.55096221,,4
17660,2023,4,6,30-44,.5,,2
17660,2023,2,6,45-64,1,,1
17660,2023,3,4,45-64,0,,1
17660,2023,3,6,45-64,0,,7
17660,2023,4,6,45-64,0,,1
17780,2015,3,2,18-29,0,.34974152,2
17780,2015,4,6,18-29,0,1,1
17780,2015,3,6,45-64,0,0,1
17780,2015,4,6,45-64,0,0,1
17780,2017,4,2,18-29,0,0,1
17780,2017,1,2,30-44,0,,2
17780,2017,3,6,30-44,0,1,1
17780,2017,4,2,30-44,0,0,1
17780,2017,4,6,30-44,0,1,1
17780,2017,1,6,45-64,0,0,1
17780,2017,2,6,45-64,0,1,1
17780,2017,4,6,45-64,0,0,2
17780,2019,1,2,18-29,0,,1
17780,2019,3,6,18-29,0,,1
17780,2019,4,3,18-29,0,,2
17780,2019,3,6,30-44,0,,1
17780,2019,4,6,30-44,0,,1
17780,2019,2,6,45-64,0,,1
17780,2019,4,2,45-64,0,,1
17780,2019,4,6,45-64,.43207887,,2
17780,2021,3,2,18-29,0,,1
17780,2021,3,6,18-29,0,,1
17780,2021,4,6,18-29,0,,3
17780,2021,4,3,30-44,0,,1
17780,2021,4,6,30-44,0,,1
17780,2021,3,6,45-64,0,,1
17780,2021,4,6,45-64,.6130268,,3
17780,2023,2,2,30-44,0,,1
17780,2023,3,6,30-44,0,,1
17780,2023,3,7,30-44,0,,1
17780,2023,4,6,30-44,0,,2
17780,2023,1,2,45-64,0,,1
17780,2023,4,6,45-64,0,,1
17820,2013,2,2,18-29,0,1,2
17820,2013,2,6,18-29,0,.43300238,4
17820,2013,4,6,18-29,0,0,2
17820,2013,2,6,30-44,0,.2482971,6
17820,2013,3,1,30-44,0,1,1
17820,2013,3,2,30-44,0,.71470773,4
17820,2013,3,6,30-44,0,0,2
17820,2013,4,6,30-44,0,.38634905,5
17820,2013,2,6,45-64,.29471186,.097180501,11
17820,2013,3,2,45-64,1,,1
17820,2013,3,3,45-64,0,0,1
17820,2013,3,6,45-64,.27736196,0,4
17820,2013,4,3,45-64,1,0,1
17820,2013,4,6,45-64,.40421855,.54776895,8
17820,2015,2,2,18-29,0,.63967389,2
17820,2015,2,6,18-29,0,1,1
17820,2015,3,6,18-29,0,0,1
17820,2015,3,2,30-44,0,1,2
17820,2015,3,6,30-44,0,.38584512,4
17820,2015,4,1,30-44,0,0,1
17820,2015,4,6,30-44,.18142712,.20949316,5
17820,2015,2,6,45-64,0,.26993304,6
17820,2015,3,6,45-64,.2792958,.2792958,4
17820,2015,4,1,45-64,0,0,1
17820,2015,4,6,45-64,.26510742,.53024769,4
17820,2017,3,6,18-29,0,0,1
17820,2017,4,6,18-29,0,1,1
17820,2017,2,5,30-44,0,1,1
17820,2017,3,6,30-44,0,.36520305,3
17820,2017,4,2,30-44,0,1,1
17820,2017,4,6,30-44,0,.27640697,6
17820,2017,2,6,45-64,.20646113,.39238667,5
17820,2017,3,2,45-64,1,0,1
17820,2017,3,6,45-64,0,.23586471,4
17820,2017,3,7,45-64,1,1,1
17820,2017,4,1,45-64,0,1,2
17820,2017,4,6,45-64,.16451338,.58055466,13
17820,2019,3,6,18-29,0,,1
17820,2019,3,7,18-29,0,,1
17820,2019,4,6,18-29,0,,1
17820,2019,3,1,30-44,0,,1
17820,2019,3,6,30-44,0,,1
17820,2019,4,3,30-44,0,,1
17820,2019,4,6,30-44,.17327414,,6
17820,2019,2,6,45-64,.58085704,,2
17820,2019,3,6,45-64,0,,4
17820,2019,4,3,45-64,0,,2
17820,2019,4,6,45-64,.11842305,,9
17820,2021,3,2,18-29,0,,1
17820,2021,4,6,18-29,0,,3
17820,2021,2,2,30-44,0,,1
17820,2021,2,6,30-44,.53097248,,2
17820,2021,3,5,30-44,1,,1
17820,2021,3,6,30-44,.38774815,,3
17820,2021,4,6,30-44,0,,6
17820,2021,2,6,45-64,0,,1
17820,2021,3,6,45-64,0,,4
17820,2021,4,6,45-64,0,,8
17820,2021,4,7,45-64,0,,1
17820,2023,4,5,18-29,0,,1
17820,2023,4,6,18-29,0,,2
17820,2023,2,3,30-44,0,,1
17820,2023,2,6,30-44,0,,1
17820,2023,3,1,30-44,0,,1
17820,2023,3,6,30-44,0,,2
17820,2023,3,7,30-44,0,,1
17820,2023,4,2,30-44,0,,1
17820,2023,4,6,30-44,.21529621,,8
17820,2023,2,6,45-64,.54158831,,2
17820,2023,3,4,45-64,0,,1
17820,2023,4,1,45-64,0,,1
17820,2023,4,6,45-64,.15334776,,5
17860,2013,3,6,18-29,.52976722,.47023281,2
17860,2013,4,1,18-29,0,0,1
17860,2013,4,6,18-29,0,.50223315,2
17860,2013,2,3,30-44,0,1,1
17860,2013,2,6,30-44,1,0,2
17860,2013,4,3,30-44,0,0,1
17860,2013,4,6,30-44,0,0,1
17860,2013,3,1,45-64,0,1,1
17860,2013,3,6,45-64,0,.42937031,2
17860,2013,4,1,45-64,0,1,1
17860,2013,4,6,45-64,0,0,3
17900,2013,2,2,18-29,0,,1
17900,2013,3,1,18-29,0,0,3
17900,2013,3,2,18-29,0,0,1
17900,2013,3,6,18-29,0,0,2
17900,2013,4,1,18-29,0,1,1
17900,2013,4,6,18-29,.37144056,.62855941,2
17900,2013,1,1,30-44,0,0,1
17900,2013,2,1,30-44,0,0,1
17900,2013,3,1,30-44,0,.29245821,6
17900,2013,3,6,30-44,0,0,3
17900,2013,4,1,30-44,0,.29638895,7
17900,2013,4,6,30-44,.13701333,.41818932,7
17900,2013,1,2,45-64,0,,2
17900,2013,1,6,45-64,1,0,1
17900,2013,2,1,45-64,0,0,2
17900,2013,2,6,45-64,0,0,5
17900,2013,2,7,45-64,0,1,1
17900,2013,3,1,45-64,0,0,3
17900,2013,3,6,45-64,0,0,2
17900,2013,4,1,45-64,0,0,1
17900,2013,4,6,45-64,.15935998,0,6
17900,2015,2,6,18-29,.39175922,.39175922,2
17900,2015,3,6,18-29,0,0,1
17900,2015,4,6,18-29,0,.22466002,3
17900,2015,1,2,30-44,0,0,4
17900,2015,1,6,30-44,0,0,2
17900,2015,2,1,30-44,0,0,2
17900,2015,3,1,30-44,0,.1153517,6
17900,2015,3,6,30-44,0,.28535351,3
17900,2015,4,1,30-44,0,.38598415,4
17900,2015,4,3,30-44,0,0,1
17900,2015,4,6,30-44,0,0,4
17900,2015,1,2,45-64,0,0,1
17900,2015,1,3,45-64,0,0,1
17900,2015,1,6,45-64,.39386407,0,3
17900,2015,2,1,45-64,.3729336,0,3
17900,2015,2,2,45-64,0,0,1
17900,2015,2,6,45-64,.10080082,0,9
17900,2015,3,1,45-64,0,0,5
17900,2015,3,6,45-64,.15263033,.28275695,6
17900,2015,4,1,45-64,.4359144,.5640856,2
17900,2015,4,3,45-64,0,0,1
17900,2015,4,6,45-64,0,.28578901,14
17900,2017,1,1,18-29,0,1,1
17900,2017,2,1,18-29,0,0,1
17900,2017,2,6,18-29,0,0,1
17900,2017,4,6,18-29,0,0,1
17900,2017,2,6,30-44,0,1,2
17900,2017,3,6,30-44,.2455366,.50344425,4
17900,2017,4,1,30-44,.58638734,.33182734,3
17900,2017,4,6,30-44,.086875625,.40180784,9
17900,2017,1,1,45-64,0,0,1
17900,2017,2,1,45-64,0,0,1
17900,2017,2,6,45-64,0,0,3
17900,2017,3,1,45-64,0,0,2
17900,2017,3,6,45-64,.42121699,.57878304,7
17900,2017,4,6,45-64,.057011981,.28758207,14
17900,2019,2,2,18-29,0,,1
17900,2019,2,6,18-29,0,,3
17900,2019,3,1,18-29,0,,1
17900,2019,3,6,18-29,0,,2
17900,2019,1,2,30-44,0,,1
17900,2019,2,1,30-44,0,,3
17900,2019,2,6,30-44,1,,1
17900,2019,3,6,30-44,0,,6
17900,2019,4,1,30-44,0,,2
17900,2019,4,6,30-44,.16287652,,13
17900,2019,1,6,45-64,0,,1
17900,2019,2,1,45-64,0,,1
17900,2019,2,6,45-64,0,,2
17900,2019,3,6,45-64,0,,9
17900,2019,4,3,45-64,1,,1
17900,2019,4,6,45-64,.33430883,,9
17900,2019,4,7,45-64,0,,1
17900,2021,2,6,18-29,0,,1
17900,2021,3,1,18-29,0,,1
17900,2021,3,6,18-29,0,,1
17900,2021,4,1,18-29,0,,1
17900,2021,4,6,18-29,0,,2
17900,2021,1,2,30-44,0,,1
17900,2021,2,2,30-44,0,,1
17900,2021,2,6,30-44,0,,2
17900,2021,3,6,30-44,0,,2
17900,2021,4,1,30-44,0,,2
17900,2021,4,3,30-44,0,,1
17900,2021,4,6,30-44,.20907579,,5
17900,2021,2,1,45-64,1,,1
17900,2021,2,6,45-64,.13830245,,6
17900,2021,3,1,45-64,0,,4
17900,2021,3,2,45-64,0,,1
17900,2021,3,6,45-64,0,,4
17900,2021,4,1,45-64,0,,1
17900,2021,4,6,45-64,.25190428,,7
17900,2023,2,1,18-29,0,,1
17900,2023,2,6,18-29,0,,1
17900,2023,4,6,18-29,0,,1
17900,2023,1,6,30-44,0,,1
17900,2023,2,1,30-44,0,,1
17900,2023,2,6,30-44,.33730876,,3
17900,2023,3,1,30-44,0,,1
17900,2023,3,6,30-44,0,,4
17900,2023,4,1,30-44,0,,2
17900,2023,4,6,30-44,0,,1
17900,2023,4,7,30-44,0,,1
17900,2023,2,6,45-64,0,,2
17900,2023,3,1,45-64,0,,1
17900,2023,3,6,45-64,1,,1
17900,2023,4,1,45-64,0,,2
17900,2023,4,6,45-64,0,,4
17980,2013,3,6,18-29,0,.453309,2
17980,2013,2,1,30-44,0,,1
17980,2013,3,2,30-44,0,0,1
17980,2013,3,6,30-44,0,0,1
17980,2013,1,6,45-64,0,0,1
17980,2013,3,1,45-64,0,.26332408,4
17980,2015,2,1,18-29,0,1,1
17980,2015,3,1,18-29,0,1,1
17980,2015,4,6,18-29,0,1,2
17980,2015,3,1,30-44,0,1,1
17980,2015,3,6,30-44,0,1,1
17980,2015,4,6,30-44,0,0,2
17980,2015,2,6,45-64,0,1,1
17980,2015,3,1,45-64,0,1,1
17980,2015,3,4,45-64,0,0,1
17980,2015,4,6,45-64,0,1,1
17980,2017,2,6,30-44,1,0,1
17980,2017,3,1,30-44,0,1,2
17980,2017,1,1,45-64,0,0,1
17980,2017,2,6,45-64,0,1,1
17980,2017,3,1,45-64,0,0,2
17980,2017,3,6,45-64,0,1,3
17980,2019,2,2,18-29,0,,1
17980,2019,3,1,30-44,0,,1
17980,2019,3,6,30-44,0,,1
17980,2019,4,6,30-44,0,,1
17980,2019,3,1,45-64,0,,2
17980,2019,3,6,45-64,0,,1
17980,2019,4,6,45-64,0,,2
17980,2021,3,1,18-29,0,,1
17980,2021,2,1,30-44,0,,3
17980,2021,3,6,30-44,0,,1
17980,2021,4,7,30-44,0,,1
17980,2021,1,1,45-64,1,,1
17980,2021,3,6,45-64,0,,1
17980,2021,4,1,45-64,0,,1
17980,2021,4,6,45-64,0,,1
17980,2023,3,1,18-29,0,,1
17980,2023,3,6,30-44,0,,1
17980,2023,4,1,30-44,0,,1
17980,2023,4,6,30-44,0,,1
17980,2023,2,2,45-64,0,,1
17980,2023,2,6,45-64,0,,1
17980,2023,3,1,45-64,0,,1
17980,2023,4,6,45-64,1,,1
18140,2013,1,1,18-29,0,,1
18140,2013,2,1,18-29,0,.51934284,2
18140,2013,2,6,18-29,0,1,3
18140,2013,3,1,18-29,0,.50659513,2
18140,2013,3,6,18-29,0,.61211503,6
18140,2013,4,1,18-29,0,.66541213,3
18140,2013,4,6,18-29,0,1,5
18140,2013,1,1,30-44,,,0
18140,2013,1,2,30-44,0,,1
18140,2013,1,6,30-44,0,1,3
18140,2013,2,1,30-44,0,.20884949,4
18140,2013,2,6,30-44,0,.76013613,5
18140,2013,2,7,30-44,0,1,1
18140,2013,3,1,30-44,.26714659,.73285341,4
18140,2013,3,2,30-44,0,0,1
18140,2013,3,6,30-44,.10655162,.1216629,9
18140,2013,3,7,30-44,0,1,1
18140,2013,4,1,30-44,0,.5,2
18140,2013,4,3,30-44,0,0,1
18140,2013,4,6,30-44,.16053738,.51343864,11
18140,2013,4,7,30-44,0,1,1
18140,2013,1,6,45-64,0,,1
18140,2013,2,1,45-64,0,,1
18140,2013,2,3,45-64,0,0,1
18140,2013,2,6,45-64,.30222902,.28623053,7
18140,2013,3,1,45-64,.59357941,0,2
18140,2013,3,4,45-64,0,0,1
18140,2013,3,6,45-64,.13056584,.13131268,15
18140,2013,4,1,45-64,0,1,1
18140,2013,4,6,45-64,.39493847,.18260185,21
18140,2015,2,1,18-29,0,1,2
18140,2015,2,6,18-29,0,.38584223,3
18140,2015,3,2,18-29,0,0,2
18140,2015,3,6,18-29,0,.63528228,3
18140,2015,4,1,18-29,0,1,1
18140,2015,4,3,18-29,0,1,1
18140,2015,4,6,18-29,0,.82982177,12
18140,2015,1,6,30-44,0,0,1
18140,2015,2,1,30-44,0,.56159413,3
18140,2015,2,6,30-44,0,.59371883,5
18140,2015,3,1,30-44,0,0,2
18140,2015,3,6,30-44,.11360282,.78976351,9
18140,2015,4,1,30-44,0,.63147485,5
18140,2015,4,3,30-44,0,.56319159,3
18140,2015,4,6,30-44,.13354491,.56727993,16
18140,2015,4,7,30-44,0,1,1
18140,2015,1,6,45-64,.48182186,0,2
18140,2015,2,1,45-64,0,0,2
18140,2015,2,6,45-64,.25901064,.38387695,8
18140,2015,3,1,45-64,0,0,2
18140,2015,3,6,45-64,.26640779,.42898205,11
18140,2015,3,7,45-64,0,1,1
18140,2015,4,2,45-64,0,1,1
18140,2015,4,3,45-64,.41799492,0,2
18140,2015,4,6,45-64,.18590377,.31963432,16
18140,2017,2,1,18-29,0,,1
18140,2017,2,6,18-29,0,.57631826,2
18140,2017,3,1,18-29,0,1,2
18140,2017,3,6,18-29,0,0,1
18140,2017,4,1,18-29,0,1,1
18140,2017,4,2,18-29,0,1,2
18140,2017,4,3,18-29,0,1,1
18140,2017,4,6,18-29,0,1,4
18140,2017,1,6,30-44,0,1,1
18140,2017,2,1,30-44,0,1,2
18140,2017,2,6,30-44,.42272043,.29484782,3
18140,2017,3,1,30-44,0,0,1
18140,2017,3,3,30-44,0,1,1
18140,2017,3,6,30-44,.22916427,.72839957,4
18140,2017,4,3,30-44,0,1,2
18140,2017,4,6,30-44,.12951869,.84072304,13
18140,2017,1,6,45-64,0,0,1
18140,2017,2,1,45-64,0,0,3
18140,2017,2,6,45-64,0,.38559863,10
18140,2017,3,6,45-64,0,.72504765,11
18140,2017,4,1,45-64,0,0,1
18140,2017,4,3,45-64,0,1,1
18140,2017,4,6,45-64,.17614411,.7348637,22
18140,2019,2,3,18-29,1,,1
18140,2019,2,6,18-29,0,,1
18140,2019,3,1,18-29,0,,2
18140,2019,3,2,18-29,0,,1
18140,2019,3,6,18-29,0,,2
18140,2019,4,1,18-29,0,,1
18140,2019,4,3,18-29,0,,1
18140,2019,4,6,18-29,0,,3
18140,2019,1,1,30-44,0,,1
18140,2019,1,6,30-44,0,,1
18140,2019,2,1,30-44,0,,2
18140,2019,2,3,30-44,1,,1
18140,2019,2,6,30-44,.16173349,,7
18140,2019,3,1,30-44,0,,2
18140,2019,3,2,30-44,0,,1
18140,2019,3,6,30-44,0,,4
18140,2019,4,1,30-44,0,,2
18140,2019,4,6,30-44,0,,13
18140,2019,1,6,45-64,.69207495,,3
18140,2019,2,4,45-64,0,,1
18140,2019,2,6,45-64,0,,7
18140,2019,2,7,45-64,0,,1
18140,2019,3,1,45-64,0,,3
18140,2019,3,6,45-64,0,,12
18140,2019,4,1,45-64,0,,1
18140,2019,4,2,45-64,0,,1
18140,2019,4,3,45-64,0,,3
18140,2019,4,6,45-64,.10524557,,28
18140,2021,1,2,18-29,1,,1
18140,2021,2,1,18-29,0,,1
18140,2021,2,3,18-29,0,,1
18140,2021,3,6,18-29,.45688581,,5
18140,2021,4,1,18-29,0,,1
18140,2021,4,6,18-29,0,,3
18140,2021,1,1,30-44,0,,1
18140,2021,2,1,30-44,0,,1
18140,2021,2,3,30-44,0,,1
18140,2021,2,6,30-44,.26254576,,5
18140,2021,3,1,30-44,0,,1
18140,2021,3,3,30-44,1,,1
18140,2021,3,6,30-44,.062490385,,12
18140,2021,3,7,30-44,0,,1
18140,2021,4,1,30-44,0,,1
18140,2021,4,2,30-44,0,,1
18140,2021,4,6,30-44,0,,11
18140,2021,1,6,45-64,0,,1
18140,2021,2,1,45-64,0,,1
18140,2021,2,2,45-64,0,,1
18140,2021,2,5,45-64,0,,1
18140,2021,2,6,45-64,.066644676,,10
18140,2021,3,1,45-64,0,,4
18140,2021,3,6,45-64,0,,4
18140,2021,4,1,45-64,0,,3
18140,2021,4,3,45-64,0,,3
18140,2021,4,6,45-64,.16866307,,12
18140,2023,1,6,18-29,0,,1
18140,2023,2,1,18-29,0,,1
18140,2023,2,2,18-29,0,,2
18140,2023,2,6,18-29,0,,1
18140,2023,3,3,18-29,0,,1
18140,2023,3,6,18-29,0,,2
18140,2023,4,1,18-29,0,,3
18140,2023,4,3,18-29,0,,1
18140,2023,4,6,18-29,0,,6
18140,2023,1,2,30-44,0,,1
18140,2023,2,1,30-44,.25046483,,3
18140,2023,2,6,30-44,.18246308,,6
18140,2023,3,1,30-44,1,,1
18140,2023,3,6,30-44,0,,4
18140,2023,4,1,30-44,0,,4
18140,2023,4,2,30-44,0,,1
18140,2023,4,3,30-44,0,,2
18140,2023,4,5,30-44,0,,1
18140,2023,4,6,30-44,.092895463,,12
18140,2023,1,6,45-64,1,,2
18140,2023,2,1,45-64,0,,2
18140,2023,2,2,45-64,0,,1
18140,2023,2,6,45-64,.68810314,,3
18140,2023,3,1,45-64,0,,2
18140,2023,3,6,45-64,.16303812,,6
18140,2023,4,3,45-64,0,,2
18140,2023,4,6,45-64,.038764305,,22
18580,2013,2,2,18-29,0,.45597339,2
18580,2013,2,6,18-29,0,1,1
18580,2013,1,2,30-44,0,0,1
18580,2013,2,2,30-44,0,0,1
18580,2013,2,6,30-44,0,0,1
18580,2013,3,2,30-44,0,0,1
18580,2013,3,6,30-44,0,0,1
18580,2013,4,2,30-44,0,0,1
18580,2013,4,6,30-44,1,0,1
18580,2013,1,2,45-64,.52881026,0,2
18580,2013,2,1,45-64,1,0,1
18580,2013,2,2,45-64,0,0,1
18580,2013,2,6,45-64,0,0,1
18580,2013,3,2,45-64,0,0,2
18580,2013,3,6,45-64,0,0,1
18580,2013,3,7,45-64,1,0,1
18580,2015,2,2,18-29,0,0,1
18580,2015,1,2,30-44,0,,1
18580,2015,3,2,30-44,0,.23835889,4
18580,2015,3,5,30-44,0,0,1
18580,2015,4,6,30-44,0,0,1
18580,2015,2,2,45-64,0,0,1
18580,2015,2,3,45-64,1,0,1
18580,2015,3,2,45-64,0,0,2
18580,2015,4,2,45-64,0,0,2
18580,2015,4,6,45-64,1,1,1
18580,2017,4,6,18-29,0,1,1
18580,2017,1,2,30-44,0,,1
18580,2017,2,2,30-44,0,0,3
18580,2017,4,1,30-44,0,1,1
18580,2017,4,2,30-44,0,1,1
18580,2017,1,2,45-64,0,0,1
18580,2017,2,2,45-64,0,0,1
18580,2017,2,6,45-64,0,1,1
18580,2017,3,2,45-64,0,1,2
18580,2017,3,6,45-64,0,1,1
18580,2017,4,1,45-64,0,0,1
18580,2017,4,6,45-64,0,.73552108,3
18580,2019,3,2,18-29,0,,1
18580,2019,2,2,45-64,1,,1
18580,2019,3,2,45-64,0,,2
18580,2019,4,2,45-64,0,,1
18580,2021,2,2,18-29,0,,1
18580,2023,4,3,18-29,0,,1
18580,2023,4,6,18-29,0,,1
18580,2023,2,2,30-44,0,,1
18580,2023,3,2,30-44,0,,1
18580,2023,3,2,45-64,0,,2
18580,2023,4,2,45-64,0,,1
18580,2023,4,6,45-64,0,,1
18880,2013,2,6,18-29,0,1,3
18880,2013,3,6,18-29,0,.31181598,3
18880,2013,1,2,30-44,0,0,2
18880,2013,3,6,30-44,0,1,1
18880,2013,4,6,30-44,0,1,1
18880,2013,2,1,45-64,0,1,1
18880,2013,2,6,45-64,.53438383,.53438383,2
18880,2013,3,6,45-64,0,0,1
18880,2013,4,6,45-64,0,0,3
19100,2013,1,2,18-29,0,.55030072,9
19100,2013,1,6,18-29,0,,1
19100,2013,2,1,18-29,0,0,2
19100,2013,2,2,18-29,0,1,5
19100,2013,2,3,18-29,0,1,1
19100,2013,2,5,18-29,0,1,1
19100,2013,2,6,18-29,0,.71349996,7
19100,2013,3,1,18-29,0,0,2
19100,2013,3,2,18-29,0,.21346176,4
19100,2013,3,3,18-29,0,1,1
19100,2013,3,4,18-29,0,1,1
19100,2013,3,6,18-29,0,1,10
19100,2013,3,7,18-29,0,0,1
19100,2013,4,1,18-29,0,1,3
19100,2013,4,2,18-29,0,.48116985,2
19100,2013,4,3,18-29,0,1,1
19100,2013,4,6,18-29,0,.86002046,15
19100,2013,1,1,30-44,0,,1
19100,2013,1,2,30-44,.086517021,.24216628,23
19100,2013,1,3,30-44,0,1,1
19100,2013,1,7,30-44,0,1,2
19100,2013,2,1,30-44,0,.3370609,6
19100,2013,2,2,30-44,.29449424,.29449424,7
19100,2013,2,4,30-44,1,,1
19100,2013,2,6,30-44,.14143912,.22428475,16
19100,2013,3,1,30-44,0,.52571487,9
19100,2013,3,2,30-44,0,.72843659,7
19100,2013,3,3,30-44,.67372262,0,3
19100,2013,3,4,30-44,0,1,1
19100,2013,3,6,30-44,.20137663,.46320879,25
19100,2013,4,1,30-44,0,.56194997,9
19100,2013,4,2,30-44,0,.46258709,6
19100,2013,4,3,30-44,0,.48423404,9
19100,2013,4,6,30-44,.034611277,.62587035,28
19100,2013,4,7,30-44,0,1,1
19100,2013,1,2,45-64,.24852936,.16845755,12
19100,2013,1,6,45-64,1,0,1
19100,2013,2,1,45-64,0,0,3
19100,2013,2,2,45-64,.15667604,.16816722,6
19100,2013,2,3,45-64,0,.50994754,2
19100,2013,2,6,45-64,.082841635,.075120397,13
19100,2013,2,7,45-64,0,0,1
19100,2013,3,1,45-64,0,0,4
19100,2013,3,2,45-64,.17470185,.19874485,6
19100,2013,3,3,45-64,0,1,1
19100,2013,3,5,45-64,1,1,1
19100,2013,3,6,45-64,.11114804,.3259494,35
19100,2013,4,1,45-64,.20702323,0,9
19100,2013,4,2,45-64,0,1,2
19100,2013,4,3,45-64,0,0,2
19100,2013,4,6,45-64,.25336102,.45647728,50
19100,2013,4,7,45-64,0,0,1
19100,2015,1,2,18-29,0,0,3
19100,2015,2,1,18-29,0,0,2
19100,2015,2,2,18-29,.30685529,1,3
19100,2015,3,1,18-29,0,.63822752,8
19100,2015,3,2,18-29,.21627995,.79283226,5
19100,2015,3,4,18-29,1,1,1
19100,2015,3,6,18-29,.062831186,.50249064,16
19100,2015,4,1,18-29,0,1,3
19100,2015,4,2,18-29,.53585148,.53585148,2
19100,2015,4,3,18-29,0,.69539523,6
19100,2015,4,6,18-29,0,.7110641,14
19100,2015,4,7,18-29,0,1,1
19100,2015,1,1,30-44,0,0,2
19100,2015,1,2,30-44,.26979974,.21412361,11
19100,2015,1,3,30-44,0,0,1
19100,2015,1,6,30-44,0,1,1
19100,2015,2,1,30-44,0,.71991491,7
19100,2015,2,2,30-44,.11034461,.34110543,9
19100,2015,2,3,30-44,0,0,1
19100,2015,2,6,30-44,.15594113,.85663384,7
19100,2015,3,1,30-44,0,.24056379,4
19100,2015,3,2,30-44,0,.47392502,6
19100,2015,3,3,30-44,.18853754,.45875916,5
19100,2015,3,6,30-44,.066361308,.46117818,24
19100,2015,3,7,30-44,0,1,1
19100,2015,4,1,30-44,0,.8146311,11
19100,2015,4,2,30-44,0,.64712447,6
19100,2015,4,3,30-44,.1506054,.73420906,7
19100,2015,4,6,30-44,.023106484,.75184655,36
19100,2015,4,7,30-44,0,.48806515,2
19100,2015,1,1,45-64,0,1,1
19100,2015,1,2,45-64,.16508384,.29047224,6
19100,2015,1,6,45-64,0,0,1
19100,2015,2,1,45-64,0,.69482195,3
19100,2015,2,2,45-64,.34193075,.36361825,9
19100,2015,2,6,45-64,.098790713,.27337882,18
19100,2015,3,1,45-64,0,.21770608,8
19100,2015,3,2,45-64,.21695049,.21695049,4
19100,2015,3,6,45-64,.20948394,.31078845,20
19100,2015,3,7,45-64,0,1,1
19100,2015,4,1,45-64,1,1,1
19100,2015,4,2,45-64,0,.51819992,2
19100,2015,4,3,45-64,.61338907,1,2
19100,2015,4,6,45-64,.14488579,.54133636,67
19100,2015,4,7,45-64,0,1,1
19100,2017,1,2,18-29,0,.48902076,3
19100,2017,1,6,18-29,0,.46212626,2
19100,2017,2,1,18-29,0,.64707935,4
19100,2017,2,2,18-29,0,1,6
19100,2017,2,6,18-29,0,1,3
19100,2017,3,1,18-29,0,.58607525,3
19100,2017,3,2,18-29,.21958947,.59952992,4
19100,2017,3,3,18-29,0,1,1
19100,2017,3,6,18-29,0,.83100718,6
19100,2017,4,1,18-29,0,1,1
19100,2017,4,3,18-29,0,1,2
19100,2017,4,6,18-29,0,.88349438,16
19100,2017,1,1,30-44,0,0,1
19100,2017,1,2,30-44,.21553774,.46946096,13
19100,2017,2,1,30-44,.25043482,.74956518,4
19100,2017,2,2,30-44,0,.76983774,4
19100,2017,2,3,30-44,0,0,1
19100,2017,2,6,30-44,.18931314,.82913637,6
19100,2017,3,1,30-44,.086553395,.18972141,9
19100,2017,3,2,30-44,.12594323,.63955629,9
19100,2017,3,6,30-44,.13001943,.52844584,15
19100,2017,3,7,30-44,0,1,1
19100,2017,4,1,30-44,0,.54312575,6
19100,2017,4,2,30-44,.10020898,.58844775,8
19100,2017,4,3,30-44,0,.72507572,8
19100,2017,4,6,30-44,.071629412,.75674659,42
19100,2017,4,7,30-44,0,1,1
19100,2017,1,2,45-64,.13927723,.23715751,6
19100,2017,1,3,45-64,0,0,1
19100,2017,1,6,45-64,0,0,1
19100,2017,2,1,45-64,.13747843,.64698684,6
19100,2017,2,2,45-64,.28727633,.42745361,7
19100,2017,2,6,45-64,.10522068,.38921648,20
19100,2017,3,1,45-64,0,.74291128,4
19100,2017,3,2,45-64,0,.5468424,9
19100,2017,3,3,45-64,.59989411,1,2
19100,2017,3,6,45-64,.17721181,.59271139,27
19100,2017,3,7,45-64,0,0,1
19100,2017,4,1,45-64,0,.75179642,9
19100,2017,4,2,45-64,.12715156,1,7
19100,2017,4,3,45-64,.22630857,.47550213,12
19100,2017,4,6,45-64,.12393355,.63628256,47
19100,2019,1,2,18-29,0,,3
19100,2019,1,6,18-29,0,,1
19100,2019,2,1,18-29,0,,1
19100,2019,2,2,18-29,0,,5
19100,2019,2,6,18-29,0,,6
19100,2019,3,1,18-29,0,,4
19100,2019,3,2,18-29,0,,6
19100,2019,3,7,18-29,0,,1
19100,2019,4,1,18-29,0,,2
19100,2019,4,2,18-29,0,,1
19100,2019,4,3,18-29,0,,2
19100,2019,4,6,18-29,.057353165,,18
19100,2019,1,2,30-44,.098911755,,8
19100,2019,1,6,30-44,0,,1
19100,2019,2,1,30-44,0,,1
19100,2019,2,2,30-44,.10999911,,8
19100,2019,2,3,30-44,1,,1
19100,2019,2,6,30-44,.15245265,,6
19100,2019,3,1,30-44,.078000702,,9
19100,2019,3,2,30-44,0,,14
19100,2019,3,3,30-44,0,,1
19100,2019,3,4,30-44,0,,1
19100,2019,3,6,30-44,.062221725,,16
19100,2019,4,1,30-44,0,,10
19100,2019,4,2,30-44,0,,4
19100,2019,4,3,30-44,.086525939,,9
19100,2019,4,6,30-44,.087625697,,39
19100,2019,4,7,30-44,0,,1
19100,2019,1,2,45-64,0,,4
19100,2019,1,6,45-64,0,,2
19100,2019,2,1,45-64,0,,3
19100,2019,2,2,45-64,.083540343,,9
19100,2019,2,3,45-64,0,,1
19100,2019,2,6,45-64,0,,10
19100,2019,3,1,45-64,.09484417,,10
19100,2019,3,2,45-64,0,,10
19100,2019,3,6,45-64,.16901192,,22
19100,2019,3,7,45-64,0,,1
19100,2019,4,1,45-64,0,,8
19100,2019,4,2,45-64,.41213948,,5
19100,2019,4,3,45-64,0,,1
19100,2019,4,4,45-64,0,,1
19100,2019,4,6,45-64,.14391777,,46
19100,2019,4,7,45-64,0,,1
19100,2021,1,1,18-29,1,,1
19100,2021,1,2,18-29,0,,2
19100,2021,1,6,18-29,0,,2
19100,2021,2,1,18-29,0,,4
19100,2021,2,2,18-29,.23806813,,4
19100,2021,2,6,18-29,0,,2
19100,2021,3,1,18-29,0,,2
19100,2021,3,2,18-29,0,,4
19100,2021,3,6,18-29,.20817459,,10
19100,2021,4,1,18-29,0,,2
19100,2021,4,2,18-29,0,,1
19100,2021,4,3,18-29,0,,4
19100,2021,4,5,18-29,0,,1
19100,2021,4,6,18-29,0,,16
19100,2021,1,2,30-44,0,,6
19100,2021,1,6,30-44,1,,1
19100,2021,2,1,30-44,0,,1
19100,2021,2,2,30-44,0,,11
19100,2021,2,6,30-44,.23981968,,4
19100,2021,3,1,30-44,0,,3
19100,2021,3,2,30-44,.10063253,,9
19100,2021,3,4,30-44,0,,1
19100,2021,3,6,30-44,.26130718,,11
19100,2021,3,7,30-44,0,,1
19100,2021,4,1,30-44,0,,12
19100,2021,4,2,30-44,0,,2
19100,2021,4,3,30-44,0,,13
19100,2021,4,6,30-44,.028887486,,34
19100,2021,1,2,45-64,.28041801,,10
19100,2021,1,6,45-64,0,,1
19100,2021,2,1,45-64,.20475963,,5
19100,2021,2,2,45-64,.35794136,,3
19100,2021,2,6,45-64,.19700372,,15
19100,2021,3,1,45-64,.35537243,,4
19100,2021,3,2,45-64,0,,2
19100,2021,3,6,45-64,.052312165,,16
19100,2021,4,1,45-64,0,,6
19100,2021,4,2,45-64,0,,5
19100,2021,4,3,45-64,.12367211,,8
19100,2021,4,6,45-64,.18973632,,30
19100,2023,2,1,18-29,0,,2
19100,2023,2,2,18-29,0,,5
19100,2023,2,6,18-29,0,,3
19100,2023,3,1,18-29,0,,2
19100,2023,3,2,18-29,0,,3
19100,2023,4,1,18-29,0,,2
19100,2023,4,2,18-29,0,,1
19100,2023,4,3,18-29,0,,1
19100,2023,4,6,18-29,0,,5
19100,2023,1,2,30-44,.28529611,,3
19100,2023,2,1,30-44,0,,2
19100,2023,2,2,30-44,0,,6
19100,2023,2,3,30-44,0,,1
19100,2023,2,6,30-44,0,,5
19100,2023,3,1,30-44,.51607454,,8
19100,2023,3,2,30-44,.50337815,,4
19100,2023,3,6,30-44,0,,10
19100,2023,4,1,30-44,.27824706,,7
19100,2023,4,2,30-44,0,,3
19100,2023,4,3,30-44,.12818427,,8
19100,2023,4,6,30-44,.16889775,,18
19100,2023,1,1,45-64,0,,1
19100,2023,1,2,45-64,.26266015,,7
19100,2023,1,6,45-64,0,,1
19100,2023,2,1,45-64,0,,3
19100,2023,2,2,45-64,.1658304,,7
19100,2023,2,6,45-64,.32871351,,3
19100,2023,2,7,45-64,0,,1
19100,2023,3,1,45-64,0,,5
19100,2023,3,2,45-64,0,,3
19100,2023,3,6,45-64,.079360396,,14
19100,2023,4,1,45-64,0,,3
19100,2023,4,2,45-64,0,,4
19100,2023,4,3,45-64,0,,5
19100,2023,4,6,45-64,.16485704,,30
19100,2023,4,7,45-64,0,,1
19300,2015,1,1,18-29,0,0,1
19300,2015,2,1,18-29,0,1,1
19300,2015,3,6,18-29,0,1,1
19300,2015,4,6,18-29,0,1,1
19300,2015,2,1,30-44,0,,1
19300,2015,2,2,30-44,0,,1
19300,2015,2,6,30-44,0,1,1
19300,2015,3,1,30-44,0,1,1
19300,2015,3,6,30-44,0,1,1
19300,2015,4,1,30-44,0,1,2
19300,2015,4,6,30-44,0,1,3
19300,2015,1,6,45-64,0,0,1
19300,2015,2,1,45-64,0,0,1
19300,2015,2,6,45-64,0,,1
19300,2015,3,1,45-64,0,0,1
19300,2015,3,6,45-64,0,1,2
19300,2015,4,6,45-64,.2228263,.78925169,5
19300,2017,1,6,18-29,0,1,1
19300,2017,2,6,18-29,0,1,1
19300,2017,3,6,18-29,0,1,1
19300,2017,4,6,18-29,0,1,2
19300,2017,2,6,30-44,.22389886,.79168904,5
19300,2017,3,1,30-44,0,1,1
19300,2017,3,2,30-44,0,0,1
19300,2017,3,6,30-44,0,.47150263,4
19300,2017,4,6,30-44,.59374762,.40625241,2
19300,2017,2,1,45-64,0,0,3
19300,2017,2,6,45-64,.21850125,.22712196,4
19300,2017,3,1,45-64,0,0,1
19300,2017,4,6,45-64,0,.46566868,6
19300,2019,2,6,18-29,0,,4
19300,2019,3,6,18-29,0,,2
19300,2019,4,6,18-29,0,,1
19300,2019,2,6,30-44,0,,3
19300,2019,3,1,30-44,1,,1
19300,2019,3,6,30-44,0,,3
19300,2019,4,6,30-44,.3729952,,3
19300,2019,4,6,45-64,0,,2
19300,2021,4,6,18-29,1,,1
19300,2021,1,2,30-44,0,,1
19300,2021,2,6,30-44,0,,1
19300,2021,3,6,30-44,.37258637,,6
19300,2021,4,6,30-44,0,,3
19300,2021,3,6,45-64,.37590107,,3
19300,2021,4,2,45-64,0,,1
19300,2021,4,6,45-64,.453843,,4
19300,2023,2,6,18-29,0,,1
19300,2023,3,1,18-29,0,,2
19300,2023,2,2,30-44,0,,1
19300,2023,2,6,30-44,0,,2
19300,2023,3,6,30-44,0,,1
19300,2023,4,4,30-44,0,,1
19300,2023,4,6,30-44,0,,1
19300,2023,3,6,45-64,0,,3
19300,2023,4,2,45-64,0,,1
19300,2023,4,6,45-64,0,,3
19340,2013,2,6,18-29,0,1,1
19340,2013,4,2,18-29,0,1,1
19340,2013,4,6,18-29,0,.53393507,2
19340,2013,1,2,30-44,0,0,1
19340,2013,1,6,30-44,0,0,1
19340,2013,2,6,30-44,0,.43341497,4
19340,2013,3,1,30-44,0,,1
19340,2013,3,2,30-44,0,0,1
19340,2013,3,6,30-44,0,.10858177,6
19340,2013,4,6,30-44,0,1,1
19340,2013,1,2,45-64,1,,1
19340,2013,2,6,45-64,0,0,6
19340,2013,3,1,45-64,1,0,1
19340,2013,3,6,45-64,.11331239,0,7
19340,2013,4,2,45-64,0,0,1
19340,2013,4,6,45-64,0,.13264377,8
19340,2015,2,2,18-29,0,.45747504,2
19340,2015,2,6,18-29,0,1,2
19340,2015,3,6,18-29,0,0,1
19340,2015,4,6,18-29,0,1,1
19340,2015,2,2,30-44,0,0,1
19340,2015,3,6,30-44,.40608323,.22276334,3
19340,2015,4,6,30-44,0,1,1
19340,2015,1,3,45-64,0,0,1
19340,2015,2,1,45-64,0,0,1
19340,2015,2,6,45-64,0,.49244317,2
19340,2015,3,6,45-64,0,0,4
19340,2015,4,1,45-64,0,0,1
19340,2015,4,6,45-64,0,0,2
19340,2017,3,6,18-29,0,1,2
19340,2017,4,6,18-29,0,1,1
19340,2017,2,6,30-44,0,1,2
19340,2017,3,6,30-44,.3638688,.73224193,3
19340,2017,4,6,30-44,0,.77712238,5
19340,2017,2,6,45-64,.60112816,0,2
19340,2017,3,6,45-64,0,.14085719,7
19340,2017,4,6,45-64,0,1,1
19340,2019,2,6,18-29,1,,1
19340,2019,3,1,18-29,0,,1
19340,2019,3,6,18-29,0,,1
19340,2019,4,2,18-29,0,,1
19340,2019,4,6,18-29,0,,3
19340,2019,3,3,30-44,0,,1
19340,2019,3,4,30-44,0,,1
19340,2019,3,6,30-44,0,,3
19340,2019,3,7,30-44,0,,1
19340,2019,4,1,30-44,0,,1
19340,2019,4,6,30-44,.26023728,,4
19340,2019,1,6,45-64,0,,1
19340,2019,2,2,45-64,0,,1
19340,2019,2,3,45-64,0,,1
19340,2019,3,6,45-64,0,,4
19340,2019,4,6,45-64,0,,6
19340,2021,3,6,18-29,0,,2
19340,2021,2,2,30-44,0,,1
19340,2021,2,6,30-44,0,,1
19340,2021,3,6,30-44,0,,2
19340,2021,4,3,30-44,0,,1
19340,2021,4,6,30-44,0,,1
19340,2021,1,6,45-64,0,,1
19340,2021,2,6,45-64,0,,2
19340,2021,3,6,45-64,0,,4
19340,2021,4,6,45-64,.19872174,,5
19340,2023,2,2,18-29,0,,1
19340,2023,3,6,18-29,0,,1
19340,2023,4,2,18-29,0,,1
19340,2023,4,6,18-29,0,,1
19340,2023,1,2,30-44,0,,1
19340,2023,1,6,30-44,0,,1
19340,2023,3,2,30-44,0,,1
19340,2023,4,6,30-44,0,,1
19340,2023,1,2,45-64,0,,1
19340,2023,2,6,45-64,0,,2
19340,2023,3,6,45-64,0,,1
19340,2023,4,2,45-64,0,,1
19340,2023,4,6,45-64,.4304398,,2
19380,2013,1,6,18-29,0,,1
19380,2013,2,6,18-29,0,.4426592,2
19380,2013,3,1,18-29,0,,1
19380,2013,3,6,18-29,0,.7115528,3
19380,2013,4,2,18-29,0,1,1
19380,2013,4,6,18-29,0,0,2
19380,2013,1,1,30-44,0,0,1
19380,2013,2,1,30-44,0,,1
19380,2013,2,6,30-44,0,0,4
19380,2013,3,1,30-44,0,0,3
19380,2013,3,6,30-44,0,.81150687,5
19380,2013,4,1,30-44,0,0,1
19380,2013,4,6,30-44,0,.7573185,4
19380,2013,1,6,45-64,0,0,1
19380,2013,2,1,45-64,0,0,1
19380,2013,2,6,45-64,.67252523,.24653396,3
19380,2013,3,6,45-64,.26719046,.13794459,7
19380,2013,4,6,45-64,.33775568,.41577426,9
19380,2015,1,1,18-29,0,.62831521,2
19380,2015,3,1,18-29,0,0,1
19380,2015,3,6,18-29,0,1,1
19380,2015,1,1,30-44,0,0,1
19380,2015,1,6,30-44,0,,1
19380,2015,2,1,30-44,0,0,1
19380,2015,2,2,30-44,0,0,1
19380,2015,2,6,30-44,0,0,2
19380,2015,3,6,30-44,0,1,1
19380,2015,4,6,30-44,0,.51596236,2
19380,2015,2,6,45-64,0,.3322745,4
19380,2015,3,1,45-64,0,,1
19380,2015,3,6,45-64,0,0,4
19380,2015,4,6,45-64,0,.31766593,6
19380,2017,2,6,18-29,0,1,1
19380,2017,4,3,18-29,0,0,1
19380,2017,4,6,18-29,0,.63178176,3
19380,2017,3,1,30-44,0,0,1
19380,2017,3,6,30-44,0,1,2
19380,2017,4,6,30-44,0,.81558406,5
19380,2017,2,6,45-64,0,.21554479,5
19380,2017,3,1,45-64,0,0,1
19380,2017,3,6,45-64,0,.50649506,4
19380,2017,4,6,45-64,0,.50488824,8
19380,2019,1,6,30-44,0,,3
19380,2019,3,1,30-44,0,,1
19380,2019,3,6,30-44,0,,2
19380,2019,4,6,30-44,0,,2
19380,2019,2,6,45-64,0,,4
19380,2019,3,6,45-64,0,,3
19380,2019,4,6,45-64,0,,4
19380,2021,2,6,18-29,0,,1
19380,2021,3,1,18-29,0,,1
19380,2021,3,6,18-29,0,,1
19380,2021,4,6,18-29,0,,2
19380,2021,2,1,30-44,0,,1
19380,2021,2,6,30-44,0,,1
19380,2021,3,1,30-44,0,,1
19380,2021,3,6,30-44,0,,2
19380,2021,4,6,30-44,0,,2
19380,2021,2,6,45-64,0,,2
19380,2021,3,6,45-64,0,,2
19380,2021,4,4,45-64,0,,1
19380,2021,4,6,45-64,0,,3
19380,2023,3,6,18-29,0,,1
19380,2023,4,6,18-29,0,,1
19380,2023,1,6,30-44,1,,1
19380,2023,3,1,30-44,0,,1
19380,2023,4,2,30-44,0,,1
19380,2023,4,6,30-44,0,,1
19380,2023,2,6,45-64,0,,1
19380,2023,3,2,45-64,0,,1
19380,2023,3,6,45-64,0,,1
19380,2023,4,6,45-64,0,,5
19460,2013,2,6,18-29,0,1,1
19460,2013,1,6,30-44,.46388295,0,2
19460,2013,2,1,30-44,0,,1
19460,2013,3,1,30-44,0,0,1
19460,2013,3,2,30-44,0,0,1
19460,2013,3,6,30-44,0,,1
19460,2013,1,1,45-64,0,0,1
19460,2013,2,6,45-64,.15951474,0,5
19460,2013,3,6,45-64,0,0,1
19500,2013,2,6,18-29,0,.53120476,2
19500,2013,3,6,18-29,.63816196,.31637219,3
19500,2013,2,6,30-44,0,,2
19500,2013,3,2,30-44,0,0,1
19500,2013,4,1,30-44,0,1,1
19500,2013,4,6,30-44,0,.31070149,3
19500,2013,3,6,45-64,0,0,1
19500,2013,4,6,45-64,0,.63360769,3
19660,2013,2,1,18-29,0,0,1
19660,2013,2,2,18-29,0,1,1
19660,2013,2,6,18-29,0,1,1
19660,2013,3,1,18-29,0,0,1
19660,2013,3,6,18-29,.27117199,.77359116,4
19660,2013,4,1,18-29,0,0,1
19660,2013,2,6,30-44,0,0,2
19660,2013,3,6,30-44,0,.33858135,3
19660,2013,4,6,30-44,.48099995,.51900005,2
19660,2013,2,1,45-64,0,0,1
19660,2013,2,2,45-64,0,1,1
19660,2013,2,6,45-64,0,1,1
19660,2013,3,2,45-64,0,0,1
19660,2013,3,6,45-64,0,.3844631,5
19660,2013,4,6,45-64,.49282873,0,4
19660,2015,2,1,18-29,0,0,1
19660,2015,2,2,18-29,0,,1
19660,2015,2,6,18-29,,0,0
19660,2015,2,1,30-44,0,0,1
19660,2015,2,2,30-44,0,0,1
19660,2015,2,6,30-44,0,0,1
19660,2015,3,6,30-44,0,1,2
19660,2015,4,6,30-44,0,.48581877,2
19660,2015,1,6,45-64,0,1,1
19660,2015,2,1,45-64,.45513538,0,2
19660,2015,2,6,45-64,.5099141,0,4
19660,2015,3,6,45-64,0,0,4
19660,2015,4,6,45-64,0,0,7
19660,2017,2,2,18-29,0,1,1
19660,2017,4,6,18-29,0,.5,2
19660,2017,1,6,30-44,0,1,1
19660,2017,2,1,30-44,0,0,2
19660,2017,2,6,30-44,0,1,1
19660,2017,3,6,30-44,0,1,1
19660,2017,2,1,45-64,0,0,1
19660,2017,2,2,45-64,1,0,1
19660,2017,2,6,45-64,.46923935,.46923935,2
19660,2017,3,6,45-64,.19139606,0,5
19660,2017,4,1,45-64,0,0,1
19660,2017,4,6,45-64,0,0,1
19660,2019,3,6,18-29,0,,1
19660,2019,4,6,18-29,0,,1
19660,2019,3,2,30-44,0,,1
19660,2019,3,6,30-44,0,,4
19660,2019,4,6,30-44,.30032867,,3
19660,2019,1,6,45-64,0,,1
19660,2019,2,6,45-64,0,,2
19660,2019,3,6,45-64,.49305978,,2
19660,2019,4,6,45-64,0,,3
19660,2021,2,6,18-29,0,,1
19660,2021,4,6,18-29,0,,1
19660,2021,2,6,30-44,0,,2
19660,2021,3,2,30-44,0,,1
19660,2021,3,6,30-44,0,,2
19660,2021,4,6,30-44,.43142393,,2
19660,2021,2,1,45-64,0,,1
19660,2021,2,6,45-64,0,,1
19660,2021,3,6,45-64,.31639367,,3
19660,2021,4,6,45-64,.62650478,,2
19660,2023,2,2,18-29,1,,1
19660,2023,3,6,18-29,0,,1
19660,2023,4,6,18-29,0,,1
19660,2023,3,6,30-44,0,,1
19660,2023,2,6,45-64,0,,1
19660,2023,3,6,45-64,0,,1
19660,2023,4,2,45-64,0,,1
19660,2023,4,6,45-64,.41590685,,3
19740,2013,1,2,18-29,0,0,1
19740,2013,1,6,18-29,0,1,1
19740,2013,2,2,18-29,0,.61903465,5
19740,2013,2,4,18-29,0,,1
19740,2013,2,6,18-29,0,.42253578,3
19740,2013,3,2,18-29,0,.52307379,7
19740,2013,3,3,18-29,0,0,1
19740,2013,3,6,18-29,0,.51692706,14
19740,2013,3,7,18-29,0,.32153517,3
19740,2013,4,1,18-29,0,,1
19740,2013,4,2,18-29,0,1,2
19740,2013,4,6,18-29,0,.86730242,19
19740,2013,4,7,18-29,0,0,1
19740,2013,1,2,30-44,.36451954,.33773389,11
19740,2013,1,6,30-44,0,0,2
19740,2013,2,1,30-44,0,0,1
19740,2013,2,2,30-44,0,.19213054,4
19740,2013,2,6,30-44,.12958962,.64488268,8
19740,2013,3,1,30-44,0,0,1
19740,2013,3,2,30-44,0,.60445535,7
19740,2013,3,6,30-44,.30633244,.57075614,21
19740,2013,4,1,30-44,.52317989,1,2
19740,2013,4,2,30-44,0,.39579991,5
19740,2013,4,3,30-44,0,.53985643,4
19740,2013,4,5,30-44,0,0,1
19740,2013,4,6,30-44,.016752167,.53243768,52
19740,2013,1,2,45-64,0,0,1
19740,2013,1,6,45-64,0,0,3
19740,2013,2,1,45-64,0,0,1
19740,2013,2,2,45-64,0,.19678989,5
19740,2013,2,6,45-64,0,.17719246,11
19740,2013,3,1,45-64,0,.52183855,2
19740,2013,3,2,45-64,.45202142,.35369942,6
19740,2013,3,6,45-64,.13900767,.28375822,30
19740,2013,4,1,45-64,0,.42436743,3
19740,2013,4,2,45-64,0,.65624833,3
19740,2013,4,6,45-64,.15540116,.29949445,60
19740,2013,4,7,45-64,0,1,1
19740,2015,1,3,18-29,0,1,1
19740,2015,3,2,18-29,0,1,1
19740,2015,3,4,18-29,0,0,1
19740,2015,3,6,18-29,.25229052,.87048984,5
19740,2015,4,3,18-29,0,1,1
19740,2015,4,6,18-29,0,1,7
19740,2015,1,2,30-44,.38112125,.32918525,3
19740,2015,1,6,30-44,0,,1
19740,2015,2,2,30-44,.33832997,.63590616,3
19740,2015,2,6,30-44,0,.68541968,7
19740,2015,3,2,30-44,0,.79510731,5
19740,2015,3,6,30-44,.21243884,.55130118,13
19740,2015,3,7,30-44,0,1,1
19740,2015,4,1,30-44,0,.25316271,6
19740,2015,4,2,30-44,0,1,6
19740,2015,4,3,30-44,0,.42156914,2
19740,2015,4,6,30-44,.22036462,.60756391,34
19740,2015,1,2,45-64,0,1,1
19740,2015,1,6,45-64,0,0,1
19740,2015,2,1,45-64,0,,1
19740,2015,2,2,45-64,0,,1
19740,2015,2,6,45-64,0,.13452104,8
19740,2015,3,2,45-64,0,.76262468,3
19740,2015,3,3,45-64,0,1,1
19740,2015,3,6,45-64,.081436984,.34323281,11
19740,2015,3,7,45-64,0,0,1
19740,2015,4,1,45-64,0,1,1
19740,2015,4,2,45-64,0,.30749369,2
19740,2015,4,3,45-64,0,0,1
19740,2015,4,6,45-64,.14558271,.29312995,27
19740,2017,1,2,18-29,0,,2
19740,2017,2,6,18-29,.32009295,.33338767,3
19740,2017,3,1,18-29,0,,1
19740,2017,3,2,18-29,0,1,1
19740,2017,3,6,18-29,0,1,1
19740,2017,4,1,18-29,0,1,1
19740,2017,4,2,18-29,0,.58720106,3
19740,2017,4,6,18-29,0,.6350165,8
19740,2017,4,7,18-29,0,1,1
19740,2017,1,2,30-44,1,0,1
19740,2017,2,6,30-44,.3491261,1,3
19740,2017,3,2,30-44,0,1,1
19740,2017,3,6,30-44,0,.21725105,5
19740,2017,4,1,30-44,0,.54706216,4
19740,2017,4,2,30-44,0,1,2
19740,2017,4,3,30-44,0,0,1
19740,2017,4,6,30-44,.0317288,.7857033,23
19740,2017,1,2,45-64,0,.4274919,2
19740,2017,2,2,45-64,0,1,1
19740,2017,2,3,45-64,0,0,1
19740,2017,2,6,45-64,.1691412,.69731236,6
19740,2017,3,1,45-64,0,0,3
19740,2017,3,6,45-64,0,.56801379,7
19740,2017,4,1,45-64,0,0,3
19740,2017,4,2,45-64,0,1,2
19740,2017,4,6,45-64,.11419592,.63066494,26
19740,2019,1,6,18-29,0,,1
19740,2019,2,2,18-29,0,,2
19740,2019,2,6,18-29,0,,1
19740,2019,2,7,18-29,0,,1
19740,2019,3,2,18-29,0,,1
19740,2019,3,3,18-29,0,,1
19740,2019,3,6,18-29,0,,4
19740,2019,4,3,18-29,0,,1
19740,2019,4,6,18-29,0,,3
19740,2019,1,2,30-44,0,,1
19740,2019,2,2,30-44,1,,1
19740,2019,2,6,30-44,0,,3
19740,2019,3,2,30-44,0,,1
19740,2019,3,6,30-44,.35922384,,3
19740,2019,4,1,30-44,0,,1
19740,2019,4,2,30-44,0,,4
19740,2019,4,3,30-44,.17724805,,5
19740,2019,4,4,30-44,1,,1
19740,2019,4,6,30-44,.22581518,,28
19740,2019,1,2,45-64,0,,2
19740,2019,2,2,45-64,0,,1
19740,2019,2,6,45-64,.21378776,,7
19740,2019,3,1,45-64,0,,3
19740,2019,3,2,45-64,0,,1
19740,2019,3,6,45-64,0,,6
19740,2019,3,7,45-64,0,,2
19740,2019,4,2,45-64,0,,3
19740,2019,4,3,45-64,0,,1
19740,2019,4,6,45-64,.15952553,,19
19740,2021,2,1,18-29,0,,1
19740,2021,2,6,18-29,0,,1
19740,2021,3,1,18-29,0,,1
19740,2021,3,2,18-29,0,,1
19740,2021,3,6,18-29,0,,4
19740,2021,4,2,18-29,0,,1
19740,2021,4,6,18-29,0,,10
19740,2021,2,6,30-44,0,,2
19740,2021,3,1,30-44,1,,1
19740,2021,3,2,30-44,0,,3
19740,2021,3,6,30-44,0,,5
19740,2021,3,7,30-44,0,,1
19740,2021,4,2,30-44,0,,2
19740,2021,4,3,30-44,0,,3
19740,2021,4,6,30-44,.14467259,,28
19740,2021,1,1,45-64,0,,1
19740,2021,1,6,45-64,0,,1
19740,2021,2,1,45-64,0,,1
19740,2021,2,2,45-64,0,,2
19740,2021,2,3,45-64,0,,1
19740,2021,2,6,45-64,0,,3
19740,2021,3,2,45-64,1,,1
19740,2021,3,6,45-64,.084615231,,10
19740,2021,4,3,45-64,.35990953,,3
19740,2021,4,6,45-64,.0602029,,17
19740,2023,2,6,18-29,0,,2
19740,2023,4,3,18-29,0,,1
19740,2023,4,6,18-29,0,,5
19740,2023,2,2,30-44,0,,1
19740,2023,3,2,30-44,0,,1
19740,2023,3,6,30-44,0,,3
19740,2023,4,2,30-44,0,,1
19740,2023,4,4,30-44,0,,1
19740,2023,4,6,30-44,.1306992,,27
19740,2023,4,7,30-44,1,,1
19740,2023,1,2,45-64,0,,1
19740,2023,2,6,45-64,1,,1
19740,2023,3,1,45-64,.56704664,,2
19740,2023,3,2,45-64,0,,2
19740,2023,3,6,45-64,.24980783,,7
19740,2023,4,2,45-64,0,,1
19740,2023,4,4,45-64,0,,1
19740,2023,4,6,45-64,.18186903,,18
19740,2023,4,7,45-64,0,,1
19780,2013,1,2,18-29,0,0,2
19780,2013,2,2,18-29,,0,0
19780,2013,2,6,18-29,0,,1
19780,2013,3,1,18-29,0,0,1
19780,2013,3,3,18-29,0,1,2
19780,2013,3,6,18-29,0,.87154204,6
19780,2013,4,3,18-29,0,1,1
19780,2013,4,6,18-29,0,.8407318,6
19780,2013,1,2,30-44,1,1,1
19780,2013,1,6,30-44,0,1,1
19780,2013,2,1,30-44,0,0,1
19780,2013,2,3,30-44,0,0,1
19780,2013,2,6,30-44,0,0,3
19780,2013,2,7,30-44,0,0,1
19780,2013,3,1,30-44,0,.49824578,2
19780,2013,3,6,30-44,.27897939,.41595322,11
19780,2013,4,1,30-44,0,1,2
19780,2013,4,3,30-44,0,0,1
19780,2013,4,6,30-44,0,.6783036,16
19780,2013,1,2,45-64,0,1,1
19780,2013,1,3,45-64,0,0,1
19780,2013,1,6,45-64,0,,1
19780,2013,2,1,45-64,0,.5,2
19780,2013,2,2,45-64,0,,1
19780,2013,2,6,45-64,.24241711,.27927014,8
19780,2013,3,1,45-64,0,0,1
19780,2013,3,6,45-64,.15941234,.39001924,13
19780,2013,4,6,45-64,.097919956,.21050149,28
19780,2015,1,2,18-29,0,,1
19780,2015,1,6,18-29,1,1,1
19780,2015,3,6,18-29,0,.48374319,4
19780,2015,4,6,18-29,0,1,1
19780,2015,1,3,30-44,0,0,1
19780,2015,1,6,30-44,0,,1
19780,2015,2,2,30-44,0,0,1
19780,2015,2,6,30-44,0,1,1
19780,2015,3,2,30-44,0,1,1
19780,2015,3,6,30-44,.28482464,.71517539,7
19780,2015,4,2,30-44,0,0,1
19780,2015,4,6,30-44,0,.5655129,7
19780,2015,2,2,45-64,0,1,1
19780,2015,2,6,45-64,0,.52606553,2
19780,2015,3,1,45-64,0,0,1
19780,2015,3,2,45-64,0,0,1
19780,2015,3,6,45-64,.4475041,.54472452,7
19780,2015,4,1,45-64,0,0,1
19780,2015,4,6,45-64,.068015665,.43779159,12
19780,2017,2,6,18-29,0,1,1
19780,2017,3,1,18-29,0,,1
19780,2017,3,2,18-29,0,1,1
19780,2017,3,6,18-29,0,.39452311,2
19780,2017,4,3,18-29,0,1,1
19780,2017,4,6,18-29,0,.67595369,7
19780,2017,1,2,30-44,0,0,1
19780,2017,2,6,30-44,.23969328,.79486132,4
19780,2017,3,1,30-44,1,1,1
19780,2017,3,3,30-44,0,1,1
19780,2017,3,6,30-44,0,.59439731,9
19780,2017,4,1,30-44,0,1,2
19780,2017,4,6,30-44,0,.81151837,9
19780,2017,2,6,45-64,0,.28300071,7
19780,2017,3,1,45-64,0,0,1
19780,2017,3,6,45-64,0,.39765257,3
19780,2017,4,6,45-64,.17963165,.3992573,12
19780,2019,1,2,18-29,0,,1
19780,2019,2,1,18-29,0,,1
19780,2019,2,2,18-29,.62150335,,2
19780,2019,2,6,18-29,0,,2
19780,2019,3,6,18-29,1,,1
19780,2019,4,2,18-29,0,,1
19780,2019,4,6,18-29,0,,5
19780,2019,2,2,30-44,0,,2
19780,2019,2,6,30-44,0,,3
19780,2019,3,3,30-44,0,,1
19780,2019,3,6,30-44,.30151927,,3
19780,2019,4,1,30-44,0,,1
19780,2019,4,2,30-44,0,,1
19780,2019,4,6,30-44,0,,7
19780,2019,2,3,45-64,0,,1
19780,2019,2,6,45-64,.16152996,,6
19780,2019,3,6,45-64,0,,3
19780,2019,4,2,45-64,0,,1
19780,2019,4,6,45-64,0,,10
19780,2021,2,3,18-29,0,,1
19780,2021,3,6,18-29,0,,1
19780,2021,3,7,18-29,0,,1
19780,2021,4,6,18-29,0,,4
19780,2021,1,3,30-44,0,,1
19780,2021,2,2,30-44,0,,1
19780,2021,2,6,30-44,.33597073,,3
19780,2021,3,3,30-44,0,,1
19780,2021,3,6,30-44,0,,1
19780,2021,4,3,30-44,0,,3
19780,2021,4,6,30-44,.18065052,,9
19780,2021,1,2,45-64,1,,1
19780,2021,2,1,45-64,0,,1
19780,2021,2,6,45-64,.19324115,,5
19780,2021,3,2,45-64,0,,1
19780,2021,3,6,45-64,0,,7
19780,2021,4,3,45-64,0,,1
19780,2021,4,6,45-64,0,,6
19780,2023,1,2,18-29,0,,1
19780,2023,2,6,18-29,0,,4
19780,2023,3,2,18-29,0,,2
19780,2023,3,6,18-29,0,,3
19780,2023,4,2,18-29,0,,1
19780,2023,4,6,18-29,.15794846,,6
19780,2023,1,6,30-44,0,,1
19780,2023,2,2,30-44,0,,1
19780,2023,2,6,30-44,.15688093,,4
19780,2023,3,6,30-44,0,,4
19780,2023,3,7,30-44,0,,1
19780,2023,4,6,30-44,0,,8
19780,2023,1,2,45-64,1,,1
19780,2023,1,6,45-64,0,,1
19780,2023,2,6,45-64,0,,3
19780,2023,3,6,45-64,.18164672,,5
19780,2023,4,1,45-64,0,,1
19780,2023,4,6,45-64,.1697436,,7
19820,2013,1,1,18-29,0,,1
19820,2013,1,6,18-29,0,0,1
19820,2013,2,1,18-29,0,0,1
19820,2013,2,6,18-29,0,.30064225,3
19820,2013,3,6,18-29,0,.30023798,10
19820,2013,4,6,18-29,0,1,1
19820,2013,1,1,30-44,0,,1
19820,2013,1,2,30-44,0,0,1
19820,2013,1,6,30-44,0,0,1
19820,2013,2,1,30-44,0,.2715981,9
19820,2013,2,2,30-44,1,1,1
19820,2013,2,6,30-44,.10924742,.13879599,9
19820,2013,3,1,30-44,0,.52693963,4
19820,2013,3,3,30-44,.6305685,1,2
19820,2013,3,6,30-44,.17232242,.53214163,17
19820,2013,4,1,30-44,.27291825,.72996908,4
19820,2013,4,3,30-44,0,.38042897,7
19820,2013,4,6,30-44,.031747676,.70464385,31
19820,2013,1,1,45-64,0,1,1
19820,2013,1,2,45-64,0,,2
19820,2013,1,6,45-64,0,0,3
19820,2013,2,1,45-64,.15314519,.31875578,7
19820,2013,2,3,45-64,0,0,1
19820,2013,2,6,45-64,.04737753,.059757859,20
19820,2013,2,7,45-64,0,0,1
19820,2013,3,1,45-64,0,0,5
19820,2013,3,6,45-64,.20236698,.29393035,35
19820,2013,4,1,45-64,0,0,4
19820,2013,4,2,45-64,0,1,1
19820,2013,4,3,45-64,0,0,1
19820,2013,4,4,45-64,0,0,1
19820,2013,4,6,45-64,.134251,.25683513,38
19820,2015,1,1,18-29,0,,1
19820,2015,2,1,18-29,0,0,2
19820,2015,2,6,18-29,0,.43780735,2
19820,2015,3,1,18-29,0,.29301777,4
19820,2015,3,2,18-29,0,1,1
19820,2015,3,6,18-29,.149712,.56530595,9
19820,2015,4,6,18-29,0,1,2
19820,2015,1,6,30-44,.43262377,.26581439,3
19820,2015,2,1,30-44,0,,2
19820,2015,2,2,30-44,0,,1
19820,2015,2,6,30-44,.096364297,.44473302,9
19820,2015,2,7,30-44,0,1,1
19820,2015,3,1,30-44,0,.34803122,5
19820,2015,3,6,30-44,0,.69733447,7
19820,2015,4,1,30-44,0,.56947738,5
19820,2015,4,3,30-44,0,.22914922,5
19820,2015,4,6,30-44,.19453827,.56394744,17
19820,2015,4,7,30-44,0,0,2
19820,2015,1,1,45-64,.45215961,1,2
19820,2015,1,6,45-64,0,.5212338,2
19820,2015,2,1,45-64,0,0,2
19820,2015,2,2,45-64,0,0,1
19820,2015,2,6,45-64,.070919432,.19501233,15
19820,2015,3,1,45-64,0,.17954594,7
19820,2015,3,6,45-64,.091452189,.17316687,24
19820,2015,3,7,45-64,0,1,1
19820,2015,4,1,45-64,0,.47155496,4
19820,2015,4,6,45-64,.12436722,.37130639,31
19820,2017,2,1,18-29,0,,1
19820,2017,2,6,18-29,0,.49208224,6
19820,2017,3,1,18-29,0,.31571314,3
19820,2017,3,2,18-29,0,1,1
19820,2017,3,3,18-29,0,1,1
19820,2017,3,6,18-29,0,1,5
19820,2017,4,6,18-29,0,.52957177,6
19820,2017,1,1,30-44,0,0,1
19820,2017,1,3,30-44,0,0,1
19820,2017,1,6,30-44,0,,1
19820,2017,2,1,30-44,0,1,1
19820,2017,2,6,30-44,0,.17507261,5
19820,2017,3,1,30-44,0,.36263698,3
19820,2017,3,3,30-44,0,0,1
19820,2017,3,6,30-44,.072338052,.31727418,12
19820,2017,3,7,30-44,0,0,1
19820,2017,4,1,30-44,0,.2631264,4
19820,2017,4,3,30-44,0,1,2
19820,2017,4,6,30-44,.10880912,.56368256,30
19820,2017,4,7,30-44,0,0,1
19820,2017,1,6,45-64,.31122562,.61480427,3
19820,2017,2,1,45-64,0,.34327191,4
19820,2017,2,6,45-64,0,.40106609,17
19820,2017,3,1,45-64,0,.70408821,3
19820,2017,3,6,45-64,.084124878,.32954046,22
19820,2017,4,1,45-64,.30839106,.30839106,3
19820,2017,4,2,45-64,0,1,3
19820,2017,4,3,45-64,0,0,1
19820,2017,4,6,45-64,.12561452,.46682689,38
19820,2019,1,3,18-29,1,,1
19820,2019,1,6,18-29,0,,1
19820,2019,2,1,18-29,0,,1
19820,2019,2,6,18-29,0,,3
19820,2019,3,1,18-29,0,,1
19820,2019,3,2,18-29,0,,1
19820,2019,3,3,18-29,0,,1
19820,2019,3,6,18-29,0,,6
19820,2019,4,1,18-29,0,,1
19820,2019,4,3,18-29,0,,2
19820,2019,4,6,18-29,.16555947,,6
19820,2019,2,1,30-44,0,,1
19820,2019,2,2,30-44,1,,1
19820,2019,2,6,30-44,.43631727,,4
19820,2019,3,1,30-44,.2638292,,3
19820,2019,3,3,30-44,0,,1
19820,2019,3,6,30-44,0,,8
19820,2019,4,1,30-44,0,,1
19820,2019,4,2,30-44,0,,2
19820,2019,4,3,30-44,.13071002,,8
19820,2019,4,6,30-44,.078871347,,26
19820,2019,4,7,30-44,0,,1
19820,2019,1,1,45-64,0,,2
19820,2019,1,6,45-64,0,,2
19820,2019,2,1,45-64,0,,2
19820,2019,2,2,45-64,0,,1
19820,2019,2,6,45-64,0,,12
19820,2019,3,1,45-64,.32289141,,3
19820,2019,3,2,45-64,1,,1
19820,2019,3,6,45-64,.093629926,,20
19820,2019,3,7,45-64,0,,2
19820,2019,4,1,45-64,.15152727,,6
19820,2019,4,2,45-64,0,,1
19820,2019,4,3,45-64,.71434784,,3
19820,2019,4,6,45-64,.11300433,,21
19820,2019,4,7,45-64,0,,1
19820,2021,2,6,18-29,0,,2
19820,2021,3,1,18-29,0,,2
19820,2021,3,6,18-29,0,,1
19820,2021,4,1,18-29,0,,1
19820,2021,4,2,18-29,0,,2
19820,2021,4,6,18-29,0,,10
19820,2021,2,1,30-44,0,,2
19820,2021,2,2,30-44,0,,1
19820,2021,2,6,30-44,0,,4
19820,2021,3,1,30-44,0,,6
19820,2021,3,6,30-44,0,,7
19820,2021,4,1,30-44,.14802818,,6
19820,2021,4,2,30-44,0,,2
19820,2021,4,3,30-44,0,,4
19820,2021,4,6,30-44,.10341292,,18
19820,2021,1,1,45-64,0,,1
19820,2021,1,2,45-64,0,,1
19820,2021,1,6,45-64,0,,3
19820,2021,2,6,45-64,0,,11
19820,2021,3,1,45-64,0,,3
19820,2021,3,2,45-64,0,,1
19820,2021,3,6,45-64,0,,11
19820,2021,4,1,45-64,0,,1
19820,2021,4,2,45-64,0,,2
19820,2021,4,3,45-64,0,,1
19820,2021,4,6,45-64,.12753658,,16
19820,2023,1,3,18-29,0,,1
19820,2023,2,1,18-29,0,,3
19820,2023,2,6,18-29,0,,5
19820,2023,2,7,18-29,0,,1
19820,2023,3,2,18-29,0,,1
19820,2023,3,6,18-29,0,,1
19820,2023,3,7,18-29,0,,1
19820,2023,4,6,18-29,0,,10
19820,2023,1,6,30-44,0,,1
19820,2023,2,1,30-44,0,,5
19820,2023,2,3,30-44,0,,1
19820,2023,2,6,30-44,.14991385,,7
19820,2023,3,1,30-44,0,,4
19820,2023,3,6,30-44,0,,11
19820,2023,4,1,30-44,.34417865,,3
19820,2023,4,3,30-44,0,,5
19820,2023,4,6,30-44,.067059696,,17
19820,2023,4,7,30-44,0,,2
19820,2023,1,2,45-64,0,,1
19820,2023,1,6,45-64,.40327409,,4
19820,2023,2,1,45-64,0,,4
19820,2023,2,6,45-64,.22125407,,11
19820,2023,3,1,45-64,0,,8
19820,2023,3,2,45-64,0,,1
19820,2023,3,6,45-64,.1157734,,14
19820,2023,4,1,45-64,0,,1
19820,2023,4,2,45-64,0,,1
19820,2023,4,3,45-64,0,,1
19820,2023,4,6,45-64,.08102525,,31
19820,2023,4,7,45-64,0,,1
20100,2013,1,1,18-29,0,0,2
20100,2013,2,1,18-29,0,.56991547,3
20100,2013,2,2,18-29,0,,1
20100,2013,3,1,18-29,0,0,2
20100,2013,3,6,18-29,0,1,1
20100,2013,4,1,18-29,0,0,1
20100,2013,4,6,18-29,0,1,1
20100,2013,1,1,30-44,0,0,1
20100,2013,1,6,30-44,.32205051,0,3
20100,2013,2,6,30-44,0,.55779707,2
20100,2013,3,1,30-44,0,.54036891,3
20100,2013,3,3,30-44,0,1,1
20100,2013,3,6,30-44,0,.14333546,8
20100,2013,4,1,30-44,0,0,1
20100,2013,4,3,30-44,0,1,1
20100,2013,4,6,30-44,0,1,2
20100,2013,2,1,45-64,0,0,2
20100,2013,2,4,45-64,1,0,1
20100,2013,2,6,45-64,.097379193,0,10
20100,2013,3,1,45-64,0,0,1
20100,2013,3,3,45-64,0,0,1
20100,2013,3,6,45-64,0,0,3
20100,2013,4,1,45-64,0,1,1
20100,2013,4,6,45-64,.5,.5,2
20100,2015,2,6,18-29,0,0,1
20100,2015,3,1,18-29,0,1,1
20100,2015,3,6,18-29,0,0,1
20100,2015,3,7,18-29,0,0,1
20100,2015,4,1,18-29,0,0,1
20100,2015,1,6,30-44,.4094069,0,2
20100,2015,2,1,30-44,0,.49889228,2
20100,2015,2,2,30-44,1,0,1
20100,2015,2,6,30-44,.32785419,.34429163,3
20100,2015,3,6,30-44,0,.70614016,4
20100,2015,4,1,30-44,0,0,1
20100,2015,4,3,30-44,0,0,1
20100,2015,4,6,30-44,0,0,6
20100,2015,2,1,45-64,0,0,1
20100,2015,2,6,45-64,.34912398,.34912398,2
20100,2015,3,2,45-64,0,0,1
20100,2015,3,6,45-64,.12518722,.3928946,6
20100,2015,4,1,45-64,0,1,1
20100,2015,4,6,45-64,.52442664,0,4
20100,2017,2,1,18-29,0,0,1
20100,2017,2,6,18-29,0,0,1
20100,2017,3,6,18-29,0,1,2
20100,2017,1,2,30-44,1,0,1
20100,2017,2,1,30-44,0,0,1
20100,2017,2,2,30-44,0,1,1
20100,2017,2,6,30-44,0,0,1
20100,2017,2,7,30-44,0,0,1
20100,2017,3,1,30-44,0,1,1
20100,2017,4,6,30-44,0,1,2
20100,2017,1,6,45-64,1,0,1
20100,2017,2,1,45-64,0,,1
20100,2017,2,6,45-64,0,1,2
20100,2017,3,6,45-64,0,.43659905,2
20100,2017,4,3,45-64,1,1,1
20100,2017,4,6,45-64,0,.50542307,2
20100,2019,3,6,18-29,0,,1
20100,2019,2,1,30-44,0,,1
20100,2019,2,3,30-44,1,,1
20100,2019,2,6,30-44,0,,2
20100,2019,4,6,30-44,0,,4
20100,2019,1,1,45-64,0,,1
20100,2019,1,6,45-64,0,,1
20100,2019,2,1,45-64,0,,1
20100,2019,2,6,45-64,.60237825,,2
20100,2019,3,1,45-64,0,,1
20100,2019,3,6,45-64,0,,2
20100,2019,4,6,45-64,0,,2
20100,2021,1,2,18-29,.5,,2
20100,2021,1,6,18-29,1,,1
20100,2021,2,2,18-29,0,,1
20100,2021,2,6,18-29,0,,1
20100,2021,2,7,18-29,0,,1
20100,2021,3,6,18-29,0,,3
20100,2021,4,6,18-29,0,,2
20100,2021,2,6,30-44,0,,1
20100,2021,3,1,30-44,.5,,2
20100,2021,3,2,30-44,0,,1
20100,2021,3,4,30-44,0,,1
20100,2021,3,6,30-44,0,,2
20100,2021,4,3,30-44,0,,1
20100,2021,4,6,30-44,0,,5
20100,2021,1,6,45-64,0,,1
20100,2021,2,1,45-64,0,,1
20100,2021,2,6,45-64,0,,3
20100,2021,3,1,45-64,0,,1
20100,2021,3,6,45-64,0,,1
20100,2021,4,6,45-64,0,,2
20100,2023,3,1,18-29,0,,1
20100,2023,3,6,18-29,0,,1
20100,2023,3,7,18-29,0,,1
20100,2023,4,1,18-29,0,,1
20100,2023,4,6,18-29,0,,1
20100,2023,4,7,18-29,0,,1
20100,2023,1,2,30-44,0,,2
20100,2023,2,3,30-44,0,,1
20100,2023,3,1,30-44,1,,1
20100,2023,3,6,30-44,0,,1
20100,2023,4,1,30-44,0,,1
20100,2023,4,3,30-44,0,,1
20100,2023,4,6,30-44,0,,6
20100,2023,1,1,45-64,0,,1
20100,2023,1,2,45-64,0,,1
20100,2023,2,1,45-64,0,,1
20100,2023,2,6,45-64,.49975228,,2
20100,2023,3,6,45-64,0,,1
20100,2023,4,1,45-64,0,,1
20100,2023,4,6,45-64,0,,5
20260,2013,2,6,18-29,0,1,1
20260,2013,4,6,18-29,0,.49609566,2
20260,2013,2,6,30-44,0,1,1
20260,2013,3,6,30-44,0,.47098762,4
20260,2013,4,6,30-44,.21136944,.56908637,5
20260,2013,2,6,45-64,0,.50872147,2
20260,2013,3,6,45-64,0,.26164293,8
20260,2013,4,6,45-64,0,.33644187,3
20500,2013,3,2,18-29,0,1,1
20500,2013,3,6,18-29,0,0,1
20500,2013,3,7,18-29,0,,1
20500,2013,4,2,18-29,0,1,1
20500,2013,4,6,18-29,0,.41053838,2
20500,2013,2,2,30-44,0,0,1
20500,2013,3,1,30-44,0,,1
20500,2013,3,6,30-44,.36505806,0,3
20500,2013,4,1,30-44,0,0,2
20500,2013,4,3,30-44,0,0,1
20500,2013,4,6,30-44,.12669466,.32845283,9
20500,2013,1,1,45-64,.5091126,0,2
20500,2013,2,1,45-64,0,0,3
20500,2013,2,6,45-64,1,0,1
20500,2013,3,1,45-64,0,0,2
20500,2013,3,2,45-64,0,0,1
20500,2013,4,4,45-64,0,0,1
20500,2013,4,6,45-64,0,.4011451,5
20500,2013,4,7,45-64,0,1,1
20500,2015,2,2,18-29,0,,1
20500,2015,3,6,18-29,0,1,2
20500,2015,4,1,18-29,0,1,1
20500,2015,4,6,18-29,0,.55800825,2
20500,2015,1,2,30-44,1,0,1
20500,2015,3,1,30-44,0,.43050453,3
20500,2015,3,6,30-44,0,.53408146,2
20500,2015,3,7,30-44,0,1,1
20500,2015,4,1,30-44,0,1,1
20500,2015,4,6,30-44,.2352832,.44438496,4
20500,2015,3,1,45-64,1,1,1
20500,2015,3,6,45-64,.3500632,.38796115,3
20500,2015,4,1,45-64,0,0,1
20500,2015,4,2,45-64,0,0,1
20500,2015,4,6,45-64,0,.64848465,3
20500,2017,3,1,18-29,0,,1
20500,2017,3,6,18-29,0,0,2
20500,2017,4,6,18-29,0,1,1
20500,2017,1,2,30-44,0,0,1
20500,2017,4,1,30-44,0,.5382452,2
20500,2017,4,3,30-44,0,0,1
20500,2017,4,6,30-44,0,1,9
20500,2017,3,1,45-64,0,1,1
20500,2017,3,6,45-64,0,.40123525,2
20500,2017,4,1,45-64,0,0,1
20500,2017,4,3,45-64,0,1,1
20500,2017,4,6,45-64,.23849063,.8689177,9
20500,2017,4,7,45-64,0,1,1
20500,2019,2,2,18-29,0,,1
20500,2019,3,1,18-29,0,,1
20500,2019,4,6,18-29,0,,3
20500,2019,2,1,30-44,0,,1
20500,2019,2,6,30-44,.58294004,,2
20500,2019,3,2,30-44,0,,1
20500,2019,3,6,30-44,0,,1
20500,2019,4,2,30-44,0,,1
20500,2019,4,6,30-44,0,,3
20500,2019,2,1,45-64,0,,2
20500,2019,2,6,45-64,0,,2
20500,2019,3,6,45-64,.44408005,,2
20500,2019,4,3,45-64,0,,1
20500,2019,4,6,45-64,.15298052,,6
20500,2019,4,7,45-64,0,,1
20500,2021,3,6,18-29,0,,2
20500,2021,4,3,18-29,0,,1
20500,2021,4,6,18-29,0,,2
20500,2021,1,2,30-44,0,,2
20500,2021,3,1,30-44,0,,1
20500,2021,3,2,30-44,0,,1
20500,2021,3,6,30-44,.31479761,,4
20500,2021,4,6,30-44,.4287447,,3
20500,2021,1,2,45-64,0,,1
20500,2021,2,1,45-64,0,,2
20500,2021,3,1,45-64,0,,1
20500,2021,3,6,45-64,.3897998,,3
20500,2021,4,3,45-64,0,,1
20500,2021,4,6,45-64,.11571617,,9
20500,2023,1,2,18-29,0,,2
20500,2023,4,1,18-29,0,,1
20500,2023,4,2,18-29,0,,1
20500,2023,4,6,18-29,0,,2
20500,2023,4,7,18-29,0,,1
20500,2023,2,6,30-44,0,,1
20500,2023,3,6,30-44,0,,3
20500,2023,4,1,30-44,0,,1
20500,2023,4,3,30-44,0,,1
20500,2023,4,6,30-44,0,,4
20500,2023,1,1,45-64,0,,1
20500,2023,1,2,45-64,0,,1
20500,2023,2,6,45-64,0,,1
20500,2023,3,1,45-64,0,,2
20500,2023,3,6,45-64,0,,1
20500,2023,4,1,45-64,0,,1
20500,2023,4,6,45-64,0,,2
20700,2015,2,6,18-29,1,0,1
20700,2015,4,6,18-29,0,0,1
20700,2015,2,2,30-44,0,0,2
20700,2015,4,6,30-44,.31645563,0,3
20700,2015,1,6,45-64,0,,1
20700,2015,2,6,45-64,0,0,1
20700,2017,2,6,18-29,0,0,1
20700,2017,3,6,18-29,0,0,1
20700,2017,3,1,30-44,0,0,1
20700,2017,3,6,30-44,0,1,1
20700,2017,4,6,30-44,0,0,2
20700,2019,3,6,30-44,0,,1
20700,2019,4,6,30-44,0,,1
20700,2019,1,6,45-64,1,,1
20700,2019,2,6,45-64,0,,1
20700,2021,2,6,18-29,0,,1
20700,2021,2,1,30-44,0,,1
20700,2021,3,6,30-44,0,,2
20700,2021,4,2,30-44,0,,1
20700,2021,2,6,45-64,0,,1
20700,2023,4,6,18-29,0,,2
20700,2023,2,6,30-44,0,,1
20700,2023,4,6,30-44,0,,1
20700,2023,2,2,45-64,0,,1
20700,2023,2,6,45-64,0,,1
20700,2023,3,6,45-64,0,,1
20700,2023,4,6,45-64,0,,1
20740,2013,3,2,18-29,0,1,1
20740,2013,3,6,18-29,0,0,2
20740,2013,4,6,18-29,0,.4098506,2
20740,2013,2,2,30-44,0,1,1
20740,2013,2,6,30-44,0,0,2
20740,2013,3,6,30-44,0,1,1
20740,2013,4,6,30-44,0,.49111754,2
20740,2013,2,6,45-64,0,0,2
20740,2013,3,6,45-64,.71849769,.24501009,4
20740,2013,4,6,45-64,0,.2626884,4
20940,2013,3,2,18-29,0,0,1
20940,2013,1,2,30-44,0,0,1
20940,2013,2,2,30-44,0,0,1
20940,2013,3,2,30-44,0,.53867263,2
20940,2013,3,3,30-44,0,1,1
20940,2013,3,6,30-44,0,1,1
20940,2013,1,6,45-64,0,0,1
20940,2013,2,2,45-64,0,1,1
20940,2013,3,6,45-64,0,0,1
20940,2013,4,2,45-64,.46191314,0,2
21140,2015,1,6,18-29,0,1,1
21140,2015,2,6,18-29,0,0,1
21140,2015,1,6,30-44,.37997508,0,2
21140,2015,2,6,30-44,0,0,1
21140,2015,3,3,30-44,1,1,1
21140,2015,4,6,30-44,0,1,1
21140,2015,1,6,45-64,.50997496,0,2
21140,2015,2,6,45-64,0,0,1
21140,2015,3,6,45-64,0,.57212818,2
21140,2015,4,6,45-64,0,1,1
21140,2017,1,2,18-29,0,1,1
21140,2017,1,6,18-29,0,0,1
21140,2017,3,2,18-29,0,1,1
21140,2017,4,6,18-29,0,1,1
21140,2017,2,1,30-44,0,,1
21140,2017,2,6,30-44,0,0,1
21140,2017,3,6,30-44,0,1,1
21140,2017,4,6,30-44,0,0,1
21140,2017,1,2,45-64,0,1,1
21140,2017,2,6,45-64,0,.63568485,3
21140,2017,3,6,45-64,0,0,2
21140,2017,4,6,45-64,0,0,1
21140,2019,1,2,18-29,0,,1
21140,2019,2,2,18-29,0,,2
21140,2019,2,2,30-44,0,,2
21140,2019,2,6,30-44,1,,1
21140,2019,3,6,30-44,0,,2
21140,2019,2,6,45-64,0,,1
21140,2019,3,1,45-64,0,,1
21140,2019,3,6,45-64,0,,1
21140,2021,4,2,18-29,0,,1
21140,2021,4,6,18-29,0,,1
21140,2021,2,6,30-44,.23138212,,4
21140,2021,3,1,30-44,0,,1
21140,2021,3,6,30-44,0,,2
21140,2021,4,6,30-44,0,,3
21140,2021,2,6,45-64,0,,1
21140,2021,3,6,45-64,0,,1
21140,2021,4,2,45-64,0,,1
21140,2021,4,6,45-64,0,,3
21140,2023,3,2,18-29,0,,1
21140,2023,4,6,18-29,0,,2
21140,2023,1,2,30-44,1,,1
21140,2023,2,2,30-44,0,,1
21140,2023,3,1,30-44,0,,1
21140,2023,4,2,30-44,0,,1
21140,2023,4,6,30-44,0,,2
21140,2023,1,2,45-64,0,,1
21140,2023,2,2,45-64,0,,1
21140,2023,2,6,45-64,0,,2
21140,2023,3,6,45-64,0,,1
21140,2023,4,6,45-64,0,,1
21340,2013,2,2,18-29,0,0,1
21340,2013,2,6,18-29,0,1,1
21340,2013,3,2,18-29,0,1,1
21340,2013,4,2,18-29,0,.5,2
21340,2013,1,2,30-44,0,.28634134,4
21340,2013,2,2,30-44,0,1,2
21340,2013,2,6,30-44,0,1,1
21340,2013,3,2,30-44,0,.76578152,5
21340,2013,4,2,30-44,0,.37089241,3
21340,2013,4,6,30-44,0,0,1
21340,2013,1,2,45-64,.18739788,0,5
21340,2013,2,2,45-64,0,0,1
21340,2013,3,2,45-64,0,0,2
21340,2013,3,6,45-64,0,0,1
21340,2013,4,2,45-64,0,.51937896,2
21340,2013,4,6,45-64,0,0,2
21340,2015,1,2,18-29,1,0,1
21340,2015,3,2,18-29,0,0,2
21340,2015,2,2,30-44,0,0,1
21340,2015,3,2,30-44,0,.52180189,3
21340,2015,4,1,30-44,0,0,1
21340,2015,4,2,30-44,0,0,3
21340,2015,1,2,45-64,0,0,2
21340,2015,2,2,45-64,0,0,1
21340,2015,3,1,45-64,0,0,1
21340,2015,3,2,45-64,0,.32643709,7
21340,2015,3,6,45-64,0,0,1
21340,2015,4,2,45-64,0,1,2
21340,2015,4,6,45-64,0,0,1
21340,2017,2,2,18-29,0,1,3
21340,2017,3,2,18-29,.22536923,.28613466,4
21340,2017,3,6,18-29,0,0,1
21340,2017,4,2,18-29,0,0,1
21340,2017,4,6,18-29,0,1,1
21340,2017,1,2,30-44,0,.43437019,2
21340,2017,2,2,30-44,0,1,2
21340,2017,2,6,30-44,1,0,1
21340,2017,3,2,30-44,0,.38506538,3
21340,2017,3,6,30-44,0,0,1
21340,2017,4,2,30-44,0,.47295332,2
21340,2017,1,2,45-64,0,0,1
21340,2017,2,2,45-64,0,.49050191,2
21340,2017,3,2,45-64,0,.5082255,2
21340,2017,3,6,45-64,0,0,1
21340,2017,4,1,45-64,0,1,1
21340,2017,4,2,45-64,0,0,1
21340,2017,4,6,45-64,0,.24111754,4
21340,2019,2,2,18-29,0,,1
21340,2019,3,2,18-29,0,,2
21340,2019,3,6,18-29,0,,1
21340,2019,4,2,18-29,0,,1
21340,2019,4,6,18-29,0,,1
21340,2019,1,2,30-44,0,,1
21340,2019,2,2,30-44,0,,1
21340,2019,3,2,30-44,0,,4
21340,2019,3,6,30-44,0,,1
21340,2019,4,2,30-44,0,,2
21340,2019,1,2,45-64,.37994823,,3
21340,2019,2,2,45-64,0,,4
21340,2019,3,2,45-64,0,,2
21340,2019,4,2,45-64,.30407098,,4
21340,2019,4,6,45-64,.48566878,,2
21340,2021,2,2,18-29,0,,2
21340,2021,2,6,18-29,,,0
21340,2021,3,2,18-29,0,,3
21340,2021,3,6,18-29,0,,2
21340,2021,4,2,18-29,0,,1
21340,2021,2,2,30-44,0,,2
21340,2021,2,6,30-44,0,,1
21340,2021,3,2,30-44,0,,3
21340,2021,4,2,30-44,0,,1
21340,2021,1,2,45-64,0,,2
21340,2021,2,2,45-64,.2477095,,4
21340,2021,3,2,45-64,0,,4
21340,2021,4,1,45-64,0,,1
21340,2021,4,2,45-64,0,,4
21340,2021,4,6,45-64,0,,1
21340,2023,2,2,18-29,0,,1
21340,2023,3,2,18-29,0,,5
21340,2023,4,2,18-29,0,,2
21340,2023,4,6,18-29,0,,1
21340,2023,2,2,30-44,0,,1
21340,2023,3,2,30-44,0,,3
21340,2023,1,2,45-64,0,,3
21340,2023,2,2,45-64,0,,3
21340,2023,3,2,45-64,0,,4
21340,2023,4,2,45-64,0,,1
21500,2013,2,6,18-29,1,0,1
21500,2013,3,1,18-29,0,0,1
21500,2013,4,3,18-29,0,0,1
21500,2013,4,6,18-29,0,0,1
21500,2013,2,1,30-44,0,,1
21500,2013,4,6,30-44,0,1,1
21500,2013,2,6,45-64,.21512794,0,5
21500,2013,3,6,45-64,0,0,1
21500,2013,4,6,45-64,0,.34487396,3
21500,2015,2,6,30-44,0,0,1
21500,2015,3,1,30-44,0,0,1
21500,2015,2,6,45-64,0,0,3
21500,2015,3,6,45-64,0,0,1
21500,2015,4,6,45-64,0,.27244249,3
21500,2017,2,1,18-29,0,,1
21500,2017,3,1,18-29,0,0,1
21500,2017,3,6,18-29,0,,1
21500,2017,4,6,18-29,0,1,1
21500,2017,2,6,30-44,0,1,2
21500,2017,3,6,30-44,0,.25747272,4
21500,2017,4,1,30-44,0,1,1
21500,2017,2,6,45-64,0,1,1
21500,2017,3,1,45-64,0,0,1
21500,2017,3,6,45-64,0,.42651629,2
21500,2017,4,6,45-64,0,.31590301,3
21500,2019,3,6,18-29,0,,1
21500,2019,3,6,30-44,1,,1
21500,2019,4,6,30-44,0,,3
21500,2019,2,6,45-64,1,,1
21500,2019,4,6,45-64,0,,1
21500,2021,2,6,30-44,1,,1
21500,2021,4,6,30-44,0,,1
21500,2021,2,6,45-64,0,,1
21500,2023,3,2,18-29,0,,1
21500,2023,3,6,30-44,0,,1
21500,2023,4,6,30-44,0,,1
21500,2023,2,6,45-64,0,,1
21500,2023,4,1,45-64,0,,1
21500,2023,4,6,45-64,.33373287,,3
21660,2013,3,6,18-29,0,1,1
21660,2013,4,6,18-29,0,0,2
21660,2013,2,6,30-44,.35003516,.36471653,6
21660,2013,3,6,30-44,.3210642,.54966933,4
21660,2013,4,6,30-44,0,.86025393,7
21660,2013,2,6,45-64,0,0,1
21660,2013,3,6,45-64,0,.20560449,5
21660,2013,4,6,45-64,.29154918,0,7
21660,2015,2,6,18-29,0,1,1
21660,2015,3,6,18-29,0,.56804764,2
21660,2015,3,7,18-29,0,1,1
21660,2015,4,6,18-29,0,1,1
21660,2015,1,2,30-44,0,,1
21660,2015,3,2,30-44,0,0,1
21660,2015,3,6,30-44,.33718896,.33718896,3
21660,2015,4,6,30-44,0,.59456241,2
21660,2015,4,7,30-44,0,1,1
21660,2015,2,6,45-64,0,0,1
21660,2015,3,6,45-64,.27508,.73715085,4
21660,2015,4,6,45-64,0,.51616931,2
21660,2017,3,6,18-29,0,1,1
21660,2017,1,2,30-44,0,,1
21660,2017,1,6,30-44,1,1,1
21660,2017,2,6,30-44,0,,1
21660,2017,3,6,30-44,0,1,3
21660,2017,3,7,30-44,0,1,1
21660,2017,4,6,30-44,0,1,2
21660,2017,1,2,45-64,0,0,1
21660,2017,2,6,45-64,0,0,2
21660,2017,3,6,45-64,0,.30998626,4
21660,2017,4,1,45-64,0,1,1
21660,2017,4,4,45-64,0,1,1
21660,2017,4,6,45-64,.19641545,.75502133,5
21660,2019,1,6,18-29,0,,1
21660,2019,2,7,18-29,0,,1
21660,2019,4,6,18-29,0,,2
21660,2019,4,7,18-29,0,,1
21660,2019,1,2,30-44,0,,1
21660,2019,2,6,30-44,0,,2
21660,2019,3,2,30-44,1,,1
21660,2019,3,6,30-44,0,,4
21660,2019,4,6,30-44,0,,3
21660,2019,4,7,30-44,0,,1
21660,2019,2,6,45-64,.48126012,,4
21660,2019,2,7,45-64,0,,1
21660,2019,3,6,45-64,0,,4
21660,2019,4,6,45-64,.14086272,,5
21660,2021,2,1,18-29,0,,1
21660,2021,3,6,18-29,0,,2
21660,2021,4,6,18-29,0,,4
21660,2021,3,2,30-44,0,,1
21660,2021,3,3,30-44,0,,1
21660,2021,3,6,30-44,.5777536,,2
21660,2021,3,7,30-44,0,,1
21660,2021,4,1,30-44,0,,1
21660,2021,4,2,30-44,0,,3
21660,2021,4,6,30-44,.56066471,,2
21660,2021,1,2,45-64,0,,1
21660,2021,1,6,45-64,0,,1
21660,2021,2,6,45-64,0,,3
21660,2021,3,6,45-64,0,,3
21660,2021,4,6,45-64,.2647562,,4
21660,2023,3,2,18-29,0,,1
21660,2023,4,6,18-29,0,,1
21660,2023,2,6,30-44,0,,4
21660,2023,2,7,30-44,0,,1
21660,2023,3,6,30-44,.35158753,,3
21660,2023,4,3,30-44,0,,1
21660,2023,4,6,30-44,.15193297,,6
21660,2023,2,6,45-64,0,,1
21660,2023,2,7,45-64,0,,1
21660,2023,3,6,45-64,.32145527,,3
21660,2023,4,6,45-64,.32155985,,3
21780,2013,3,2,18-29,,0,0
21780,2013,3,6,18-29,0,1,1
21780,2013,4,6,18-29,0,1,1
21780,2013,3,1,30-44,0,0,2
21780,2013,3,6,30-44,0,0,1
21780,2013,4,6,30-44,0,0,2
21780,2013,2,6,45-64,.44263867,0,2
21780,2013,3,6,45-64,.35837579,.50515115,3
21780,2013,4,6,45-64,.28733814,.35633093,3
21780,2015,3,6,18-29,0,0,2
21780,2015,4,6,30-44,0,.73284507,3
21780,2015,2,6,45-64,0,.2235381,4
21780,2015,3,6,45-64,.19186497,.33100456,4
21780,2015,4,6,45-64,0,.4215484,2
21780,2017,2,6,18-29,0,.46799308,2
21780,2017,3,6,18-29,0,.48588935,2
21780,2017,3,7,18-29,0,1,1
21780,2017,4,6,18-29,0,1,1
21780,2017,1,6,30-44,0,1,1
21780,2017,3,6,30-44,0,1,1
21780,2017,4,6,30-44,0,1,4
21780,2017,2,1,45-64,0,0,1
21780,2017,2,6,45-64,0,.32559964,3
21780,2017,3,6,45-64,0,.66181862,3
21780,2017,4,6,45-64,.64546204,0,3
21780,2019,4,1,18-29,0,,1
21780,2019,3,1,30-44,0,,1
21780,2019,3,6,30-44,0,,1
21780,2019,4,6,30-44,0,,3
21780,2019,1,6,45-64,0,,1
21780,2019,2,1,45-64,0,,1
21780,2019,2,6,45-64,0,,2
21780,2019,3,6,45-64,0,,2
21780,2019,4,6,45-64,0,,3
21780,2021,2,6,18-29,0,,2
21780,2021,2,6,30-44,.50300187,,2
21780,2021,3,6,30-44,0,,2
21780,2021,4,6,30-44,0,,2
21780,2021,2,6,45-64,0,,3
21780,2021,3,6,45-64,0,,4
21780,2021,4,6,45-64,0,,2
21780,2023,2,6,30-44,0,,3
21780,2023,3,6,30-44,0,,2
21780,2023,4,6,30-44,0,,1
21780,2023,2,6,45-64,0,,2
21780,2023,3,2,45-64,0,,1
21780,2023,3,6,45-64,0,,1
21780,2023,4,6,45-64,0,,1
22020,2013,1,6,18-29,0,1,1
22020,2013,2,6,18-29,0,.8969872,7
22020,2013,3,6,18-29,.090112396,.69794226,18
22020,2013,3,7,18-29,0,1,1
22020,2013,4,6,18-29,0,.77814817,4
22020,2013,1,6,30-44,0,0,2
22020,2013,2,1,30-44,0,0,1
22020,2013,2,3,30-44,0,1,1
22020,2013,2,6,30-44,0,.62758642,6
22020,2013,2,7,30-44,0,,1
22020,2013,3,4,30-44,1,,1
22020,2013,3,6,30-44,.13078479,.43072683,17
22020,2013,4,6,30-44,.16207644,.60699743,16
22020,2013,1,2,45-64,0,0,1
22020,2013,2,3,45-64,0,0,1
22020,2013,2,6,45-64,0,0,5
22020,2013,3,5,45-64,0,1,1
22020,2013,3,6,45-64,.048721351,.15176885,20
22020,2013,4,6,45-64,.1255594,.30519804,17
22020,2015,2,6,18-29,0,.6866371,3
22020,2015,3,1,18-29,0,1,1
22020,2015,3,2,18-29,0,1,1
22020,2015,3,6,18-29,0,.87382764,16
22020,2015,3,7,18-29,0,1,1
22020,2015,4,6,18-29,0,.86262459,14
22020,2015,2,6,30-44,0,.48339522,2
22020,2015,3,4,30-44,0,,1
22020,2015,3,6,30-44,.077992931,.67922676,13
22020,2015,3,7,30-44,0,1,1
22020,2015,4,2,30-44,0,1,2
22020,2015,4,6,30-44,.14603439,.60921115,22
22020,2015,2,6,45-64,.13068968,.14879626,9
22020,2015,3,6,45-64,.058553819,.28072426,13
22020,2015,4,3,45-64,0,0,1
22020,2015,4,6,45-64,0,.25602841,12
22020,2015,4,7,45-64,1,0,1
22020,2017,1,4,18-29,0,1,1
22020,2017,1,6,18-29,0,,1
22020,2017,2,6,18-29,0,1,4
22020,2017,3,6,18-29,0,.73370802,9
22020,2017,4,6,18-29,0,.88000619,8
22020,2017,2,1,30-44,0,0,1
22020,2017,2,6,30-44,0,.73190087,8
22020,2017,3,6,30-44,.083204977,.70276105,13
22020,2017,4,1,30-44,0,1,2
22020,2017,4,2,30-44,0,1,1
22020,2017,4,3,30-44,0,1,1
22020,2017,4,6,30-44,.042854592,.89070058,24
22020,2017,1,6,45-64,0,0,1
22020,2017,2,6,45-64,0,.27166346,4
22020,2017,3,6,45-64,0,.53161454,9
22020,2017,3,7,45-64,0,0,2
22020,2017,4,6,45-64,0,.3908141,10
22020,2019,1,6,18-29,0,,2
22020,2019,2,2,18-29,0,,1
22020,2019,2,6,18-29,.14202534,,5
22020,2019,3,1,18-29,0,,1
22020,2019,3,4,18-29,0,,1
22020,2019,3,6,18-29,0,,4
22020,2019,4,1,18-29,0,,1
22020,2019,4,3,18-29,0,,1
22020,2019,4,6,18-29,0,,9
22020,2019,1,1,30-44,0,,1
22020,2019,2,1,30-44,0,,1
22020,2019,2,6,30-44,.24743082,,8
22020,2019,3,3,30-44,0,,1
22020,2019,3,6,30-44,.13110881,,15
22020,2019,4,6,30-44,0,,12
22020,2019,1,3,45-64,0,,1
22020,2019,2,1,45-64,0,,2
22020,2019,2,6,45-64,.21149601,,5
22020,2019,3,6,45-64,.071697854,,16
22020,2019,4,1,45-64,0,,1
22020,2019,4,6,45-64,.18153107,,11
22020,2021,1,4,18-29,0,,1
22020,2021,1,6,18-29,0,,1
22020,2021,2,2,18-29,0,,1
22020,2021,2,4,18-29,0,,1
22020,2021,2,6,18-29,0,,6
22020,2021,3,6,18-29,0,,3
22020,2021,3,7,18-29,0,,1
22020,2021,4,6,18-29,.14785859,,9
22020,2021,1,3,30-44,0,,2
22020,2021,2,3,30-44,0,,1
22020,2021,2,6,30-44,.23601569,,5
22020,2021,3,1,30-44,0,,1
22020,2021,3,3,30-44,0,,1
22020,2021,3,6,30-44,0,,12
22020,2021,4,6,30-44,0,,18
22020,2021,4,7,30-44,0,,1
22020,2021,1,3,45-64,0,,1
22020,2021,2,6,45-64,0,,5
22020,2021,3,3,45-64,0,,1
22020,2021,3,6,45-64,.077232666,,13
22020,2021,4,6,45-64,.21177608,,9
22020,2023,2,2,18-29,0,,1
22020,2023,2,6,18-29,0,,3
22020,2023,3,6,18-29,0,,5
22020,2023,4,5,18-29,0,,1
22020,2023,4,6,18-29,.27831006,,5
22020,2023,1,3,30-44,0,,1
22020,2023,2,2,30-44,0,,2
22020,2023,2,6,30-44,.33187386,,3
22020,2023,3,6,30-44,0,,10
22020,2023,4,1,30-44,0,,1
22020,2023,4,3,30-44,0,,1
22020,2023,4,6,30-44,0,,14
22020,2023,4,7,30-44,0,,1
22020,2023,2,1,45-64,0,,1
22020,2023,2,2,45-64,0,,1
22020,2023,2,6,45-64,.42101818,,5
22020,2023,3,3,45-64,0,,1
22020,2023,3,6,45-64,.31439102,,3
22020,2023,4,6,45-64,0,,7
22020,2023,4,7,45-64,0,,1
22140,2013,2,6,30-44,0,0,1
22140,2013,3,4,30-44,0,.53234583,2
22140,2013,2,6,45-64,0,0,1
22140,2013,3,2,45-64,0,,1
22140,2013,4,6,45-64,1,0,1
22140,2015,2,4,18-29,0,0,2
22140,2015,1,2,30-44,0,1,1
22140,2015,2,2,30-44,0,0,1
22140,2015,2,4,30-44,0,1,3
22140,2015,2,6,30-44,0,0,1
22140,2015,3,2,30-44,0,0,1
22140,2015,3,4,30-44,0,.33179495,4
22140,2015,3,6,30-44,0,0,1
22140,2015,2,4,45-64,0,0,2
22140,2015,2,6,45-64,0,0,1
22140,2015,3,4,45-64,0,,1
22140,2015,3,6,45-64,.27513242,0,4
22140,2015,4,2,45-64,0,0,1
22140,2015,4,6,45-64,1,0,1
22140,2017,1,2,18-29,0,0,1
22140,2017,2,2,18-29,0,0,2
22140,2017,3,4,18-29,0,1,1
22140,2017,3,6,18-29,0,0,1
22140,2017,2,4,30-44,0,1,1
22140,2017,2,6,30-44,0,1,1
22140,2017,3,6,30-44,0,0,2
22140,2017,4,6,30-44,0,0,1
22140,2017,1,2,45-64,0,,1
22140,2017,2,4,45-64,0,0,1
22140,2017,2,6,45-64,0,1,1
22140,2017,3,4,45-64,0,0,1
22140,2017,3,6,45-64,0,.53078657,4
22140,2017,4,6,45-64,0,1,2
22140,2019,3,6,18-29,0,,1
22140,2019,2,4,30-44,0,,1
22140,2019,3,2,30-44,0,,1
22140,2019,3,4,30-44,0,,1
22140,2019,4,6,30-44,0,,1
22140,2019,1,4,45-64,0,,1
22140,2019,2,4,45-64,0,,1
22140,2019,2,6,45-64,0,,1
22140,2019,3,4,45-64,0,,4
22140,2019,3,6,45-64,0,,1
22140,2019,4,4,45-64,0,,2
22140,2019,4,6,45-64,0,,2
22140,2021,2,4,18-29,0,,1
22140,2021,4,6,18-29,0,,2
22140,2021,2,2,30-44,0,,1
22140,2021,2,4,30-44,0,,1
22140,2021,3,2,30-44,0,,1
22140,2021,3,6,30-44,0,,1
22140,2021,4,4,30-44,0,,1
22140,2021,2,2,45-64,0,,1
22140,2021,2,4,45-64,0,,1
22140,2021,3,2,45-64,0,,1
22140,2021,3,4,45-64,0,,3
22140,2021,3,6,45-64,0,,1
22140,2023,3,4,18-29,0,,2
22140,2023,4,6,18-29,0,,1
22140,2023,1,6,30-44,0,,1
22140,2023,2,2,30-44,0,,1
22140,2023,2,6,30-44,0,,1
22140,2023,3,4,30-44,0,,1
22140,2023,3,6,30-44,0,,1
22140,2023,3,7,30-44,0,,1
22140,2023,4,3,30-44,0,,1
22140,2023,4,6,30-44,0,,1
22140,2023,2,2,45-64,0,,1
22140,2023,2,4,45-64,0,,1
22140,2023,3,2,45-64,0,,1
22140,2023,3,4,45-64,0,,2
22140,2023,3,6,45-64,0,,3
22180,2013,1,1,18-29,0,,1
22180,2013,2,1,18-29,0,,1
22180,2013,3,1,18-29,0,1,2
22180,2013,3,2,18-29,0,1,1
22180,2013,2,6,30-44,0,1,1
22180,2013,3,1,30-44,0,0,1
22180,2013,3,2,30-44,0,1,1
22180,2013,3,6,30-44,0,0,2
22180,2013,4,1,30-44,0,0,1
22180,2013,4,6,30-44,0,1,1
22180,2013,2,2,45-64,0,,1
22180,2013,2,6,45-64,0,0,1
22180,2013,3,1,45-64,0,0,1
22180,2013,3,6,45-64,0,1,1
22180,2013,3,7,45-64,0,0,1
22180,2013,4,6,45-64,.50084919,0,2
22180,2015,2,2,18-29,0,1,1
22180,2015,2,6,18-29,0,1,1
22180,2015,3,1,18-29,0,1,2
22180,2015,4,6,18-29,0,0,1
22180,2015,3,1,30-44,0,1,2
22180,2015,3,6,30-44,0,0,1
22180,2015,2,1,45-64,0,.52986264,2
22180,2015,3,1,45-64,0,0,2
22180,2015,3,6,45-64,0,0,1
22180,2015,4,1,45-64,0,0,1
22180,2015,4,2,45-64,0,0,1
22180,2015,4,6,45-64,.5,1,2
22180,2017,2,2,18-29,0,1,1
22180,2017,2,7,18-29,0,1,1
22180,2017,3,1,18-29,0,1,1
22180,2017,4,1,18-29,0,1,1
22180,2017,4,4,18-29,0,1,1
22180,2017,4,6,18-29,0,1,1
22180,2017,2,1,30-44,0,1,1
22180,2017,2,6,30-44,0,1,1
22180,2017,3,6,30-44,0,1,1
22180,2017,4,1,30-44,0,1,1
22180,2017,2,1,45-64,0,1,1
22180,2017,4,1,45-64,0,0,1
22180,2017,4,6,45-64,0,1,1
22180,2019,3,2,18-29,0,,1
22180,2019,4,6,18-29,.4747377,,2
22180,2019,2,6,30-44,1,,1
22180,2019,3,1,30-44,0,,1
22180,2019,3,6,30-44,0,,2
22180,2019,4,6,30-44,0,,1
22180,2019,1,6,45-64,0,,1
22180,2019,2,1,45-64,0,,1
22180,2019,3,1,45-64,0,,1
22180,2019,3,6,45-64,.41646197,,2
22180,2019,4,2,45-64,0,,1
22180,2019,4,6,45-64,1,,1
22180,2021,2,1,18-29,0,,1
22180,2021,2,6,18-29,.50378382,,2
22180,2021,3,6,30-44,0,,1
22180,2021,4,1,30-44,0,,1
22180,2021,4,2,30-44,0,,1
22180,2021,3,6,45-64,0,,1
22180,2021,4,6,45-64,0,,1
22180,2023,2,1,18-29,0,,1
22180,2023,2,6,30-44,.55344093,,2
22180,2023,3,1,30-44,0,,1
22180,2023,3,2,30-44,0,,1
22180,2023,3,6,30-44,1,,1
22180,2023,4,6,30-44,.49572879,,2
22180,2023,1,2,45-64,0,,1
22180,2023,3,1,45-64,0,,2
22180,2023,3,6,45-64,0,,2
22220,2013,1,2,18-29,0,0,1
22220,2013,3,3,18-29,0,0,1
22220,2013,3,6,18-29,0,.46350566,2
22220,2013,4,3,18-29,0,.69291574,3
22220,2013,4,6,18-29,0,.28690419,3
22220,2013,1,2,30-44,0,.31277391,3
22220,2013,1,6,30-44,0,,1
22220,2013,2,2,30-44,0,,1
22220,2013,2,6,30-44,0,1,1
22220,2013,3,2,30-44,0,,1
22220,2013,3,6,30-44,0,.59015965,5
22220,2013,4,3,30-44,0,.70496958,3
22220,2013,4,6,30-44,.13098644,.28756598,7
22220,2013,2,6,45-64,0,0,3
22220,2013,3,6,45-64,0,0,3
22220,2013,4,6,45-64,0,.66026765,3
22220,2015,2,2,18-29,0,,1
22220,2015,3,1,18-29,0,0,1
22220,2015,3,2,18-29,0,1,1
22220,2015,3,6,18-29,0,.44143465,7
22220,2015,4,6,18-29,0,.62668264,5
22220,2015,1,2,30-44,0,0,1
22220,2015,2,1,30-44,0,0,1
22220,2015,2,2,30-44,1,0,1
22220,2015,2,5,30-44,0,0,1
22220,2015,2,6,30-44,0,.39282212,3
22220,2015,3,2,30-44,0,0,1
22220,2015,3,6,30-44,.10487235,.50699675,8
22220,2015,4,1,30-44,0,0,1
22220,2015,4,2,30-44,0,0,1
22220,2015,4,3,30-44,0,.54318249,2
22220,2015,4,6,30-44,.44834703,1,2
22220,2015,1,2,45-64,0,0,1
22220,2015,2,6,45-64,.34180793,0,3
22220,2015,2,7,45-64,0,0,1
22220,2015,3,6,45-64,0,.12045334,8
22220,2015,4,3,45-64,0,0,1
22220,2015,4,6,45-64,.13093178,.45523921,7
22220,2017,2,3,18-29,0,0,1
22220,2017,2,6,18-29,0,1,3
22220,2017,3,2,18-29,0,1,1
22220,2017,3,6,18-29,0,.85315204,6
22220,2017,3,7,18-29,0,1,1
22220,2017,4,3,18-29,0,0,1
22220,2017,4,6,18-29,0,.65192515,3
22220,2017,1,6,30-44,0,.58617806,2
22220,2017,2,2,30-44,.45473883,0,2
22220,2017,2,6,30-44,0,.3328059,3
22220,2017,3,4,30-44,0,1,1
22220,2017,3,6,30-44,.28848797,.70497,11
22220,2017,4,3,30-44,0,1,1
22220,2017,4,4,30-44,0,1,1
22220,2017,4,6,30-44,0,.65156436,3
22220,2017,1,2,45-64,0,0,1
22220,2017,2,6,45-64,0,.48651093,4
22220,2017,3,6,45-64,0,.63788128,11
22220,2017,4,1,45-64,0,1,1
22220,2017,4,6,45-64,.078406788,.57219839,10
22220,2019,1,6,18-29,0,,1
22220,2019,2,2,18-29,0,,1
22220,2019,2,6,18-29,0,,2
22220,2019,3,6,18-29,.17285348,,5
22220,2019,4,3,18-29,0,,1
22220,2019,4,6,18-29,0,,3
22220,2019,1,2,30-44,0,,1
22220,2019,2,6,30-44,0,,3
22220,2019,3,2,30-44,0,,1
22220,2019,3,6,30-44,.12212233,,7
22220,2019,4,6,30-44,.34897572,,9
22220,2019,2,2,45-64,1,,1
22220,2019,2,6,45-64,.11863486,,6
22220,2019,3,6,45-64,0,,5
22220,2019,3,7,45-64,0,,1
22220,2019,4,1,45-64,0,,1
22220,2019,4,3,45-64,0,,1
22220,2019,4,6,45-64,.09180779,,11
22220,2021,1,6,18-29,0,,2
22220,2021,2,1,18-29,0,,1
22220,2021,2,6,18-29,0,,2
22220,2021,3,2,18-29,0,,2
22220,2021,3,6,18-29,.29154608,,4
22220,2021,4,2,18-29,.44965374,,2
22220,2021,4,3,18-29,0,,3
22220,2021,4,6,18-29,0,,5
22220,2021,2,1,30-44,0,,1
22220,2021,2,2,30-44,1,,1
22220,2021,2,6,30-44,0,,3
22220,2021,3,2,30-44,0,,1
22220,2021,3,6,30-44,0,,3
22220,2021,4,3,30-44,0,,5
22220,2021,4,6,30-44,0,,13
22220,2021,4,7,30-44,.48675495,,2
22220,2021,1,2,45-64,.33189523,,3
22220,2021,2,6,45-64,.24475569,,4
22220,2021,3,6,45-64,.08167056,,9
22220,2021,4,6,45-64,.081496917,,10
22220,2023,1,6,18-29,0,,1
22220,2023,2,2,18-29,0,,2
22220,2023,2,6,18-29,0,,1
22220,2023,3,1,18-29,0,,2
22220,2023,3,4,18-29,0,,1
22220,2023,3,6,18-29,0,,2
22220,2023,4,2,18-29,0,,1
22220,2023,4,6,18-29,0,,2
22220,2023,4,7,18-29,0,,1
22220,2023,1,2,30-44,0,,2
22220,2023,2,2,30-44,0,,1
22220,2023,2,6,30-44,0,,2
22220,2023,3,6,30-44,0,,2
22220,2023,4,6,30-44,0,,7
22220,2023,1,2,45-64,.53561175,,2
22220,2023,2,6,45-64,0,,4
22220,2023,3,5,45-64,0,,1
22220,2023,3,6,45-64,.15635601,,5
22220,2023,4,1,45-64,0,,2
22220,2023,4,2,45-64,0,,1
22220,2023,4,4,45-64,0,,1
22220,2023,4,6,45-64,.54698128,,6
22420,2013,3,6,18-29,0,0,1
22420,2013,2,1,30-44,0,,1
22420,2013,2,6,30-44,0,0,1
22420,2013,3,1,30-44,0,0,1
22420,2013,3,6,30-44,0,.69695747,3
22420,2013,4,6,30-44,0,0,1
22420,2013,1,1,45-64,0,0,1
22420,2013,2,6,45-64,0,0,4
22420,2013,3,6,45-64,0,.51118255,2
22420,2013,4,6,45-64,0,0,3
22420,2015,2,6,18-29,0,0,2
22420,2015,3,6,18-29,.37652624,.31096771,3
22420,2015,2,6,30-44,0,0,3
22420,2015,3,1,30-44,0,0,1
22420,2015,3,6,30-44,0,0,2
22420,2015,4,6,30-44,0,0,1
22420,2015,2,6,45-64,0,0,2
22420,2015,3,6,45-64,1,0,1
22420,2015,4,6,45-64,.39140975,0,3
22420,2017,1,6,18-29,0,0,1
22420,2017,3,6,18-29,0,1,1
22420,2017,4,2,18-29,0,1,1
22420,2017,4,6,18-29,0,1,1
22420,2017,3,6,30-44,0,1,2
22420,2017,4,1,30-44,0,0,1
22420,2017,2,6,45-64,0,0,1
22420,2017,3,6,45-64,0,.16733943,6
22420,2017,4,6,45-64,.50062197,0,2
22420,2019,3,6,18-29,0,,1
22420,2019,1,6,30-44,0,,1
22420,2019,3,6,30-44,0,,2
22420,2019,4,6,30-44,.31578618,,3
22420,2019,1,6,45-64,0,,1
22420,2019,3,1,45-64,0,,1
22420,2019,3,6,45-64,0,,1
22420,2019,4,6,45-64,0,,5
22420,2021,2,1,18-29,0,,1
22420,2021,3,6,18-29,0,,3
22420,2021,4,6,18-29,0,,1
22420,2021,2,6,30-44,0,,3
22420,2021,3,6,30-44,0,,2
22420,2021,4,1,30-44,0,,1
22420,2021,3,6,45-64,.2261572,,5
22420,2021,4,2,45-64,0,,1
22420,2021,4,6,45-64,0,,2
22420,2023,3,1,18-29,0,,1
22420,2023,3,6,18-29,0,,1
22420,2023,4,6,18-29,0,,2
22420,2023,3,1,30-44,1,,1
22420,2023,3,6,30-44,.26593387,,4
22420,2023,4,1,30-44,0,,1
22420,2023,4,6,30-44,0,,2
22420,2023,3,6,45-64,0,,4
22420,2023,4,6,45-64,.4927206,,2
22500,2015,2,1,18-29,0,0,2
22500,2015,3,1,18-29,0,1,1
22500,2015,1,1,30-44,0,0,1
22500,2015,3,1,30-44,0,.60796803,2
22500,2015,4,6,30-44,0,0,2
22500,2015,2,6,45-64,0,0,1
22500,2015,3,1,45-64,0,0,2
22500,2015,3,3,45-64,0,1,1
22500,2015,3,6,45-64,0,0,1
22500,2015,4,6,45-64,1,0,1
22500,2017,2,1,18-29,0,,1
22500,2017,4,6,18-29,0,0,1
22500,2017,2,6,30-44,0,0,1
22500,2017,3,6,30-44,0,1,1
22500,2017,4,6,30-44,0,0,1
22500,2017,2,6,45-64,.76694566,0,3
22500,2017,4,6,45-64,0,1,1
22500,2019,2,1,18-29,0,,1
22500,2019,2,2,18-29,0,,1
22500,2019,2,1,30-44,0,,1
22500,2019,4,6,30-44,0,,1
22500,2019,4,1,45-64,0,,1
22500,2019,4,3,45-64,0,,1
22500,2021,2,6,18-29,1,,1
22500,2021,3,7,30-44,1,,1
22500,2021,4,6,30-44,0,,3
22500,2021,2,6,45-64,0,,2
22500,2021,3,6,45-64,0,,1
22500,2021,4,6,45-64,.67379236,,3
22500,2023,3,7,18-29,0,,1
22500,2023,2,6,30-44,0,,1
22500,2023,3,1,30-44,0,,2
22500,2023,1,1,45-64,0,,1
22500,2023,1,6,45-64,1,,1
22500,2023,3,1,45-64,0,,1
22500,2023,4,1,45-64,0,,1
22520,2013,2,1,18-29,0,0,1
22520,2013,1,1,30-44,0,0,1
22520,2013,1,6,30-44,0,1,1
22520,2013,2,6,30-44,0,1,2
22520,2013,4,6,30-44,0,.53533673,4
22520,2013,4,6,45-64,0,0,1
22520,2015,2,6,18-29,0,,1
22520,2015,3,6,18-29,0,0,3
22520,2015,1,6,30-44,0,0,1
22520,2015,2,6,30-44,0,1,1
22520,2015,3,6,30-44,0,0,2
22520,2015,4,6,30-44,0,.6541062,2
22520,2015,1,6,45-64,0,.44555482,2
22520,2015,2,1,45-64,0,0,2
22520,2015,2,6,45-64,0,.53434604,2
22520,2015,3,1,45-64,0,0,1
22520,2015,3,6,45-64,0,0,2
22520,2015,4,6,45-64,0,.65058559,3
22520,2017,2,6,18-29,0,.56613529,2
22520,2017,3,1,18-29,0,0,1
22520,2017,3,6,18-29,0,1,1
22520,2017,4,6,18-29,0,1,2
22520,2017,2,6,30-44,0,0,1
22520,2017,3,6,30-44,1,1,1
22520,2017,3,6,45-64,0,1,1
22520,2017,4,6,45-64,0,0,1
22520,2019,1,6,18-29,0,,1
22520,2019,2,6,18-29,0,,3
22520,2019,3,1,18-29,0,,1
22520,2019,3,6,18-29,0,,2
22520,2019,4,6,18-29,0,,1
22520,2019,2,6,30-44,0,,2
22520,2019,3,6,30-44,0,,3
22520,2019,2,6,45-64,0,,1
22520,2019,3,1,45-64,0,,1
22520,2019,3,6,45-64,.34257087,,3
22520,2021,4,6,18-29,0,,1
22520,2021,3,6,30-44,0,,2
22520,2021,4,6,30-44,0,,1
22520,2021,3,1,45-64,1,,1
22520,2021,3,6,45-64,0,,2
22520,2021,4,1,45-64,0,,1
22520,2023,2,6,30-44,0,,1
22520,2023,4,6,30-44,0,,3
22520,2023,1,6,45-64,0,,1
22520,2023,2,6,45-64,0,,2
22520,2023,4,6,45-64,0,,1
22660,2013,3,2,18-29,0,1,1
22660,2013,3,6,18-29,0,.52539796,2
22660,2013,4,6,18-29,.17206745,.39412493,5
22660,2013,2,6,30-44,0,.31242278,4
22660,2013,4,6,30-44,.094795451,.53486747,11
22660,2013,1,1,45-64,0,0,1
22660,2013,3,6,45-64,.39105755,.48301199,13
22660,2013,3,7,45-64,0,0,1
22660,2013,4,6,45-64,.15197255,.14281489,7
22660,2015,2,6,18-29,0,1,1
22660,2015,4,6,18-29,0,1,1
22660,2015,3,2,30-44,0,0,1
22660,2015,3,6,30-44,.3343285,1,2
22660,2015,4,6,30-44,.44695598,.44695598,2
22660,2015,1,2,45-64,0,,1
22660,2015,3,4,45-64,0,0,1
22660,2015,3,6,45-64,0,.52248597,2
22660,2015,4,6,45-64,.33046496,.33046496,4
22660,2017,2,6,30-44,0,1,1
22660,2017,3,2,30-44,1,1,1
22660,2017,3,3,30-44,0,1,1
22660,2017,3,6,30-44,0,1,1
22660,2017,4,6,30-44,0,1,3
22660,2017,1,6,45-64,0,1,1
22660,2017,2,6,45-64,1,0,1
22660,2017,3,6,45-64,0,.41231936,2
22660,2017,4,6,45-64,0,.63190377,3
22660,2019,3,6,18-29,.27760398,,3
22660,2019,4,2,18-29,0,,1
22660,2019,4,6,18-29,0,,4
22660,2019,2,6,30-44,1,,1
22660,2019,4,6,30-44,.30880955,,3
22660,2019,2,2,45-64,0,,1
22660,2019,2,6,45-64,.52243215,,2
22660,2019,3,6,45-64,0,,1
22660,2019,4,2,45-64,0,,1
22660,2019,4,6,45-64,.26103538,,4
22660,2021,4,6,18-29,0,,1
22660,2021,3,6,30-44,.512932,,2
22660,2021,4,6,30-44,0,,2
22660,2021,2,6,45-64,1,,1
22660,2021,3,4,45-64,0,,1
22660,2021,3,6,45-64,0,,3
22660,2021,4,6,45-64,0,,1
22660,2023,2,6,18-29,0,,1
22660,2023,3,6,18-29,0,,1
22660,2023,4,6,18-29,0,,1
22660,2023,3,6,30-44,0,,1
22660,2023,4,1,30-44,0,,1
22660,2023,4,2,30-44,0,,1
22660,2023,4,6,30-44,.41119066,,3
22660,2023,2,6,45-64,0,,1
22660,2023,3,6,45-64,0,,3
22660,2023,4,6,45-64,0,,2
22900,2013,1,2,18-29,0,0,1
22900,2013,2,6,30-44,0,0,3
22900,2013,3,6,30-44,.48901075,0,2
22900,2013,4,6,30-44,0,.56967199,3
22900,2013,1,2,45-64,0,,1
22900,2013,1,6,45-64,0,1,1
22900,2013,2,3,45-64,0,0,1
22900,2013,2,6,45-64,0,0,3
22900,2013,3,6,45-64,0,0,2
22900,2015,2,6,18-29,0,.50943595,3
22900,2015,3,6,18-29,0,0,1
22900,2015,1,6,30-44,0,1,1
22900,2015,2,1,30-44,0,1,1
22900,2015,2,3,30-44,0,0,1
22900,2015,2,6,30-44,0,1,1
22900,2015,3,1,30-44,0,1,1
22900,2015,3,6,30-44,0,0,3
22900,2015,4,4,30-44,0,1,1
22900,2015,4,6,30-44,0,1,1
22900,2015,1,6,45-64,0,1,3
22900,2015,2,3,45-64,0,0,1
22900,2015,2,6,45-64,0,.33059803,3
22900,2015,3,2,45-64,1,,1
22900,2015,3,4,45-64,0,0,1
22900,2015,3,6,45-64,1,0,1
22900,2015,4,6,45-64,0,0,2
22900,2017,2,6,18-29,0,1,3
22900,2017,2,7,18-29,0,0,1
22900,2017,3,6,18-29,0,.76731008,4
22900,2017,2,6,30-44,.31979251,.54519397,3
22900,2017,2,7,30-44,0,1,1
22900,2017,3,6,30-44,0,1,4
22900,2017,4,6,30-44,0,.39754128,2
22900,2017,2,1,45-64,0,0,2
22900,2017,2,6,45-64,0,.61692345,2
22900,2017,3,2,45-64,0,0,1
22900,2017,3,6,45-64,0,1,1
22900,2017,4,6,45-64,0,.29356706,3
22900,2019,2,1,18-29,0,,1
22900,2019,2,4,18-29,0,,1
22900,2019,2,6,18-29,0,,3
22900,2019,4,6,18-29,0,,1
22900,2019,3,1,30-44,0,,1
22900,2019,3,6,30-44,0,,1
22900,2019,4,6,30-44,0,,2
22900,2019,1,6,45-64,1,,1
22900,2019,3,2,45-64,0,,1
22900,2019,3,6,45-64,1,,2
22900,2019,4,6,45-64,0,,1
22900,2021,2,6,18-29,1,,1
22900,2021,2,6,30-44,0,,1
22900,2021,4,6,30-44,0,,2
22900,2021,2,6,45-64,1,,1
22900,2023,2,2,18-29,0,,1
22900,2023,4,6,18-29,0,,1
22900,2023,2,6,30-44,0,,4
22900,2023,3,1,30-44,0,,1
22900,2023,3,6,30-44,0,,3
22900,2023,4,6,30-44,0,,1
22900,2023,2,6,45-64,.44794142,,2
22900,2023,4,6,45-64,0,,1
23060,2013,3,6,18-29,0,1,2
23060,2013,4,6,18-29,0,0,1
23060,2013,2,3,30-44,0,0,2
23060,2013,2,6,30-44,.22420123,.42841673,5
23060,2013,3,1,30-44,0,,1
23060,2013,3,6,30-44,0,.42165065,5
23060,2013,4,1,30-44,0,0,1
23060,2013,4,6,30-44,0,1,1
23060,2013,2,6,45-64,.26830447,0,4
23060,2013,3,1,45-64,0,1,1
23060,2013,3,2,45-64,0,1,1
23060,2013,3,6,45-64,0,0,1
23060,2013,4,3,45-64,0,1,1
23060,2013,4,6,45-64,.16069166,.50214386,6
23060,2015,2,2,18-29,0,0,1
23060,2015,3,6,18-29,0,1,1
23060,2015,4,6,18-29,0,1,1
23060,2015,3,1,30-44,0,1,1
23060,2015,4,6,30-44,0,0,1
23060,2015,3,6,45-64,0,0,1
23060,2015,4,6,45-64,0,0,2
23060,2017,1,1,18-29,0,0,1
23060,2017,3,6,18-29,0,1,1
23060,2017,4,6,18-29,0,1,1
23060,2017,3,1,30-44,0,0,2
23060,2017,4,6,30-44,.26709574,.73290426,4
23060,2017,2,6,45-64,1,1,1
23060,2017,3,6,45-64,0,.655927,3
23060,2017,4,6,45-64,0,1,4
23060,2019,2,6,18-29,0,,2
23060,2019,3,2,18-29,0,,1
23060,2019,4,6,18-29,.22379796,,5
23060,2019,1,3,30-44,0,,1
23060,2019,2,6,30-44,0,,1
23060,2019,4,3,30-44,0,,1
23060,2019,4,6,30-44,0,,2
23060,2019,1,2,45-64,0,,1
23060,2019,2,4,45-64,0,,1
23060,2019,2,6,45-64,.41778159,,5
23060,2019,3,6,45-64,0,,2
23060,2019,4,1,45-64,0,,1
23060,2019,4,6,45-64,0,,4
23060,2021,3,1,18-29,0,,1
23060,2021,3,6,18-29,0,,1
23060,2021,4,1,18-29,0,,1
23060,2021,2,1,30-44,0,,1
23060,2021,2,2,30-44,0,,1
23060,2021,2,6,30-44,0,,1
23060,2021,3,6,30-44,0,,1
23060,2021,4,6,30-44,0,,4
23060,2021,1,6,45-64,1,,1
23060,2021,2,6,45-64,0,,1
23060,2021,3,6,45-64,0,,6
23060,2021,3,7,45-64,0,,1
23060,2021,4,6,45-64,0,,6
23060,2023,2,6,30-44,.2719157,,4
23060,2023,3,6,30-44,0,,4
23060,2023,4,6,30-44,0,,5
23060,2023,2,6,45-64,0,,2
23060,2023,3,6,45-64,0,,4
23060,2023,4,6,45-64,0,,2
23060,2023,4,7,45-64,0,,1
23420,2013,1,1,18-29,0,,2
23420,2013,1,2,18-29,0,0,1
23420,2013,2,2,18-29,0,,1
23420,2013,2,6,18-29,0,1,2
23420,2013,3,3,18-29,0,1,1
23420,2013,4,2,18-29,0,1,1
23420,2013,4,3,18-29,1,0,1
23420,2013,1,2,30-44,0,1,1
23420,2013,2,1,30-44,0,,1
23420,2013,2,2,30-44,0,,1
23420,2013,2,3,30-44,0,0,1
23420,2013,3,3,30-44,0,0,1
23420,2013,3,6,30-44,1,1,1
23420,2013,4,6,30-44,0,0,2
23420,2013,2,2,45-64,0,0,2
23420,2013,2,3,45-64,0,1,1
23420,2013,3,2,45-64,0,0,2
23420,2013,3,6,45-64,.25193104,.54015315,4
23420,2013,4,3,45-64,0,0,1
23420,2013,4,6,45-64,0,0,4
23420,2015,2,2,18-29,0,0,1
23420,2015,2,3,18-29,1,1,1
23420,2015,3,2,18-29,0,1,1
23420,2015,1,2,30-44,.32808438,.19430825,6
23420,2015,2,2,30-44,0,.25082949,4
23420,2015,2,7,30-44,1,1,1
23420,2015,3,2,30-44,0,0,2
23420,2015,3,6,30-44,0,0,3
23420,2015,4,2,30-44,.32786825,1,3
23420,2015,2,2,45-64,0,,1
23420,2015,3,2,45-64,0,0,1
23420,2015,3,6,45-64,0,0,1
23420,2015,3,7,45-64,1,1,1
23420,2015,4,2,45-64,0,0,2
23420,2015,4,5,45-64,0,0,1
23420,2015,4,6,45-64,0,.42022556,2
23420,2017,3,2,18-29,0,1,2
23420,2017,4,2,18-29,0,.50985712,2
23420,2017,4,6,18-29,0,1,2
23420,2017,1,2,30-44,0,0,2
23420,2017,2,2,30-44,0,.43383813,3
23420,2017,2,3,30-44,0,0,1
23420,2017,3,2,30-44,0,0,1
23420,2017,3,3,30-44,0,1,2
23420,2017,4,2,30-44,0,1,1
23420,2017,4,6,30-44,0,1,2
23420,2017,1,2,45-64,0,0,4
23420,2017,2,6,45-64,0,.31842744,3
23420,2017,3,2,45-64,0,1,1
23420,2017,4,2,45-64,0,1,1
23420,2019,2,2,18-29,0,,3
23420,2019,2,6,18-29,0,,1
23420,2019,3,1,18-29,0,,1
23420,2019,3,2,18-29,0,,1
23420,2019,1,2,30-44,.50930601,,2
23420,2019,2,3,30-44,1,,1
23420,2019,2,6,30-44,1,,1
23420,2019,3,2,30-44,0,,2
23420,2019,4,2,30-44,0,,1
23420,2019,1,2,45-64,0,,2
23420,2019,3,1,45-64,0,,1
23420,2019,3,2,45-64,1,,1
23420,2019,3,6,45-64,0,,3
23420,2019,4,2,45-64,0,,1
23420,2021,2,2,18-29,0,,1
23420,2021,4,2,18-29,0,,5
23420,2021,2,1,30-44,0,,1
23420,2021,2,2,30-44,.24118289,,3
23420,2021,3,2,30-44,0,,2
23420,2021,4,2,30-44,0,,1
23420,2021,4,6,30-44,0,,3
23420,2021,4,7,30-44,0,,1
23420,2021,1,2,45-64,0,,4
23420,2021,2,2,45-64,0,,2
23420,2021,2,6,45-64,0,,3
23420,2021,3,6,45-64,0,,2
23420,2021,4,6,45-64,0,,1
23420,2023,3,2,18-29,0,,3
23420,2023,3,6,18-29,0,,1
23420,2023,4,1,18-29,0,,1
23420,2023,4,2,18-29,0,,1
23420,2023,4,5,18-29,0,,1
23420,2023,1,6,30-44,0,,1
23420,2023,3,2,30-44,0,,4
23420,2023,3,3,30-44,0,,1
23420,2023,3,6,30-44,0,,1
23420,2023,4,2,30-44,1,,1
23420,2023,4,6,30-44,0,,1
23420,2023,1,2,45-64,0,,1
23420,2023,3,6,45-64,0,,1
23420,2023,4,2,45-64,0,,3
23420,2023,4,6,45-64,0,,1
23540,2013,4,6,18-29,0,1,1
23540,2013,2,1,30-44,0,,1
23540,2013,4,6,30-44,0,0,1
23540,2013,3,1,45-64,0,0,2
23540,2013,3,6,45-64,0,0,2
23540,2015,2,6,18-29,0,0,1
23540,2015,3,1,30-44,0,,1
23540,2015,3,6,30-44,.42712396,0,2
23540,2015,4,6,30-44,0,1,3
23540,2015,1,6,45-64,1,0,1
23540,2015,2,6,45-64,1,0,1
23540,2015,3,6,45-64,0,1,1
23540,2015,4,6,45-64,.32995182,.49760544,3
23540,2017,4,6,30-44,0,.65784836,3
23540,2017,2,6,45-64,.50974864,1,2
23540,2017,3,6,45-64,0,0,1
23540,2019,2,6,18-29,0,,1
23540,2019,3,6,18-29,0,,1
23540,2019,2,6,30-44,0,,1
23540,2019,4,6,30-44,.34202045,,3
23540,2019,1,6,45-64,0,,1
23540,2019,3,1,45-64,0,,1
23540,2019,3,6,45-64,0,,2
23540,2019,4,2,45-64,0,,1
23540,2019,4,6,45-64,0,,2
23540,2021,4,6,18-29,0,,2
23540,2021,3,6,30-44,0,,1
23540,2021,4,3,30-44,0,,1
23540,2021,4,6,30-44,0,,2
23540,2021,3,1,45-64,0,,1
23540,2021,3,2,45-64,0,,1
23540,2021,3,6,45-64,0,,1
23540,2021,4,1,45-64,0,,1
23540,2021,4,2,45-64,0,,1
23540,2021,4,6,45-64,0,,2
23540,2023,2,2,18-29,0,,1
23540,2023,2,2,30-44,0,,1
23540,2023,3,6,30-44,0,,2
23540,2023,2,6,45-64,0,,2
23540,2023,3,6,45-64,0,,1
23540,2023,4,6,45-64,0,,3
23580,2015,1,2,30-44,0,0,2
23580,2015,2,6,30-44,0,1,1
23580,2015,3,2,30-44,0,1,2
23580,2015,4,1,30-44,0,1,1
23580,2015,1,2,45-64,0,0,1
23580,2015,1,6,45-64,0,,1
23580,2015,2,2,45-64,0,0,1
23580,2015,3,6,45-64,.26697114,.73302883,4
23580,2015,4,2,45-64,0,0,1
23580,2015,4,6,45-64,0,0,1
23580,2017,1,2,18-29,0,,1
23580,2017,4,6,18-29,0,0,1
23580,2017,2,6,30-44,1,1,1
23580,2017,4,6,30-44,0,.44101337,3
23580,2017,1,2,45-64,0,,1
23580,2017,2,6,45-64,0,1,1
23580,2017,4,6,45-64,0,1,1
23580,2019,3,2,18-29,0,,1
23580,2019,3,6,18-29,0,,1
23580,2019,1,2,30-44,1,,1
23580,2019,2,6,30-44,0,,1
23580,2019,3,6,30-44,0,,2
23580,2019,4,6,30-44,.2742258,,4
23580,2019,2,3,45-64,1,,1
23580,2019,2,6,45-64,0,,1
23580,2019,4,1,45-64,0,,1
23580,2019,4,6,45-64,0,,1
23580,2021,1,2,30-44,0,,1
23580,2021,2,1,30-44,0,,1
23580,2021,2,6,30-44,0,,1
23580,2021,3,1,30-44,0,,1
23580,2021,3,6,30-44,0,,1
23580,2021,4,6,30-44,.32221961,,3
23580,2021,3,6,45-64,0,,1
23580,2021,4,6,45-64,0,,2
23580,2023,2,6,30-44,0,,1
23580,2023,4,6,30-44,0,,2
23580,2023,2,2,45-64,0,,1
23580,2023,4,3,45-64,1,,1
23580,2023,4,6,45-64,0,,1
24020,2015,2,6,18-29,0,,1
24020,2015,3,6,18-29,0,1,1
24020,2015,4,6,18-29,0,0,1
24020,2015,3,6,30-44,0,0,1
24020,2015,4,6,30-44,.62575316,.37424687,2
24020,2015,2,6,45-64,0,0,1
24020,2015,3,6,45-64,0,.53650767,4
24020,2015,4,2,45-64,0,0,1
24020,2015,4,6,45-64,0,0,3
24020,2017,2,6,18-29,0,1,1
24020,2017,3,6,18-29,0,0,1
24020,2017,2,6,30-44,0,,1
24020,2017,1,6,45-64,0,0,1
24020,2017,2,6,45-64,0,0,2
24020,2017,3,6,45-64,0,0,2
24020,2017,4,6,45-64,0,1,1
24020,2019,1,6,18-29,0,,1
24020,2019,4,6,18-29,0,,1
24020,2019,1,6,30-44,0,,1
24020,2019,2,6,30-44,0,,1
24020,2019,3,6,30-44,0,,1
24020,2019,4,6,30-44,0,,4
24020,2019,2,6,45-64,0,,2
24020,2019,3,6,45-64,0,,2
24020,2019,4,6,45-64,0,,3
24020,2021,4,3,18-29,0,,1
24020,2021,4,6,30-44,0,,1
24020,2021,3,6,45-64,1,,1
24020,2021,4,6,45-64,0,,2
24020,2023,2,1,18-29,0,,1
24020,2023,2,6,18-29,0,,1
24020,2023,2,6,30-44,0,,1
24020,2023,3,6,30-44,0,,3
24020,2023,4,6,30-44,0,,2
24020,2023,1,6,45-64,0,,1
24020,2023,2,6,45-64,0,,4
24020,2023,4,6,45-64,0,,2
24140,2015,2,2,18-29,0,1,1
24140,2015,3,6,18-29,0,0,1
24140,2015,2,6,30-44,0,.44349301,2
24140,2015,3,1,30-44,0,1,2
24140,2015,3,6,30-44,0,1,3
24140,2015,4,1,30-44,0,1,1
24140,2015,2,6,45-64,0,.38152477,3
24140,2015,3,1,45-64,0,1,1
24140,2015,3,6,45-64,0,1,1
24140,2015,4,6,45-64,0,.58636975,2
24140,2017,2,6,18-29,0,.51430243,2
24140,2017,1,2,30-44,0,0,1
24140,2017,2,1,30-44,0,0,1
24140,2017,4,6,30-44,0,1,1
24140,2017,3,6,45-64,0,1,1
24140,2019,3,7,18-29,0,,1
24140,2019,4,6,18-29,0,,1
24140,2019,2,1,30-44,0,,1
24140,2019,4,7,30-44,0,,1
24140,2019,2,6,45-64,0,,1
24140,2019,3,1,45-64,0,,2
24140,2019,3,6,45-64,0,,2
24140,2021,3,1,30-44,1,,1
24140,2021,4,6,30-44,1,,1
24140,2021,2,6,45-64,.50558001,,2
24140,2021,4,6,45-64,0,,1
24140,2023,1,6,18-29,0,,1
24140,2023,2,2,18-29,.45775303,,2
24140,2023,3,6,18-29,0,,1
24140,2023,1,2,30-44,0,,1
24140,2023,4,6,30-44,0,,3
24140,2023,2,1,45-64,0,,1
24140,2023,4,6,45-64,0,,1
24340,2013,1,6,18-29,0,,1
24340,2013,2,6,18-29,0,1,3
24340,2013,3,2,18-29,0,1,1
24340,2013,3,6,18-29,.12815024,.64387673,8
24340,2013,4,6,18-29,.37572631,1,3
24340,2013,1,2,30-44,0,0,1
24340,2013,2,1,30-44,0,0,1
24340,2013,2,6,30-44,.65493512,.2615881,3
24340,2013,3,6,30-44,.30815026,.35343093,7
24340,2013,3,7,30-44,0,0,1
24340,2013,4,1,30-44,.46300286,1,2
24340,2013,4,6,30-44,.1234907,.6036486,8
24340,2013,1,2,45-64,1,1,1
24340,2013,2,4,45-64,0,0,1
24340,2013,2,6,45-64,0,.23247497,9
24340,2013,3,6,45-64,.07967367,.29442823,14
24340,2013,4,6,45-64,.36772689,.37204477,8
24340,2015,1,2,18-29,0,1,1
24340,2015,2,6,18-29,0,1,1
24340,2015,3,1,18-29,0,,1
24340,2015,3,2,18-29,0,0,1
24340,2015,3,6,18-29,0,1,4
24340,2015,4,6,18-29,0,.66188049,3
24340,2015,2,1,30-44,0,.55762374,2
24340,2015,2,6,30-44,0,.3931711,2
24340,2015,3,6,30-44,.13358495,.49143875,8
24340,2015,4,1,30-44,0,1,1
24340,2015,4,6,30-44,.094332881,.4368214,11
24340,2015,2,6,45-64,0,.14102392,8
24340,2015,3,6,45-64,.10835835,.63344109,9
24340,2015,4,6,45-64,.056503862,.32701156,13
24340,2015,4,7,45-64,0,0,1
24340,2017,2,6,18-29,0,.64683396,3
24340,2017,3,1,18-29,0,1,1
24340,2017,3,6,18-29,0,1,1
24340,2017,4,1,18-29,0,1,1
24340,2017,4,6,18-29,0,1,6
24340,2017,1,2,30-44,1,0,2
24340,2017,1,6,30-44,0,1,1
24340,2017,2,6,30-44,0,0,2
24340,2017,3,6,30-44,0,1,9
24340,2017,4,6,30-44,0,.8693555,9
24340,2017,4,7,30-44,1,1,1
24340,2017,2,6,45-64,.3185592,.68144077,3
24340,2017,2,7,45-64,0,1,1
24340,2017,3,1,45-64,0,0,1
24340,2017,3,6,45-64,.11849587,.3694286,8
24340,2017,4,6,45-64,0,.13871761,8
24340,2019,2,6,18-29,0,,1
24340,2019,3,2,18-29,0,,1
24340,2019,3,6,18-29,0,,7
24340,2019,4,3,18-29,0,,1
24340,2019,4,6,18-29,0,,2
24340,2019,1,2,30-44,0,,1
24340,2019,2,2,30-44,0,,1
24340,2019,2,6,30-44,.19677313,,5
24340,2019,3,3,30-44,0,,1
24340,2019,3,6,30-44,.23279779,,4
24340,2019,3,7,30-44,0,,1
24340,2019,4,2,30-44,0,,1
24340,2019,4,6,30-44,0,,3
24340,2019,1,3,45-64,0,,1
24340,2019,1,6,45-64,0,,1
24340,2019,2,3,45-64,0,,1
24340,2019,2,6,45-64,0,,2
24340,2019,3,3,45-64,0,,1
24340,2019,3,6,45-64,0,,5
24340,2019,4,1,45-64,0,,1
24340,2019,4,6,45-64,0,,8
24340,2021,3,6,18-29,0,,2
24340,2021,4,6,18-29,0,,1
24340,2021,2,6,30-44,0,,1
24340,2021,3,6,30-44,0,,5
24340,2021,3,7,30-44,0,,1
24340,2021,4,3,30-44,0,,2
24340,2021,4,6,30-44,.13636652,,15
24340,2021,2,2,45-64,0,,1
24340,2021,2,6,45-64,.60627353,,3
24340,2021,3,1,45-64,0,,1
24340,2021,3,2,45-64,0,,1
24340,2021,3,3,45-64,0,,1
24340,2021,3,6,45-64,0,,5
24340,2021,4,3,45-64,0,,1
24340,2021,4,6,45-64,.090873986,,9
24340,2023,2,2,18-29,0,,1
24340,2023,3,2,18-29,0,,1
24340,2023,3,6,18-29,0,,1
24340,2023,4,6,18-29,0,,1
24340,2023,4,7,18-29,0,,1
24340,2023,2,2,30-44,0,,1
24340,2023,2,6,30-44,0,,1
24340,2023,3,1,30-44,0,,1
24340,2023,3,3,30-44,0,,1
24340,2023,3,6,30-44,0,,2
24340,2023,4,6,30-44,0,,4
24340,2023,4,7,30-44,0,,1
24340,2023,1,6,45-64,0,,1
24340,2023,2,6,45-64,.46899495,,4
24340,2023,3,6,45-64,0,,7
24340,2023,4,6,45-64,.18057676,,12
24340,2023,4,7,45-64,0,,1
24540,2013,3,2,18-29,0,0,1
24540,2013,4,6,18-29,0,1,1
24540,2013,1,2,30-44,0,,1
24540,2013,3,2,30-44,0,.72402585,3
24540,2013,3,6,30-44,.24383974,0,4
24540,2013,4,2,30-44,0,1,1
24540,2013,4,6,30-44,.33953935,.68017286,3
24540,2013,1,2,45-64,0,0,3
24540,2013,2,2,45-64,0,0,1
24540,2013,2,6,45-64,0,0,2
24540,2013,3,6,45-64,.19633675,.39037836,5
24540,2013,4,2,45-64,0,0,1
24540,2013,4,6,45-64,0,0,3
24540,2015,2,2,18-29,0,1,1
24540,2015,3,2,18-29,0,1,1
24540,2015,3,6,18-29,0,1,1
24540,2015,4,2,18-29,0,0,1
24540,2015,4,6,18-29,0,.61033249,3
24540,2015,1,2,30-44,0,1,1
24540,2015,2,2,30-44,0,1,1
24540,2015,3,6,30-44,0,.50454342,2
24540,2015,2,6,45-64,.33231366,.33231366,3
24540,2015,3,6,45-64,0,0,1
24540,2015,4,6,45-64,0,1,1
24540,2017,4,6,18-29,0,1,1
24540,2017,3,6,30-44,0,1,2
24540,2017,4,6,30-44,0,1,2
24540,2017,2,2,45-64,0,0,1
24540,2017,2,6,45-64,.32321632,.32321632,3
24540,2017,4,6,45-64,0,1,1
24540,2019,2,6,18-29,0,,1
24540,2019,3,2,18-29,0,,2
24540,2019,4,2,18-29,0,,1
24540,2019,4,6,18-29,0,,1
24540,2019,2,6,30-44,1,,1
24540,2019,3,6,30-44,0,,1
24540,2019,4,2,30-44,0,,2
24540,2019,4,6,30-44,0,,1
24540,2019,3,6,45-64,0,,1
24540,2019,4,2,45-64,0,,1
24540,2019,4,6,45-64,0,,2
24540,2021,3,6,18-29,1,,1
24540,2021,2,6,30-44,0,,1
24540,2021,4,6,30-44,.4546293,,2
24540,2021,2,6,45-64,0,,1
24540,2021,3,6,45-64,0,,1
24540,2021,4,6,45-64,.51815444,,2
24540,2023,2,2,18-29,0,,1
24540,2023,3,2,18-29,0,,1
24540,2023,2,6,30-44,0,,1
24540,2023,3,6,30-44,0,,3
24540,2023,2,6,45-64,0,,2
24540,2023,3,6,45-64,1,,1
24540,2023,4,6,45-64,0,,1
24580,2013,2,6,30-44,0,0,4
24580,2013,3,6,30-44,0,0,1
24580,2013,4,6,30-44,0,0,1
24580,2013,1,2,45-64,0,0,1
24580,2013,2,6,45-64,0,0,3
24580,2013,3,6,45-64,.16394024,.34155905,6
24580,2013,4,6,45-64,0,0,3
24580,2015,3,6,18-29,0,1,1
24580,2015,4,6,18-29,0,1,1
24580,2015,2,2,30-44,0,0,1
24580,2015,4,6,30-44,0,1,1
24580,2015,2,6,45-64,0,0,1
24580,2015,3,1,45-64,0,,1
24580,2015,4,6,45-64,.59183371,.40816629,2
24580,2017,2,2,18-29,0,0,1
24580,2017,3,6,18-29,0,.59627068,2
24580,2017,1,6,30-44,0,0,1
24580,2017,3,6,30-44,0,0,2
24580,2017,4,6,30-44,0,0,1
24580,2017,2,1,45-64,0,,1
24580,2017,2,4,45-64,0,1,1
24580,2017,2,6,45-64,0,0,1
24580,2017,3,6,45-64,0,.509772,2
24580,2017,4,6,45-64,0,.75676072,4
24580,2019,4,6,18-29,0,,2
24580,2019,2,6,30-44,0,,1
24580,2019,3,4,30-44,0,,1
24580,2019,3,6,30-44,0,,3
24580,2019,4,6,30-44,0,,1
24580,2019,2,6,45-64,0,,2
24580,2019,3,6,45-64,0,,4
24580,2019,4,6,45-64,0,,1
24580,2021,4,2,18-29,0,,2
24580,2021,4,6,18-29,0,,2
24580,2021,2,1,30-44,0,,1
24580,2021,2,2,30-44,0,,1
24580,2021,3,6,30-44,0,,2
24580,2021,4,3,30-44,0,,1
24580,2021,4,6,30-44,0,,8
24580,2021,2,6,45-64,0,,2
24580,2021,3,6,45-64,0,,2
24580,2021,4,6,45-64,0,,4
24580,2023,2,7,18-29,0,,1
24580,2023,3,6,18-29,0,,2
24580,2023,3,3,30-44,0,,1
24580,2023,3,4,30-44,0,,1
24580,2023,4,6,30-44,0,,3
24580,2023,3,6,45-64,0,,1
24580,2023,4,6,45-64,.28369108,,6
24660,2013,1,6,18-29,0,,1
24660,2013,2,2,18-29,0,0,1
24660,2013,2,6,18-29,0,0,2
24660,2013,4,1,18-29,0,1,1
24660,2013,4,6,18-29,0,0,3
24660,2013,2,1,30-44,0,0,1
24660,2013,2,3,30-44,0,0,1
24660,2013,2,6,30-44,.28730083,.76297718,4
24660,2013,3,1,30-44,0,0,6
24660,2013,3,6,30-44,0,.20076327,5
24660,2013,3,7,30-44,0,0,1
24660,2013,4,1,30-44,0,0,1
24660,2013,4,6,30-44,0,0,5
24660,2013,1,6,45-64,0,0,2
24660,2013,2,1,45-64,0,0,3
24660,2013,2,6,45-64,.32416111,0,6
24660,2013,3,6,45-64,0,0,5
24660,2013,4,1,45-64,0,0,1
24660,2013,4,2,45-64,0,,1
24660,2013,4,6,45-64,0,0,6
24660,2015,2,6,18-29,0,0,1
24660,2015,4,6,18-29,0,0,1
24660,2015,1,1,30-44,0,0,1
24660,2015,2,3,30-44,0,0,1
24660,2015,2,6,30-44,.42319688,.3300283,3
24660,2015,3,6,30-44,0,.51407725,2
24660,2015,4,1,30-44,0,0,3
24660,2015,4,6,30-44,0,.44774929,2
24660,2015,2,1,45-64,.28792807,.28792807,3
24660,2015,2,6,45-64,.20581757,.29146084,5
24660,2015,3,1,45-64,1,,1
24660,2015,3,6,45-64,.29049134,0,3
24660,2015,4,1,45-64,0,.57546759,2
24660,2015,4,6,45-64,.41593796,0,2
24660,2017,2,1,18-29,0,,1
24660,2017,2,2,18-29,0,1,1
24660,2017,2,6,18-29,0,0,1
24660,2017,3,1,18-29,0,0,1
24660,2017,4,1,18-29,1,1,1
24660,2017,2,6,30-44,0,1,2
24660,2017,3,1,30-44,0,0,2
24660,2017,3,6,30-44,.5415498,.5415498,2
24660,2017,4,1,30-44,0,1,1
24660,2017,4,6,30-44,.1820046,.40194297,5
24660,2017,1,1,45-64,0,0,1
24660,2017,1,3,45-64,0,0,1
24660,2017,3,1,45-64,0,1,1
24660,2017,3,6,45-64,0,1,1
24660,2017,4,1,45-64,0,1,1
24660,2017,4,6,45-64,.080437779,.67957777,12
24660,2019,2,6,18-29,0,,2
24660,2019,3,1,18-29,0,,2
24660,2019,3,6,18-29,0,,3
24660,2019,2,1,30-44,0,,1
24660,2019,2,3,30-44,0,,1
24660,2019,2,6,30-44,0,,2
24660,2019,3,6,30-44,.25288716,,4
24660,2019,4,3,30-44,0,,1
24660,2019,4,6,30-44,0,,2
24660,2019,2,1,45-64,0,,1
24660,2019,2,6,45-64,0,,2
24660,2019,3,6,45-64,.10369327,,8
24660,2019,4,1,45-64,0,,1
24660,2019,4,6,45-64,0,,4
24660,2021,1,2,18-29,0,,1
24660,2021,2,6,18-29,0,,2
24660,2021,3,1,18-29,0,,1
24660,2021,3,3,18-29,0,,1
24660,2021,4,1,18-29,0,,1
24660,2021,4,6,18-29,0,,1
24660,2021,1,1,30-44,0,,1
24660,2021,2,1,30-44,.30248868,,3
24660,2021,2,2,30-44,0,,1
24660,2021,2,6,30-44,0,,1
24660,2021,3,1,30-44,0,,2
24660,2021,3,6,30-44,0,,3
24660,2021,4,1,30-44,0,,2
24660,2021,4,3,30-44,0,,1
24660,2021,4,6,30-44,0,,4
24660,2021,1,2,45-64,0,,1
24660,2021,2,1,45-64,0,,1
24660,2021,2,2,45-64,0,,1
24660,2021,2,3,45-64,0,,1
24660,2021,2,6,45-64,0,,1
24660,2021,3,2,45-64,0,,1
24660,2021,3,6,45-64,0,,4
24660,2021,4,6,45-64,.52422076,,6
24660,2023,2,2,18-29,0,,1
24660,2023,3,7,18-29,0,,1
24660,2023,1,2,30-44,0,,1
24660,2023,1,6,30-44,0,,1
24660,2023,2,1,30-44,0,,2
24660,2023,3,1,30-44,.41868395,,2
24660,2023,3,6,30-44,1,,1
24660,2023,3,7,30-44,0,,1
24660,2023,4,1,30-44,0,,1
24660,2023,4,6,30-44,0,,4
24660,2023,4,7,30-44,1,,1
24660,2023,2,1,45-64,1,,1
24660,2023,2,6,45-64,1,,1
24660,2023,3,6,45-64,0,,1
24660,2023,4,3,45-64,0,,1
24660,2023,4,6,45-64,.23814729,,4
24780,2015,2,6,18-29,0,0,1
24780,2015,4,6,18-29,0,1,1
24780,2015,2,1,30-44,0,,1
24780,2015,4,6,30-44,0,0,1
24780,2015,1,1,45-64,1,0,1
24780,2015,2,1,45-64,0,0,1
24780,2015,3,1,45-64,0,.53902555,2
24780,2015,3,6,45-64,1,0,1
24780,2015,4,1,45-64,0,0,1
24780,2015,4,6,45-64,0,1,1
24780,2017,3,6,18-29,0,.52925313,4
24780,2017,4,6,18-29,0,0,1
24780,2017,1,2,30-44,0,0,2
24780,2017,3,6,30-44,0,.69931906,3
24780,2017,4,1,30-44,0,1,1
24780,2017,4,6,30-44,0,.48099661,4
24780,2017,3,1,45-64,0,0,1
24780,2017,3,6,45-64,1,1,1
24780,2017,4,6,45-64,0,.46451202,2
24780,2019,4,6,18-29,0,,1
24780,2019,1,6,30-44,0,,1
24780,2019,3,6,30-44,0,,1
24780,2019,4,1,30-44,0,,1
24780,2019,4,6,30-44,0,,1
24780,2019,1,2,45-64,0,,1
24780,2019,2,1,45-64,0,,1
24780,2019,4,2,45-64,0,,1
24780,2019,4,6,45-64,0,,2
24780,2021,2,6,18-29,0,,1
24780,2021,3,6,18-29,0,,1
24780,2021,3,1,30-44,0,,1
24780,2021,4,6,30-44,0,,1
24780,2021,1,2,45-64,0,,1
24780,2021,4,6,45-64,0,,1
24780,2023,1,6,18-29,0,,2
24780,2023,3,1,18-29,0,,1
24780,2023,3,6,18-29,0,,1
24780,2023,3,1,30-44,0,,1
24780,2023,3,6,30-44,0,,1
24780,2023,4,6,30-44,0,,2
24780,2023,3,6,45-64,0,,1
24780,2023,4,1,45-64,0,,2
24860,2013,1,6,18-29,0,,1
24860,2013,3,1,18-29,0,0,1
24860,2013,3,6,18-29,0,.59416509,2
24860,2013,4,1,18-29,0,,1
24860,2013,4,6,18-29,0,.19983514,4
24860,2013,1,6,30-44,0,0,1
24860,2013,2,6,30-44,0,0,1
24860,2013,3,1,30-44,0,0,2
24860,2013,4,1,30-44,0,0,1
24860,2013,4,2,30-44,0,0,1
24860,2013,4,3,30-44,0,0,1
24860,2013,4,6,30-44,0,.55057186,5
24860,2013,1,6,45-64,.52441007,0,2
24860,2013,2,1,45-64,0,1,1
24860,2013,2,6,45-64,.14144213,0,8
24860,2013,3,1,45-64,0,1,1
24860,2013,3,6,45-64,.27234149,.23367263,4
24860,2013,4,3,45-64,0,0,2
24860,2013,4,6,45-64,0,.20121643,5
24860,2015,2,1,18-29,0,0,1
24860,2015,2,6,18-29,0,0,1
24860,2015,3,6,18-29,0,1,1
24860,2015,4,6,18-29,0,0,1
24860,2015,2,1,30-44,0,.31579968,3
24860,2015,2,2,30-44,1,,1
24860,2015,2,6,30-44,0,.43120396,3
24860,2015,3,2,30-44,0,.43009695,2
24860,2015,3,6,30-44,0,.34682998,6
24860,2015,4,2,30-44,0,0,1
24860,2015,4,6,30-44,.11788748,.23907731,10
24860,2015,1,1,45-64,0,,1
24860,2015,1,6,45-64,0,0,3
24860,2015,2,6,45-64,0,.18136524,6
24860,2015,3,1,45-64,0,.5,2
24860,2015,3,2,45-64,0,0,1
24860,2015,3,6,45-64,0,.52688307,6
24860,2015,4,2,45-64,0,0,1
24860,2015,4,3,45-64,0,0,1
24860,2015,4,6,45-64,.12125454,.66888338,9
24860,2017,2,1,18-29,0,0,1
24860,2017,2,6,18-29,0,0,1
24860,2017,4,6,18-29,0,.68593872,3
24860,2017,1,1,30-44,0,1,1
24860,2017,2,2,30-44,0,1,1
24860,2017,2,6,30-44,.28356618,.70047605,7
24860,2017,3,1,30-44,0,0,1
24860,2017,3,6,30-44,.25962338,.50413096,4
24860,2017,4,1,30-44,0,1,1
24860,2017,4,6,30-44,.25989696,.50717753,8
24860,2017,1,1,45-64,0,0,2
24860,2017,1,6,45-64,0,0,1
24860,2017,2,1,45-64,0,0,3
24860,2017,2,6,45-64,0,.34418473,6
24860,2017,3,6,45-64,0,.14266483,7
24860,2017,4,1,45-64,0,0,1
24860,2017,4,6,45-64,.14454147,.25804076,16
24860,2019,1,6,18-29,0,,1
24860,2019,2,1,18-29,0,,1
24860,2019,2,6,18-29,0,,1
24860,2019,3,1,18-29,0,,1
24860,2019,3,6,18-29,0,,3
24860,2019,4,1,18-29,0,,1
24860,2019,4,3,18-29,0,,1
24860,2019,2,6,30-44,.24322891,,4
24860,2019,3,6,30-44,0,,2
24860,2019,4,1,30-44,0,,1
24860,2019,4,6,30-44,0,,4
24860,2019,1,2,45-64,0,,1
24860,2019,1,6,45-64,0,,1
24860,2019,2,1,45-64,0,,1
24860,2019,2,6,45-64,0,,3
24860,2019,3,1,45-64,0,,2
24860,2019,3,6,45-64,0,,3
24860,2019,4,1,45-64,0,,1
24860,2019,4,3,45-64,0,,1
24860,2019,4,6,45-64,0,,11
24860,2021,2,1,18-29,0,,2
24860,2021,2,6,18-29,0,,1
24860,2021,4,6,18-29,0,,1
24860,2021,2,2,30-44,0,,1
24860,2021,2,6,30-44,0,,1
24860,2021,3,1,30-44,0,,2
24860,2021,3,2,30-44,0,,1
24860,2021,3,6,30-44,0,,2
24860,2021,4,2,30-44,0,,1
24860,2021,4,6,30-44,.24197452,,5
24860,2021,1,1,45-64,0,,1
24860,2021,1,6,45-64,0,,2
24860,2021,2,6,45-64,0,,2
24860,2021,3,6,45-64,0,,2
24860,2021,4,6,45-64,0,,6
24860,2023,1,2,18-29,0,,1
24860,2023,2,1,18-29,0,,1
24860,2023,2,6,18-29,0,,2
24860,2023,3,6,18-29,0,,2
24860,2023,4,2,18-29,0,,1
24860,2023,4,6,18-29,0,,2
24860,2023,1,2,30-44,0,,4
24860,2023,2,1,30-44,.42301953,,2
24860,2023,2,6,30-44,0,,2
24860,2023,3,6,30-44,0,,7
24860,2023,4,3,30-44,0,,1
24860,2023,4,6,30-44,.13753648,,10
24860,2023,2,6,45-64,0,,2
24860,2023,3,1,45-64,0,,1
24860,2023,3,6,45-64,.15289472,,7
24860,2023,4,2,45-64,0,,2
24860,2023,4,6,45-64,.1259568,,15
24860,2023,4,7,45-64,0,,1
25060,2013,2,6,18-29,0,0,1
25060,2013,1,6,30-44,0,,1
25060,2013,2,1,30-44,0,0,1
25060,2013,3,1,30-44,0,0,1
25060,2013,3,6,30-44,0,0,3
25060,2013,1,3,45-64,0,0,1
25060,2013,2,6,45-64,0,0,2
25060,2013,2,7,45-64,0,0,1
25060,2013,3,6,45-64,0,0,3
25060,2013,4,1,45-64,0,0,1
25060,2013,4,4,45-64,0,1,1
25060,2013,4,6,45-64,0,0,1
25060,2015,3,2,18-29,0,1,1
25060,2015,3,6,18-29,0,1,1
25060,2015,4,6,18-29,0,1,1
25060,2015,2,1,30-44,0,1,1
25060,2015,3,6,30-44,0,0,1
25060,2015,4,1,30-44,0,1,1
25180,2013,3,6,18-29,0,.49986905,2
25180,2013,1,1,30-44,0,1,1
25180,2013,2,6,30-44,0,0,1
25180,2013,3,6,30-44,0,0,1
25180,2013,4,6,30-44,0,.51387483,2
25180,2013,2,6,45-64,0,0,1
25180,2013,3,1,45-64,0,,1
25180,2013,3,6,45-64,0,1,1
25180,2013,4,6,45-64,0,.60187823,5
25180,2015,3,6,18-29,0,1,1
25180,2015,4,6,18-29,0,1,1
25180,2015,2,6,30-44,0,0,1
25180,2015,2,7,30-44,0,0,1
25180,2015,3,6,30-44,0,.52424943,2
25180,2015,4,6,30-44,0,.46577644,4
25180,2015,2,6,45-64,0,.33918774,3
25180,2015,3,6,45-64,0,0,3
25180,2015,4,6,45-64,0,.36834192,3
25180,2017,1,2,18-29,1,,1
25180,2017,2,6,18-29,0,1,1
25180,2017,4,6,18-29,0,1,1
25180,2017,2,6,30-44,0,.30788511,3
25180,2017,4,6,30-44,.39018637,.76694763,3
25180,2017,1,6,45-64,0,0,1
25180,2017,2,6,45-64,.5010637,0,2
25180,2017,3,6,45-64,.25304452,.83342671,5
25180,2017,4,6,45-64,.64384329,.35615671,3
25180,2019,3,1,18-29,0,,1
25180,2019,3,6,18-29,0,,1
25180,2019,2,6,30-44,0,,2
25180,2019,3,6,30-44,.52172184,,2
25180,2019,4,6,30-44,.55566406,,2
25180,2019,1,6,45-64,0,,2
25180,2019,2,6,45-64,0,,6
25180,2019,2,7,45-64,0,,1
25180,2019,3,6,45-64,0,,4
25180,2019,4,1,45-64,0,,2
25180,2019,4,6,45-64,0,,2
25180,2021,2,6,18-29,0,,2
25180,2021,3,2,18-29,0,,2
25180,2021,3,6,18-29,0,,1
25180,2021,4,6,18-29,0,,1
25180,2021,2,6,30-44,.21219793,,4
25180,2021,2,7,30-44,0,,1
25180,2021,3,6,30-44,0,,4
25180,2021,4,1,30-44,0,,1
25180,2021,4,2,30-44,0,,1
25180,2021,4,6,30-44,0,,3
25180,2021,1,6,45-64,0,,1
25180,2021,3,6,45-64,0,,3
25180,2021,4,6,45-64,0,,1
25180,2023,2,1,18-29,0,,1
25180,2023,2,6,18-29,0,,1
25180,2023,3,6,18-29,0,,1
25180,2023,4,6,18-29,0,,1
25180,2023,1,6,30-44,0,,1
25180,2023,2,1,30-44,0,,1
25180,2023,2,7,30-44,0,,1
25180,2023,4,2,30-44,0,,1
25180,2023,4,6,30-44,0,,1
25180,2023,2,6,45-64,0,,3
25180,2023,3,1,45-64,0,,1
25180,2023,4,1,45-64,0,,1
25180,2023,4,6,45-64,0,,2
25260,2015,3,2,18-29,0,0,1
25260,2015,2,2,30-44,0,0,1
25260,2015,2,6,30-44,0,1,1
25260,2015,3,2,30-44,.37345719,0,3
25260,2015,1,2,45-64,0,,1
25260,2015,2,2,45-64,0,0,2
25260,2015,2,6,45-64,.51569021,0,2
25260,2015,3,2,45-64,0,.46306887,2
25260,2015,3,6,45-64,0,0,1
25260,2017,2,6,18-29,0,0,1
25260,2017,1,2,30-44,1,,1
25260,2017,2,2,45-64,0,1,1
25260,2017,2,6,45-64,0,1,1
25260,2017,3,1,45-64,0,0,1
25260,2017,3,2,45-64,0,1,1
25260,2017,3,6,45-64,0,0,1
25260,2017,4,6,45-64,0,0,1
25260,2019,1,2,18-29,0,,1
25260,2019,2,2,18-29,0,,1
25260,2019,1,2,30-44,1,,1
25260,2019,2,2,30-44,0,,1
25260,2019,1,2,45-64,0,,1
25260,2019,1,3,45-64,0,,1
25260,2019,1,6,45-64,1,,1
25260,2019,2,2,45-64,0,,1
25260,2019,2,3,45-64,0,,1
25260,2019,3,3,45-64,0,,1
25260,2021,2,2,30-44,0,,2
25260,2021,2,6,30-44,0,,1
25260,2021,3,2,30-44,0,,2
25260,2021,4,3,30-44,0,,1
25260,2021,4,6,30-44,0,,1
25260,2021,2,2,45-64,0,,1
25260,2021,3,6,45-64,1,,1
25260,2021,4,6,45-64,0,,1
25260,2023,2,6,18-29,0,,1
25260,2023,2,2,30-44,1,,1
25260,2023,2,6,30-44,0,,1
25260,2023,4,6,30-44,0,,1
25260,2023,1,2,45-64,0,,1
25260,2023,2,2,45-64,0,,1
25260,2023,2,6,45-64,0,,1
25260,2023,3,3,45-64,0,,1
25260,2023,3,6,45-64,0,,1
25420,2013,4,6,18-29,0,1,2
25420,2013,1,1,30-44,0,0,1
25420,2013,2,6,30-44,0,.49192861,2
25420,2013,4,1,30-44,0,0,1
25420,2013,4,6,30-44,0,0,2
25420,2013,1,1,45-64,1,,1
25420,2013,1,6,45-64,0,,1
25420,2013,2,6,45-64,.42646387,0,4
25420,2013,3,6,45-64,0,0,4
25420,2013,4,6,45-64,0,0,4
25420,2015,1,1,18-29,0,0,1
25420,2015,4,6,18-29,0,1,2
25420,2015,2,6,30-44,0,.30534732,3
25420,2015,3,1,30-44,0,,1
25420,2015,3,2,30-44,0,0,1
25420,2015,3,7,30-44,0,0,1
25420,2015,4,2,30-44,0,1,1
25420,2015,4,6,30-44,0,0,1
25420,2015,2,6,45-64,.28774753,.44283721,11
25420,2015,3,6,45-64,0,1,1
25420,2015,4,6,45-64,.16307379,.18056168,6
25420,2017,1,6,18-29,0,1,1
25420,2017,2,6,18-29,0,0,1
25420,2017,4,6,18-29,0,1,1
25420,2017,2,6,30-44,0,.33603948,3
25420,2017,3,6,30-44,0,1,3
25420,2017,4,6,30-44,0,.33332974,3
25420,2017,1,6,45-64,0,0,1
25420,2017,2,6,45-64,0,.66291308,3
25420,2017,4,6,45-64,0,.19001091,5
25420,2019,2,6,30-44,0,,2
25420,2019,3,6,30-44,0,,1
25420,2019,4,1,30-44,0,,1
25420,2019,4,3,30-44,0,,1
25420,2019,4,6,30-44,0,,3
25420,2019,2,6,45-64,0,,1
25420,2019,3,6,45-64,0,,1
25420,2019,4,3,45-64,0,,1
25420,2019,4,6,45-64,0,,6
25420,2021,2,1,18-29,0,,1
25420,2021,2,6,18-29,.31436768,,3
25420,2021,4,6,18-29,0,,2
25420,2021,2,6,30-44,1,,1
25420,2021,3,6,30-44,0,,1
25420,2021,4,2,30-44,0,,1
25420,2021,4,6,30-44,0,,3
25420,2021,1,6,45-64,0,,1
25420,2021,2,6,45-64,0,,2
25420,2021,3,6,45-64,0,,1
25420,2021,4,6,45-64,0,,5
25420,2023,2,6,18-29,0,,1
25420,2023,4,6,18-29,0,,1
25420,2023,2,6,30-44,0,,1
25420,2023,3,1,30-44,1,,1
25420,2023,3,6,30-44,.52179056,,2
25420,2023,4,6,30-44,0,,2
25420,2023,2,6,45-64,0,,2
25420,2023,3,6,45-64,0,,2
25420,2023,4,3,45-64,0,,1
25420,2023,4,6,45-64,0,,7
25500,2013,3,6,18-29,0,0,1
25500,2013,4,6,18-29,0,1,1
25500,2013,1,1,30-44,1,,1
25500,2013,1,6,30-44,1,0,1
25500,2013,2,6,30-44,0,.72805995,3
25500,2013,3,2,30-44,0,1,1
25500,2013,3,6,30-44,0,.46839571,2
25500,2013,4,6,30-44,0,.56922448,2
25500,2013,2,6,45-64,.22086737,.36154512,4
25500,2013,3,6,45-64,0,.49768612,2
25500,2013,4,6,45-64,0,.55886245,2
25500,2015,2,6,45-64,0,0,1
25540,2013,1,2,18-29,0,0,2
25540,2013,1,6,18-29,0,1,1
25540,2013,2,1,18-29,0,,2
25540,2013,2,2,18-29,0,0,1
25540,2013,2,6,18-29,0,.33214101,5
25540,2013,3,2,18-29,0,0,2
25540,2013,3,3,18-29,1,0,1
25540,2013,3,6,18-29,0,.50147331,4
25540,2013,4,1,18-29,0,1,1
25540,2013,4,3,18-29,0,0,2
25540,2013,4,6,18-29,.22594307,.80577284,4
25540,2013,1,1,30-44,0,,1
25540,2013,1,3,30-44,0,0,1
25540,2013,1,6,30-44,0,1,1
25540,2013,2,1,30-44,0,1,1
25540,2013,2,2,30-44,0,0,1
25540,2013,2,6,30-44,0,.42512691,10
25540,2013,3,1,30-44,0,,1
25540,2013,3,2,30-44,0,.45357653,2
25540,2013,3,6,30-44,.16677524,.14402945,7
25540,2013,4,3,30-44,0,.40250707,5
25540,2013,4,6,30-44,0,.36136639,12
25540,2013,1,2,45-64,0,0,3
25540,2013,1,6,45-64,1,0,1
25540,2013,2,2,45-64,0,0,1
25540,2013,2,3,45-64,0,0,1
25540,2013,2,6,45-64,.089947447,.17004962,24
25540,2013,3,1,45-64,0,.24892437,4
25540,2013,3,2,45-64,0,0,1
25540,2013,3,6,45-64,0,.11945734,19
25540,2013,4,2,45-64,0,0,2
25540,2013,4,6,45-64,.058644425,.20542032,36
25540,2013,4,7,45-64,1,0,1
25540,2015,3,2,18-29,0,1,2
25540,2015,3,3,18-29,0,,1
25540,2015,3,6,18-29,.30311576,1,3
25540,2015,4,6,18-29,0,.64412653,5
25540,2015,1,2,30-44,0,,1
25540,2015,2,1,30-44,0,,1
25540,2015,2,2,30-44,0,1,1
25540,2015,2,6,30-44,0,0,1
25540,2015,3,1,30-44,0,1,1
25540,2015,3,2,30-44,0,1,1
25540,2015,3,6,30-44,.055429213,.09709499,7
25540,2015,3,7,30-44,0,,1
25540,2015,4,1,30-44,0,1,1
25540,2015,4,3,30-44,0,.57221651,3
25540,2015,4,6,30-44,.10806245,.5928539,12
25540,2015,1,6,45-64,.70425349,.29574654,3
25540,2015,2,2,45-64,0,0,2
25540,2015,2,6,45-64,.21940657,.41283315,11
25540,2015,3,2,45-64,0,.57879156,2
25540,2015,3,6,45-64,.21154636,.38481343,8
25540,2015,4,3,45-64,0,0,1
25540,2015,4,6,45-64,.23218301,.19705041,18
25540,2017,1,6,18-29,0,1,1
25540,2017,2,2,18-29,0,1,1
25540,2017,2,6,18-29,0,0,1
25540,2017,3,2,18-29,0,,1
25540,2017,3,6,18-29,0,.48875314,3
25540,2017,4,1,18-29,0,1,1
25540,2017,4,6,18-29,.31543174,.36514917,3
25540,2017,1,2,30-44,0,.45898792,2
25540,2017,2,1,30-44,0,1,1
25540,2017,2,6,30-44,0,0,1
25540,2017,3,1,30-44,0,1,2
25540,2017,3,3,30-44,0,1,1
25540,2017,3,6,30-44,0,.78563178,4
25540,2017,4,1,30-44,0,0,2
25540,2017,4,2,30-44,0,.78841269,5
25540,2017,4,3,30-44,0,1,2
25540,2017,4,6,30-44,0,.74372834,11
25540,2017,1,2,45-64,0,0,1
25540,2017,1,6,45-64,0,0,1
25540,2017,2,6,45-64,0,.59359807,6
25540,2017,3,1,45-64,0,.52990657,2
25540,2017,3,2,45-64,0,1,1
25540,2017,3,6,45-64,.067565307,.52292365,14
25540,2017,4,1,45-64,0,.3091605,3
25540,2017,4,3,45-64,0,1,1
25540,2017,4,6,45-64,.078661308,.4742901,15
25540,2019,2,2,18-29,0,,2
25540,2019,2,6,18-29,0,,2
25540,2019,3,6,18-29,0,,1
25540,2019,4,2,18-29,0,,1
25540,2019,4,6,18-29,0,,7
25540,2019,1,2,30-44,0,,1
25540,2019,2,2,30-44,0,,1
25540,2019,2,6,30-44,.33574903,,3
25540,2019,3,1,30-44,1,,1
25540,2019,3,2,30-44,.37089568,,2
25540,2019,3,6,30-44,0,,2
25540,2019,4,1,30-44,0,,1
25540,2019,4,2,30-44,0,,1
25540,2019,4,3,30-44,0,,1
25540,2019,4,6,30-44,.10093246,,11
25540,2019,1,6,45-64,0,,1
25540,2019,2,2,45-64,0,,1
25540,2019,2,6,45-64,.29846123,,6
25540,2019,3,1,45-64,0,,2
25540,2019,3,2,45-64,0,,2
25540,2019,3,6,45-64,0,,5
25540,2019,4,1,45-64,0,,1
25540,2019,4,3,45-64,0,,1
25540,2019,4,6,45-64,.075590156,,13
25540,2019,4,7,45-64,0,,1
25540,2021,1,2,18-29,0,,1
25540,2021,2,2,18-29,0,,1
25540,2021,2,6,18-29,0,,2
25540,2021,3,2,18-29,0,,1
25540,2021,4,2,18-29,0,,1
25540,2021,4,3,18-29,0,,1
25540,2021,4,6,18-29,0,,1
25540,2021,4,7,18-29,0,,1
25540,2021,1,2,30-44,0,,2
25540,2021,2,6,30-44,0,,2
25540,2021,2,7,30-44,1,,1
25540,2021,3,6,30-44,0,,1
25540,2021,4,1,30-44,0,,1
25540,2021,4,3,30-44,0,,1
25540,2021,4,6,30-44,.15651099,,6
25540,2021,2,1,45-64,0,,1
25540,2021,2,6,45-64,.34488589,,5
25540,2021,3,1,45-64,0,,1
25540,2021,3,2,45-64,0,,1
25540,2021,3,4,45-64,0,,1
25540,2021,3,6,45-64,0,,5
25540,2021,4,2,45-64,0,,1
25540,2021,4,3,45-64,0,,1
25540,2021,4,6,45-64,0,,12
25540,2023,2,6,18-29,0,,1
25540,2023,3,1,18-29,1,,1
25540,2023,3,6,18-29,0,,1
25540,2023,4,2,18-29,0,,1
25540,2023,4,6,18-29,0,,1
25540,2023,1,2,30-44,0,,1
25540,2023,1,6,30-44,0,,1
25540,2023,2,1,30-44,0,,1
25540,2023,2,2,30-44,0,,1
25540,2023,2,6,30-44,0,,4
25540,2023,3,6,30-44,0,,1
25540,2023,3,7,30-44,0,,1
25540,2023,4,1,30-44,0,,1
25540,2023,4,3,30-44,0,,2
25540,2023,4,6,30-44,0,,5
25540,2023,2,1,45-64,0,,1
25540,2023,2,2,45-64,0,,1
25540,2023,2,6,45-64,0,,3
25540,2023,3,1,45-64,0,,1
25540,2023,3,2,45-64,0,,3
25540,2023,3,6,45-64,0,,7
25540,2023,4,1,45-64,0,,1
25540,2023,4,6,45-64,.10945458,,8
25860,2013,2,2,18-29,0,1,1
25860,2013,2,6,18-29,.52026844,0,2
25860,2013,1,6,30-44,0,1,1
25860,2013,3,6,30-44,0,0,2
25860,2013,4,6,30-44,0,0,1
25860,2013,2,6,45-64,0,0,2
25860,2013,3,6,45-64,.19291881,0,5
25860,2013,4,6,45-64,0,0,1
25860,2015,1,2,18-29,0,,1
25860,2015,4,6,18-29,0,1,1
25860,2015,2,1,30-44,0,,1
25860,2015,2,6,30-44,0,.46802774,2
25860,2015,3,6,30-44,0,.78285354,4
25860,2015,4,6,30-44,0,1,3
25860,2015,2,6,45-64,0,1,3
25860,2015,3,6,45-64,0,.4509787,6
25860,2015,4,6,45-64,0,.65707701,3
25860,2017,3,3,18-29,0,0,1
25860,2017,4,6,18-29,0,0,1
25860,2017,1,2,30-44,0,0,1
25860,2017,2,1,30-44,0,0,1
25860,2017,2,2,30-44,0,0,1
25860,2017,2,6,30-44,0,1,1
25860,2017,4,6,30-44,0,1,3
25860,2017,1,6,45-64,1,0,1
25860,2017,2,1,45-64,0,0,1
25860,2017,2,6,45-64,0,.48046267,2
25860,2017,3,6,45-64,0,.51470298,2
25860,2017,4,6,45-64,0,1,1
25860,2019,1,6,18-29,0,,1
25860,2019,2,1,18-29,0,,1
25860,2019,2,6,18-29,0,,1
25860,2019,1,6,30-44,0,,1
25860,2019,2,6,30-44,0,,4
25860,2019,3,6,30-44,0,,1
25860,2019,4,6,30-44,0,,1
25860,2019,2,6,45-64,0,,2
25860,2019,3,1,45-64,0,,1
25860,2019,3,6,45-64,0,,2
25860,2019,4,6,45-64,1,,2
25860,2021,2,6,18-29,0,,1
25860,2021,3,6,18-29,0,,1
25860,2021,1,2,30-44,0,,1
25860,2021,4,6,30-44,0,,1
25860,2021,2,1,45-64,0,,1
25860,2021,2,2,45-64,0,,1
25860,2021,4,6,45-64,0,,1
25860,2023,2,6,18-29,0,,1
25860,2023,3,6,18-29,0,,1
25860,2023,4,6,18-29,0,,1
25860,2023,2,1,30-44,0,,1
25860,2023,2,6,30-44,0,,1
25860,2023,3,6,30-44,0,,1
25860,2023,4,1,30-44,0,,1
25860,2023,4,3,30-44,0,,1
25860,2023,1,6,45-64,0,,1
25860,2023,2,6,45-64,1,,1
25860,2023,3,6,45-64,0,,2
25860,2023,4,3,45-64,1,,1
25860,2023,4,6,45-64,.44340846,,2
25940,2015,2,1,18-29,0,,1
25940,2015,3,1,18-29,0,0,1
25940,2015,3,6,18-29,0,0,1
25940,2015,4,6,18-29,0,1,1
25940,2015,1,2,30-44,0,1,1
25940,2015,2,6,30-44,.33143929,.33143929,2
25940,2015,4,6,30-44,0,0,1
25940,2015,2,6,45-64,0,0,1
25940,2015,3,6,45-64,0,0,1
25940,2015,4,6,45-64,0,1,1
25940,2017,2,6,18-29,0,0,1
25940,2017,3,6,18-29,1,1,1
25940,2017,2,6,30-44,0,1,1
25940,2017,3,6,30-44,0,1,1
25940,2017,4,6,30-44,0,1,2
25940,2017,2,1,45-64,0,0,1
25940,2017,3,2,45-64,0,0,1
25940,2017,3,6,45-64,0,1,1
25940,2017,4,6,45-64,.56729096,.67359608,4
25940,2019,2,2,18-29,0,,1
25940,2019,3,2,18-29,0,,1
25940,2019,4,6,30-44,0,,2
25940,2019,3,6,45-64,0,,1
25940,2019,4,6,45-64,.2362659,,4
25940,2021,2,2,18-29,0,,1
25940,2021,2,1,30-44,0,,1
25940,2021,3,1,30-44,0,,1
25940,2021,3,2,30-44,0,,1
25940,2021,4,6,30-44,0,,1
25940,2021,3,6,45-64,0,,1
25940,2021,4,6,45-64,0,,2
25940,2023,2,6,18-29,0,,1
25940,2023,3,6,18-29,0,,2
25940,2023,2,6,30-44,0,,1
25940,2023,3,6,30-44,.63955903,,2
25940,2023,4,6,30-44,0,,1
25940,2023,2,2,45-64,0,,1
25940,2023,2,6,45-64,0,,1
25940,2023,3,2,45-64,1,,1
25940,2023,3,6,45-64,0,,1
25940,2023,4,6,45-64,0,,1
26420,2013,1,1,18-29,0,0,1
26420,2013,1,2,18-29,0,0,5
26420,2013,1,6,18-29,0,1,1
26420,2013,2,1,18-29,0,.4421728,4
26420,2013,2,2,18-29,0,.64493376,13
26420,2013,2,3,18-29,0,0,1
26420,2013,2,6,18-29,0,.4292787,5
26420,2013,3,1,18-29,0,.5,2
26420,2013,3,2,18-29,0,.46686432,6
26420,2013,3,5,18-29,0,1,1
26420,2013,3,6,18-29,0,.34636122,8
26420,2013,4,2,18-29,,0,0
26420,2013,4,3,18-29,0,.63391852,3
26420,2013,4,6,18-29,0,.48371601,12
26420,2013,4,7,18-29,0,1,1
26420,2013,1,1,30-44,0,0,2
26420,2013,1,2,30-44,.10542139,.36905643,17
26420,2013,1,3,30-44,0,0,1
26420,2013,1,6,30-44,1,0,1
26420,2013,2,1,30-44,0,.31699795,4
26420,2013,2,2,30-44,.18618451,.35288465,16
26420,2013,2,3,30-44,0,.5983085,3
26420,2013,2,6,30-44,.18449189,.32376802,6
26420,2013,3,1,30-44,.052171934,.41168487,15
26420,2013,3,2,30-44,0,.35894749,10
26420,2013,3,6,30-44,.22736014,.63958591,12
26420,2013,4,1,30-44,0,.47098967,14
26420,2013,4,2,30-44,0,.27999917,9
26420,2013,4,3,30-44,0,.35414159,8
26420,2013,4,6,30-44,.032718144,.50001496,29
26420,2013,1,2,45-64,.16939825,.32059821,13
26420,2013,1,6,45-64,.28029594,0,3
26420,2013,2,1,45-64,.30996606,0,7
26420,2013,2,2,45-64,.1303636,.30862138,7
26420,2013,2,6,45-64,.054782297,.099485196,19
26420,2013,3,1,45-64,.084964968,.089504018,11
26420,2013,3,2,45-64,0,.50402808,3
26420,2013,3,3,45-64,0,0,1
26420,2013,3,6,45-64,.050956428,.36340499,19
26420,2013,4,1,45-64,0,.33942422,9
26420,2013,4,2,45-64,0,.35974464,5
26420,2013,4,3,45-64,0,0,5
26420,2013,4,4,45-64,0,1,1
26420,2013,4,6,45-64,.19427542,.33376285,32
26420,2015,1,1,18-29,0,1,1
26420,2015,1,2,18-29,.17817028,.39571154,7
26420,2015,1,7,18-29,0,,2
26420,2015,2,2,18-29,0,.54982805,3
26420,2015,2,6,18-29,0,0,4
26420,2015,2,7,18-29,0,,1
26420,2015,3,1,18-29,0,.4512516,2
26420,2015,3,2,18-29,0,.46923217,2
26420,2015,3,3,18-29,.58985847,0,2
26420,2015,3,6,18-29,.14376362,.73900396,7
26420,2015,3,7,18-29,1,0,1
26420,2015,4,1,18-29,0,1,5
26420,2015,4,2,18-29,0,.62818921,6
26420,2015,4,3,18-29,0,1,1
26420,2015,4,6,18-29,0,.89234555,9
26420,2015,4,7,18-29,0,1,1
26420,2015,1,2,30-44,.19314255,.46303937,16
26420,2015,1,3,30-44,0,,1
26420,2015,2,1,30-44,0,.17423823,8
26420,2015,2,2,30-44,.16913983,.61916023,10
26420,2015,2,3,30-44,0,0,1
26420,2015,2,6,30-44,0,.37994626,5
26420,2015,3,1,30-44,.12383075,.17939778,6
26420,2015,3,2,30-44,.096042015,.59944087,9
26420,2015,3,3,30-44,.30550581,.32262969,3
26420,2015,3,6,30-44,.11735681,.52299607,17
26420,2015,4,1,30-44,0,.49860838,8
26420,2015,4,2,30-44,0,.60885596,5
26420,2015,4,3,30-44,0,.83565503,5
26420,2015,4,6,30-44,.036190309,.72350705,27
26420,2015,1,1,45-64,0,0,1
26420,2015,1,2,45-64,.13165812,.20083198,16
26420,2015,2,1,45-64,.20869637,.54407543,4
26420,2015,2,2,45-64,.31512943,0,6
26420,2015,2,3,45-64,0,1,1
26420,2015,2,6,45-64,.087356061,.57070446,9
26420,2015,3,1,45-64,.22541015,.54590708,9
26420,2015,3,2,45-64,.16694999,.65255308,6
26420,2015,3,3,45-64,0,0,1
26420,2015,3,6,45-64,.16162911,.37686729,12
26420,2015,4,1,45-64,.11206844,.40635502,10
26420,2015,4,2,45-64,.10073247,.75557661,9
26420,2015,4,3,45-64,.16064717,0,7
26420,2015,4,6,45-64,.036730751,.59284723,24
26420,2017,1,1,18-29,0,,1
26420,2017,1,2,18-29,0,1,3
26420,2017,1,6,18-29,.53206486,0,2
26420,2017,2,1,18-29,0,,2
26420,2017,2,2,18-29,0,,1
26420,2017,2,3,18-29,0,0,1
26420,2017,2,6,18-29,0,1,1
26420,2017,3,1,18-29,0,1,5
26420,2017,3,2,18-29,0,.734851,6
26420,2017,3,6,18-29,0,.877783,8
26420,2017,3,7,18-29,0,0,1
26420,2017,4,1,18-29,0,0,1
26420,2017,4,2,18-29,0,.53792608,4
26420,2017,4,3,18-29,0,.69582993,3
26420,2017,4,6,18-29,0,.57699138,13
26420,2017,1,1,30-44,1,0,1
26420,2017,1,2,30-44,.16041298,.33910298,14
26420,2017,1,6,30-44,0,1,1
26420,2017,2,1,30-44,0,1,2
26420,2017,2,2,30-44,.076151058,.3069014,12
26420,2017,2,5,30-44,0,1,1
26420,2017,2,6,30-44,.10545684,.22862239,9
26420,2017,3,1,30-44,.15151908,.59845102,6
26420,2017,3,2,30-44,.099031337,.54222775,14
26420,2017,3,3,30-44,0,1,1
26420,2017,3,6,30-44,0,.32553846,8
26420,2017,4,1,30-44,.10680756,.8691864,9
26420,2017,4,2,30-44,0,.69339114,7
26420,2017,4,3,30-44,0,.67245162,11
26420,2017,4,6,30-44,.032885261,.89097977,27
26420,2017,1,2,45-64,.36008483,.11907788,12
26420,2017,1,3,45-64,0,0,1
26420,2017,1,6,45-64,0,1,2
26420,2017,2,1,45-64,.16693144,.28466639,8
26420,2017,2,2,45-64,.14827901,.50069362,7
26420,2017,2,3,45-64,0,0,1
26420,2017,2,6,45-64,.17026828,.35468715,17
26420,2017,3,1,45-64,.12413065,.28441161,8
26420,2017,3,2,45-64,0,.562383,8
26420,2017,3,3,45-64,.45312369,.54687631,2
26420,2017,3,6,45-64,.061218996,.60385871,17
26420,2017,4,1,45-64,.12322038,.42284688,10
26420,2017,4,2,45-64,0,.47405106,4
26420,2017,4,3,45-64,0,.6021024,8
26420,2017,4,6,45-64,.061378915,.70129651,32
26420,2019,1,2,18-29,0,,2
26420,2019,2,1,18-29,0,,2
26420,2019,2,2,18-29,.19706318,,4
26420,2019,2,6,18-29,0,,3
26420,2019,3,1,18-29,0,,1
26420,2019,3,2,18-29,0,,6
26420,2019,3,6,18-29,0,,2
26420,2019,4,1,18-29,0,,1
26420,2019,4,3,18-29,0,,2
26420,2019,4,6,18-29,.11019658,,9
26420,2019,1,2,30-44,.12651427,,8
26420,2019,2,1,30-44,0,,3
26420,2019,2,2,30-44,.086165071,,10
26420,2019,2,6,30-44,0,,5
26420,2019,3,1,30-44,0,,3
26420,2019,3,2,30-44,.24043804,,5
26420,2019,3,6,30-44,.22720835,,9
26420,2019,4,1,30-44,.1592095,,12
26420,2019,4,2,30-44,.20704697,,8
26420,2019,4,3,30-44,0,,7
26420,2019,4,6,30-44,.077783853,,28
26420,2019,1,2,45-64,.271153,,11
26420,2019,1,3,45-64,0,,1
26420,2019,1,6,45-64,.32136816,,3
26420,2019,2,1,45-64,.14626475,,6
26420,2019,2,2,45-64,0,,9
26420,2019,2,3,45-64,.45137793,,4
26420,2019,2,6,45-64,.2867353,,10
26420,2019,3,1,45-64,.091541693,,10
26420,2019,3,2,45-64,.22095242,,6
26420,2019,3,3,45-64,0,,3
26420,2019,3,6,45-64,0,,13
26420,2019,4,1,45-64,.12948352,,7
26420,2019,4,2,45-64,0,,6
26420,2019,4,3,45-64,.11354403,,7
26420,2019,4,4,45-64,0,,1
26420,2019,4,6,45-64,.080610126,,27
26420,2021,1,2,18-29,0,,2
26420,2021,2,1,18-29,.46389881,,2
26420,2021,2,2,18-29,0,,4
26420,2021,2,6,18-29,0,,1
26420,2021,3,1,18-29,.27636695,,4
26420,2021,3,2,18-29,0,,3
26420,2021,3,6,18-29,1,,1
26420,2021,4,2,18-29,0,,1
26420,2021,4,3,18-29,0,,7
26420,2021,4,6,18-29,0,,11
26420,2021,4,7,18-29,0,,1
26420,2021,1,2,30-44,.11340939,,7
26420,2021,2,1,30-44,.33866823,,5
26420,2021,2,2,30-44,0,,7
26420,2021,2,6,30-44,0,,5
26420,2021,3,1,30-44,.12755632,,6
26420,2021,3,2,30-44,.11887628,,8
26420,2021,3,3,30-44,0,,2
26420,2021,3,5,30-44,0,,1
26420,2021,3,6,30-44,.33826715,,6
26420,2021,3,7,30-44,0,,1
26420,2021,4,1,30-44,0,,5
26420,2021,4,2,30-44,.12875266,,12
26420,2021,4,3,30-44,0,,11
26420,2021,4,6,30-44,.091726616,,31
26420,2021,4,7,30-44,0,,1
26420,2021,1,2,45-64,.11474745,,12
26420,2021,1,6,45-64,1,,1
26420,2021,2,1,45-64,0,,1
26420,2021,2,2,45-64,0,,6
26420,2021,2,3,45-64,0,,2
26420,2021,2,6,45-64,.5387612,,2
26420,2021,3,1,45-64,0,,7
26420,2021,3,2,45-64,.093798399,,11
26420,2021,3,6,45-64,.10853861,,16
26420,2021,4,1,45-64,0,,9
26420,2021,4,2,45-64,.46562535,,7
26420,2021,4,3,45-64,.16009793,,11
26420,2021,4,5,45-64,0,,1
26420,2021,4,6,45-64,.29135227,,21
26420,2023,1,2,18-29,.34994373,,3
26420,2023,2,1,18-29,0,,3
26420,2023,2,2,18-29,0,,4
26420,2023,2,6,18-29,.14945585,,7
26420,2023,3,2,18-29,0,,8
26420,2023,3,6,18-29,0,,7
26420,2023,4,1,18-29,0,,1
26420,2023,4,2,18-29,0,,1
26420,2023,4,3,18-29,0,,2
26420,2023,4,6,18-29,0,,4
26420,2023,1,2,30-44,.34297043,,9
26420,2023,1,6,30-44,0,,1
26420,2023,2,1,30-44,1,,1
26420,2023,2,2,30-44,.17368068,,9
26420,2023,2,6,30-44,0,,3
26420,2023,3,1,30-44,0,,1
26420,2023,3,2,30-44,0,,10
26420,2023,3,3,30-44,0,,1
26420,2023,3,6,30-44,0,,7
26420,2023,4,1,30-44,0,,3
26420,2023,4,2,30-44,.094165236,,13
26420,2023,4,3,30-44,.138586,,8
26420,2023,4,6,30-44,.10027353,,22
26420,2023,4,7,30-44,0,,1
26420,2023,1,1,45-64,0,,1
26420,2023,1,2,45-64,.31242204,,16
26420,2023,1,3,45-64,.34667924,,2
26420,2023,2,1,45-64,.14105332,,6
26420,2023,2,2,45-64,.11007007,,8
26420,2023,2,3,45-64,0,,1
26420,2023,2,6,45-64,.28253967,,4
26420,2023,3,1,45-64,0,,3
26420,2023,3,2,45-64,0,,6
26420,2023,3,3,45-64,0,,3
26420,2023,3,6,45-64,0,,13
26420,2023,4,1,45-64,.14991207,,13
26420,2023,4,2,45-64,.34590438,,14
26420,2023,4,3,45-64,.075437658,,12
26420,2023,4,6,45-64,.17536964,,29
26580,2013,4,6,18-29,0,1,1
26580,2013,2,6,30-44,0,.42697641,2
26580,2013,3,6,30-44,0,,1
26580,2013,4,1,30-44,0,1,1
26580,2013,4,6,30-44,0,1,1
26580,2013,1,6,45-64,0,0,1
26580,2013,2,6,45-64,0,0,3
26580,2013,4,4,45-64,0,0,1
26580,2013,4,6,45-64,.14969552,.29990038,6
26580,2015,2,6,18-29,0,0,1
26580,2015,3,6,18-29,0,1,2
26580,2015,4,1,18-29,0,1,1
26580,2015,4,6,18-29,.50605357,1,2
26580,2015,2,6,30-44,0,0,2
26580,2015,3,6,30-44,0,.40063041,4
26580,2015,4,1,30-44,1,1,1
26580,2015,4,6,30-44,0,.75408548,8
26580,2015,1,6,45-64,0,0,2
26580,2015,2,4,45-64,0,0,1
26580,2015,2,6,45-64,0,0,4
26580,2015,3,1,45-64,0,,1
26580,2015,3,6,45-64,0,.49801278,6
26580,2015,4,3,45-64,0,1,1
26580,2015,4,6,45-64,0,0,6
26580,2017,2,6,18-29,0,1,5
26580,2017,3,6,18-29,0,.73340958,3
26580,2017,4,6,18-29,0,1,3
26580,2017,4,7,18-29,0,0,1
26580,2017,1,2,30-44,0,0,1
26580,2017,2,6,30-44,0,.17126147,5
26580,2017,3,6,30-44,.24269255,.40098417,3
26580,2017,4,1,30-44,0,0,1
26580,2017,4,6,30-44,0,.70127255,5
26580,2017,2,6,45-64,0,.14233662,8
26580,2017,3,6,45-64,0,.27108753,4
26580,2017,4,6,45-64,.093936361,.30509162,9
26580,2019,2,6,18-29,0,,3
26580,2019,3,6,18-29,0,,1
26580,2019,4,6,18-29,0,,3
26580,2019,1,6,30-44,0,,1
26580,2019,2,6,30-44,.54689652,,2
26580,2019,3,1,30-44,0,,1
26580,2019,3,6,30-44,0,,4
26580,2019,3,7,30-44,0,,1
26580,2019,4,1,30-44,0,,1
26580,2019,4,6,30-44,0,,1
26580,2019,2,6,45-64,0,,5
26580,2019,3,6,45-64,0,,4
26580,2019,4,6,45-64,0,,2
26580,2021,2,6,18-29,0,,3
26580,2021,3,1,18-29,0,,1
26580,2021,3,6,18-29,0,,3
26580,2021,4,6,18-29,0,,2
26580,2021,1,6,30-44,0,,1
26580,2021,2,6,30-44,0,,5
26580,2021,3,6,30-44,0,,5
26580,2021,4,6,30-44,0,,5
26580,2021,1,6,45-64,0,,2
26580,2021,2,6,45-64,0,,3
26580,2021,3,6,45-64,0,,2
26580,2021,4,6,45-64,0,,4
26580,2021,4,7,45-64,0,,1
26580,2023,2,6,18-29,0,,1
26580,2023,3,6,18-29,0,,3
26580,2023,4,6,18-29,0,,3
26580,2023,1,6,30-44,0,,1
26580,2023,2,6,30-44,0,,1
26580,2023,3,2,30-44,0,,2
26580,2023,3,6,30-44,0,,1
26580,2023,4,6,30-44,0,,7
26580,2023,1,6,45-64,0,,2
26580,2023,2,6,45-64,0,,3
26580,2023,3,1,45-64,0,,1
26580,2023,3,6,45-64,0,,4
26580,2023,4,2,45-64,0,,1
26580,2023,4,6,45-64,0,,4
26620,2013,2,6,18-29,0,.51432359,2
26620,2013,2,1,30-44,0,0,3
26620,2013,2,6,30-44,0,1,2
26620,2013,3,1,30-44,1,,1
26620,2013,3,6,30-44,0,0,4
26620,2013,4,1,30-44,.47872818,1,2
26620,2013,4,6,30-44,0,.70187593,3
26620,2013,1,1,45-64,0,0,1
26620,2013,1,6,45-64,0,.47777063,2
26620,2013,2,6,45-64,0,.14098717,8
26620,2013,3,1,45-64,0,0,1
26620,2013,3,6,45-64,0,1,1
26620,2013,4,1,45-64,0,0,1
26620,2013,4,6,45-64,0,.39552847,3
26620,2015,1,6,18-29,0,1,1
26620,2015,3,1,18-29,0,0,3
26620,2015,3,6,18-29,0,.58172363,3
26620,2015,1,1,30-44,.64213258,0,2
26620,2015,1,2,30-44,0,,2
26620,2015,1,6,30-44,1,,1
26620,2015,3,6,30-44,0,0,1
26620,2015,4,6,30-44,0,0,2
26620,2015,2,1,45-64,0,,2
26620,2015,2,6,45-64,0,0,1
26620,2015,3,1,45-64,0,0,1
26620,2015,3,6,45-64,0,0,4
26620,2015,4,1,45-64,0,0,1
26620,2015,4,6,45-64,0,.5,2
26620,2017,1,2,18-29,0,0,1
26620,2017,2,6,18-29,0,0,1
26620,2017,3,1,18-29,0,0,1
26620,2017,3,6,18-29,0,.79029745,4
26620,2017,4,1,18-29,0,1,1
26620,2017,4,2,18-29,1,1,1
26620,2017,1,6,30-44,0,0,1
26620,2017,2,6,30-44,0,.58068383,2
26620,2017,3,1,30-44,0,.4650535,3
26620,2017,3,6,30-44,0,.54058605,2
26620,2017,4,2,30-44,0,1,1
26620,2017,4,6,30-44,0,.68383282,7
26620,2017,1,6,45-64,1,0,1
26620,2017,2,1,45-64,0,0,1
26620,2017,2,6,45-64,0,.5153091,2
26620,2017,3,1,45-64,0,0,1
26620,2017,3,6,45-64,0,.24134286,4
26620,2017,4,6,45-64,0,.43745658,9
26620,2019,2,1,18-29,0,,1
26620,2019,2,2,18-29,0,,1
26620,2019,2,6,18-29,0,,1
26620,2019,3,1,18-29,0,,2
26620,2019,3,6,18-29,0,,3
26620,2019,4,6,18-29,0,,1
26620,2019,2,2,30-44,0,,1
26620,2019,2,6,30-44,0,,1
26620,2019,3,1,30-44,0,,1
26620,2019,3,6,30-44,0,,5
26620,2019,4,1,30-44,0,,1
26620,2019,4,6,30-44,0,,5
26620,2019,1,1,45-64,0,,1
26620,2019,1,6,45-64,0,,1
26620,2019,2,1,45-64,0,,1
26620,2019,2,6,45-64,0,,2
26620,2019,3,1,45-64,1,,1
26620,2019,3,6,45-64,0,,4
26620,2019,4,1,45-64,0,,2
26620,2019,4,3,45-64,0,,1
26620,2019,4,6,45-64,0,,9
26620,2021,2,6,18-29,0,,1
26620,2021,3,6,18-29,0,,1
26620,2021,4,6,18-29,0,,2
26620,2021,1,2,30-44,0,,1
26620,2021,2,1,30-44,0,,1
26620,2021,2,6,30-44,0,,1
26620,2021,3,6,30-44,0,,2
26620,2021,3,7,30-44,0,,1
26620,2021,4,3,30-44,0,,1
26620,2021,4,6,30-44,.25947556,,5
26620,2021,1,1,45-64,1,,1
26620,2021,2,1,45-64,0,,1
26620,2021,3,1,45-64,0,,1
26620,2021,3,6,45-64,0,,1
26620,2021,4,1,45-64,0,,2
26620,2021,4,2,45-64,0,,3
26620,2021,4,6,45-64,0,,1
26620,2021,4,7,45-64,0,,1
26620,2023,2,6,18-29,0,,2
26620,2023,3,3,18-29,0,,1
26620,2023,4,6,18-29,.30713484,,3
26620,2023,2,1,30-44,1,,1
26620,2023,3,7,30-44,0,,1
26620,2023,2,1,45-64,0,,1
26620,2023,2,6,45-64,0,,3
26620,2023,3,1,45-64,0,,1
26620,2023,3,7,45-64,0,,1
26620,2023,4,1,45-64,0,,1
26620,2023,4,6,45-64,.14435241,,6
26820,2015,1,6,18-29,0,0,1
26820,2015,2,6,18-29,.3037622,.37499353,3
26820,2015,3,6,18-29,0,1,2
26820,2015,2,6,30-44,0,0,1
26820,2015,3,6,30-44,0,0,1
26820,2015,2,6,45-64,0,0,3
26820,2015,3,6,45-64,.35913101,.35913101,3
26820,2015,4,6,45-64,0,0,2
26820,2017,2,6,18-29,0,1,1
26820,2017,3,6,18-29,0,1,1
26820,2017,4,6,18-29,0,1,2
26820,2017,2,6,30-44,0,.45790815,2
26820,2017,3,6,30-44,1,1,1
26820,2017,4,6,30-44,.25156504,1,4
26820,2017,3,1,45-64,0,1,1
26820,2017,3,6,45-64,0,0,1
26820,2017,4,2,45-64,0,1,1
26820,2017,4,6,45-64,0,0,1
26820,2019,2,2,18-29,0,,1
26820,2019,2,6,18-29,1,,1
26820,2019,2,7,18-29,0,,1
26820,2019,3,6,18-29,0,,4
26820,2019,4,6,18-29,0,,1
26820,2019,2,2,30-44,0,,1
26820,2019,2,6,30-44,0,,5
26820,2019,3,6,30-44,0,,2
26820,2019,4,2,30-44,0,,1
26820,2019,2,3,45-64,0,,1
26820,2019,2,6,45-64,0,,3
26820,2019,3,6,45-64,0,,3
26820,2019,4,6,45-64,0,,4
26820,2019,4,7,45-64,0,,1
26820,2021,2,6,18-29,0,,1
26820,2021,3,2,18-29,0,,1
26820,2021,1,2,30-44,.56052405,,2
26820,2021,2,2,30-44,0,,1
26820,2021,2,6,30-44,0,,1
26820,2021,3,2,30-44,0,,1
26820,2021,3,6,30-44,0,,1
26820,2021,4,6,30-44,.42508054,,2
26820,2021,1,2,45-64,1,,1
26820,2021,2,6,45-64,.34683958,,3
26820,2021,3,2,45-64,0,,1
26820,2021,3,6,45-64,0,,1
26820,2021,4,6,45-64,.34760731,,3
26820,2023,3,2,18-29,0,,1
26820,2023,1,6,30-44,0,,1
26820,2023,2,6,30-44,0,,2
26820,2023,3,6,30-44,0,,2
26820,2023,4,6,30-44,0,,4
26820,2023,1,6,45-64,0,,1
26820,2023,3,6,45-64,0,,2
26820,2023,4,6,45-64,.28272083,,4
26900,2013,1,1,18-29,0,,1
26900,2013,1,6,18-29,0,1,1
26900,2013,2,6,18-29,0,0,3
26900,2013,3,1,18-29,0,1,3
26900,2013,3,6,18-29,0,.62425601,6
26900,2013,4,1,18-29,0,1,1
26900,2013,4,6,18-29,0,.6071822,5
26900,2013,1,3,30-44,1,1,1
26900,2013,1,6,30-44,1,,1
26900,2013,2,1,30-44,0,0,1
26900,2013,2,2,30-44,0,.40498757,3
26900,2013,2,6,30-44,.15598896,.56053084,6
26900,2013,3,1,30-44,0,0,3
26900,2013,3,6,30-44,0,.58842379,9
26900,2013,4,1,30-44,0,1,1
26900,2013,4,3,30-44,0,0,2
26900,2013,4,6,30-44,.13964906,.5034942,17
26900,2013,1,6,45-64,0,0,3
26900,2013,2,2,45-64,0,1,2
26900,2013,2,6,45-64,.15578319,.14168918,13
26900,2013,3,1,45-64,0,,1
26900,2013,3,4,45-64,0,1,1
26900,2013,3,6,45-64,.20956711,0,12
26900,2013,4,1,45-64,1,0,2
26900,2013,4,2,45-64,0,1,1
26900,2013,4,6,45-64,.22577806,.4387407,26
26900,2015,1,1,18-29,0,0,1
26900,2015,1,2,18-29,0,1,1
26900,2015,2,1,18-29,0,,2
26900,2015,2,6,18-29,0,.53155267,2
26900,2015,3,1,18-29,0,,1
26900,2015,3,6,18-29,0,.52188128,4
26900,2015,4,2,18-29,0,1,1
26900,2015,4,6,18-29,0,.60314858,6
26900,2015,1,1,30-44,0,.3686232,2
26900,2015,1,6,30-44,0,0,1
26900,2015,2,1,30-44,0,0,2
26900,2015,2,2,30-44,0,0,2
26900,2015,2,6,30-44,0,.1898074,6
26900,2015,3,3,30-44,0,1,1
26900,2015,3,6,30-44,.12692371,.50581688,9
26900,2015,4,1,30-44,0,1,3
26900,2015,4,3,30-44,0,0,2
26900,2015,4,6,30-44,0,.43665552,19
26900,2015,1,2,45-64,1,0,1
26900,2015,1,6,45-64,1,0,1
26900,2015,2,1,45-64,0,0,1
26900,2015,2,3,45-64,0,1,1
26900,2015,2,6,45-64,.097367667,.24728546,9
26900,2015,3,1,45-64,0,0,2
26900,2015,3,2,45-64,0,0,1
26900,2015,3,6,45-64,.15946373,.23954286,5
26900,2015,4,1,45-64,0,0,1
26900,2015,4,3,45-64,0,0,1
26900,2015,4,6,45-64,.17584272,.56208068,16
26900,2017,1,6,18-29,0,,1
26900,2017,2,1,18-29,0,1,2
26900,2017,2,6,18-29,0,.68791747,3
26900,2017,3,3,18-29,0,0,1
26900,2017,3,6,18-29,.11200392,1,8
26900,2017,4,1,18-29,0,1,1
26900,2017,4,6,18-29,0,1,2
26900,2017,2,1,30-44,0,,1
26900,2017,2,6,30-44,0,1,4
26900,2017,3,1,30-44,0,1,4
26900,2017,3,2,30-44,0,1,1
26900,2017,3,6,30-44,0,.56613719,7
26900,2017,4,1,30-44,0,0,1
26900,2017,4,2,30-44,0,1,2
26900,2017,4,6,30-44,.059396207,.82399321,16
26900,2017,4,7,30-44,0,1,1
26900,2017,1,1,45-64,0,,1
26900,2017,1,2,45-64,0,0,1
26900,2017,2,6,45-64,.28365713,.2574648,10
26900,2017,3,1,45-64,0,.50940078,3
26900,2017,3,2,45-64,0,1,1
26900,2017,3,6,45-64,.077326261,.43718833,14
26900,2017,4,1,45-64,0,.25687549,4
26900,2017,4,2,45-64,.50494927,.4950507,2
26900,2017,4,6,45-64,.15702818,.7797752,18
26900,2019,1,1,18-29,0,,1
26900,2019,2,2,18-29,0,,1
26900,2019,2,6,18-29,0,,4
26900,2019,3,2,18-29,0,,1
26900,2019,3,3,18-29,0,,1
26900,2019,3,6,18-29,0,,3
26900,2019,4,2,18-29,0,,1
26900,2019,4,6,18-29,0,,5
26900,2019,2,1,30-44,0,,2
26900,2019,2,2,30-44,0,,4
26900,2019,2,6,30-44,0,,2
26900,2019,3,1,30-44,0,,1
26900,2019,3,6,30-44,0,,8
26900,2019,4,1,30-44,0,,2
26900,2019,4,3,30-44,0,,2
26900,2019,4,6,30-44,.055623859,,17
26900,2019,4,7,30-44,0,,1
26900,2019,1,3,45-64,0,,1
26900,2019,1,6,45-64,1,,1
26900,2019,2,1,45-64,0,,2
26900,2019,2,6,45-64,.28484571,,11
26900,2019,3,1,45-64,.27159381,,4
26900,2019,3,2,45-64,0,,1
26900,2019,3,6,45-64,.080510862,,14
26900,2019,4,1,45-64,0,,1
26900,2019,4,2,45-64,0,,1
26900,2019,4,3,45-64,0,,1
26900,2019,4,6,45-64,.069215141,,25
26900,2021,1,2,18-29,0,,1
26900,2021,2,6,18-29,0,,2
26900,2021,3,1,18-29,0,,1
26900,2021,3,6,18-29,0,,3
26900,2021,4,6,18-29,0,,2
26900,2021,1,2,30-44,0,,2
26900,2021,1,6,30-44,0,,1
26900,2021,2,1,30-44,0,,1
26900,2021,2,6,30-44,0,,5
26900,2021,3,1,30-44,.25484225,,3
26900,2021,3,6,30-44,.54034144,,6
26900,2021,4,1,30-44,0,,1
26900,2021,4,2,30-44,0,,2
26900,2021,4,6,30-44,.11072282,,17
26900,2021,4,7,30-44,0,,1
26900,2021,2,1,45-64,0,,2
26900,2021,2,2,45-64,0,,1
26900,2021,2,6,45-64,.2187659,,9
26900,2021,3,1,45-64,0,,4
26900,2021,3,6,45-64,0,,6
26900,2021,4,3,45-64,0,,2
26900,2021,4,6,45-64,.26264685,,17
26900,2023,2,1,18-29,0,,1
26900,2023,2,6,18-29,0,,1
26900,2023,3,2,18-29,0,,2
26900,2023,3,7,18-29,0,,1
26900,2023,4,1,18-29,0,,1
26900,2023,4,3,18-29,0,,2
26900,2023,4,6,18-29,0,,6
26900,2023,1,2,30-44,0,,2
26900,2023,1,3,30-44,0,,1
26900,2023,1,6,30-44,0,,2
26900,2023,2,1,30-44,.46426678,,3
26900,2023,2,2,30-44,0,,2
26900,2023,2,6,30-44,0,,1
26900,2023,3,1,30-44,0,,1
26900,2023,3,2,30-44,0,,1
26900,2023,3,6,30-44,0,,11
26900,2023,4,1,30-44,0,,3
26900,2023,4,6,30-44,0,,11
26900,2023,1,6,45-64,0,,1
26900,2023,2,1,45-64,0,,1
26900,2023,2,6,45-64,0,,7
26900,2023,3,1,45-64,0,,2
26900,2023,3,6,45-64,.13578279,,8
26900,2023,4,1,45-64,0,,4
26900,2023,4,6,45-64,.037843674,,24
26980,2013,3,1,18-29,0,1,1
26980,2013,3,6,18-29,0,0,1
26980,2013,4,3,18-29,0,0,1
26980,2013,4,6,18-29,0,.27605951,4
26980,2013,1,2,30-44,0,0,1
26980,2013,3,6,30-44,0,0,3
26980,2013,4,6,30-44,0,.38432318,12
26980,2013,2,6,45-64,0,0,1
26980,2013,3,6,45-64,.17298783,.25328335,7
26980,2013,3,7,45-64,0,0,1
26980,2013,4,6,45-64,.16488753,0,6
26980,2013,4,7,45-64,1,0,1
26980,2015,3,6,18-29,0,.6903621,2
26980,2015,4,3,18-29,0,,1
26980,2015,4,6,18-29,0,1,2
26980,2015,2,1,30-44,0,0,1
26980,2015,3,6,30-44,0,1,1
26980,2015,4,6,30-44,0,.47547066,4
26980,2015,3,6,45-64,0,0,1
26980,2015,4,6,45-64,.25595638,0,5
26980,2017,3,6,18-29,0,1,1
26980,2017,4,6,18-29,1,1,1
26980,2017,2,6,30-44,0,0,2
26980,2017,3,6,30-44,.53920627,1,2
26980,2017,4,6,30-44,0,.4055627,2
26980,2017,3,3,45-64,0,0,1
26980,2017,4,6,45-64,.34559572,.61377352,3
26980,2019,2,2,18-29,0,,1
26980,2019,3,6,18-29,0,,2
26980,2019,4,6,18-29,0,,2
26980,2019,3,6,30-44,0,,1
26980,2019,4,6,30-44,0,,3
26980,2019,3,6,45-64,0,,1
26980,2019,4,6,45-64,0,,4
26980,2021,3,1,18-29,0,,1
26980,2021,3,6,18-29,0,,2
26980,2021,4,6,18-29,0,,4
26980,2021,3,6,30-44,0,,1
26980,2021,4,6,30-44,.15248545,,5
26980,2021,3,6,45-64,.48501897,,2
26980,2021,4,1,45-64,0,,1
26980,2021,4,3,45-64,0,,1
26980,2021,4,6,45-64,0,,2
26980,2023,4,6,18-29,0,,8
26980,2023,4,6,30-44,0,,3
26980,2023,1,2,45-64,0,,1
26980,2023,2,6,45-64,0,,2
26980,2023,4,6,45-64,0,,3
27100,2013,2,1,18-29,0,,1
27100,2013,3,6,18-29,0,0,1
27100,2013,4,6,18-29,0,1,1
27100,2013,2,6,30-44,0,0,1
27100,2013,3,6,30-44,0,.53017646,2
27100,2013,4,6,30-44,0,0,2
27100,2013,4,7,30-44,0,0,1
27100,2013,2,6,45-64,0,0,2
27100,2013,3,6,45-64,0,0,1
27100,2013,4,6,45-64,0,.43726841,5
27100,2015,4,6,18-29,0,.54623717,2
27100,2015,3,6,30-44,0,0,1
27100,2015,4,6,30-44,0,.52662945,2
27100,2015,2,6,45-64,1,0,2
27100,2015,3,6,45-64,0,.71917892,3
27100,2017,2,6,18-29,0,0,1
27100,2017,2,6,30-44,0,0,2
27100,2017,4,6,30-44,0,0,1
27100,2017,2,2,45-64,0,0,1
27100,2017,2,6,45-64,0,0,6
27100,2017,3,1,45-64,0,0,1
27100,2017,3,6,45-64,.38328853,0,5
27100,2017,4,6,45-64,0,0,1
27100,2019,2,6,18-29,.57303602,,2
27100,2019,3,2,18-29,0,,1
27100,2019,3,6,18-29,0,,3
27100,2019,4,6,18-29,0,,1
27100,2019,2,6,30-44,0,,1
27100,2019,4,6,30-44,0,,1
27100,2019,2,6,45-64,0,,1
27100,2019,4,6,45-64,0,,1
27100,2021,4,6,18-29,0,,1
27100,2021,1,6,30-44,0,,1
27100,2021,2,6,30-44,0,,2
27100,2021,3,6,30-44,0,,3
27100,2021,4,6,30-44,0,,1
27100,2021,2,6,45-64,.15950182,,6
27100,2021,3,6,45-64,0,,1
27100,2021,4,6,45-64,0,,2
27100,2023,2,6,18-29,0,,1
27100,2023,2,6,30-44,0,,1
27100,2023,3,6,30-44,0,,1
27100,2023,2,6,45-64,0,,3
27100,2023,3,6,45-64,.5,,2
27100,2023,4,6,45-64,0,,1
27140,2013,1,1,18-29,0,,1
27140,2013,2,1,18-29,0,0,2
27140,2013,2,6,18-29,0,1,1
27140,2013,4,6,18-29,0,.31268176,3
27140,2013,2,1,30-44,0,0,1
27140,2013,3,1,30-44,0,0,1
27140,2013,3,6,30-44,0,0,1
27140,2013,4,1,30-44,0,.69182134,4
27140,2013,4,3,30-44,0,0,1
27140,2013,4,6,30-44,0,.50174153,4
27140,2013,1,1,45-64,0,0,1
27140,2013,2,1,45-64,0,,1
27140,2013,2,6,45-64,0,0,2
27140,2013,3,1,45-64,0,0,4
27140,2013,3,2,45-64,0,0,1
27140,2013,3,6,45-64,.53057867,.53057867,2
27140,2013,4,1,45-64,0,0,2
27140,2013,4,6,45-64,.34061459,.22004901,9
27140,2015,2,1,18-29,0,,2
27140,2015,2,6,18-29,0,1,1
27140,2015,3,1,18-29,0,1,2
27140,2015,4,6,18-29,0,0,1
27140,2015,1,1,30-44,1,,1
27140,2015,1,6,30-44,0,0,1
27140,2015,2,1,30-44,.31836486,.29014695,6
27140,2015,2,6,30-44,0,.46679017,2
27140,2015,3,1,30-44,0,1,2
27140,2015,3,6,30-44,.31111825,.49364132,3
27140,2015,4,1,30-44,.13163516,.73625493,9
27140,2015,4,6,30-44,0,.66699493,12
27140,2015,1,1,45-64,0,0,2
27140,2015,1,6,45-64,0,0,1
27140,2015,2,1,45-64,.16497056,0,6
27140,2015,2,2,45-64,0,0,1
27140,2015,2,6,45-64,0,0,2
27140,2015,3,1,45-64,.093366288,.4715586,10
27140,2015,3,6,45-64,.08230333,.45787475,12
27140,2015,4,1,45-64,.13547064,.14807363,6
27140,2015,4,6,45-64,0,.26815474,4
27140,2017,1,6,18-29,1,0,1
27140,2017,2,1,18-29,0,,2
27140,2017,2,6,18-29,1,0,1
27140,2017,3,1,18-29,0,.71591985,8
27140,2017,3,6,18-29,0,.52792919,4
27140,2017,4,1,18-29,0,0,1
27140,2017,1,1,30-44,0,0,3
27140,2017,1,2,30-44,0,,1
27140,2017,2,1,30-44,0,.24361713,8
27140,2017,2,6,30-44,0,0,1
27140,2017,3,1,30-44,0,.2458466,7
27140,2017,3,6,30-44,0,0,6
27140,2017,3,7,30-44,0,0,1
27140,2017,4,1,30-44,0,.66624039,10
27140,2017,4,6,30-44,.12466174,.59255272,7
27140,2017,1,1,45-64,0,0,1
27140,2017,2,1,45-64,.53600597,.51764441,5
27140,2017,2,6,45-64,.38948795,.19129683,6
27140,2017,3,1,45-64,0,.17194755,8
27140,2017,3,6,45-64,.11957692,.30700395,9
27140,2017,4,1,45-64,0,0,3
27140,2017,4,3,45-64,0,0,1
27140,2017,4,6,45-64,0,.24517071,10
27140,2019,1,1,18-29,0,,1
27140,2019,1,6,18-29,0,,1
27140,2019,2,1,18-29,0,,3
27140,2019,3,1,18-29,0,,2
27140,2019,3,6,18-29,0,,3
27140,2019,4,1,18-29,0,,1
27140,2019,4,6,18-29,0,,1
27140,2019,1,1,30-44,0,,1
27140,2019,2,1,30-44,.1854752,,6
27140,2019,2,2,30-44,0,,1
27140,2019,2,6,30-44,0,,2
27140,2019,3,1,30-44,0,,3
27140,2019,3,2,30-44,0,,1
27140,2019,3,6,30-44,0,,2
27140,2019,4,1,30-44,0,,5
27140,2019,4,6,30-44,.070211843,,15
27140,2019,2,1,45-64,.60390007,,3
27140,2019,2,6,45-64,0,,3
27140,2019,3,1,45-64,0,,2
27140,2019,3,6,45-64,0,,3
27140,2019,4,1,45-64,.26494503,,8
27140,2019,4,3,45-64,0,,1
27140,2019,4,6,45-64,.33725655,,6
27140,2021,2,1,18-29,0,,3
27140,2021,2,6,18-29,0,,2
27140,2021,3,1,18-29,0,,1
27140,2021,3,6,18-29,0,,1
27140,2021,4,6,18-29,0,,1
27140,2021,1,1,30-44,0,,2
27140,2021,1,6,30-44,1,,1
27140,2021,2,1,30-44,0,,3
27140,2021,2,3,30-44,0,,1
27140,2021,2,6,30-44,0,,1
27140,2021,3,1,30-44,0,,1
27140,2021,4,1,30-44,0,,8
27140,2021,4,6,30-44,.33580062,,9
27140,2021,1,2,45-64,1,,1
27140,2021,2,1,45-64,0,,2
27140,2021,2,2,45-64,0,,1
27140,2021,2,6,45-64,1,,1
27140,2021,3,1,45-64,.43423679,,2
27140,2021,4,1,45-64,0,,6
27140,2021,4,6,45-64,0,,13
27140,2023,1,6,18-29,0,,1
27140,2023,2,6,18-29,0,,2
27140,2023,3,1,18-29,.14178014,,5
27140,2023,4,6,18-29,0,,2
27140,2023,2,1,30-44,0,,2
27140,2023,2,2,30-44,0,,1
27140,2023,2,6,30-44,.18864124,,4
27140,2023,3,1,30-44,0,,6
27140,2023,3,6,30-44,0,,2
27140,2023,3,7,30-44,0,,1
27140,2023,4,1,30-44,0,,4
27140,2023,4,2,30-44,0,,1
27140,2023,4,6,30-44,0,,8
27140,2023,2,1,45-64,0,,4
27140,2023,2,6,45-64,0,,3
27140,2023,3,1,45-64,0,,5
27140,2023,3,6,45-64,.252601,,5
27140,2023,4,1,45-64,.15576355,,6
27140,2023,4,2,45-64,1,,1
27140,2023,4,6,45-64,.10953958,,8
27260,2013,3,1,18-29,0,.51100546,2
27260,2013,3,6,18-29,0,1,5
27260,2013,4,6,18-29,.3865872,.6134128,3
27260,2013,1,5,30-44,0,0,1
27260,2013,2,1,30-44,0,0,1
27260,2013,2,3,30-44,0,1,1
27260,2013,2,6,30-44,0,1,1
27260,2013,3,1,30-44,0,.54629159,4
27260,2013,3,6,30-44,.15611483,.29706189,6
27260,2013,4,1,30-44,0,1,1
27260,2013,4,6,30-44,.072710305,.38701406,13
27260,2013,1,6,45-64,0,0,1
27260,2013,2,6,45-64,.14390206,0,7
27260,2013,3,1,45-64,.44693848,0,2
27260,2013,3,2,45-64,0,0,1
27260,2013,3,3,45-64,1,0,1
27260,2013,3,6,45-64,.1491403,.26373455,7
27260,2013,4,2,45-64,0,0,1
27260,2013,4,6,45-64,.092390269,.31271833,9
27260,2015,2,1,18-29,0,,2
27260,2015,2,6,18-29,0,.31677252,3
27260,2015,2,7,18-29,0,0,1
27260,2015,4,6,18-29,0,0,3
27260,2015,1,1,30-44,0,,1
27260,2015,2,1,30-44,0,0,2
27260,2015,2,2,30-44,0,1,1
27260,2015,2,6,30-44,.34869528,0,3
27260,2015,2,7,30-44,0,1,1
27260,2015,3,1,30-44,0,1,1
27260,2015,3,2,30-44,0,0,1
27260,2015,3,6,30-44,0,1,3
27260,2015,4,1,30-44,0,1,1
27260,2015,4,6,30-44,.23278077,1,4
27260,2015,2,1,45-64,0,0,3
27260,2015,2,2,45-64,0,1,2
27260,2015,2,6,45-64,0,0,2
27260,2015,3,1,45-64,0,0,4
27260,2015,3,7,45-64,0,1,1
27260,2015,4,1,45-64,0,0,1
27260,2015,4,6,45-64,0,.69231302,3
27260,2017,2,1,18-29,0,,1
27260,2017,3,1,18-29,0,,1
27260,2017,3,6,18-29,0,1,1
27260,2017,4,1,18-29,0,.44639912,2
27260,2017,4,2,18-29,0,0,1
27260,2017,4,6,18-29,0,.73245859,4
27260,2017,2,1,30-44,0,0,4
27260,2017,2,6,30-44,0,1,3
27260,2017,3,1,30-44,0,0,1
27260,2017,3,2,30-44,0,0,2
27260,2017,3,6,30-44,0,.17220986,4
27260,2017,4,1,30-44,0,.36026409,3
27260,2017,4,2,30-44,0,1,1
27260,2017,4,6,30-44,0,.43539959,9
27260,2017,2,1,45-64,0,0,3
27260,2017,2,2,45-64,0,0,2
27260,2017,2,6,45-64,.34801546,.34801546,3
27260,2017,3,1,45-64,0,,1
27260,2017,3,6,45-64,0,0,3
27260,2017,4,1,45-64,0,1,2
27260,2017,4,2,45-64,1,0,1
27260,2017,4,6,45-64,.31044206,.22859405,10
27260,2019,2,1,18-29,0,,1
27260,2019,2,6,18-29,0,,2
27260,2019,3,1,18-29,0,,1
27260,2019,3,6,18-29,.38522646,,3
27260,2019,4,1,18-29,0,,1
27260,2019,4,5,18-29,0,,1
27260,2019,4,6,18-29,0,,1
27260,2019,1,2,30-44,0,,1
27260,2019,2,6,30-44,0,,1
27260,2019,3,1,30-44,0,,1
27260,2019,3,6,30-44,0,,2
27260,2019,4,1,30-44,0,,3
27260,2019,4,2,30-44,0,,1
27260,2019,4,3,30-44,0,,1
27260,2019,4,6,30-44,.16593936,,6
27260,2019,2,1,45-64,0,,2
27260,2019,2,6,45-64,.2143755,,5
27260,2019,3,1,45-64,0,,1
27260,2019,3,6,45-64,0,,2
27260,2019,4,1,45-64,0,,4
27260,2019,4,2,45-64,0,,1
27260,2019,4,6,45-64,0,,7
27260,2021,2,6,18-29,0,,1
27260,2021,3,1,18-29,0,,1
27260,2021,4,2,18-29,0,,1
27260,2021,4,6,18-29,0,,3
27260,2021,3,1,30-44,0,,1
27260,2021,3,6,30-44,0,,3
27260,2021,4,1,30-44,.59893501,,2
27260,2021,4,6,30-44,0,,3
27260,2021,4,7,30-44,0,,1
27260,2021,1,6,45-64,0,,1
27260,2021,2,1,45-64,.32706383,,3
27260,2021,2,6,45-64,0,,2
27260,2021,3,1,45-64,0,,1
27260,2021,3,6,45-64,0,,4
27260,2021,4,1,45-64,0,,6
27260,2021,4,2,45-64,.57178044,,2
27260,2021,4,6,45-64,0,,10
27260,2023,3,1,18-29,0,,1
27260,2023,3,6,18-29,0,,1
27260,2023,4,7,18-29,0,,1
27260,2023,3,6,30-44,.40208322,,5
27260,2023,4,1,30-44,0,,2
27260,2023,4,3,30-44,0,,1
27260,2023,4,6,30-44,0,,8
27260,2023,1,6,45-64,0,,1
27260,2023,2,1,45-64,0,,1
27260,2023,2,6,45-64,0,,3
27260,2023,3,6,45-64,0,,1
27260,2023,4,1,45-64,0,,1
27260,2023,4,2,45-64,0,,2
27260,2023,4,3,45-64,0,,1
27260,2023,4,6,45-64,.10369667,,7
27340,2013,2,6,18-29,0,.55644941,2
27340,2013,3,6,18-29,0,1,1
27340,2013,4,6,18-29,0,1,1
27340,2013,3,3,30-44,1,0,1
27340,2013,3,6,30-44,1,0,1
27340,2013,4,6,30-44,0,1,2
27340,2013,2,1,45-64,0,0,1
27340,2013,2,6,45-64,0,0,5
27340,2013,3,6,45-64,0,0,1
27340,2013,4,1,45-64,0,.4294675,2
27340,2015,2,7,18-29,0,1,1
27340,2015,3,1,18-29,0,,1
27340,2015,2,6,30-44,0,1,2
27340,2015,3,6,30-44,0,0,1
27340,2015,4,6,30-44,.26077625,1,3
27340,2015,2,6,45-64,0,.45627514,2
27340,2015,3,1,45-64,0,0,1
27340,2015,3,6,45-64,0,1,1
27340,2015,4,6,45-64,0,1,1
27340,2017,2,6,18-29,0,.7060768,3
27340,2017,3,6,18-29,0,1,1
27340,2017,4,6,18-29,0,.46342796,2
27340,2017,2,3,30-44,0,1,1
27340,2017,2,6,30-44,0,0,1
27340,2017,3,6,30-44,0,1,1
27340,2017,4,1,30-44,0,1,1
27340,2017,4,2,30-44,0,1,1
27340,2017,4,6,30-44,0,1,2
27340,2017,2,6,45-64,0,0,1
27340,2017,3,6,45-64,0,.65494734,3
27340,2017,4,1,45-64,0,,1
27340,2017,4,6,45-64,0,0,1
27340,2019,2,1,18-29,0,,1
27340,2019,2,2,18-29,0,,1
27340,2019,2,6,18-29,.21652068,,3
27340,2019,3,3,18-29,0,,1
27340,2019,3,2,30-44,0,,1
27340,2019,3,6,30-44,0,,1
27340,2019,4,6,30-44,0,,1
27340,2019,4,7,30-44,0,,1
27340,2019,3,6,45-64,0,,1
27340,2019,4,2,45-64,0,,1
27340,2019,4,6,45-64,0,,1
27340,2021,3,2,18-29,0,,1
27340,2021,2,6,30-44,0,,1
27340,2021,4,6,30-44,0,,2
27340,2021,2,6,45-64,0,,1
27340,2021,3,6,45-64,1,,1
27340,2023,2,6,18-29,0,,1
27340,2023,1,2,30-44,0,,1
27340,2023,2,3,30-44,1,,1
27340,2023,3,2,30-44,0,,1
27340,2023,4,6,30-44,0,,2
27340,2023,3,1,45-64,0,,1
27340,2023,3,6,45-64,0,,3
27500,2013,2,6,18-29,0,.54969919,2
27500,2013,3,6,18-29,0,0,1
27500,2013,2,2,30-44,0,0,1
27500,2013,2,6,30-44,0,0,1
27500,2013,3,6,30-44,.12896974,.50836158,7
27500,2013,4,6,30-44,0,0,1
27500,2013,2,6,45-64,.24166097,.4917599,4
27500,2013,3,6,45-64,.32671219,.33783433,6
27500,2013,4,6,45-64,0,0,2
27500,2015,3,2,18-29,0,1,1
27500,2015,2,6,30-44,0,0,2
27500,2015,3,6,30-44,0,0,1
27500,2015,3,7,30-44,0,1,1
27500,2015,4,6,30-44,0,0,1
27500,2015,2,6,45-64,0,.47339964,7
27500,2015,3,6,45-64,.32703206,0,3
27500,2017,2,6,18-29,0,0,1
27500,2017,3,2,18-29,0,1,1
27500,2017,4,6,18-29,0,1,2
27500,2017,2,4,30-44,0,0,1
27500,2017,2,6,30-44,0,1,2
27500,2017,3,6,30-44,0,.3951681,3
27500,2017,4,6,30-44,0,.69355136,3
27500,2017,2,6,45-64,0,1,3
27500,2017,3,2,45-64,0,1,1
27500,2017,3,6,45-64,.22286913,.74984765,4
27500,2019,4,6,18-29,0,,1
27500,2019,2,1,30-44,0,,1
27500,2019,2,6,30-44,0,,2
27500,2019,3,6,30-44,.45380089,,2
27500,2019,4,6,30-44,0,,2
27500,2019,2,6,45-64,0,,2
27500,2019,3,6,45-64,0,,1
27500,2019,4,6,45-64,0,,1
27500,2021,2,6,18-29,0,,1
27500,2021,4,4,18-29,0,,1
27500,2021,2,6,30-44,0,,1
27500,2021,4,6,30-44,0,,3
27500,2021,1,6,45-64,0,,1
27500,2021,2,2,45-64,0,,1
27500,2021,3,6,45-64,0,,1
27500,2021,4,6,45-64,0,,1
27500,2023,2,6,18-29,0,,1
27500,2023,3,6,18-29,1,,1
27500,2023,1,6,30-44,1,,2
27500,2023,4,6,30-44,0,,2
27500,2023,2,6,45-64,.50792426,,2
27500,2023,3,2,45-64,0,,1
27500,2023,3,6,45-64,0,,1
27500,2023,4,2,45-64,0,,1
27500,2023,4,6,45-64,0,,3
27740,2013,4,6,18-29,0,1,1
27740,2013,1,1,30-44,0,0,1
27740,2013,2,6,30-44,0,0,1
27740,2013,3,6,30-44,0,.50654531,2
27740,2013,2,1,45-64,0,0,1
27740,2013,2,6,45-64,0,0,3
27740,2013,3,6,45-64,0,0,1
27740,2015,3,6,18-29,0,1,2
27740,2015,4,6,18-29,0,.47989339,2
27740,2015,2,6,30-44,0,0,2
27740,2015,3,6,30-44,0,0,2
27740,2015,4,1,30-44,0,1,1
27740,2015,4,6,30-44,.42796889,.57203114,2
27740,2015,1,1,45-64,0,0,1
27740,2015,2,6,45-64,0,1,1
27740,2015,3,6,45-64,0,1,1
27740,2015,4,1,45-64,0,0,1
27740,2015,4,2,45-64,1,0,1
27740,2015,4,6,45-64,0,.4596211,4
27740,2017,2,6,18-29,0,0,1
27740,2017,3,6,18-29,0,1,1
27740,2017,4,6,18-29,0,.49157235,2
27740,2017,1,6,30-44,.56204849,0,2
27740,2017,3,6,30-44,0,1,2
27740,2017,4,6,30-44,0,.43591619,2
27740,2017,2,6,45-64,0,0,1
27740,2017,3,6,45-64,0,0,1
27740,2017,4,6,45-64,0,.48301822,4
27740,2019,2,6,18-29,0,,2
27740,2019,3,6,18-29,0,,1
27740,2019,4,6,18-29,0,,1
27740,2019,1,6,30-44,0,,1
27740,2019,2,6,30-44,1,,1
27740,2019,3,6,30-44,0,,1
27740,2019,4,6,30-44,0,,2
27740,2019,2,6,45-64,0,,1
27740,2019,3,6,45-64,0,,1
27740,2019,4,6,45-64,0,,2
27740,2021,3,6,18-29,0,,1
27740,2021,2,6,30-44,0,,2
27740,2021,3,6,30-44,0,,1
27740,2021,4,6,30-44,0,,4
27740,2021,3,6,45-64,0,,1
27740,2021,4,6,45-64,0,,2
27740,2023,2,6,18-29,0,,1
27740,2023,3,6,18-29,0,,2
27740,2023,4,6,18-29,0,,1
27740,2023,1,6,30-44,0,,1
27740,2023,2,6,30-44,0,,1
27740,2023,3,6,30-44,0,,1
27740,2023,1,6,45-64,0,,1
27740,2023,2,2,45-64,0,,1
27740,2023,2,6,45-64,.4989076,,2
27740,2023,4,1,45-64,1,,1
27740,2023,4,6,45-64,0,,2
27780,2013,3,6,18-29,0,1,1
27780,2013,4,7,18-29,0,0,1
27780,2013,2,6,30-44,0,0,1
27780,2013,2,1,45-64,0,0,1
27780,2013,2,6,45-64,0,0,3
27780,2013,3,6,45-64,0,.43859112,2
27780,2013,4,6,45-64,0,0,3
27780,2015,4,6,18-29,0,1,1
27780,2015,2,6,30-44,0,1,1
27780,2015,3,6,30-44,0,.5,2
27780,2015,4,6,30-44,0,1,1
27780,2015,2,6,45-64,0,0,2
27780,2015,4,6,45-64,0,.49748269,4
27780,2017,4,6,30-44,0,1,1
27780,2017,2,6,45-64,0,.49076807,2
27780,2017,3,6,45-64,0,.30417648,3
27780,2019,4,6,30-44,0,,1
27780,2019,2,6,45-64,0,,1
27780,2021,2,6,30-44,0,,1
27780,2021,4,6,30-44,0,,1
27780,2021,3,6,45-64,.43404114,,2
27780,2021,4,6,45-64,0,,2
27780,2023,1,6,30-44,0,,1
27780,2023,2,6,30-44,1,,1
27780,2023,2,6,45-64,1,,1
27900,2013,2,6,18-29,0,0,1
27900,2013,3,6,18-29,0,.56537873,2
27900,2013,3,6,30-44,0,0,1
27900,2013,3,7,30-44,0,1,1
27900,2013,4,6,30-44,0,1,1
27900,2013,1,6,45-64,1,,1
27900,2013,3,6,45-64,0,0,1
27900,2013,4,6,45-64,0,0,1
27980,2015,2,3,18-29,0,0,1
27980,2015,4,6,18-29,0,.35214305,3
27980,2015,2,5,30-44,0,0,1
27980,2015,2,7,30-44,0,0,1
27980,2015,3,2,30-44,1,1,1
27980,2015,4,6,30-44,0,0,1
27980,2015,2,3,45-64,0,.64989978,3
27980,2015,2,6,45-64,.51664084,.48335916,2
27980,2015,3,3,45-64,0,1,1
27980,2015,3,6,45-64,1,1,1
27980,2015,4,3,45-64,0,0,1
27980,2015,4,6,45-64,1,.7355203,3
27980,2017,1,3,18-29,0,0,1
27980,2017,3,6,18-29,0,1,1
27980,2017,4,6,18-29,0,1,1
27980,2017,2,6,30-44,1,1,1
27980,2017,3,2,30-44,0,1,1
27980,2017,3,3,30-44,0,.69380015,3
27980,2017,3,6,30-44,.39995199,.39995199,2
27980,2017,4,2,30-44,0,0,1
27980,2017,4,6,30-44,0,1,1
27980,2017,1,5,45-64,0,,1
27980,2017,2,6,45-64,0,0,1
27980,2017,2,7,45-64,0,0,1
27980,2017,3,3,45-64,0,0,3
27980,2017,4,3,45-64,0,.46369791,2
27980,2017,4,6,45-64,.71707058,.50283182,4
27980,2019,2,5,18-29,0,,1
27980,2019,3,6,18-29,.63760298,,2
27980,2019,4,6,18-29,0,,1
27980,2019,1,5,30-44,0,,1
27980,2019,2,5,30-44,0,,1
27980,2019,3,3,30-44,0,,1
27980,2019,3,5,30-44,0,,1
27980,2019,4,3,30-44,0,,1
27980,2019,4,6,30-44,.52528256,,2
27980,2019,2,2,45-64,1,,1
27980,2019,2,3,45-64,0,,2
27980,2019,3,3,45-64,0,,2
27980,2019,3,6,45-64,0,,1
27980,2019,3,7,45-64,0,,1
27980,2019,4,2,45-64,0,,1
27980,2019,4,3,45-64,0,,2
27980,2019,4,6,45-64,0,,1
27980,2021,2,6,18-29,0,,1
27980,2021,2,2,30-44,0,,1
27980,2021,3,6,30-44,0,,1
27980,2021,4,3,30-44,0,,1
27980,2021,4,6,30-44,0,,2
27980,2021,1,6,45-64,0,,1
27980,2021,2,6,45-64,0,,2
27980,2021,3,6,45-64,0,,1
27980,2021,4,6,45-64,1,,2
27980,2023,2,3,18-29,0,,1
27980,2023,2,6,18-29,0,,1
27980,2023,3,3,18-29,0,,1
27980,2023,3,5,18-29,0,,1
27980,2023,2,1,30-44,0,,1
27980,2023,2,5,30-44,.6926561,,3
27980,2023,3,3,30-44,0,,1
27980,2023,3,5,30-44,.46751463,,2
27980,2023,4,2,30-44,0,,1
27980,2023,4,3,30-44,0,,1
27980,2023,2,3,45-64,.17781112,,6
27980,2023,2,5,45-64,0,,2
27980,2023,3,3,45-64,.55532527,,2
27980,2023,3,5,45-64,0,,1
27980,2023,3,6,45-64,.26107371,,4
27980,2023,3,7,45-64,0,,1
27980,2023,4,3,45-64,0,,1
27980,2023,4,6,45-64,.13127713,,8
28020,2013,2,6,18-29,0,1,1
28020,2013,3,6,18-29,0,0,2
28020,2013,2,1,30-44,0,1,1
28020,2013,2,6,30-44,0,0,1
28020,2013,3,1,30-44,0,0,1
28020,2013,3,6,30-44,0,0,5
28020,2013,4,6,30-44,0,.30546266,3
28020,2013,3,4,45-64,0,0,1
28020,2013,3,6,45-64,0,0,1
28020,2013,4,6,45-64,0,.53498137,2
28020,2015,1,2,18-29,0,1,1
28020,2015,1,6,18-29,1,0,1
28020,2015,4,6,18-29,0,0,1
28020,2015,4,6,30-44,0,.43474981,7
28020,2015,2,2,45-64,0,0,1
28020,2015,2,6,45-64,0,0,1
28020,2015,4,6,45-64,.51392835,0,2
28020,2017,2,6,18-29,0,1,1
28020,2017,3,6,18-29,0,1,3
28020,2017,4,6,18-29,0,.40986454,2
28020,2017,4,6,30-44,0,.67085052,3
28020,2017,2,6,45-64,1,0,1
28020,2017,3,6,45-64,0,1,1
28020,2017,4,6,45-64,.52161562,.52161562,4
28020,2019,3,6,18-29,0,,3
28020,2019,3,7,18-29,0,,1
28020,2019,2,6,30-44,0,,1
28020,2019,3,2,30-44,0,,1
28020,2019,3,6,30-44,0,,2
28020,2019,4,6,30-44,0,,4
28020,2019,1,1,45-64,0,,1
28020,2019,2,6,45-64,0,,1
28020,2019,3,1,45-64,0,,1
28020,2019,4,2,45-64,0,,1
28020,2019,4,6,45-64,.14198029,,7
28020,2021,3,7,18-29,0,,1
28020,2021,2,6,30-44,0,,3
28020,2021,3,6,30-44,0,,1
28020,2021,4,1,30-44,0,,1
28020,2021,4,6,30-44,0,,4
28020,2021,3,6,45-64,0,,1
28020,2021,4,6,45-64,.24760845,,4
28020,2023,3,1,18-29,0,,1
28020,2023,3,6,18-29,0,,1
28020,2023,4,6,18-29,0,,1
28020,2023,4,7,18-29,0,,1
28020,2023,4,6,30-44,.46306777,,5
28020,2023,1,2,45-64,0,,1
28020,2023,2,6,45-64,.26933399,,4
28020,2023,3,6,45-64,0,,2
28020,2023,4,6,45-64,0,,1
28100,2013,1,1,18-29,0,,1
28100,2013,1,6,18-29,0,,1
28100,2013,3,6,18-29,0,0,1
28100,2013,2,6,30-44,0,.33955765,3
28100,2013,3,6,30-44,0,1,1
28100,2013,1,2,45-64,0,0,1
28100,2013,2,6,45-64,0,.4666957,3
28100,2013,4,6,45-64,0,0,1
28100,2015,1,6,30-44,0,1,1
28100,2015,2,6,30-44,0,0,1
28100,2015,2,6,45-64,.36401969,0,3
28100,2015,3,6,45-64,0,0,1
28140,2013,1,2,18-29,0,0,1
28140,2013,2,1,18-29,0,0,2
28140,2013,2,2,18-29,0,.67364275,3
28140,2013,2,6,18-29,.12959418,.48606491,10
28140,2013,3,1,18-29,0,0,3
28140,2013,3,6,18-29,0,.6222986,11
28140,2013,4,1,18-29,0,0,1
28140,2013,4,3,18-29,0,.74401194,3
28140,2013,4,6,18-29,.051539831,.77375066,15
28140,2013,1,6,30-44,.35884336,1,2
28140,2013,2,1,30-44,0,0,1
28140,2013,2,2,30-44,0,.51808673,3
28140,2013,2,6,30-44,0,.27059594,9
28140,2013,3,1,30-44,0,.55142713,3
28140,2013,3,2,30-44,0,1,1
28140,2013,3,4,30-44,0,1,1
28140,2013,3,6,30-44,.12689012,.3983725,15
28140,2013,4,1,30-44,0,,1
28140,2013,4,2,30-44,0,1,1
28140,2013,4,3,30-44,.55617028,0,2
28140,2013,4,6,30-44,.11339184,.40753484,31
28140,2013,1,1,45-64,0,0,1
28140,2013,1,2,45-64,0,0,1
28140,2013,1,6,45-64,0,.20133677,5
28140,2013,2,1,45-64,0,0,2
28140,2013,2,2,45-64,0,0,1
28140,2013,2,6,45-64,.090373978,0,14
28140,2013,3,1,45-64,0,0,3
28140,2013,3,6,45-64,.15897878,.10070416,23
28140,2013,3,7,45-64,1,0,1
28140,2013,4,1,45-64,0,.29790708,3
28140,2013,4,6,45-64,.064137533,.20663567,34
28140,2013,4,7,45-64,0,0,2
28140,2015,1,1,18-29,0,0,1
28140,2015,1,3,18-29,0,0,2
28140,2015,2,6,18-29,0,.73684347,5
28140,2015,3,1,18-29,0,.23847716,2
28140,2015,3,2,18-29,0,0,1
28140,2015,3,6,18-29,0,.67494375,4
28140,2015,4,6,18-29,.10246947,.47547024,13
28140,2015,1,2,30-44,0,,1
28140,2015,1,6,30-44,0,1,1
28140,2015,2,1,30-44,0,0,2
28140,2015,2,2,30-44,0,0,1
28140,2015,2,6,30-44,0,.56267655,7
28140,2015,3,1,30-44,0,0,2
28140,2015,3,3,30-44,0,1,1
28140,2015,3,6,30-44,.085508734,.70462245,9
28140,2015,3,7,30-44,0,0,1
28140,2015,4,1,30-44,0,0,4
28140,2015,4,2,30-44,0,1,1
28140,2015,4,3,30-44,0,1,1
28140,2015,4,6,30-44,.1312525,.61935598,23
28140,2015,4,7,30-44,0,0,1
28140,2015,1,3,45-64,0,0,1
28140,2015,1,6,45-64,0,.27554801,3
28140,2015,2,1,45-64,.43609676,0,2
28140,2015,2,2,45-64,0,0,2
28140,2015,2,6,45-64,.16103154,.29147559,7
28140,2015,2,7,45-64,0,0,1
28140,2015,3,1,45-64,0,0,2
28140,2015,3,2,45-64,0,0,3
28140,2015,3,6,45-64,.088197425,.17395684,15
28140,2015,4,1,45-64,0,0,1
28140,2015,4,2,45-64,.54989403,0,3
28140,2015,4,3,45-64,0,1,1
28140,2015,4,6,45-64,.071067169,.23708449,44
28140,2015,4,7,45-64,0,0,1
28140,2017,2,1,18-29,0,.36364704,2
28140,2017,2,6,18-29,0,0,1
28140,2017,3,1,18-29,0,0,1
28140,2017,3,6,18-29,0,.81360191,11
28140,2017,3,7,18-29,0,0,2
28140,2017,4,3,18-29,0,1,3
28140,2017,4,6,18-29,0,.61491114,13
28140,2017,2,1,30-44,0,1,2
28140,2017,2,6,30-44,0,.4559226,4
28140,2017,3,1,30-44,0,1,1
28140,2017,3,2,30-44,0,0,2
28140,2017,3,6,30-44,.056443494,.5585469,16
28140,2017,4,1,30-44,0,.90032572,6
28140,2017,4,2,30-44,0,0,1
28140,2017,4,6,30-44,.035427369,.70486134,24
28140,2017,1,3,45-64,0,0,1
28140,2017,2,1,45-64,0,1,2
28140,2017,2,2,45-64,0,.57230175,2
28140,2017,2,6,45-64,0,.25554308,6
28140,2017,3,1,45-64,0,.37971303,4
28140,2017,3,6,45-64,.070214167,.66788256,13
28140,2017,4,1,45-64,0,.27653131,3
28140,2017,4,2,45-64,0,1,1
28140,2017,4,6,45-64,.077004649,.46953636,29
28140,2017,4,7,45-64,0,0,1
28140,2019,1,2,18-29,0,,1
28140,2019,1,6,18-29,0,,1
28140,2019,2,1,18-29,0,,1
28140,2019,2,2,18-29,0,,2
28140,2019,2,6,18-29,0,,4
28140,2019,3,1,18-29,0,,2
28140,2019,4,3,18-29,0,,1
28140,2019,4,6,18-29,0,,13
28140,2019,2,2,30-44,0,,2
28140,2019,2,6,30-44,0,,5
28140,2019,3,1,30-44,0,,2
28140,2019,3,2,30-44,0,,2
28140,2019,3,3,30-44,0,,1
28140,2019,3,6,30-44,.18469158,,8
28140,2019,3,7,30-44,0,,1
28140,2019,4,1,30-44,0,,2
28140,2019,4,2,30-44,0,,1
28140,2019,4,6,30-44,.078808621,,18
28140,2019,1,6,45-64,0,,2
28140,2019,2,2,45-64,0,,2
28140,2019,2,6,45-64,.11729828,,6
28140,2019,3,1,45-64,0,,4
28140,2019,3,6,45-64,.054373961,,9
28140,2019,4,2,45-64,0,,1
28140,2019,4,3,45-64,0,,2
28140,2019,4,6,45-64,.14124385,,32
28140,2021,1,6,18-29,1,,1
28140,2021,2,1,18-29,0,,1
28140,2021,2,6,18-29,0,,2
28140,2021,3,2,18-29,0,,1
28140,2021,3,6,18-29,.058877848,,9
28140,2021,4,1,18-29,0,,2
28140,2021,4,2,18-29,0,,1
28140,2021,4,3,18-29,0,,1
28140,2021,4,6,18-29,0,,11
28140,2021,1,1,30-44,0,,1
28140,2021,1,2,30-44,0,,1
28140,2021,1,6,30-44,0,,2
28140,2021,2,1,30-44,0,,1
28140,2021,2,2,30-44,0,,1
28140,2021,2,3,30-44,0,,1
28140,2021,2,6,30-44,0,,5
28140,2021,3,1,30-44,0,,1
28140,2021,3,2,30-44,0,,1
28140,2021,3,4,30-44,.51030993,,2
28140,2021,3,6,30-44,0,,8
28140,2021,3,7,30-44,0,,1
28140,2021,4,1,30-44,0,,1
28140,2021,4,2,30-44,0,,2
28140,2021,4,6,30-44,.040777665,,27
28140,2021,4,7,30-44,0,,3
28140,2021,1,2,45-64,0,,1
28140,2021,2,1,45-64,0,,1
28140,2021,2,2,45-64,0,,3
28140,2021,2,4,45-64,0,,1
28140,2021,2,6,45-64,0,,7
28140,2021,3,1,45-64,0,,2
28140,2021,3,2,45-64,0,,1
28140,2021,3,4,45-64,0,,1
28140,2021,3,6,45-64,.09027268,,13
28140,2021,4,3,45-64,0,,1
28140,2021,4,6,45-64,.11731048,,30
28140,2023,1,6,18-29,0,,1
28140,2023,2,2,18-29,0,,1
28140,2023,2,6,18-29,0,,1
28140,2023,3,1,18-29,0,,2
28140,2023,3,2,18-29,0,,2
28140,2023,3,6,18-29,0,,1
28140,2023,4,6,18-29,.070810944,,13
28140,2023,2,1,30-44,0,,1
28140,2023,2,6,30-44,0,,8
28140,2023,3,6,30-44,0,,5
28140,2023,3,7,30-44,0,,2
28140,2023,4,1,30-44,0,,2
28140,2023,4,3,30-44,0,,1
28140,2023,4,6,30-44,.044470027,,18
28140,2023,1,3,45-64,0,,1
28140,2023,2,1,45-64,.46588272,,3
28140,2023,2,6,45-64,.20062549,,10
28140,2023,3,6,45-64,0,,13
28140,2023,3,7,45-64,1,,1
28140,2023,4,1,45-64,0,,1
28140,2023,4,2,45-64,1,,1
28140,2023,4,6,45-64,.10620258,,29
28420,2015,3,2,18-29,0,1,1
28420,2015,1,2,30-44,0,0,2
28420,2015,3,6,30-44,0,0,2
28420,2015,1,2,45-64,0,0,1
28420,2017,2,2,18-29,0,1,1
28420,2017,3,1,18-29,0,0,1
28420,2017,3,6,18-29,0,0,2
28420,2017,4,2,18-29,0,1,1
28420,2017,2,2,30-44,0,0,5
28420,2017,3,2,30-44,0,.36944193,5
28420,2017,3,6,30-44,0,0,4
28420,2017,4,2,30-44,0,1,1
28420,2017,4,3,30-44,0,1,1
28420,2017,4,6,30-44,0,0,1
28420,2017,1,2,45-64,0,0,2
28420,2017,3,6,45-64,0,.45995659,2
28420,2017,4,4,45-64,0,0,1
28420,2017,4,6,45-64,0,.32817772,3
28420,2019,2,6,18-29,0,,1
28420,2019,2,2,30-44,.54921806,,2
28420,2019,2,6,30-44,0,,1
28420,2019,3,6,30-44,0,,4
28420,2019,4,1,30-44,0,,1
28420,2019,4,3,30-44,0,,1
28420,2019,4,6,30-44,0,,2
28420,2019,1,2,45-64,0,,1
28420,2019,1,3,45-64,0,,1
28420,2019,2,2,45-64,.67355603,,2
28420,2019,3,6,45-64,0,,2
28420,2019,4,6,45-64,0,,3
28420,2021,3,2,18-29,0,,1
28420,2021,2,2,30-44,0,,2
28420,2021,3,6,30-44,.49552459,,2
28420,2021,4,2,30-44,0,,1
28420,2021,4,6,30-44,0,,2
28420,2021,1,2,45-64,0,,1
28420,2021,2,2,45-64,0,,1
28420,2021,2,6,45-64,1,,1
28420,2021,3,6,45-64,0,,5
28420,2021,4,6,45-64,0,,2
28420,2023,1,2,18-29,0,,1
28420,2023,3,2,18-29,0,,1
28420,2023,2,6,30-44,1,,1
28420,2023,3,2,30-44,0,,1
28420,2023,3,6,30-44,0,,2
28420,2023,4,6,30-44,0,,1
28420,2023,2,2,45-64,0,,1
28420,2023,2,6,45-64,0,,1
28420,2023,3,2,45-64,0,,2
28420,2023,4,6,45-64,0,,2
28660,2013,1,1,18-29,0,,1
28660,2013,2,2,18-29,1,1,1
28660,2013,3,6,18-29,0,0,1
28660,2013,1,2,30-44,0,1,1
28660,2013,2,2,30-44,0,,1
28660,2013,2,6,30-44,0,.55199021,2
28660,2013,3,1,30-44,0,0,1
28660,2013,3,2,30-44,0,0,2
28660,2013,4,1,30-44,0,0,1
28660,2013,4,6,30-44,0,0,1
28660,2013,1,2,45-64,0,0,2
28660,2013,1,6,45-64,0,,1
28660,2013,2,1,45-64,0,0,1
28660,2013,2,2,45-64,0,0,1
28660,2013,2,6,45-64,0,0,5
28660,2013,3,6,45-64,0,.50646204,2
28660,2015,1,1,18-29,0,0,1
28660,2015,2,1,18-29,0,0,1
28660,2015,2,6,18-29,0,1,1
28660,2015,3,1,18-29,0,1,4
28660,2015,2,6,30-44,0,,1
28660,2015,3,1,30-44,0,0,1
28660,2015,3,6,30-44,0,0,1
28660,2015,4,3,30-44,0,0,1
28660,2015,2,1,45-64,0,0,1
28660,2015,2,2,45-64,0,0,1
28660,2015,2,6,45-64,0,0,1
28660,2015,3,1,45-64,0,,1
28660,2015,3,2,45-64,0,0,1
28660,2015,3,6,45-64,0,0,3
28660,2015,4,6,45-64,0,1,2
28660,2017,2,1,18-29,0,,1
28660,2017,2,2,18-29,0,0,1
28660,2017,2,6,18-29,0,1,1
28660,2017,3,2,18-29,0,0,1
28660,2017,4,1,18-29,0,1,1
28660,2017,3,1,30-44,0,1,1
28660,2017,3,3,30-44,0,1,1
28660,2017,4,6,30-44,0,,1
28660,2017,1,2,45-64,0,,1
28660,2017,1,4,45-64,0,,1
28660,2017,3,2,45-64,0,0,2
28660,2017,3,6,45-64,0,1,1
28660,2017,4,2,45-64,0,1,1
28660,2019,2,3,18-29,0,,1
28660,2019,2,7,18-29,0,,1
28660,2019,3,1,18-29,0,,2
28660,2019,3,6,18-29,0,,1
28660,2019,1,2,30-44,0,,1
28660,2019,1,6,30-44,0,,1
28660,2019,2,1,30-44,0,,1
28660,2019,2,2,30-44,0,,2
28660,2019,4,1,30-44,0,,1
28660,2019,4,6,30-44,0,,1
28660,2019,1,2,45-64,0,,1
28660,2019,3,6,45-64,.61348575,,2
28660,2019,4,6,45-64,0,,1
28660,2021,1,2,18-29,1,,1
28660,2021,2,2,18-29,0,,1
28660,2021,3,1,18-29,0,,1
28660,2021,3,2,18-29,1,,1
28660,2021,4,2,18-29,0,,1
28660,2021,2,2,30-44,0,,1
28660,2021,2,6,30-44,0,,1
28660,2021,3,1,30-44,0,,1
28660,2021,4,2,30-44,0,,3
28660,2021,4,6,30-44,0,,1
28660,2021,1,2,45-64,0,,2
28660,2021,1,6,45-64,0,,1
28660,2021,2,1,45-64,0,,1
28660,2021,3,2,45-64,0,,1
28660,2021,4,6,45-64,0,,1
28660,2023,3,2,18-29,0,,1
28660,2023,4,6,18-29,0,,1
28660,2023,1,6,30-44,0,,1
28660,2023,3,6,30-44,0,,1
28660,2023,2,1,45-64,0,,1
28660,2023,3,2,45-64,0,,1
28660,2023,3,6,45-64,0,,1
28660,2023,4,6,45-64,1,,1
28700,2013,1,6,18-29,0,0,1
28700,2013,3,6,18-29,0,1,1
28700,2013,4,6,18-29,0,0,1
28700,2013,1,6,30-44,0,0,1
28700,2013,2,6,30-44,0,1,2
28700,2013,3,6,30-44,0,1,2
28700,2013,4,6,30-44,0,.5,2
28700,2013,1,6,45-64,0,0,1
28700,2013,3,6,45-64,0,1,2
28700,2013,4,6,45-64,0,0,1
28700,2015,2,6,18-29,.61802882,.38197121,2
28700,2015,3,6,18-29,0,1,1
28700,2015,3,6,30-44,.1828503,.35035458,5
28700,2015,4,6,30-44,0,1,2
28700,2015,1,6,45-64,0,0,1
28700,2015,2,6,45-64,0,.61270118,5
28700,2015,3,6,45-64,0,.40187347,2
28700,2015,4,6,45-64,0,1,2
28700,2017,2,6,18-29,0,0,1
28700,2017,4,6,18-29,0,0,1
28700,2017,1,2,30-44,0,,1
28700,2017,1,6,30-44,0,0,2
28700,2017,2,6,30-44,0,1,1
28700,2017,3,6,30-44,0,.73398894,4
28700,2017,4,3,30-44,1,1,1
28700,2017,4,6,30-44,0,0,1
28700,2017,2,6,45-64,.49633199,.50366801,2
28700,2017,3,6,45-64,.31123382,.3556197,3
28700,2017,4,6,45-64,0,.51095867,4
28700,2019,4,6,18-29,0,,1
28700,2019,4,6,30-44,0,,2
28700,2019,1,6,45-64,1,,1
28700,2019,2,6,45-64,0,,3
28700,2019,3,6,45-64,0,,3
28700,2019,4,6,45-64,0,,5
28700,2021,2,6,30-44,0,,3
28700,2021,3,6,30-44,0,,3
28700,2021,4,6,30-44,0,,3
28700,2021,1,2,45-64,0,,1
28700,2021,2,6,45-64,0,,2
28700,2021,3,6,45-64,.47195503,,2
28700,2021,4,6,45-64,0,,1
28700,2023,2,6,18-29,0,,1
28700,2023,3,6,18-29,0,,1
28700,2023,4,2,18-29,0,,1
28700,2023,4,6,18-29,0,,1
28700,2023,2,6,30-44,1,,1
28700,2023,3,6,30-44,0,,4
28700,2023,4,6,30-44,0,,4
28700,2023,1,2,45-64,0,,1
28700,2023,2,6,45-64,0,,3
28700,2023,4,6,45-64,.36216727,,4
28740,2013,3,6,18-29,0,,1
28740,2013,2,6,30-44,0,0,2
28740,2013,3,6,30-44,0,0,2
28740,2013,4,6,30-44,0,0,4
28740,2013,2,2,45-64,1,0,1
28740,2013,3,6,45-64,0,.33815855,3
28740,2013,4,6,45-64,0,0,1
28940,2013,2,6,18-29,0,0,4
28940,2013,3,6,18-29,0,0,2
28940,2013,4,6,18-29,0,0,1
28940,2013,1,2,30-44,0,0,1
28940,2013,2,6,30-44,0,0,1
28940,2013,3,6,30-44,0,.28507164,3
28940,2013,4,3,30-44,0,1,1
28940,2013,4,6,30-44,0,0,3
28940,2013,1,6,45-64,1,0,1
28940,2013,2,1,45-64,0,0,1
28940,2013,2,6,45-64,0,.30845952,3
28940,2013,3,1,45-64,0,0,1
28940,2013,3,6,45-64,0,.24212418,8
28940,2013,4,6,45-64,.12095161,.12095161,8
28940,2015,3,6,18-29,0,.61629808,2
28940,2015,4,6,18-29,0,.30471638,3
28940,2015,1,6,30-44,0,0,1
28940,2015,2,2,30-44,0,0,1
28940,2015,2,6,30-44,0,.4812856,4
28940,2015,3,6,30-44,0,.4812856,2
28940,2015,4,1,30-44,0,0,1
28940,2015,4,3,30-44,0,0,1
28940,2015,4,6,30-44,0,.4099392,5
28940,2015,1,6,45-64,1,0,1
28940,2015,2,1,45-64,0,0,1
28940,2015,2,6,45-64,0,0,5
28940,2015,3,1,45-64,0,.54170263,2
28940,2015,3,6,45-64,.17135571,.13715895,6
28940,2015,4,1,45-64,0,0,1
28940,2015,4,6,45-64,.11163685,.30473995,10
28940,2017,1,6,18-29,0,0,1
28940,2017,2,4,18-29,0,1,1
28940,2017,2,6,18-29,0,.17487596,6
28940,2017,3,6,18-29,0,.69395936,4
28940,2017,4,4,18-29,0,1,1
28940,2017,4,6,18-29,0,.30287084,3
28940,2017,1,6,30-44,0,0,1
28940,2017,2,1,30-44,0,0,1
28940,2017,2,2,30-44,0,0,2
28940,2017,2,6,30-44,0,.36556131,6
28940,2017,3,1,30-44,0,,1
28940,2017,3,6,30-44,0,1,3
28940,2017,3,7,30-44,0,0,1
28940,2017,4,6,30-44,0,.47791377,6
28940,2017,1,6,45-64,.47013384,0,2
28940,2017,2,6,45-64,0,.47575524,11
28940,2017,3,1,45-64,0,0,2
28940,2017,3,2,45-64,0,0,1
28940,2017,3,6,45-64,0,.56457818,9
28940,2017,4,1,45-64,0,1,1
28940,2017,4,6,45-64,.100014,.5045166,10
28940,2019,1,6,18-29,0,,1
28940,2019,2,2,18-29,0,,1
28940,2019,2,6,18-29,.35327435,,3
28940,2019,3,6,18-29,0,,3
28940,2019,2,6,30-44,0,,5
28940,2019,3,1,30-44,0,,1
28940,2019,3,6,30-44,0,,2
28940,2019,4,6,30-44,0,,5
28940,2019,2,6,45-64,0,,6
28940,2019,3,6,45-64,.12934406,,7
28940,2019,4,6,45-64,0,,14
28940,2021,2,2,18-29,0,,1
28940,2021,2,6,18-29,0,,2
28940,2021,3,6,18-29,0,,2
28940,2021,4,6,18-29,0,,4
28940,2021,1,6,30-44,0,,2
28940,2021,2,6,30-44,0,,4
28940,2021,3,6,30-44,0,,3
28940,2021,4,3,30-44,0,,1
28940,2021,4,6,30-44,0,,10
28940,2021,2,6,45-64,.15150687,,7
28940,2021,3,6,45-64,0,,7
28940,2021,4,2,45-64,0,,1
28940,2021,4,3,45-64,0,,1
28940,2021,4,6,45-64,.14674978,,8
28940,2021,4,7,45-64,0,,1
28940,2023,2,6,18-29,0,,1
28940,2023,3,6,18-29,0,,4
28940,2023,4,6,18-29,0,,1
28940,2023,2,2,30-44,0,,1
28940,2023,2,6,30-44,.21285163,,4
28940,2023,3,6,30-44,0,,4
28940,2023,4,6,30-44,0,,11
28940,2023,2,6,45-64,0,,2
28940,2023,3,6,45-64,0,,1
28940,2023,4,2,45-64,0,,1
28940,2023,4,6,45-64,.29047602,,8
29100,2013,2,6,18-29,0,0,1
29100,2013,2,6,30-44,0,0,1
29100,2013,3,6,30-44,0,.25319079,4
29100,2013,4,6,30-44,0,0,2
29100,2013,1,6,45-64,0,,1
29100,2013,2,6,45-64,0,0,3
29100,2013,3,2,45-64,0,0,1
29100,2013,3,6,45-64,0,0,3
29100,2013,4,6,45-64,.31956342,.3358804,3
29180,2013,2,1,18-29,0,0,2
29180,2013,4,6,18-29,1,0,1
29180,2013,2,1,30-44,0,,2
29180,2013,3,1,30-44,0,0,1
29180,2013,3,6,30-44,.33902186,.64769465,3
29180,2013,4,1,30-44,0,0,1
29180,2013,4,3,30-44,0,1,1
29180,2013,4,6,30-44,.48790696,.2791895,4
29180,2013,1,1,45-64,0,0,1
29180,2013,2,1,45-64,0,,2
29180,2013,2,6,45-64,.67819178,0,3
29180,2013,3,1,45-64,0,0,2
29180,2013,3,6,45-64,1,0,3
29180,2013,4,1,45-64,0,0,2
29180,2013,4,6,45-64,.27760321,.27760321,4
29180,2015,1,6,18-29,0,0,1
29180,2015,2,1,18-29,0,,1
29180,2015,2,6,18-29,0,,2
29180,2015,3,2,18-29,0,1,1
29180,2015,3,6,18-29,0,.57274657,2
29180,2015,4,1,18-29,0,0,1
29180,2015,4,6,18-29,0,0,1
29180,2015,1,1,30-44,0,,1
29180,2015,1,6,30-44,0,0,1
29180,2015,2,6,30-44,.14905928,.59468877,11
29180,2015,3,6,30-44,.30508524,.70171356,3
29180,2015,4,1,30-44,0,.57674545,2
29180,2015,4,6,30-44,.10775825,.42951065,9
29180,2015,1,1,45-64,1,0,1
29180,2015,1,6,45-64,1,0,1
29180,2015,2,1,45-64,0,0,4
29180,2015,2,6,45-64,.11599031,.28548649,6
29180,2015,3,1,45-64,0,1,2
29180,2015,3,6,45-64,.29553515,.52621144,4
29180,2015,4,2,45-64,0,0,1
29180,2015,4,6,45-64,.1578511,.31897503,6
29180,2017,1,6,18-29,0,0,1
29180,2017,2,6,18-29,0,.45928207,3
29180,2017,3,6,18-29,0,1,1
29180,2017,1,1,30-44,0,0,1
29180,2017,1,4,30-44,0,1,1
29180,2017,1,6,30-44,.52574277,1,2
29180,2017,2,6,30-44,0,,1
29180,2017,3,2,30-44,1,,1
29180,2017,3,6,30-44,0,.40339988,2
29180,2017,4,6,30-44,0,1,2
29180,2017,1,2,45-64,0,,1
29180,2017,2,1,45-64,0,0,1
29180,2017,2,4,45-64,1,,1
29180,2017,2,6,45-64,0,.42103386,5
29180,2017,3,3,45-64,1,0,1
29180,2017,3,6,45-64,.72045577,.34202769,3
29180,2017,4,6,45-64,.50849932,.49150065,2
29180,2019,2,1,18-29,.43687728,,3
29180,2019,2,6,18-29,0,,1
29180,2019,3,6,18-29,0,,2
29180,2019,4,2,18-29,0,,1
29180,2019,4,6,18-29,0,,3
29180,2019,1,6,30-44,0,,1
29180,2019,3,1,30-44,0,,1
29180,2019,3,6,30-44,.32184738,,6
29180,2019,4,1,30-44,0,,1
29180,2019,4,6,30-44,.22000909,,5
29180,2019,1,1,45-64,0,,1
29180,2019,1,6,45-64,.29859942,,3
29180,2019,2,1,45-64,0,,1
29180,2019,2,6,45-64,.34451383,,7
29180,2019,3,6,45-64,0,,1
29180,2019,4,2,45-64,0,,1
29180,2019,4,6,45-64,.30472779,,3
29180,2021,2,1,18-29,0,,1
29180,2021,2,2,18-29,0,,1
29180,2021,2,6,18-29,0,,1
29180,2021,4,6,18-29,0,,2
29180,2021,1,1,30-44,0,,1
29180,2021,2,6,30-44,0,,2
29180,2021,3,6,30-44,0,,2
29180,2021,4,6,30-44,.12665339,,10
29180,2021,1,1,45-64,1,,1
29180,2021,2,6,45-64,0,,3
29180,2021,3,1,45-64,0,,1
29180,2021,3,2,45-64,0,,1
29180,2021,4,1,45-64,0,,1
29180,2021,4,3,45-64,0,,1
29180,2021,4,6,45-64,.46429238,,4
29180,2023,3,2,18-29,0,,1
29180,2023,4,6,18-29,0,,1
29180,2023,1,6,30-44,0,,1
29180,2023,2,6,30-44,0,,1
29180,2023,3,1,30-44,0,,1
29180,2023,3,2,30-44,0,,1
29180,2023,3,6,30-44,0,,4
29180,2023,4,2,30-44,0,,1
29180,2023,4,6,30-44,0,,2
29180,2023,4,7,30-44,0,,2
29180,2023,2,1,45-64,0,,1
29180,2023,2,2,45-64,0,,1
29180,2023,2,6,45-64,0,,1
29180,2023,3,6,45-64,0,,7
29180,2023,4,6,45-64,0,,3
29200,2015,2,6,18-29,0,1,1
29200,2015,3,2,18-29,0,1,1
29200,2015,3,6,18-29,0,0,1
29200,2015,4,6,18-29,0,.46029812,2
29200,2015,1,6,30-44,0,1,1
29200,2015,4,6,30-44,0,1,2
29200,2015,3,6,45-64,1,1,1
29200,2015,4,6,45-64,0,.5,2
29200,2017,2,1,18-29,0,.51741147,2
29200,2017,4,6,18-29,0,1,1
29200,2017,2,6,30-44,0,1,1
29200,2017,3,6,30-44,0,1,1
29200,2017,4,2,30-44,0,1,1
29200,2017,4,3,30-44,0,0,1
29200,2017,4,6,30-44,0,1,4
29200,2017,2,6,45-64,0,0,1
29200,2017,3,2,45-64,0,1,1
29200,2017,3,6,45-64,0,0,1
29200,2017,4,6,45-64,0,.5226624,2
29200,2019,3,6,18-29,0,,1
29200,2019,2,6,30-44,0,,1
29200,2019,4,6,30-44,.24506955,,4
29200,2019,2,6,45-64,0,,3
29200,2019,3,6,45-64,0,,2
29200,2019,4,2,45-64,0,,1
29200,2019,4,6,45-64,0,,4
29200,2021,1,6,18-29,1,,1
29200,2021,2,2,18-29,0,,1
29200,2021,2,6,18-29,0,,1
29200,2021,4,3,18-29,0,,1
29200,2021,2,1,30-44,0,,1
29200,2021,3,6,30-44,0,,1
29200,2021,4,6,30-44,.26389584,,4
29200,2021,1,3,45-64,0,,1
29200,2021,2,2,45-64,0,,1
29200,2021,2,6,45-64,0,,1
29200,2021,3,6,45-64,0,,1
29200,2021,4,6,45-64,0,,3
29200,2023,2,1,18-29,0,,1
29200,2023,2,6,18-29,0,,1
29200,2023,4,6,18-29,0,,1
29200,2023,1,2,30-44,0,,1
29200,2023,2,2,30-44,0,,1
29200,2023,2,6,30-44,0,,2
29200,2023,3,1,30-44,0,,3
29200,2023,3,2,30-44,0,,2
29200,2023,3,7,30-44,0,,1
29200,2023,4,6,30-44,0,,1
29200,2023,2,1,45-64,0,,1
29200,2023,3,6,45-64,0,,1
29340,2013,1,6,30-44,0,0,1
29340,2013,2,6,30-44,0,1,1
29340,2013,4,1,30-44,0,1,1
29340,2013,4,2,30-44,0,0,1
29340,2013,4,6,30-44,0,0,2
29340,2013,2,6,45-64,0,0,1
29340,2013,3,2,45-64,0,0,1
29340,2015,3,6,18-29,0,1,3
29340,2015,4,6,18-29,0,1,1
29340,2015,2,1,30-44,0,0,1
29340,2015,2,6,30-44,0,1,1
29340,2015,3,1,30-44,0,1,1
29340,2015,3,6,30-44,0,0,1
29340,2015,4,6,30-44,0,1,1
29340,2015,1,6,45-64,0,1,2
29340,2015,2,6,45-64,0,.51737982,4
29340,2015,3,6,45-64,.36958435,0,3
29340,2015,4,6,45-64,0,1,1
29340,2017,2,6,18-29,0,1,1
29340,2017,3,1,18-29,0,1,2
29340,2017,3,6,18-29,0,1,1
29340,2017,4,6,18-29,0,1,1
29340,2017,2,6,30-44,.28177601,.56355202,3
29340,2017,3,1,30-44,.65219611,0,3
29340,2017,3,6,30-44,0,1,2
29340,2017,4,6,30-44,0,1,2
29340,2017,2,6,45-64,.36050421,.63949579,3
29340,2017,3,6,45-64,0,.6331864,2
29340,2017,4,6,45-64,0,0,1
29340,2019,2,1,30-44,0,,1
29340,2019,3,1,30-44,0,,1
29340,2019,3,6,30-44,0,,1
29340,2019,4,1,30-44,0,,1
29340,2019,2,6,45-64,.30605397,,3
29340,2019,3,6,45-64,0,,1
29340,2019,4,1,45-64,0,,1
29340,2019,4,6,45-64,0,,1
29340,2021,4,6,18-29,0,,1
29340,2021,3,6,30-44,0,,1
29340,2021,2,6,45-64,0,,1
29340,2021,4,6,45-64,0,,2
29340,2023,3,1,18-29,0,,1
29340,2023,4,6,18-29,0,,2
29340,2023,2,1,30-44,0,,1
29340,2023,4,6,30-44,0,,1
29340,2023,2,4,45-64,0,,1
29340,2023,3,6,45-64,0,,3
29340,2023,4,6,45-64,0,,1
29460,2013,3,6,18-29,0,0,1
29460,2013,4,6,18-29,0,0,1
29460,2013,1,2,30-44,0,0,1
29460,2013,3,2,30-44,0,,1
29460,2013,4,6,30-44,0,1,1
29460,2013,2,1,45-64,0,0,1
29460,2013,3,1,45-64,0,0,1
29460,2013,3,2,45-64,0,.49946812,2
29460,2013,3,6,45-64,.27096573,0,4
29460,2013,4,2,45-64,0,0,1
29460,2013,4,6,45-64,0,0,2
29460,2015,2,6,45-64,0,.68673038,3
29460,2015,3,6,45-64,0,1,1
29460,2015,4,6,45-64,0,0,2
29460,2017,2,2,18-29,0,1,1
29460,2017,2,6,30-44,0,1,1
29460,2017,2,6,45-64,0,.25394881,4
29460,2017,3,2,45-64,0,1,1
29460,2017,3,6,45-64,0,1,2
29460,2019,1,6,18-29,0,,1
29460,2019,3,6,18-29,0,,2
29460,2019,2,2,30-44,0,,1
29460,2019,3,6,30-44,0,,1
29460,2019,2,2,45-64,0,,1
29460,2019,2,6,45-64,0,,3
29460,2019,3,1,45-64,0,,1
29460,2021,3,6,18-29,0,,2
29460,2021,2,2,30-44,0,,1
29460,2021,2,6,30-44,0,,1
29460,2021,3,2,30-44,0,,1
29460,2021,3,6,30-44,0,,1
29460,2021,4,6,30-44,0,,1
29460,2021,1,2,45-64,1,,1
29460,2021,2,2,45-64,0,,1
29460,2021,2,6,45-64,.47514522,,2
29460,2021,3,6,45-64,0,,1
29460,2021,4,6,45-64,0,,3
29460,2023,1,2,18-29,0,,1
29460,2023,1,6,18-29,1,,1
29460,2023,2,2,18-29,0,,2
29460,2023,2,6,18-29,0,,2
29460,2023,3,2,18-29,0,,1
29460,2023,3,6,18-29,0,,2
29460,2023,2,6,30-44,0,,2
29460,2023,3,6,30-44,0,,1
29460,2023,4,1,30-44,0,,1
29460,2023,4,6,30-44,0,,2
29460,2023,2,2,45-64,0,,1
29460,2023,2,6,45-64,.46506467,,2
29460,2023,3,2,45-64,0,,2
29460,2023,3,6,45-64,0,,2
29460,2023,4,6,45-64,0,,1
29540,2013,1,6,18-29,0,0,1
29540,2013,2,1,18-29,0,0,1
29540,2013,2,2,18-29,0,0,2
29540,2013,3,6,18-29,0,0,1
29540,2013,1,6,30-44,0,0,2
29540,2013,2,6,30-44,.45403096,0,2
29540,2013,3,2,30-44,0,0,1
29540,2013,4,6,30-44,0,1,1
29540,2013,1,3,45-64,0,0,1
29540,2013,1,6,45-64,1,0,1
29540,2013,2,1,45-64,0,0,1
29540,2013,2,6,45-64,.13580891,.12440847,8
29540,2013,3,6,45-64,0,0,1
29540,2013,4,6,45-64,0,.28230494,4
29540,2015,2,6,18-29,0,.51928139,2
29540,2015,3,6,18-29,0,0,1
29540,2015,4,6,18-29,0,0,1
29540,2015,2,6,30-44,0,0,1
29540,2015,3,6,30-44,0,0,2
29540,2015,4,6,30-44,0,.50591642,2
29540,2015,1,6,45-64,.52898151,0,2
29540,2015,2,6,45-64,0,0,6
29540,2015,3,6,45-64,0,0,2
29540,2015,4,6,45-64,0,0,4
29540,2017,1,6,18-29,0,0,1
29540,2017,4,6,18-29,0,1,2
29540,2017,1,6,30-44,.49267194,0,2
29540,2017,2,6,30-44,0,1,1
29540,2017,3,6,30-44,0,.49879149,2
29540,2017,4,6,30-44,0,0,1
29540,2017,2,2,45-64,0,1,1
29540,2017,2,6,45-64,.24396911,.27148977,8
29540,2017,3,6,45-64,0,.34002751,3
29540,2017,4,1,45-64,0,1,1
29540,2017,4,6,45-64,.13612561,.25542721,8
29540,2019,4,6,18-29,0,,1
29540,2019,2,6,30-44,0,,3
29540,2019,4,2,30-44,0,,1
29540,2019,4,6,30-44,0,,7
29540,2019,2,1,45-64,0,,1
29540,2019,2,6,45-64,0,,1
29540,2019,4,6,45-64,.26973343,,4
29540,2021,2,6,18-29,0,,1
29540,2021,1,6,30-44,1,,1
29540,2021,4,6,30-44,.45880374,,2
29540,2021,2,6,45-64,.55275834,,2
29540,2021,3,6,45-64,0,,4
29540,2021,4,6,45-64,0,,3
29540,2023,2,6,18-29,0,,1
29540,2023,4,6,18-29,0,,1
29540,2023,1,6,30-44,1,,2
29540,2023,4,6,30-44,0,,7
29540,2023,3,6,45-64,0,,1
29540,2023,4,6,45-64,0,,2
29620,2013,1,7,18-29,0,,1
29620,2013,2,6,18-29,0,0,1
29620,2013,4,6,18-29,0,.5,2
29620,2013,2,2,30-44,0,,1
29620,2013,2,6,30-44,0,0,1
29620,2013,3,3,30-44,0,0,1
29620,2013,3,6,30-44,0,.28557169,4
29620,2013,4,6,30-44,0,0,2
29620,2013,2,6,45-64,0,0,6
29620,2013,3,6,45-64,.24121527,.14878094,8
29620,2013,4,6,45-64,0,.39780903,5
29620,2015,2,1,18-29,0,1,1
29620,2015,2,6,18-29,0,1,1
29620,2015,3,1,18-29,0,0,1
29620,2015,3,6,18-29,0,0,2
29620,2015,4,6,18-29,0,.45630834,3
29620,2015,2,6,30-44,0,0,4
29620,2015,3,2,30-44,0,0,2
29620,2015,3,6,30-44,0,,2
29620,2015,4,6,30-44,0,.61624336,4
29620,2015,2,6,45-64,0,.22356589,4
29620,2015,4,3,45-64,0,0,1
29620,2015,4,6,45-64,.36302328,.27395344,3
29620,2015,4,7,45-64,0,0,1
29620,2017,2,6,18-29,0,0,2
29620,2017,3,6,18-29,0,1,1
29620,2017,4,2,18-29,0,0,1
29620,2017,4,6,18-29,0,1,2
29620,2017,4,7,18-29,0,1,1
29620,2017,2,6,30-44,.23024367,.45809549,4
29620,2017,3,6,30-44,0,.24913089,4
29620,2017,4,3,30-44,0,1,1
29620,2017,4,6,30-44,0,.68182671,6
29620,2017,2,2,45-64,0,1,1
29620,2017,2,6,45-64,0,0,4
29620,2017,3,1,45-64,0,.58674651,3
29620,2017,3,2,45-64,0,0,1
29620,2017,3,6,45-64,0,.45499095,3
29620,2017,3,7,45-64,0,1,1
29620,2017,4,1,45-64,0,1,1
29620,2017,4,6,45-64,0,.46399811,2
29620,2019,2,6,18-29,0,,1
29620,2019,3,6,18-29,0,,4
29620,2019,3,6,30-44,0,,1
29620,2019,4,1,30-44,0,,2
29620,2019,4,2,30-44,0,,1
29620,2019,4,6,30-44,0,,3
29620,2019,3,1,45-64,0,,1
29620,2019,3,3,45-64,0,,1
29620,2019,3,6,45-64,.21216379,,4
29620,2019,4,6,45-64,.47860223,,8
29620,2021,3,6,18-29,0,,3
29620,2021,4,6,18-29,0,,1
29620,2021,2,6,30-44,0,,1
29620,2021,3,6,30-44,0,,1
29620,2021,4,1,30-44,0,,1
29620,2021,4,6,30-44,0,,4
29620,2021,2,6,45-64,0,,1
29620,2021,3,6,45-64,0,,2
29620,2021,4,6,45-64,.15815879,,7
29620,2023,2,6,18-29,0,,1
29620,2023,3,6,18-29,0,,1
29620,2023,4,6,18-29,0,,1
29620,2023,2,6,30-44,0,,3
29620,2023,3,6,30-44,0,,1
29620,2023,4,6,30-44,0,,6
29620,2023,1,2,45-64,0,,1
29620,2023,2,6,45-64,.50111657,,4
29620,2023,3,1,45-64,0,,1
29620,2023,4,3,45-64,0,,1
29620,2023,4,6,45-64,0,,4
29700,2013,1,2,18-29,0,0,3
29700,2013,2,2,18-29,0,1,1
29700,2013,1,2,30-44,0,0,2
29700,2013,2,2,30-44,0,.51616752,4
29700,2013,3,2,30-44,0,.51491481,2
29700,2013,4,2,30-44,0,.764938,4
29700,2013,1,2,45-64,0,0,2
29700,2013,3,2,45-64,0,0,1
29700,2013,4,2,45-64,.33736527,.67473054,3
29700,2015,3,2,18-29,0,0,1
29700,2015,1,2,30-44,0,0,1
29700,2015,2,2,30-44,1,1,3
29700,2015,3,2,30-44,0,.52180189,2
29700,2015,4,2,30-44,0,.39959195,3
29700,2015,1,2,45-64,0,,1
29700,2015,2,2,45-64,0,0,1
29700,2015,3,2,45-64,0,.28125939,4
29700,2015,4,6,45-64,0,0,1
29700,2017,2,6,30-44,1,0,1
29700,2017,3,2,30-44,0,,1
29700,2017,4,2,30-44,0,1,2
29700,2017,1,2,45-64,0,,1
29700,2017,2,2,45-64,0,,1
29700,2017,3,2,45-64,.50791854,0,2
29700,2017,4,2,45-64,0,.51905078,2
29700,2019,2,2,18-29,0,,1
29700,2019,3,2,18-29,0,,1
29700,2019,1,2,30-44,0,,2
29700,2019,2,2,30-44,0,,1
29700,2019,4,2,30-44,0,,1
29700,2019,1,2,45-64,0,,2
29700,2019,1,6,45-64,0,,1
29700,2019,2,2,45-64,0,,2
29700,2021,2,2,30-44,0,,2
29700,2021,4,2,30-44,0,,1
29700,2021,1,2,45-64,.3280929,,3
29700,2023,1,2,18-29,0,,2
29700,2023,2,2,18-29,0,,1
29700,2023,1,2,30-44,0,,1
29700,2023,4,2,45-64,.5,,2
29740,2013,3,2,18-29,0,0,2
29740,2013,4,6,18-29,0,0,1
29740,2013,1,2,30-44,0,,1
29740,2013,2,2,30-44,0,0,2
29740,2013,3,6,30-44,0,0,1
29740,2013,4,2,30-44,0,.29721296,3
29740,2013,4,6,30-44,0,0,2
29740,2013,1,6,45-64,0,,1
29740,2013,2,2,45-64,0,0,1
29740,2013,3,2,45-64,0,0,1
29740,2013,3,6,45-64,0,0,1
29740,2013,4,1,45-64,0,1,1
29740,2013,4,6,45-64,0,.20773457,4
29740,2015,1,2,18-29,0,0,1
29740,2015,2,2,18-29,0,.2151033,4
29740,2015,3,1,18-29,0,1,2
29740,2015,3,2,18-29,.34268796,.49069598,3
29740,2015,3,4,18-29,0,1,1
29740,2015,3,6,18-29,0,0,1
29740,2015,1,2,30-44,0,,1
29740,2015,2,2,30-44,0,.38584673,2
29740,2015,2,6,30-44,0,0,1
29740,2015,3,2,30-44,0,1,1
29740,2015,3,6,30-44,0,0,2
29740,2015,4,2,30-44,.47810602,0,2
29740,2015,4,6,30-44,0,.40517417,4
29740,2015,1,2,45-64,0,0,1
29740,2015,3,2,45-64,0,0,2
29740,2015,4,6,45-64,.34705105,.34705105,3
29740,2017,2,2,18-29,0,.45653978,2
29740,2017,3,6,18-29,0,1,2
29740,2017,4,2,18-29,0,1,1
29740,2017,1,2,30-44,.48218459,1,2
29740,2017,2,2,30-44,0,.25733805,3
29740,2017,2,6,30-44,.51092142,0,2
29740,2017,3,2,30-44,0,1,1
29740,2017,3,6,30-44,0,0,1
29740,2017,4,2,30-44,0,1,2
29740,2017,4,6,30-44,0,.45565784,2
29740,2017,4,7,30-44,0,1,1
29740,2017,1,2,45-64,.32717767,.20589299,6
29740,2017,2,2,45-64,.34199151,1,3
29740,2017,3,2,45-64,0,1,2
29740,2017,3,6,45-64,.35335481,.64664519,3
29740,2017,4,2,45-64,1,0,1
29740,2017,4,6,45-64,.23755926,.75148296,4
29740,2019,2,2,18-29,0,,2
29740,2019,4,6,18-29,0,,1
29740,2019,1,2,30-44,0,,2
29740,2019,2,2,30-44,0,,3
29740,2019,3,2,30-44,0,,2
29740,2019,3,6,30-44,0,,1
29740,2019,4,2,30-44,0,,5
29740,2019,4,6,30-44,0,,1
29740,2019,1,2,45-64,.52101207,,2
29740,2019,2,2,45-64,.51454109,,2
29740,2019,2,6,45-64,1,,1
29740,2019,3,1,45-64,0,,1
29740,2019,3,2,45-64,0,,2
29740,2019,3,6,45-64,.51335239,,2
29740,2019,4,2,45-64,0,,1
29740,2019,4,6,45-64,.45318824,,2
29740,2021,3,2,18-29,0,,1
29740,2021,3,6,18-29,0,,1
29740,2021,4,2,18-29,0,,1
29740,2021,4,6,18-29,0,,1
29740,2021,2,2,30-44,0,,2
29740,2021,3,2,30-44,0,,3
29740,2021,3,6,30-44,.44696176,,2
29740,2021,4,2,30-44,0,,1
29740,2021,4,6,30-44,0,,2
29740,2021,1,2,45-64,0,,1
29740,2021,2,2,45-64,0,,1
29740,2021,3,2,45-64,0,,3
29740,2021,3,6,45-64,0,,1
29740,2021,4,2,45-64,.14112914,,6
29740,2021,4,6,45-64,0,,2
29740,2023,1,2,30-44,0,,1
29740,2023,2,2,30-44,0,,2
29740,2023,3,2,30-44,0,,3
29740,2023,4,2,30-44,0,,3
29740,2023,1,2,45-64,0,,2
29740,2023,2,2,45-64,0,,2
29740,2023,2,6,45-64,1,,1
29740,2023,3,2,45-64,0,,2
29740,2023,3,6,45-64,.2700499,,3
29740,2023,4,2,45-64,0,,1
29740,2023,4,6,45-64,0,,3
29820,2013,1,2,18-29,0,0,1
29820,2013,2,1,18-29,0,.19051887,5
29820,2013,2,2,18-29,0,.73332489,4
29820,2013,2,3,18-29,0,0,2
29820,2013,2,5,18-29,0,0,1
29820,2013,2,6,18-29,.38341802,0,3
29820,2013,3,1,18-29,0,.54048121,3
29820,2013,3,2,18-29,0,.44127691,3
29820,2013,3,3,18-29,0,.51175481,2
29820,2013,3,5,18-29,0,0,1
29820,2013,3,6,18-29,0,.40669376,10
29820,2013,4,2,18-29,0,,1
29820,2013,4,3,18-29,0,.73729175,3
29820,2013,4,6,18-29,.15798336,.56934941,5
29820,2013,1,2,30-44,.1039353,.24526615,12
29820,2013,1,3,30-44,0,0,1
29820,2013,1,6,30-44,0,.5,2
29820,2013,2,2,30-44,.18287125,.32883948,10
29820,2013,2,5,30-44,0,0,4
29820,2013,2,6,30-44,.1833922,.20844476,10
29820,2013,3,1,30-44,0,.48285949,5
29820,2013,3,2,30-44,0,.20155895,6
29820,2013,3,3,30-44,0,0,5
29820,2013,3,6,30-44,0,.3523261,17
29820,2013,3,7,30-44,0,1,2
29820,2013,4,1,30-44,0,0,2
29820,2013,4,2,30-44,0,.43009755,5
29820,2013,4,3,30-44,0,0,1
29820,2013,4,6,30-44,.093722023,.494629,20
29820,2013,1,1,45-64,0,0,2
29820,2013,1,2,45-64,.20481709,0,5
29820,2013,2,1,45-64,0,.4280147,2
29820,2013,2,2,45-64,.15463248,.49705544,8
29820,2013,2,3,45-64,0,0,1
29820,2013,2,6,45-64,0,.29190025,10
29820,2013,2,7,45-64,0,1,2
29820,2013,3,1,45-64,0,0,3
29820,2013,3,2,45-64,0,.21803416,4
29820,2013,3,6,45-64,.053715326,.24418741,28
29820,2013,3,7,45-64,0,0,1
29820,2013,4,2,45-64,.1779986,.15810136,5
29820,2013,4,3,45-64,0,.16362119,5
29820,2013,4,6,45-64,.071022928,.38929421,30
29820,2013,4,7,45-64,1,0,1
29820,2015,1,2,18-29,0,0,1
29820,2015,1,6,18-29,0,0,1
29820,2015,2,1,18-29,0,1,1
29820,2015,2,2,18-29,0,.46367121,6
29820,2015,2,6,18-29,0,.5,3
29820,2015,2,7,18-29,0,0,1
29820,2015,3,1,18-29,0,1,4
29820,2015,3,2,18-29,0,.60082072,7
29820,2015,3,3,18-29,0,1,1
29820,2015,3,6,18-29,.17784534,.72662944,7
29820,2015,3,7,18-29,0,1,2
29820,2015,4,1,18-29,0,1,1
29820,2015,4,2,18-29,0,0,2
29820,2015,4,6,18-29,0,.35856766,3
29820,2015,4,7,18-29,0,0,1
29820,2015,1,1,30-44,0,,1
29820,2015,1,2,30-44,.26414257,.34572056,7
29820,2015,1,6,30-44,0,1,1
29820,2015,2,1,30-44,.24210887,.59364134,4
29820,2015,2,2,30-44,0,.50710171,18
29820,2015,2,3,30-44,0,.54889661,2
29820,2015,2,4,30-44,0,0,1
29820,2015,2,6,30-44,.27319279,0,4
29820,2015,3,1,30-44,0,.46602702,2
29820,2015,3,2,30-44,.24431133,.64921069,8
29820,2015,3,3,30-44,.24901053,1,4
29820,2015,3,5,30-44,0,0,1
29820,2015,3,6,30-44,.12759811,.36420697,22
29820,2015,3,7,30-44,0,1,1
29820,2015,4,1,30-44,.30750939,0,3
29820,2015,4,2,30-44,0,.6905461,5
29820,2015,4,3,30-44,0,.18951879,4
29820,2015,4,5,30-44,0,1,1
29820,2015,4,6,30-44,.056293719,.5493328,16
29820,2015,1,2,45-64,.14030088,.29734471,8
29820,2015,1,6,45-64,.47691479,0,2
29820,2015,2,1,45-64,0,0,2
29820,2015,2,2,45-64,0,.22262704,3
29820,2015,2,5,45-64,0,0,1
29820,2015,2,6,45-64,.068821691,.28615999,19
29820,2015,2,7,45-64,0,0,1
29820,2015,3,1,45-64,.19233532,.22750066,5
29820,2015,3,2,45-64,.23722969,.2692174,4
29820,2015,3,6,45-64,0,.36089179,20
29820,2015,4,1,45-64,0,0,1
29820,2015,4,2,45-64,.61134422,.61134422,2
29820,2015,4,3,45-64,0,.48961785,2
29820,2015,4,6,45-64,.12397052,.40261701,19
29820,2017,1,2,18-29,0,0,1
29820,2017,2,2,18-29,0,.39379722,4
29820,2017,2,6,18-29,0,.6983611,6
29820,2017,3,1,18-29,0,1,1
29820,2017,3,2,18-29,0,1,2
29820,2017,3,6,18-29,0,1,3
29820,2017,4,2,18-29,0,0,1
29820,2017,4,4,18-29,0,1,1
29820,2017,4,6,18-29,0,1,3
29820,2017,1,2,30-44,0,,1
29820,2017,1,3,30-44,0,1,1
29820,2017,1,6,30-44,0,0,1
29820,2017,2,1,30-44,0,,2
29820,2017,2,2,30-44,0,.6398192,13
29820,2017,2,3,30-44,0,.39716968,4
29820,2017,2,6,30-44,.16742305,.70896661,9
29820,2017,3,1,30-44,.28655189,.57476658,3
29820,2017,3,2,30-44,0,1,5
29820,2017,3,3,30-44,.57785612,0,2
29820,2017,3,5,30-44,0,1,1
29820,2017,3,6,30-44,.078798458,.36330739,14
29820,2017,3,7,30-44,0,0,1
29820,2017,4,1,30-44,0,.34000444,4
29820,2017,4,2,30-44,0,0,3
29820,2017,4,3,30-44,0,.67654312,3
29820,2017,4,6,30-44,.14757681,.7791183,13
29820,2017,4,7,30-44,0,0,2
29820,2017,1,2,45-64,0,.40895674,3
29820,2017,1,6,45-64,0,,1
29820,2017,2,1,45-64,0,.40713084,4
29820,2017,2,2,45-64,0,.85098022,7
29820,2017,2,3,45-64,0,.32836315,3
29820,2017,2,5,45-64,0,1,1
29820,2017,2,6,45-64,.33878845,.13088651,13
29820,2017,3,1,45-64,0,.38023436,7
29820,2017,3,2,45-64,0,0,1
29820,2017,3,3,45-64,0,.41344038,4
29820,2017,3,6,45-64,0,.37098935,20
29820,2017,4,1,45-64,.20340215,.51248431,4
29820,2017,4,2,45-64,0,.34399542,2
29820,2017,4,3,45-64,0,.17000069,4
29820,2017,4,6,45-64,.15120612,.46891204,19
29820,2019,2,1,18-29,0,,1
29820,2019,2,2,18-29,0,,2
29820,2019,2,6,18-29,0,,4
29820,2019,3,1,18-29,0,,3
29820,2019,3,2,18-29,0,,3
29820,2019,3,6,18-29,.18291385,,10
29820,2019,4,1,18-29,.33640146,,2
29820,2019,4,2,18-29,0,,1
29820,2019,4,3,18-29,0,,1
29820,2019,4,6,18-29,0,,2
29820,2019,1,1,30-44,0,,2
29820,2019,1,2,30-44,0,,3
29820,2019,1,6,30-44,0,,1
29820,2019,2,1,30-44,0,,3
29820,2019,2,2,30-44,0,,6
29820,2019,2,3,30-44,0,,4
29820,2019,2,6,30-44,0,,2
29820,2019,3,1,30-44,0,,1
29820,2019,3,2,30-44,.074023023,,11
29820,2019,3,3,30-44,0,,2
29820,2019,3,4,30-44,0,,1
29820,2019,3,6,30-44,0,,12
29820,2019,4,1,30-44,0,,3
29820,2019,4,2,30-44,.17963184,,4
29820,2019,4,3,30-44,.24567139,,3
29820,2019,4,6,30-44,.05162704,,20
29820,2019,4,7,30-44,0,,1
29820,2019,1,2,45-64,.22731382,,4
29820,2019,1,6,45-64,.34696683,,3
29820,2019,2,1,45-64,0,,1
29820,2019,2,2,45-64,0,,3
29820,2019,2,5,45-64,0,,1
29820,2019,2,6,45-64,.10906856,,10
29820,2019,3,1,45-64,0,,5
29820,2019,3,2,45-64,0,,1
29820,2019,3,3,45-64,0,,1
29820,2019,3,6,45-64,.10553933,,11
29820,2019,3,7,45-64,0,,2
29820,2019,4,2,45-64,.28806967,,6
29820,2019,4,3,45-64,0,,2
29820,2019,4,6,45-64,.19690117,,27
29820,2019,4,7,45-64,0,,2
29820,2021,1,6,18-29,0,,1
29820,2021,2,1,18-29,0,,1
29820,2021,2,2,18-29,0,,4
29820,2021,2,5,18-29,0,,1
29820,2021,2,6,18-29,0,,2
29820,2021,2,7,18-29,0,,1
29820,2021,3,1,18-29,0,,3
29820,2021,3,2,18-29,0,,1
29820,2021,3,6,18-29,.53562099,,2
29820,2021,3,7,18-29,0,,1
29820,2021,4,6,18-29,0,,2
29820,2021,1,2,30-44,0,,2
29820,2021,2,1,30-44,0,,1
29820,2021,2,2,30-44,0,,5
29820,2021,2,4,30-44,0,,1
29820,2021,2,6,30-44,0,,8
29820,2021,3,1,30-44,.096514098,,7
29820,2021,3,2,30-44,0,,14
29820,2021,3,3,30-44,.39534557,,2
29820,2021,3,6,30-44,0,,14
29820,2021,4,1,30-44,0,,4
29820,2021,4,2,30-44,.35885003,,3
29820,2021,4,3,30-44,0,,2
29820,2021,4,6,30-44,0,,12
29820,2021,1,2,45-64,0,,3
29820,2021,2,1,45-64,0,,1
29820,2021,2,2,45-64,.079083093,,11
29820,2021,2,3,45-64,0,,4
29820,2021,2,6,45-64,0,,7
29820,2021,3,1,45-64,0,,3
29820,2021,3,2,45-64,0,,2
29820,2021,3,3,45-64,0,,4
29820,2021,3,6,45-64,.27233249,,15
29820,2021,4,1,45-64,.22561236,,4
29820,2021,4,2,45-64,0,,1
29820,2021,4,3,45-64,0,,4
29820,2021,4,6,45-64,.12841719,,20
29820,2023,1,2,18-29,0,,1
29820,2023,2,2,18-29,0,,1
29820,2023,2,4,18-29,0,,1
29820,2023,2,6,18-29,0,,5
29820,2023,3,1,18-29,0,,2
29820,2023,3,2,18-29,0,,4
29820,2023,3,3,18-29,1,,1
29820,2023,3,6,18-29,0,,2
29820,2023,4,1,18-29,0,,1
29820,2023,4,2,18-29,0,,2
29820,2023,4,3,18-29,0,,1
29820,2023,4,5,18-29,0,,1
29820,2023,4,6,18-29,.37416175,,3
29820,2023,1,2,30-44,0,,5
29820,2023,2,1,30-44,0,,1
29820,2023,2,2,30-44,.33911008,,12
29820,2023,2,3,30-44,0,,2
29820,2023,2,5,30-44,1,,1
29820,2023,2,6,30-44,.24065523,,8
29820,2023,3,1,30-44,0,,3
29820,2023,3,2,30-44,0,,5
29820,2023,3,3,30-44,.39691898,,3
29820,2023,3,6,30-44,0,,6
29820,2023,4,1,30-44,0,,1
29820,2023,4,3,30-44,0,,2
29820,2023,4,6,30-44,.11777399,,18
29820,2023,4,7,30-44,1,,1
29820,2023,1,2,45-64,0,,4
29820,2023,1,6,45-64,0,,1
29820,2023,2,1,45-64,0,,4
29820,2023,2,2,45-64,0,,8
29820,2023,2,3,45-64,1,,2
29820,2023,2,6,45-64,.39516172,,5
29820,2023,3,1,45-64,0,,3
29820,2023,3,2,45-64,0,,4
29820,2023,3,3,45-64,0,,4
29820,2023,3,5,45-64,0,,1
29820,2023,3,6,45-64,.073344484,,13
29820,2023,3,7,45-64,0,,1
29820,2023,4,1,45-64,0,,5
29820,2023,4,2,45-64,0,,2
29820,2023,4,3,45-64,0,,2
29820,2023,4,6,45-64,.2430582,,20
29820,2023,4,7,45-64,0,,2
29940,2013,4,1,18-29,0,1,1
29940,2013,4,6,18-29,0,1,4
29940,2013,4,7,18-29,0,1,1
29940,2013,2,6,30-44,0,0,1
29940,2013,3,2,30-44,1,0,1
29940,2013,3,6,30-44,0,0,3
29940,2013,4,6,30-44,0,.37774399,7
29940,2013,2,6,45-64,0,.23112768,4
29940,2013,3,3,45-64,1,0,1
29940,2013,3,6,45-64,0,0,1
29940,2013,4,6,45-64,0,0,3
29940,2015,2,6,18-29,0,1,1
29940,2015,4,6,18-29,0,0,1
29940,2015,4,7,18-29,1,0,1
29940,2015,2,6,30-44,0,0,1
29940,2015,3,6,30-44,0,0,1
29940,2015,4,2,30-44,0,0,1
29940,2015,4,6,30-44,0,0,1
29940,2015,2,6,45-64,0,0,1
30020,2013,2,4,18-29,0,0,1
30020,2013,2,6,18-29,0,0,2
30020,2013,3,1,18-29,0,,1
30020,2013,2,6,30-44,0,1,1
30020,2013,3,4,30-44,0,1,1
30020,2013,3,6,30-44,0,0,2
30020,2013,3,7,30-44,0,0,1
30020,2013,1,1,45-64,0,0,1
30020,2013,1,6,45-64,0,0,1
30020,2013,2,6,45-64,0,0,1
30020,2013,3,1,45-64,0,0,2
30020,2013,3,2,45-64,0,0,1
30020,2013,4,6,45-64,0,0,2
30340,2015,2,6,18-29,0,.3824054,3
30340,2015,3,6,18-29,0,1,1
30340,2015,2,6,30-44,0,0,1
30340,2015,3,1,30-44,0,0,1
30340,2015,3,6,30-44,0,1,1
30340,2015,4,6,30-44,0,1,1
30340,2015,2,6,45-64,.52510202,0,2
30340,2015,3,6,45-64,.30857441,.47970679,4
30340,2015,4,6,45-64,0,.68482381,3
30340,2017,2,6,18-29,0,1,1
30340,2017,4,6,18-29,0,1,1
30340,2017,2,6,30-44,1,1,1
30340,2017,3,6,30-44,0,1,1
30340,2017,4,6,30-44,0,1,1
30340,2017,2,6,45-64,0,1,1
30340,2017,3,6,45-64,0,.33516401,3
30340,2017,4,6,45-64,0,.5,2
30340,2019,3,6,30-44,0,,1
30340,2019,4,6,30-44,0,,4
30340,2019,2,6,45-64,0,,2
30340,2019,3,6,45-64,0,,3
30340,2019,4,6,45-64,0,,1
30340,2021,3,6,18-29,.50239652,,2
30340,2021,4,6,18-29,.48326612,,2
30340,2021,1,6,30-44,0,,2
30340,2021,2,6,30-44,0,,3
30340,2021,3,6,30-44,0,,2
30340,2021,2,6,45-64,0,,2
30340,2021,3,6,45-64,0,,4
30340,2021,4,6,45-64,0,,2
30340,2023,4,6,18-29,0,,1
30340,2023,2,6,30-44,0,,1
30340,2023,3,6,30-44,1,,1
30340,2023,4,3,30-44,0,,1
30340,2023,4,6,30-44,0,,1
30340,2023,2,6,45-64,0,,1
30340,2023,2,7,45-64,0,,1
30340,2023,3,6,45-64,0,,2
30340,2023,4,6,45-64,.31025645,,3
30460,2013,3,2,18-29,0,1,1
30460,2013,3,3,18-29,0,0,1
30460,2013,3,6,18-29,0,0,4
30460,2013,4,6,18-29,0,.57431698,11
30460,2013,1,6,30-44,0,,1
30460,2013,2,6,30-44,0,1,1
30460,2013,3,3,30-44,0,0,1
30460,2013,3,6,30-44,0,.23828816,4
30460,2013,4,3,30-44,0,0,2
30460,2013,4,6,30-44,.18404527,.54557037,11
30460,2013,1,6,45-64,0,,1
30460,2013,2,1,45-64,0,.47939152,2
30460,2013,2,6,45-64,0,.31182411,3
30460,2013,3,6,45-64,0,.13482657,8
30460,2013,4,6,45-64,0,.11171915,9
30460,2015,2,1,18-29,0,1,3
30460,2015,2,7,18-29,0,1,1
30460,2015,3,6,18-29,0,1,2
30460,2015,4,3,18-29,0,0,1
30460,2015,4,6,18-29,.49223602,1,2
30460,2015,1,6,30-44,0,0,3
30460,2015,2,6,30-44,0,0,2
30460,2015,3,6,30-44,0,.74532282,5
30460,2015,4,3,30-44,0,0,1
30460,2015,4,6,30-44,0,.54203081,7
30460,2015,2,1,45-64,0,0,1
30460,2015,2,6,45-64,0,1,3
30460,2015,2,7,45-64,0,0,1
30460,2015,3,6,45-64,0,.45429686,7
30460,2015,4,2,45-64,0,1,1
30460,2015,4,6,45-64,.22874048,.29144096,8
30460,2017,2,6,18-29,0,1,1
30460,2017,3,1,18-29,0,0,2
30460,2017,3,6,18-29,0,.49879506,2
30460,2017,4,6,18-29,0,.75960571,5
30460,2017,1,2,30-44,0,,1
30460,2017,2,6,30-44,0,,1
30460,2017,3,1,30-44,0,0,1
30460,2017,3,2,30-44,0,0,1
30460,2017,3,6,30-44,0,.5075134,2
30460,2017,4,1,30-44,0,0,1
30460,2017,4,6,30-44,.14466736,1,8
30460,2017,2,6,45-64,.52319193,.52319193,2
30460,2017,3,1,45-64,0,0,1
30460,2017,3,6,45-64,.40609056,.27063414,5
30460,2017,4,3,45-64,0,1,1
30460,2017,4,6,45-64,.18569134,.5896681,5
30460,2019,2,6,18-29,0,,2
30460,2019,4,6,18-29,0,,1
30460,2019,3,6,30-44,0,,2
30460,2019,4,6,30-44,0,,5
30460,2019,1,6,45-64,0,,1
30460,2019,2,1,45-64,0,,1
30460,2019,2,6,45-64,.2842856,,4
30460,2019,3,6,45-64,0,,2
30460,2019,4,6,45-64,0,,8
30460,2021,2,1,18-29,0,,1
30460,2021,4,1,18-29,0,,1
30460,2021,4,6,18-29,0,,5
30460,2021,2,2,30-44,0,,1
30460,2021,3,6,30-44,0,,1
30460,2021,4,3,30-44,0,,1
30460,2021,4,6,30-44,0,,4
30460,2021,1,2,45-64,0,,1
30460,2021,2,6,45-64,0,,2
30460,2021,3,3,45-64,0,,1
30460,2021,3,6,45-64,0,,2
30460,2021,4,3,45-64,0,,1
30460,2021,4,6,45-64,.2852366,,7
30460,2023,2,1,18-29,0,,1
30460,2023,2,6,18-29,0,,1
30460,2023,4,6,18-29,0,,5
30460,2023,2,1,30-44,1,,1
30460,2023,4,6,30-44,0,,4
30460,2023,1,2,45-64,0,,1
30460,2023,2,1,45-64,0,,1
30460,2023,2,6,45-64,0,,1
30460,2023,3,3,45-64,1,,1
30460,2023,3,6,45-64,.43009883,,3
30460,2023,4,6,45-64,.21993779,,5
30780,2013,1,6,18-29,0,0,1
30780,2013,2,1,18-29,0,1,2
30780,2013,2,2,18-29,0,0,1
30780,2013,2,6,18-29,0,.47712427,2
30780,2013,3,1,18-29,0,1,2
30780,2013,3,6,18-29,0,.77983588,4
30780,2013,4,1,18-29,0,1,2
30780,2013,4,6,18-29,0,.74176961,4
30780,2013,1,2,30-44,0,0,2
30780,2013,1,6,30-44,0,0,2
30780,2013,2,1,30-44,0,1,1
30780,2013,2,6,30-44,0,.26294619,4
30780,2013,3,1,30-44,0,1,1
30780,2013,3,2,30-44,0,0,1
30780,2013,3,6,30-44,0,.50142866,2
30780,2013,4,1,30-44,0,.72833371,3
30780,2013,4,3,30-44,0,1,1
30780,2013,4,6,30-44,0,.61955488,13
30780,2013,1,6,45-64,0,0,2
30780,2013,2,1,45-64,0,0,2
30780,2013,2,6,45-64,.15473612,.16738546,9
30780,2013,3,1,45-64,0,.59332013,2
30780,2013,3,6,45-64,.067260318,.28805268,13
30780,2013,4,1,45-64,0,0,1
30780,2013,4,6,45-64,.073921934,.31909183,11
30780,2015,1,6,18-29,0,1,1
30780,2015,2,6,18-29,0,0,1
30780,2015,3,1,18-29,0,1,2
30780,2015,3,6,18-29,0,1,1
30780,2015,4,1,18-29,0,1,2
30780,2015,4,6,18-29,0,1,3
30780,2015,1,6,30-44,0,0,1
30780,2015,1,7,30-44,0,,1
30780,2015,2,1,30-44,0,1,1
30780,2015,2,6,30-44,0,.6965934,3
30780,2015,3,1,30-44,0,.33726513,3
30780,2015,3,2,30-44,.52250206,.52250206,2
30780,2015,3,6,30-44,.24438049,.53995168,9
30780,2015,4,1,30-44,0,.6700533,4
30780,2015,4,6,30-44,.19857344,.93055177,12
30780,2015,1,6,45-64,0,.51057196,2
30780,2015,2,1,45-64,0,0,3
30780,2015,2,6,45-64,0,0,5
30780,2015,3,1,45-64,0,,2
30780,2015,3,6,45-64,.077565722,.67303354,10
30780,2015,3,7,45-64,0,0,1
30780,2015,4,1,45-64,0,.5,2
30780,2015,4,6,45-64,0,.30471855,7
30780,2017,1,2,18-29,0,0,1
30780,2017,2,1,18-29,.44832921,0,2
30780,2017,2,6,18-29,0,.50769317,4
30780,2017,3,1,18-29,0,0,1
30780,2017,3,6,18-29,0,1,5
30780,2017,4,1,18-29,0,1,1
30780,2017,4,6,18-29,0,.64759427,6
30780,2017,1,2,30-44,0,,1
30780,2017,1,6,30-44,.48815873,,2
30780,2017,2,1,30-44,0,.42013294,3
30780,2017,2,2,30-44,0,.3799068,2
30780,2017,2,6,30-44,0,.69780231,7
30780,2017,3,1,30-44,0,.33877748,3
30780,2017,3,6,30-44,0,.57559001,5
30780,2017,4,1,30-44,.14773473,.46689716,6
30780,2017,4,6,30-44,0,.69826782,10
30780,2017,1,6,45-64,0,0,1
30780,2017,2,1,45-64,0,0,2
30780,2017,2,2,45-64,0,0,1
30780,2017,2,6,45-64,.62369967,.55155385,5
30780,2017,3,1,45-64,0,0,3
30780,2017,3,6,45-64,.12306954,.23658782,8
30780,2017,4,1,45-64,.21372363,.53891045,4
30780,2017,4,6,45-64,.099850841,.42197859,10
30780,2019,1,1,18-29,0,,1
30780,2019,2,6,18-29,0,,3
30780,2019,3,1,18-29,0,,3
30780,2019,3,6,18-29,0,,4
30780,2019,4,1,18-29,0,,2
30780,2019,4,2,18-29,0,,1
30780,2019,4,6,18-29,0,,3
30780,2019,1,2,30-44,.27552527,,3
30780,2019,1,6,30-44,0,,1
30780,2019,2,1,30-44,0,,1
30780,2019,2,6,30-44,0,,4
30780,2019,3,1,30-44,0,,3
30780,2019,3,6,30-44,0,,3
30780,2019,4,1,30-44,0,,1
30780,2019,4,2,30-44,0,,1
30780,2019,4,6,30-44,0,,7
30780,2019,1,1,45-64,0,,1
30780,2019,1,2,45-64,0,,1
30780,2019,2,1,45-64,0,,3
30780,2019,2,6,45-64,0,,10
30780,2019,3,1,45-64,0,,1
30780,2019,3,6,45-64,.08114893,,9
30780,2019,4,1,45-64,0,,2
30780,2019,4,3,45-64,0,,1
30780,2019,4,6,45-64,.15472101,,16
30780,2021,2,1,18-29,0,,2
30780,2021,2,6,18-29,0,,2
30780,2021,3,1,18-29,0,,3
30780,2021,3,6,18-29,0,,4
30780,2021,4,6,18-29,0,,6
30780,2021,2,1,30-44,0,,1
30780,2021,2,2,30-44,0,,1
30780,2021,2,3,30-44,1,,1
30780,2021,2,6,30-44,.46391353,,2
30780,2021,3,1,30-44,.20088354,,4
30780,2021,3,6,30-44,0,,2
30780,2021,4,1,30-44,0,,2
30780,2021,4,3,30-44,0,,2
30780,2021,4,6,30-44,.12520288,,9
30780,2021,1,1,45-64,0,,1
30780,2021,1,2,45-64,0,,1
30780,2021,2,6,45-64,0,,8
30780,2021,3,1,45-64,.18614079,,5
30780,2021,3,6,45-64,.19564,,8
30780,2021,4,6,45-64,.13116586,,13
30780,2023,1,1,18-29,0,,1
30780,2023,2,1,18-29,0,,1
30780,2023,2,5,18-29,1,,1
30780,2023,2,6,18-29,0,,5
30780,2023,3,1,18-29,0,,1
30780,2023,3,6,18-29,.19640569,,3
30780,2023,4,1,18-29,0,,1
30780,2023,4,2,18-29,0,,1
30780,2023,4,6,18-29,0,,3
30780,2023,1,6,30-44,0,,1
30780,2023,2,1,30-44,0,,2
30780,2023,2,2,30-44,0,,1
30780,2023,2,6,30-44,0,,5
30780,2023,3,1,30-44,0,,2
30780,2023,3,2,30-44,0,,1
30780,2023,3,4,30-44,0,,1
30780,2023,3,6,30-44,0,,2
30780,2023,4,1,30-44,0,,2
30780,2023,4,2,30-44,0,,1
30780,2023,4,3,30-44,0,,1
30780,2023,4,6,30-44,.27201137,,8
30780,2023,2,1,45-64,0,,3
30780,2023,2,6,45-64,0,,7
30780,2023,3,6,45-64,.14420927,,6
30780,2023,4,1,45-64,0,,1
30780,2023,4,2,45-64,0,,1
30780,2023,4,6,45-64,.12579344,,9
30980,2013,3,7,18-29,0,0,1
30980,2013,4,6,18-29,0,1,1
30980,2013,1,2,30-44,0,,1
30980,2013,2,2,30-44,0,,1
30980,2013,3,6,30-44,0,0,1
30980,2013,4,6,30-44,0,0,1
30980,2013,1,1,45-64,0,0,1
30980,2013,2,1,45-64,0,0,1
30980,2013,3,6,45-64,0,.32137132,4
30980,2013,4,6,45-64,0,1,2
30980,2015,1,2,18-29,0,,1
30980,2015,2,6,18-29,0,0,1
30980,2015,3,6,18-29,0,1,1
30980,2015,2,6,30-44,.48617312,1,2
30980,2015,3,6,30-44,0,1,2
30980,2015,4,6,30-44,0,1,3
30980,2015,2,6,45-64,0,0,2
30980,2015,3,6,45-64,0,1,1
30980,2017,1,6,18-29,0,,1
30980,2017,3,6,18-29,.4973959,1,2
30980,2017,4,1,18-29,0,1,1
30980,2017,2,6,30-44,0,1,1
30980,2017,3,1,30-44,0,.54394805,2
30980,2017,3,6,30-44,0,1,1
30980,2017,4,6,30-44,0,1,2
30980,2017,2,6,45-64,0,.49478969,2
30980,2017,3,6,45-64,0,1,1
30980,2017,4,3,45-64,0,0,1
30980,2019,2,2,18-29,0,,1
30980,2019,3,6,30-44,0,,2
30980,2019,2,6,45-64,0,,1
30980,2019,3,7,45-64,0,,1
30980,2019,4,1,45-64,0,,1
30980,2019,4,6,45-64,0,,3
30980,2021,2,6,18-29,0,,2
30980,2021,3,6,18-29,0,,2
30980,2021,2,6,30-44,0,,1
30980,2021,3,6,30-44,0,,1
30980,2021,4,6,30-44,0,,2
30980,2021,2,6,45-64,0,,2
30980,2021,3,1,45-64,0,,1
30980,2021,3,6,45-64,0,,1
30980,2021,4,6,45-64,0,,2
30980,2023,2,2,18-29,0,,1
30980,2023,2,6,18-29,0,,1
30980,2023,3,6,18-29,0,,1
30980,2023,4,6,18-29,0,,1
30980,2023,3,3,30-44,1,,1
30980,2023,3,6,30-44,0,,1
30980,2023,4,6,30-44,0,,1
30980,2023,2,6,45-64,0,,1
30980,2023,3,5,45-64,0,,1
30980,2023,3,6,45-64,0,,3
31080,2013,1,2,18-29,0,.36978775,4
31080,2013,1,3,18-29,0,0,1
31080,2013,2,2,18-29,0,.19422036,7
31080,2013,2,5,18-29,0,0,1
31080,2013,2,6,18-29,.20518064,.20017298,4
31080,2013,3,1,18-29,.15074715,0,6
31080,2013,3,2,18-29,0,.62388164,10
31080,2013,3,3,18-29,0,.5166676,2
31080,2013,3,6,18-29,.18766528,.32921687,10
31080,2013,4,1,18-29,0,1,1
31080,2013,4,2,18-29,0,.73741889,8
31080,2013,4,3,18-29,0,.6713903,8
31080,2013,4,6,18-29,.14067598,.58096266,27
31080,2013,1,1,30-44,0,,1
31080,2013,1,2,30-44,.13557856,.048011087,32
31080,2013,1,6,30-44,.33852234,1,3
31080,2013,2,1,30-44,0,.4613331,5
31080,2013,2,2,30-44,.1044229,.3414664,32
31080,2013,2,3,30-44,0,0,1
31080,2013,2,6,30-44,0,.71049726,4
31080,2013,2,7,30-44,0,,1
31080,2013,3,1,30-44,.2578792,1,4
31080,2013,3,2,30-44,.11592086,.48590448,41
31080,2013,3,3,30-44,0,.40996936,7
31080,2013,3,5,30-44,1,1,1
31080,2013,3,6,30-44,.21612103,.7795555,18
31080,2013,4,1,30-44,.13639103,.86486554,6
31080,2013,4,2,30-44,.1064451,.41730413,19
31080,2013,4,3,30-44,.15416051,.31630087,30
31080,2013,4,6,30-44,.14763783,.56263542,47
31080,2013,4,7,30-44,0,1,2
31080,2013,1,1,45-64,0,,2
31080,2013,1,2,45-64,.14411119,.18549593,52
31080,2013,1,3,45-64,0,0,2
31080,2013,1,6,45-64,.19736591,0,5
31080,2013,2,1,45-64,0,.51271486,2
31080,2013,2,2,45-64,.053381585,.093449935,34
31080,2013,2,3,45-64,.077026613,0,12
31080,2013,2,5,45-64,0,0,1
31080,2013,2,6,45-64,.1521375,.20415485,20
31080,2013,3,1,45-64,0,.14855336,14
31080,2013,3,2,45-64,.23103686,.36481166,17
31080,2013,3,3,45-64,.29725906,.14401729,7
31080,2013,3,4,45-64,0,0,1
31080,2013,3,5,45-64,0,1,1
31080,2013,3,6,45-64,.059926402,.38194665,56
31080,2013,3,7,45-64,0,1,1
31080,2013,4,1,45-64,0,0,4
31080,2013,4,2,45-64,0,.13736971,17
31080,2013,4,3,45-64,.22574298,.28484058,26
31080,2013,4,6,45-64,.18045023,.34014833,70
31080,2015,1,2,18-29,0,0,4
31080,2015,2,1,18-29,0,0,2
31080,2015,2,2,18-29,0,.29819271,15
31080,2015,2,3,18-29,0,.59409994,2
31080,2015,2,6,18-29,0,1,1
31080,2015,3,1,18-29,.13852622,.75797462,7
31080,2015,3,2,18-29,.11047518,.2934787,9
31080,2015,3,3,18-29,0,1,2
31080,2015,3,6,18-29,.1339668,.6052916,7
31080,2015,4,1,18-29,0,1,1
31080,2015,4,2,18-29,.12702431,.55443388,8
31080,2015,4,3,18-29,0,.38604844,6
31080,2015,4,6,18-29,0,.73399293,17
31080,2015,4,7,18-29,0,1,1
31080,2015,1,2,30-44,.30206791,.30850947,23
31080,2015,1,3,30-44,0,0,1
31080,2015,1,6,30-44,0,0,1
31080,2015,2,1,30-44,.38326654,.61673343,3
31080,2015,2,2,30-44,.030984469,.27249297,32
31080,2015,2,3,30-44,0,.25482315,4
31080,2015,2,5,30-44,0,,1
31080,2015,2,6,30-44,0,.64256454,8
31080,2015,3,1,30-44,0,.82520014,6
31080,2015,3,2,30-44,.10412754,.52911144,18
31080,2015,3,3,30-44,0,1,2
31080,2015,3,6,30-44,.080156796,.60553199,13
31080,2015,4,1,30-44,0,.45965114,6
31080,2015,4,2,30-44,.2419707,.66355324,16
31080,2015,4,3,30-44,.06413459,.50218827,13
31080,2015,4,6,30-44,.1808942,.61818308,57
31080,2015,4,7,30-44,0,1,1
31080,2015,1,1,45-64,0,0,1
31080,2015,1,2,45-64,.11853128,.14865801,28
31080,2015,1,3,45-64,0,0,2
31080,2015,2,1,45-64,1,0,1
31080,2015,2,2,45-64,.28462058,.32861817,18
31080,2015,2,3,45-64,0,.19713159,5
31080,2015,2,4,45-64,0,0,1
31080,2015,2,6,45-64,.21312459,.29470053,13
31080,2015,3,1,45-64,0,.35191691,7
31080,2015,3,2,45-64,.12376288,.32340467,17
31080,2015,3,3,45-64,0,.12029219,9
31080,2015,3,4,45-64,.52794528,.52794528,2
31080,2015,3,6,45-64,.19472694,.17468467,32
31080,2015,3,7,45-64,0,0,1
31080,2015,4,1,45-64,0,1,2
31080,2015,4,2,45-64,0,.49918455,8
31080,2015,4,3,45-64,.15251762,.27157539,18
31080,2015,4,6,45-64,.1936819,.47780907,67
31080,2017,1,2,18-29,.19182879,.5712418,6
31080,2017,1,4,18-29,0,0,1
31080,2017,1,6,18-29,0,1,1
31080,2017,2,1,18-29,0,0,3
31080,2017,2,2,18-29,0,.65364045,10
31080,2017,2,3,18-29,0,.72103477,3
31080,2017,2,6,18-29,.30002859,1,3
31080,2017,3,1,18-29,0,.81858057,4
31080,2017,3,2,18-29,.03902813,.50916427,18
31080,2017,3,3,18-29,0,0,1
31080,2017,3,6,18-29,.11919937,.54648799,8
31080,2017,4,1,18-29,1,1,1
31080,2017,4,2,18-29,0,.56827688,10
31080,2017,4,3,18-29,0,.66727537,3
31080,2017,4,6,18-29,.081975684,.69235492,26
31080,2017,1,1,30-44,0,,1
31080,2017,1,2,30-44,.11242815,.24680522,18
31080,2017,1,6,30-44,0,0,1
31080,2017,2,2,30-44,.056793492,.53905302,16
31080,2017,2,3,30-44,0,.46153048,2
31080,2017,2,6,30-44,0,.60334897,6
31080,2017,3,1,30-44,0,1,1
31080,2017,3,2,30-44,.12081448,.69650894,23
31080,2017,3,3,30-44,0,.71308202,3
31080,2017,3,6,30-44,.1892976,.80583298,10
31080,2017,4,1,30-44,0,1,1
31080,2017,4,2,30-44,.17979351,.70074183,17
31080,2017,4,3,30-44,.13036993,.70343035,31
31080,2017,4,6,30-44,.14736205,.7948612,62
31080,2017,4,7,30-44,0,1,1
31080,2017,1,1,45-64,0,0,1
31080,2017,1,2,45-64,.12361304,.29714757,22
31080,2017,1,3,45-64,.31183615,0,3
31080,2017,1,6,45-64,.48557523,.48557523,2
31080,2017,2,1,45-64,0,1,2
31080,2017,2,2,45-64,.074706122,.29172072,17
31080,2017,2,3,45-64,0,.27026418,8
31080,2017,2,6,45-64,.20967211,.42161,17
31080,2017,3,1,45-64,0,.30351725,4
31080,2017,3,2,45-64,.22678904,.45687944,22
31080,2017,3,3,45-64,0,.29282457,9
31080,2017,3,6,45-64,.19045164,.49750024,26
31080,2017,4,1,45-64,0,.34527805,3
31080,2017,4,2,45-64,0,.66290987,9
31080,2017,4,3,45-64,.17667715,.42545211,25
31080,2017,4,5,45-64,.49712136,1,2
31080,2017,4,6,45-64,.19490205,.5451256,73
31080,2017,4,7,45-64,0,1,2
31080,2019,1,2,18-29,0,,3
31080,2019,2,2,18-29,0,,11
31080,2019,2,6,18-29,0,,2
31080,2019,3,2,18-29,0,,12
31080,2019,3,3,18-29,0,,1
31080,2019,3,6,18-29,.27251664,,4
31080,2019,4,1,18-29,0,,2
31080,2019,4,2,18-29,0,,5
31080,2019,4,3,18-29,0,,9
31080,2019,4,6,18-29,.19871598,,21
31080,2019,1,2,30-44,.04535212,,23
31080,2019,1,3,30-44,.46177483,,2
31080,2019,2,2,30-44,0,,19
31080,2019,2,3,30-44,0,,2
31080,2019,2,6,30-44,0,,3
31080,2019,3,1,30-44,0,,5
31080,2019,3,2,30-44,.1255589,,22
31080,2019,3,3,30-44,0,,4
31080,2019,3,5,30-44,0,,1
31080,2019,3,6,30-44,.14851312,,16
31080,2019,4,1,30-44,0,,1
31080,2019,4,2,30-44,.079145104,,25
31080,2019,4,3,30-44,.1033847,,26
31080,2019,4,6,30-44,.24078012,,47
31080,2019,4,7,30-44,1,,1
31080,2019,1,1,45-64,1,,1
31080,2019,1,2,45-64,.11728926,,38
31080,2019,1,3,45-64,0,,1
31080,2019,2,1,45-64,.4896912,,2
31080,2019,2,2,45-64,.10002436,,20
31080,2019,2,3,45-64,.18887964,,5
31080,2019,2,6,45-64,.13306233,,16
31080,2019,2,7,45-64,1,,1
31080,2019,3,1,45-64,.30819449,,7
31080,2019,3,2,45-64,0,,32
31080,2019,3,3,45-64,0,,4
31080,2019,3,6,45-64,.34018126,,15
31080,2019,4,1,45-64,.24621132,,12
31080,2019,4,2,45-64,.074042596,,13
31080,2019,4,3,45-64,.18401927,,33
31080,2019,4,5,45-64,0,,1
31080,2019,4,6,45-64,.26531762,,70
31080,2019,4,7,45-64,0,,1
31080,2021,1,2,18-29,0,,2
31080,2021,2,1,18-29,0,,2
31080,2021,2,2,18-29,0,,5
31080,2021,2,3,18-29,0,,1
31080,2021,2,6,18-29,.18650682,,5
31080,2021,3,1,18-29,0,,1
31080,2021,3,2,18-29,0,,12
31080,2021,3,6,18-29,0,,6
31080,2021,4,1,18-29,.5,,2
31080,2021,4,2,18-29,0,,6
31080,2021,4,3,18-29,0,,6
31080,2021,4,6,18-29,.10288155,,16
31080,2021,1,2,30-44,0,,9
31080,2021,1,3,30-44,0,,1
31080,2021,2,1,30-44,0,,2
31080,2021,2,2,30-44,.068632618,,23
31080,2021,2,3,30-44,0,,2
31080,2021,2,6,30-44,0,,5
31080,2021,3,1,30-44,0,,2
31080,2021,3,2,30-44,.10810819,,22
31080,2021,3,3,30-44,0,,4
31080,2021,3,6,30-44,.21102025,,10
31080,2021,3,7,30-44,0,,1
31080,2021,4,1,30-44,.27098799,,3
31080,2021,4,2,30-44,.071656778,,25
31080,2021,4,3,30-44,.11266671,,23
31080,2021,4,4,30-44,0,,1
31080,2021,4,6,30-44,.20809232,,45
31080,2021,1,2,45-64,.21250862,,28
31080,2021,1,3,45-64,0,,1
31080,2021,1,6,45-64,1,,1
31080,2021,2,1,45-64,.3652634,,3
31080,2021,2,2,45-64,.15437998,,27
31080,2021,2,3,45-64,.15678367,,6
31080,2021,2,6,45-64,.16960248,,11
31080,2021,3,1,45-64,.18590713,,5
31080,2021,3,2,45-64,.12384652,,24
31080,2021,3,3,45-64,.089805439,,11
31080,2021,3,6,45-64,.25463921,,21
31080,2021,3,7,45-64,0,,2
31080,2021,4,1,45-64,0,,8
31080,2021,4,2,45-64,.085984521,,14
31080,2021,4,3,45-64,.10083794,,18
31080,2021,4,5,45-64,0,,1
31080,2021,4,6,45-64,.27993426,,70
31080,2021,4,7,45-64,0,,1
31080,2023,1,2,18-29,.47526315,,4
31080,2023,2,1,18-29,0,,1
31080,2023,2,2,18-29,0,,8
31080,2023,2,3,18-29,0,,1
31080,2023,2,6,18-29,.16702676,,5
31080,2023,3,2,18-29,0,,5
31080,2023,3,6,18-29,0,,1
31080,2023,4,2,18-29,.12868337,,8
31080,2023,4,3,18-29,0,,5
31080,2023,4,6,18-29,0,,12
31080,2023,1,1,30-44,0,,2
31080,2023,1,2,30-44,.097534366,,10
31080,2023,2,1,30-44,0,,2
31080,2023,2,2,30-44,.065479249,,30
31080,2023,2,3,30-44,0,,4
31080,2023,2,5,30-44,0,,2
31080,2023,2,6,30-44,0,,2
31080,2023,3,1,30-44,0,,1
31080,2023,3,2,30-44,.077001423,,17
31080,2023,3,3,30-44,.24080721,,5
31080,2023,3,6,30-44,.10706877,,9
31080,2023,4,1,30-44,0,,5
31080,2023,4,2,30-44,.20559236,,23
31080,2023,4,3,30-44,.094036102,,33
31080,2023,4,6,30-44,.14528692,,43
31080,2023,4,7,30-44,0,,2
31080,2023,1,2,45-64,.15319566,,27
31080,2023,1,3,45-64,0,,1
31080,2023,1,6,45-64,.30237672,,3
31080,2023,2,1,45-64,0,,1
31080,2023,2,2,45-64,.021993332,,39
31080,2023,2,3,45-64,.25739181,,5
31080,2023,2,5,45-64,0,,1
31080,2023,2,6,45-64,0,,7
31080,2023,3,1,45-64,.33811995,,7
31080,2023,3,2,45-64,.13521853,,15
31080,2023,3,3,45-64,0,,5
31080,2023,3,5,45-64,0,,1
31080,2023,3,6,45-64,.092365399,,18
31080,2023,4,1,45-64,0,,10
31080,2023,4,2,45-64,.14523007,,17
31080,2023,4,3,45-64,.13122293,,16
31080,2023,4,4,45-64,1,,1
31080,2023,4,6,45-64,.22524139,,53
31140,2013,1,1,18-29,0,,2
31140,2013,2,1,18-29,0,,1
31140,2013,2,3,18-29,0,0,1
31140,2013,2,6,18-29,0,1,2
31140,2013,3,1,18-29,0,1,1
31140,2013,3,2,18-29,0,0,1
31140,2013,3,6,18-29,0,.62021971,6
31140,2013,4,2,18-29,0,1,1
31140,2013,4,6,18-29,0,.23828349,6
31140,2013,1,1,30-44,0,0,1
31140,2013,1,6,30-44,0,1,1
31140,2013,2,1,30-44,0,0,2
31140,2013,2,6,30-44,0,0,5
31140,2013,3,1,30-44,0,.33732957,4
31140,2013,3,2,30-44,0,0,1
31140,2013,3,6,30-44,0,.7132535,7
31140,2013,4,1,30-44,0,0,1
31140,2013,4,6,30-44,0,.3544499,16
31140,2013,4,7,30-44,0,0,1
31140,2013,1,1,45-64,0,1,1
31140,2013,1,2,45-64,0,0,1
31140,2013,2,1,45-64,0,0,2
31140,2013,2,6,45-64,.12319548,.12138187,13
31140,2013,3,2,45-64,0,0,1
31140,2013,3,6,45-64,.20516992,.15969513,14
31140,2013,3,7,45-64,0,1,1
31140,2013,4,1,45-64,0,,1
31140,2013,4,6,45-64,.26103076,.23708895,16
31140,2015,2,1,18-29,0,,1
31140,2015,2,6,18-29,0,1,1
31140,2015,3,6,18-29,0,.66353673,4
31140,2015,4,6,18-29,0,.52349073,4
31140,2015,1,1,30-44,0,0,1
31140,2015,2,2,30-44,1,,2
31140,2015,2,6,30-44,.11985175,.13111424,8
31140,2015,2,7,30-44,0,0,1
31140,2015,3,1,30-44,0,0,1
31140,2015,3,2,30-44,0,.65319604,2
31140,2015,3,6,30-44,.10128915,.34460598,9
31140,2015,4,6,30-44,0,.55833161,9
31140,2015,1,2,45-64,0,0,1
31140,2015,1,3,45-64,0,,1
31140,2015,2,1,45-64,0,0,1
31140,2015,2,2,45-64,0,0,2
31140,2015,2,6,45-64,.10168318,.3141956,10
31140,2015,3,1,45-64,0,.49305245,2
31140,2015,3,6,45-64,.13868429,.26851964,8
31140,2015,4,1,45-64,0,0,1
31140,2015,4,6,45-64,0,.34762573,11
31140,2017,2,2,18-29,0,0,1
31140,2017,2,6,18-29,0,.85345381,5
31140,2017,3,1,18-29,0,.6708774,3
31140,2017,3,5,18-29,0,1,1
31140,2017,3,6,18-29,0,.37613577,5
31140,2017,4,6,18-29,0,.70856375,5
31140,2017,1,6,30-44,0,0,1
31140,2017,2,2,30-44,0,0,1
31140,2017,2,6,30-44,0,.54308999,4
31140,2017,3,1,30-44,1,1,1
31140,2017,3,2,30-44,0,1,1
31140,2017,3,6,30-44,0,.65309066,4
31140,2017,4,1,30-44,0,1,4
31140,2017,4,3,30-44,0,.56742442,3
31140,2017,4,6,30-44,0,.61811423,18
31140,2017,4,7,30-44,0,1,1
31140,2017,1,6,45-64,0,0,4
31140,2017,2,1,45-64,0,.37349346,2
31140,2017,2,6,45-64,.054683451,.18338069,14
31140,2017,3,1,45-64,0,0,1
31140,2017,3,2,45-64,1,0,1
31140,2017,3,4,45-64,0,0,1
31140,2017,3,6,45-64,0,.69494402,14
31140,2017,4,1,45-64,.27303904,.50736725,4
31140,2017,4,6,45-64,.14240117,.50363624,13
31140,2019,1,1,18-29,0,,1
31140,2019,2,1,18-29,0,,2
31140,2019,2,6,18-29,0,,2
31140,2019,3,1,18-29,0,,1
31140,2019,3,2,18-29,0,,1
31140,2019,3,6,18-29,0,,1
31140,2019,4,6,18-29,0,,6
31140,2019,1,6,30-44,0,,2
31140,2019,2,1,30-44,0,,1
31140,2019,2,6,30-44,0,,6
31140,2019,3,1,30-44,.64639407,,2
31140,2019,3,2,30-44,0,,1
31140,2019,3,6,30-44,.24777138,,9
31140,2019,4,1,30-44,.25852659,,3
31140,2019,4,2,30-44,0,,3
31140,2019,4,6,30-44,0,,12
31140,2019,1,1,45-64,0,,1
31140,2019,2,1,45-64,0,,3
31140,2019,2,6,45-64,0,,7
31140,2019,3,1,45-64,0,,2
31140,2019,3,6,45-64,.31735107,,9
31140,2019,4,1,45-64,0,,2
31140,2019,4,6,45-64,0,,9
31140,2021,2,1,18-29,0,,2
31140,2021,2,6,18-29,0,,3
31140,2021,2,7,18-29,0,,2
31140,2021,3,1,18-29,0,,1
31140,2021,3,6,18-29,0,,1
31140,2021,4,3,18-29,0,,1
31140,2021,4,6,18-29,.12683466,,6
31140,2021,1,6,30-44,0,,2
31140,2021,2,1,30-44,0,,2
31140,2021,2,2,30-44,0,,2
31140,2021,2,6,30-44,0,,1
31140,2021,3,6,30-44,0,,3
31140,2021,4,1,30-44,0,,1
31140,2021,4,2,30-44,0,,1
31140,2021,4,6,30-44,.21593124,,12
31140,2021,1,1,45-64,0,,1
31140,2021,1,2,45-64,0,,1
31140,2021,1,6,45-64,0,,2
31140,2021,2,6,45-64,0,,4
31140,2021,3,1,45-64,0,,1
31140,2021,3,6,45-64,0,,7
31140,2021,4,1,45-64,0,,2
31140,2021,4,3,45-64,0,,1
31140,2021,4,6,45-64,0,,13
31140,2023,1,1,18-29,0,,1
31140,2023,1,2,18-29,0,,1
31140,2023,2,2,18-29,0,,2
31140,2023,2,6,18-29,0,,2
31140,2023,4,6,18-29,0,,5
31140,2023,1,1,30-44,0,,1
31140,2023,2,2,30-44,.57525295,,2
31140,2023,2,6,30-44,0,,5
31140,2023,3,1,30-44,0,,1
31140,2023,3,2,30-44,0,,1
31140,2023,3,6,30-44,0,,7
31140,2023,4,1,30-44,.38840932,,2
31140,2023,4,6,30-44,.14061557,,13
31140,2023,1,1,45-64,0,,1
31140,2023,1,6,45-64,0,,1
31140,2023,2,1,45-64,0,,1
31140,2023,2,2,45-64,0,,1
31140,2023,2,6,45-64,0,,3
31140,2023,3,1,45-64,0,,1
31140,2023,3,6,45-64,.21150306,,5
31140,2023,4,1,45-64,0,,2
31140,2023,4,6,45-64,.25034341,,8
31180,2013,3,1,30-44,0,0,1
31180,2013,3,2,30-44,0,0,1
31180,2013,4,1,30-44,0,1,1
31180,2013,4,6,30-44,0,0,1
31180,2013,3,2,45-64,0,0,1
31180,2013,3,6,45-64,1,1,1
31180,2013,3,7,45-64,0,0,1
31180,2013,4,6,45-64,.35544935,0,3
31180,2015,2,6,18-29,0,,1
31180,2015,3,2,18-29,0,0,2
31180,2015,3,6,18-29,0,0,2
31180,2015,4,6,18-29,0,1,2
31180,2015,2,6,30-44,0,0,1
31180,2015,3,6,30-44,.50869089,.49130914,2
31180,2015,4,6,30-44,0,.36932373,5
31180,2015,3,6,45-64,0,0,1
31180,2015,4,6,45-64,0,.49905294,2
31180,2017,2,6,18-29,0,1,1
31180,2017,2,2,30-44,0,0,1
31180,2017,3,2,30-44,0,1,1
31180,2017,3,1,45-64,0,1,1
31180,2019,1,2,18-29,0,,1
31180,2019,2,2,30-44,0,,1
31180,2019,2,6,30-44,0,,1
31180,2019,3,1,30-44,0,,1
31180,2019,3,2,30-44,0,,1
31180,2019,4,2,30-44,0,,1
31180,2019,4,6,30-44,0,,2
31180,2019,2,2,45-64,0,,1
31180,2019,3,2,45-64,.30282691,,3
31180,2019,3,6,45-64,0,,1
31180,2019,4,6,45-64,.2589072,,4
31180,2019,4,7,45-64,0,,1
31180,2021,3,6,18-29,0,,2
31180,2021,2,2,30-44,0,,1
31180,2021,3,2,30-44,0,,3
31180,2021,4,3,30-44,0,,1
31180,2021,2,6,45-64,0,,1
31180,2023,2,2,18-29,0,,1
31180,2023,3,2,18-29,0,,1
31180,2023,3,6,18-29,0,,1
31180,2023,4,3,18-29,0,,1
31180,2023,3,1,30-44,0,,2
31180,2023,3,4,30-44,1,,1
31180,2023,4,2,30-44,0,,1
31180,2023,4,6,30-44,0,,1
31180,2023,2,6,45-64,0,,1
31180,2023,3,6,45-64,0,,1
31180,2023,4,2,45-64,0,,1
31180,2023,4,6,45-64,0,,3
31340,2013,2,1,18-29,0,,1
31340,2013,2,2,18-29,0,0,1
31340,2013,3,1,18-29,0,,1
31340,2013,3,6,18-29,0,1,1
31340,2013,4,6,18-29,0,0,1
31340,2013,2,1,30-44,0,,1
31340,2013,3,1,30-44,0,0,1
31340,2013,3,6,30-44,0,1,1
31340,2013,4,2,30-44,0,0,1
31340,2013,4,6,30-44,0,.47068617,2
31340,2013,2,1,45-64,0,,1
31340,2013,2,6,45-64,0,0,3
31340,2013,4,6,45-64,0,0,1
31420,2013,1,1,18-29,1,,1
31420,2013,2,1,18-29,0,0,1
31420,2013,2,6,18-29,0,1,1
31420,2013,2,6,30-44,0,1,1
31420,2013,3,1,30-44,0,,1
31420,2013,3,6,30-44,0,1,1
31420,2013,2,1,45-64,0,0,1
31420,2013,2,6,45-64,1,0,1
31420,2013,3,1,45-64,0,0,2
31420,2013,3,6,45-64,0,0,1
31420,2013,4,1,45-64,0,0,1
31420,2015,2,1,30-44,0,0,1
31420,2015,3,1,30-44,0,1,1
31420,2015,3,6,30-44,0,1,1
31420,2017,2,1,18-29,0,,1
31420,2017,3,1,18-29,0,0,2
31420,2017,4,6,18-29,0,1,1
31420,2017,3,1,30-44,0,1,2
31420,2017,4,5,30-44,0,1,1
31420,2017,4,6,30-44,0,1,1
31420,2017,2,6,45-64,0,0,1
31420,2017,4,1,45-64,1,1,1
31420,2019,4,1,18-29,0,,1
31420,2019,3,6,30-44,0,,1
31420,2019,4,1,30-44,0,,1
31420,2019,4,6,30-44,0,,2
31420,2019,2,6,45-64,0,,1
31420,2019,3,6,45-64,0,,3
31420,2019,4,6,45-64,0,,1
31420,2021,4,6,30-44,0,,2
31420,2023,3,1,30-44,0,,1
31420,2023,4,7,30-44,0,,1
31420,2023,4,1,45-64,0,,1
31460,2013,2,6,18-29,0,0,1
31460,2013,1,2,30-44,0,0,4
31460,2013,1,2,45-64,0,0,1
31540,2013,2,6,18-29,0,.38453576,3
31540,2013,3,6,18-29,0,0,1
31540,2013,4,3,18-29,0,.3269451,3
31540,2013,4,6,18-29,0,.37981197,3
31540,2013,2,1,30-44,0,0,2
31540,2013,2,6,30-44,.64409226,.35468459,3
31540,2013,3,6,30-44,0,.51409841,7
31540,2013,4,3,30-44,0,.47558933,2
31540,2013,4,6,30-44,.081524916,.2536473,10
31540,2013,2,6,45-64,.50623751,0,4
31540,2013,3,6,45-64,.061366271,.19988413,15
31540,2013,4,2,45-64,0,0,1
31540,2013,4,3,45-64,0,0,1
31540,2013,4,6,45-64,0,.10340986,10
31540,2015,2,6,18-29,0,0,1
31540,2015,3,6,18-29,0,1,5
31540,2015,4,3,18-29,0,1,1
31540,2015,4,6,18-29,0,.70316619,7
31540,2015,1,2,30-44,0,0,1
31540,2015,2,6,30-44,0,0,5
31540,2015,3,3,30-44,0,1,1
31540,2015,3,6,30-44,0,.68868923,3
31540,2015,4,6,30-44,0,.32220343,9
31540,2015,2,6,45-64,0,0,3
31540,2015,3,6,45-64,.13053785,.27116716,8
31540,2015,4,6,45-64,.081258707,.33517131,10
31540,2017,2,3,18-29,0,1,1
31540,2017,2,6,18-29,0,0,1
31540,2017,3,1,18-29,0,,1
31540,2017,3,6,18-29,0,1,3
31540,2017,4,3,18-29,0,0,2
31540,2017,4,6,18-29,.13953084,.82496625,7
31540,2017,1,6,30-44,0,1,1
31540,2017,2,6,30-44,0,.19181618,4
31540,2017,3,1,30-44,0,1,1
31540,2017,3,3,30-44,0,0,1
31540,2017,3,6,30-44,0,.44712788,6
31540,2017,4,1,30-44,0,1,1
31540,2017,4,3,30-44,0,.46874875,2
31540,2017,4,6,30-44,0,.85720742,9
31540,2017,2,1,45-64,.54655933,.4534407,2
31540,2017,2,6,45-64,0,.57632858,2
31540,2017,3,2,45-64,0,1,1
31540,2017,3,6,45-64,0,.30672494,3
31540,2017,4,3,45-64,0,0,1
31540,2017,4,6,45-64,0,.33661613,3
31540,2019,1,6,18-29,1,,1
31540,2019,2,2,18-29,0,,1
31540,2019,2,6,18-29,0,,1
31540,2019,3,6,18-29,0,,2
31540,2019,4,6,18-29,0,,3
31540,2019,1,2,30-44,0,,1
31540,2019,2,1,30-44,0,,1
31540,2019,2,6,30-44,0,,5
31540,2019,3,6,30-44,.11445352,,8
31540,2019,4,6,30-44,0,,8
31540,2019,2,6,45-64,0,,4
31540,2019,3,6,45-64,.14429583,,7
31540,2019,4,1,45-64,0,,2
31540,2019,4,3,45-64,0,,1
31540,2019,4,6,45-64,0,,6
31540,2021,1,1,18-29,0,,1
31540,2021,1,6,18-29,0,,2
31540,2021,2,6,18-29,0,,3
31540,2021,3,6,18-29,0,,3
31540,2021,3,7,18-29,0,,1
31540,2021,4,3,18-29,0,,1
31540,2021,4,6,18-29,.14853212,,6
31540,2021,3,2,30-44,1,,1
31540,2021,3,3,30-44,0,,1
31540,2021,3,6,30-44,0,,3
31540,2021,4,3,30-44,0,,2
31540,2021,4,6,30-44,0,,6
31540,2021,2,6,45-64,0,,3
31540,2021,3,6,45-64,1,,2
31540,2021,4,1,45-64,0,,1
31540,2021,4,3,45-64,0,,1
31540,2021,4,6,45-64,.14066944,,8
31540,2021,4,7,45-64,0,,1
31540,2023,4,3,18-29,0,,1
31540,2023,4,6,18-29,0,,6
31540,2023,2,6,30-44,0,,3
31540,2023,3,6,30-44,.26191995,,6
31540,2023,4,3,30-44,0,,1
31540,2023,4,6,30-44,.1584549,,7
31540,2023,2,6,45-64,.41184106,,3
31540,2023,3,6,45-64,0,,3
31540,2023,4,3,45-64,0,,1
31540,2023,4,6,45-64,0,,7
31700,2015,1,2,18-29,0,,1
31700,2015,2,6,18-29,.57996464,.42003539,2
31700,2015,3,2,18-29,0,1,1
31700,2015,3,6,18-29,0,1,2
31700,2015,3,7,18-29,0,,1
31700,2015,4,6,18-29,0,.59879202,5
31700,2015,1,2,30-44,0,0,2
31700,2015,2,2,30-44,0,0,1
31700,2015,2,6,30-44,.24891083,.87759072,7
31700,2015,3,3,30-44,0,1,1
31700,2015,3,6,30-44,.2745595,.32034549,7
31700,2015,3,7,30-44,0,1,1
31700,2015,4,3,30-44,0,0,4
31700,2015,4,6,30-44,0,.29581982,7
31700,2015,4,7,30-44,0,0,1
31700,2015,1,2,45-64,0,0,1
31700,2015,1,3,45-64,0,0,1
31700,2015,2,6,45-64,.27218029,.41714537,8
31700,2015,3,2,45-64,0,0,1
31700,2015,3,6,45-64,.18713006,.21229886,11
31700,2015,4,3,45-64,1,0,1
31700,2015,4,6,45-64,.067795955,.52199227,14
31700,2017,1,6,18-29,0,1,1
31700,2017,2,1,18-29,0,0,2
31700,2017,2,2,18-29,0,.32795611,3
31700,2017,2,6,18-29,0,.297214,4
31700,2017,3,6,18-29,0,.5372377,1
31700,2017,4,6,18-29,0,.43298236,2
31700,2017,2,2,30-44,0,,1
31700,2017,2,6,30-44,0,.72365195,4
31700,2017,2,7,30-44,0,1,1
31700,2017,3,6,30-44,0,.44214576,4
31700,2017,4,2,30-44,0,.49259859,2
31700,2017,4,6,30-44,0,.62870693,11
31700,2017,1,1,45-64,0,0,1
31700,2017,1,2,45-64,0,0,1
31700,2017,2,2,45-64,0,1,2
31700,2017,2,6,45-64,0,.17834009,11
31700,2017,3,6,45-64,.10278912,.37513989,11
31700,2017,4,2,45-64,0,0,1
31700,2017,4,3,45-64,0,0,1
31700,2017,4,6,45-64,.1925049,.50032848,32
31700,2019,2,6,18-29,0,,4
31700,2019,4,6,18-29,0,,2
31700,2019,1,6,30-44,0,,2
31700,2019,2,1,30-44,0,,1
31700,2019,2,2,30-44,0,,1
31700,2019,2,6,30-44,0,,3
31700,2019,3,6,30-44,0,,5
31700,2019,4,3,30-44,0,,1
31700,2019,4,6,30-44,.18724456,,12
31700,2019,1,6,45-64,0,,1
31700,2019,2,6,45-64,.098415412,,10
31700,2019,3,1,45-64,0,,1
31700,2019,3,6,45-64,.096120849,,12
31700,2019,4,1,45-64,1,,1
31700,2019,4,2,45-64,0,,1
31700,2019,4,6,45-64,.24177259,,23
31700,2019,4,7,45-64,0,,1
31700,2021,2,6,18-29,0,,3
31700,2021,3,1,18-29,0,,1
31700,2021,3,6,18-29,0,,2
31700,2021,4,6,18-29,0,,1
31700,2021,1,2,30-44,0,,1
31700,2021,2,6,30-44,0,,2
31700,2021,3,6,30-44,.3382571,,5
31700,2021,4,6,30-44,0,,12
31700,2021,1,6,45-64,1,,1
31700,2021,2,1,45-64,0,,1
31700,2021,2,6,45-64,0,,3
31700,2021,3,6,45-64,0,,12
31700,2021,4,3,45-64,1,,1
31700,2021,4,6,45-64,0,,17
31700,2023,2,6,18-29,0,,1
31700,2023,4,6,18-29,.33739293,,3
31700,2023,1,6,30-44,0,,1
31700,2023,2,2,30-44,0,,1
31700,2023,2,6,30-44,0,,1
31700,2023,3,6,30-44,.23043036,,5
31700,2023,4,2,30-44,0,,1
31700,2023,4,3,30-44,0,,1
31700,2023,4,6,30-44,.088623241,,14
31700,2023,4,7,30-44,0,,1
31700,2023,2,6,45-64,.50072891,,5
31700,2023,3,2,45-64,0,,1
31700,2023,3,6,45-64,.241487,,9
31700,2023,4,2,45-64,0,,2
31700,2023,4,6,45-64,0,,17
32580,2013,1,2,18-29,.5,0,2
32580,2013,2,2,18-29,0,0,2
32580,2013,4,2,18-29,0,1,1
32580,2013,1,2,30-44,.33541235,0,3
32580,2013,2,2,30-44,0,0,4
32580,2013,3,2,30-44,0,.67183465,4
32580,2013,4,2,30-44,0,1,1
32580,2013,1,2,45-64,0,0,2
32580,2013,2,2,45-64,0,.31750828,9
32580,2013,3,2,45-64,.54268533,0,2
32580,2013,4,2,45-64,0,0,2
32580,2015,1,2,18-29,1,,1
32580,2015,3,2,18-29,0,.60807157,2
32580,2015,1,2,30-44,.46915045,0,11
32580,2015,2,2,30-44,0,.23988609,6
32580,2015,3,2,30-44,.41808754,0,3
32580,2015,4,1,30-44,0,0,1
32580,2015,4,2,30-44,0,0,2
32580,2015,1,2,45-64,.6131146,0,2
32580,2015,2,2,45-64,0,0,2
32580,2015,3,2,45-64,0,.15076394,5
32580,2015,3,6,45-64,0,1,1
32580,2015,4,2,45-64,0,0,2
32580,2017,1,2,18-29,0,,1
32580,2017,3,2,18-29,0,.28470412,3
32580,2017,4,6,18-29,0,0,1
32580,2017,1,2,30-44,.49473166,0,2
32580,2017,2,2,30-44,0,.29412961,3
32580,2017,3,2,30-44,0,.41951373,3
32580,2017,4,2,30-44,0,.33797902,3
32580,2017,1,2,45-64,.17698218,0,5
32580,2017,1,6,45-64,0,0,1
32580,2017,2,2,45-64,1,1,2
32580,2017,3,2,45-64,0,0,1
32580,2017,4,1,45-64,0,1,1
32580,2017,4,2,45-64,0,0,3
32580,2019,3,2,18-29,0,,4
32580,2019,4,2,18-29,0,,1
32580,2019,1,2,30-44,.30445918,,3
32580,2019,2,2,30-44,0,,2
32580,2019,2,6,30-44,0,,1
32580,2019,3,2,30-44,.39422566,,3
32580,2019,4,2,30-44,0,,1
32580,2019,1,2,45-64,0,,5
32580,2019,1,6,45-64,0,,1
32580,2019,2,2,45-64,0,,2
32580,2019,3,2,45-64,.65928608,,2
32580,2019,3,6,45-64,0,,1
32580,2019,4,2,45-64,0,,4
32580,2021,3,2,18-29,0,,3
32580,2021,1,2,30-44,.52197421,,2
32580,2021,2,2,30-44,0,,3
32580,2021,3,2,30-44,.20787334,,5
32580,2021,4,2,30-44,0,,5
32580,2021,1,2,45-64,0,,1
32580,2021,2,2,45-64,0,,1
32580,2021,3,2,45-64,.49789354,,2
32580,2023,2,3,18-29,0,,1
32580,2023,3,2,18-29,0,,1
32580,2023,1,2,30-44,.66638649,,3
32580,2023,2,2,30-44,0,,3
32580,2023,3,2,30-44,0,,1
32580,2023,4,2,30-44,0,,2
32580,2023,1,2,45-64,.50340736,,2
32580,2023,2,2,45-64,.38464117,,8
32580,2023,3,2,45-64,0,,3
32580,2023,3,6,45-64,0,,1
32580,2023,4,2,45-64,0,,2
32780,2013,3,6,18-29,0,1,1
32780,2013,3,7,18-29,0,.52505392,2
32780,2013,4,6,18-29,0,1,1
32780,2013,1,6,30-44,0,0,1
32780,2013,2,6,30-44,0,.49149239,2
32780,2013,3,6,30-44,0,.28965548,3
32780,2013,4,6,30-44,.48413819,0,2
32780,2013,2,6,45-64,0,1,1
32780,2013,3,6,45-64,.40084079,.18153244,5
32780,2015,3,6,18-29,1,1,1
32780,2015,2,6,30-44,0,1,1
32780,2015,3,2,30-44,0,1,1
32780,2015,3,6,30-44,0,.39185449,2
32780,2015,4,6,30-44,0,1,2
32780,2015,2,6,45-64,1,1,1
32780,2015,4,6,45-64,.31934252,1,3
32780,2015,4,7,45-64,0,0,1
32780,2017,1,6,18-29,0,1,1
32780,2017,2,2,18-29,0,1,1
32780,2017,2,6,18-29,0,0,1
32780,2017,3,6,18-29,.56849295,.43150708,2
32780,2017,2,2,30-44,0,1,1
32780,2017,3,6,30-44,.17218755,1,5
32780,2017,4,6,30-44,.26800579,.7474708,4
32780,2017,1,4,45-64,0,1,1
32780,2017,2,6,45-64,0,1,1
32780,2017,3,6,45-64,.14577295,.51880974,6
32780,2017,4,6,45-64,0,1,1
32780,2017,4,7,45-64,1,0,1
32780,2019,1,2,18-29,0,,1
32780,2019,2,6,18-29,0,,1
32780,2019,3,2,18-29,0,,1
32780,2019,3,6,18-29,0,,1
32780,2019,4,6,18-29,0,,1
32780,2019,1,2,30-44,0,,1
32780,2019,2,6,30-44,0,,1
32780,2019,3,2,30-44,0,,1
32780,2019,4,6,30-44,0,,2
32780,2019,1,6,45-64,1,,1
32780,2019,2,6,45-64,.44083875,,2
32780,2019,3,6,45-64,0,,5
32780,2019,4,6,45-64,.39176074,,2
32780,2021,2,6,18-29,0,,2
32780,2021,3,6,18-29,0,,1
32780,2021,4,6,18-29,0,,1
32780,2021,2,6,30-44,1,,1
32780,2021,3,2,30-44,0,,1
32780,2021,3,6,30-44,0,,2
32780,2021,4,6,30-44,0,,3
32780,2021,1,6,45-64,0,,1
32780,2021,2,6,45-64,0,,2
32780,2021,3,6,45-64,.31968239,,3
32780,2023,2,6,18-29,0,,1
32780,2023,4,6,18-29,0,,1
32780,2023,4,6,30-44,0,,4
32780,2023,2,2,45-64,1,,1
32780,2023,2,6,45-64,0,,2
32780,2023,4,6,45-64,0,,2
32820,2013,1,1,18-29,0,,1
32820,2013,1,2,18-29,0,0,1
32820,2013,2,1,18-29,0,.45932814,4
32820,2013,3,1,18-29,0,1,4
32820,2013,3,3,18-29,0,1,1
32820,2013,3,6,18-29,0,1,1
32820,2013,4,3,18-29,0,1,1
32820,2013,4,6,18-29,0,.53388166,2
32820,2013,1,6,30-44,0,,1
32820,2013,2,1,30-44,0,.4190678,4
32820,2013,2,6,30-44,0,0,2
32820,2013,3,1,30-44,0,.31822014,3
32820,2013,3,2,30-44,0,1,1
32820,2013,3,6,30-44,.12532377,.20559984,7
32820,2013,4,1,30-44,0,1,2
32820,2013,4,2,30-44,0,1,1
32820,2013,4,3,30-44,0,1,1
32820,2013,4,6,30-44,0,.24723247,8
32820,2013,1,1,45-64,0,,1
32820,2013,1,6,45-64,0,,1
32820,2013,2,1,45-64,0,,1
32820,2013,2,6,45-64,0,.29934853,6
32820,2013,3,1,45-64,.06332951,.46990219,9
32820,2013,3,6,45-64,0,0,4
32820,2013,4,1,45-64,.35110456,0,3
32820,2013,4,3,45-64,0,1,1
32820,2013,4,6,45-64,0,.47935832,4
32820,2015,1,1,18-29,0,,2
32820,2015,2,1,18-29,0,0,1
32820,2015,2,2,18-29,0,1,1
32820,2015,2,6,18-29,0,,1
32820,2015,3,1,18-29,0,0,4
32820,2015,3,2,18-29,0,1,1
32820,2015,3,6,18-29,0,.63588899,3
32820,2015,4,6,18-29,0,0,2
32820,2015,1,1,30-44,0,,1
32820,2015,1,6,30-44,0,.48258561,2
32820,2015,2,1,30-44,0,.46170914,5
32820,2015,2,3,30-44,0,1,1
32820,2015,2,6,30-44,0,.66786069,2
32820,2015,3,1,30-44,0,.43512812,5
32820,2015,3,6,30-44,0,.82713979,8
32820,2015,4,1,30-44,0,1,1
32820,2015,4,6,30-44,0,.74082053,10
32820,2015,1,6,45-64,0,0,2
32820,2015,2,1,45-64,0,.16675605,10
32820,2015,2,6,45-64,0,.17161994,4
32820,2015,3,1,45-64,0,.10735598,3
32820,2015,3,2,45-64,0,0,1
32820,2015,3,6,45-64,.1181619,.14119743,10
32820,2015,4,1,45-64,0,.083840325,5
32820,2015,4,2,45-64,0,0,1
32820,2015,4,6,45-64,.18420431,.30083326,8
32820,2017,1,1,18-29,0,,1
32820,2017,1,2,18-29,0,0,3
32820,2017,2,1,18-29,.51595461,.38210654,3
32820,2017,2,6,18-29,0,0,1
32820,2017,3,1,18-29,0,.45997632,3
32820,2017,3,6,18-29,0,1,2
32820,2017,4,3,18-29,0,1,1
32820,2017,4,6,18-29,0,.54384971,2
32820,2017,1,1,30-44,0,0,1
32820,2017,1,2,30-44,0,0,1
32820,2017,2,1,30-44,0,0,2
32820,2017,2,6,30-44,0,1,1
32820,2017,3,1,30-44,0,.76280284,7
32820,2017,3,6,30-44,0,.52417791,3
32820,2017,4,1,30-44,.52044654,.52044654,2
32820,2017,4,3,30-44,0,1,1
32820,2017,4,6,30-44,0,.60594046,9
32820,2017,4,7,30-44,0,1,1
32820,2017,1,6,45-64,0,0,2
32820,2017,2,1,45-64,.24981803,0,5
32820,2017,2,6,45-64,.079616778,.51019764,6
32820,2017,2,7,45-64,0,0,1
32820,2017,3,1,45-64,0,0,4
32820,2017,3,6,45-64,.051542852,.33654246,12
32820,2017,4,1,45-64,.49002856,.50997144,3
32820,2017,4,6,45-64,.091268748,.69497424,13
32820,2019,2,1,18-29,0,,3
32820,2019,2,2,18-29,0,,1
32820,2019,2,6,18-29,0,,1
32820,2019,2,7,18-29,0,,1
32820,2019,3,1,18-29,0,,2
32820,2019,3,6,18-29,0,,2
32820,2019,4,6,18-29,0,,2
32820,2019,1,1,30-44,0,,1
32820,2019,1,2,30-44,0,,1
32820,2019,2,1,30-44,0,,5
32820,2019,2,2,30-44,0,,1
32820,2019,2,6,30-44,0,,2
32820,2019,3,1,30-44,0,,2
32820,2019,3,6,30-44,0,,1
32820,2019,4,6,30-44,0,,7
32820,2019,1,1,45-64,.43000579,,2
32820,2019,1,6,45-64,0,,2
32820,2019,2,1,45-64,0,,5
32820,2019,2,6,45-64,.53833312,,5
32820,2019,3,1,45-64,0,,7
32820,2019,3,6,45-64,0,,3
32820,2019,4,1,45-64,0,,7
32820,2019,4,6,45-64,.30608031,,15
32820,2021,1,6,18-29,0,,1
32820,2021,2,6,18-29,0,,1
32820,2021,3,1,18-29,1,,1
32820,2021,3,6,18-29,0,,1
32820,2021,4,1,18-29,0,,1
32820,2021,4,6,18-29,0,,4
32820,2021,1,2,30-44,1,,1
32820,2021,1,4,30-44,0,,1
32820,2021,2,1,30-44,0,,4
32820,2021,2,6,30-44,0,,1
32820,2021,3,1,30-44,0,,2
32820,2021,3,6,30-44,.37299204,,2
32820,2021,4,1,30-44,0,,5
32820,2021,4,6,30-44,0,,4
32820,2021,2,1,45-64,.35253629,,4
32820,2021,2,6,45-64,0,,5
32820,2021,3,1,45-64,0,,4
32820,2021,3,2,45-64,0,,1
32820,2021,3,6,45-64,0,,1
32820,2021,4,1,45-64,0,,1
32820,2021,4,6,45-64,0,,4
32820,2023,2,1,18-29,0,,3
32820,2023,2,6,18-29,1,,1
32820,2023,1,1,30-44,0,,1
32820,2023,1,2,30-44,0,,1
32820,2023,2,1,30-44,0,,4
32820,2023,2,6,30-44,0,,1
32820,2023,3,1,30-44,0,,2
32820,2023,3,2,30-44,0,,1
32820,2023,3,6,30-44,0,,2
32820,2023,3,7,30-44,0,,1
32820,2023,4,1,30-44,0,,2
32820,2023,4,6,30-44,0,,3
32820,2023,1,1,45-64,.43092307,,2
32820,2023,2,1,45-64,0,,3
32820,2023,2,6,45-64,0,,3
32820,2023,3,1,45-64,0,,6
32820,2023,3,6,45-64,.12626995,,6
32820,2023,4,1,45-64,0,,3
32820,2023,4,6,45-64,0,,5
32900,2013,3,6,18-29,0,,1
32900,2013,2,2,30-44,.3532528,,3
32900,2013,3,2,30-44,0,1,2
32900,2013,3,6,30-44,0,0,2
32900,2013,1,2,45-64,0,0,2
32900,2013,2,6,45-64,0,0,2
32900,2013,3,2,45-64,0,0,2
32900,2013,3,6,45-64,0,0,1
32900,2013,4,6,45-64,0,0,1
33100,2013,1,1,18-29,0,0,1
33100,2013,1,6,18-29,0,1,1
33100,2013,2,1,18-29,0,,1
33100,2013,2,2,18-29,0,0,1
33100,2013,2,6,18-29,0,0,1
33100,2013,3,1,18-29,0,0,1
33100,2013,3,2,18-29,0,.30640054,3
33100,2013,3,3,18-29,0,0,1
33100,2013,3,6,18-29,0,.81060427,6
33100,2013,4,1,18-29,0,.4824903,4
33100,2013,4,2,18-29,.21903253,.23167546,4
33100,2013,4,3,18-29,0,1,1
33100,2013,4,6,18-29,0,.2934041,3
33100,2013,1,1,30-44,.31855041,0,3
33100,2013,1,2,30-44,.22906144,0,4
33100,2013,2,1,30-44,.14124501,.14943747,7
33100,2013,2,2,30-44,.35234746,.063595861,16
33100,2013,2,6,30-44,.20388044,.5717659,5
33100,2013,2,7,30-44,0,0,1
33100,2013,3,1,30-44,.13585673,.11931691,8
33100,2013,3,2,30-44,.10663924,.32137936,9
33100,2013,3,6,30-44,.15502056,.65711635,7
33100,2013,3,7,30-44,0,0,1
33100,2013,4,1,30-44,0,.31027919,12
33100,2013,4,2,30-44,.12380638,.14083602,15
33100,2013,4,6,30-44,.084987469,.43640307,10
33100,2013,1,1,45-64,0,0,4
33100,2013,1,2,45-64,.30624869,.13675529,7
33100,2013,2,1,45-64,0,.23207031,5
33100,2013,2,2,45-64,.1055918,.23166165,18
33100,2013,2,3,45-64,0,0,1
33100,2013,2,6,45-64,.22182781,.33359459,9
33100,2013,3,1,45-64,0,0,6
33100,2013,3,2,45-64,.2358115,.26118731,15
33100,2013,3,3,45-64,0,.45703188,2
33100,2013,3,6,45-64,.16052216,.35211056,25
33100,2013,4,1,45-64,.22824541,.23775545,8
33100,2013,4,2,45-64,.083720796,.25964901,21
33100,2013,4,3,45-64,.30658573,.38345906,3
33100,2013,4,6,45-64,.19018248,.38665977,31
33100,2015,1,2,18-29,0,0,2
33100,2015,1,6,18-29,0,0,1
33100,2015,2,1,18-29,0,.77066714,4
33100,2015,2,2,18-29,.092750691,.24988407,7
33100,2015,3,1,18-29,0,1,3
33100,2015,3,2,18-29,0,.70445955,8
33100,2015,3,6,18-29,0,.63429374,5
33100,2015,4,1,18-29,0,1,2
33100,2015,4,2,18-29,0,0,1
33100,2015,4,3,18-29,,0,0
33100,2015,4,6,18-29,.35051891,.72021252,3
33100,2015,1,2,30-44,0,0,3
33100,2015,1,6,30-44,0,1,1
33100,2015,2,1,30-44,0,.76808429,5
33100,2015,2,2,30-44,.38196358,.36029881,14
33100,2015,2,4,30-44,0,1,1
33100,2015,2,6,30-44,.49549118,.49549118,2
33100,2015,3,1,30-44,0,.49393716,4
33100,2015,3,2,30-44,.33161092,.33212504,14
33100,2015,3,6,30-44,.13856713,.76565427,8
33100,2015,3,7,30-44,0,0,1
33100,2015,4,1,30-44,0,.56243223,7
33100,2015,4,2,30-44,.17495628,.50976396,17
33100,2015,4,3,30-44,0,0,1
33100,2015,4,6,30-44,.25563723,.60700482,15
33100,2015,4,7,30-44,0,1,1
33100,2015,1,1,45-64,0,0,4
33100,2015,1,2,45-64,.24031155,.41372481,5
33100,2015,2,1,45-64,0,0,7
33100,2015,2,2,45-64,.2014408,.13499559,15
33100,2015,2,3,45-64,0,1,1
33100,2015,2,6,45-64,0,.72892493,4
33100,2015,3,1,45-64,.13441251,.52236247,6
33100,2015,3,2,45-64,.24079905,.44095665,17
33100,2015,3,6,45-64,.12553835,.38776964,16
33100,2015,4,1,45-64,0,.51178288,7
33100,2015,4,2,45-64,.16927841,.39945719,19
33100,2015,4,3,45-64,.43393695,.6914736,4
33100,2015,4,4,45-64,0,0,1
33100,2015,4,6,45-64,.15258391,.45018384,24
33100,2017,1,1,18-29,0,,1
33100,2017,1,2,18-29,0,.48623666,2
33100,2017,2,1,18-29,0,.42687568,2
33100,2017,2,2,18-29,0,0,2
33100,2017,2,6,18-29,.48738307,0,2
33100,2017,3,1,18-29,0,.48978993,4
33100,2017,3,2,18-29,0,.78195846,4
33100,2017,3,6,18-29,.2333862,1,5
33100,2017,4,2,18-29,0,.40018564,5
33100,2017,4,6,18-29,.17111605,.77276826,5
33100,2017,1,1,30-44,0,0,1
33100,2017,1,2,30-44,0,0,3
33100,2017,1,6,30-44,1,0,1
33100,2017,2,1,30-44,0,.2088149,5
33100,2017,2,2,30-44,.082674213,.18810388,11
33100,2017,2,6,30-44,0,.73800617,4
33100,2017,3,1,30-44,0,1,3
33100,2017,3,2,30-44,.07635875,.76738405,9
33100,2017,3,6,30-44,.39047334,.44779333,7
33100,2017,3,7,30-44,1,,1
33100,2017,4,1,30-44,0,1,3
33100,2017,4,2,30-44,.28191692,.80973029,16
33100,2017,4,3,30-44,0,1,1
33100,2017,4,6,30-44,.17386158,.49925053,18
33100,2017,4,7,30-44,1,1,1
33100,2017,1,1,45-64,0,0,3
33100,2017,1,2,45-64,.16631678,0,6
33100,2017,1,7,45-64,0,,1
33100,2017,2,1,45-64,0,1,1
33100,2017,2,2,45-64,.41478422,.23544848,18
33100,2017,2,6,45-64,.16774985,.080355726,12
33100,2017,3,1,45-64,0,1,2
33100,2017,3,2,45-64,.14577374,.23182422,13
33100,2017,3,6,45-64,.04399744,.47776556,22
33100,2017,4,1,45-64,.35182109,.53610569,3
33100,2017,4,2,45-64,.36083564,.34398678,20
33100,2017,4,3,45-64,.3853302,.73239106,3
33100,2017,4,6,45-64,.31232652,.44138107,29
33100,2017,4,7,45-64,0,0,1
33100,2019,2,1,18-29,0,,2
33100,2019,2,2,18-29,0,,5
33100,2019,3,1,18-29,0,,2
33100,2019,3,2,18-29,0,,6
33100,2019,3,6,18-29,.37597111,,2
33100,2019,4,1,18-29,0,,1
33100,2019,4,2,18-29,0,,6
33100,2019,4,3,18-29,0,,1
33100,2019,4,6,18-29,0,,3
33100,2019,1,2,30-44,.20760754,,6
33100,2019,2,1,30-44,0,,4
33100,2019,2,2,30-44,.29631022,,17
33100,2019,2,6,30-44,.24273114,,8
33100,2019,3,1,30-44,.19562781,,7
33100,2019,3,2,30-44,.12489505,,9
33100,2019,3,6,30-44,0,,4
33100,2019,4,1,30-44,0,,5
33100,2019,4,2,30-44,.092504866,,11
33100,2019,4,3,30-44,0,,3
33100,2019,4,6,30-44,.071920507,,13
33100,2019,1,1,45-64,0,,2
33100,2019,1,2,45-64,.15839264,,6
33100,2019,2,1,45-64,0,,5
33100,2019,2,2,45-64,.18815418,,13
33100,2019,2,6,45-64,.20328081,,6
33100,2019,3,1,45-64,.14258811,,6
33100,2019,3,2,45-64,.24211565,,8
33100,2019,3,6,45-64,.22501576,,12
33100,2019,3,7,45-64,1,,1
33100,2019,4,1,45-64,0,,3
33100,2019,4,2,45-64,.33163843,,21
33100,2019,4,3,45-64,0,,3
33100,2019,4,6,45-64,.29557741,,14
33100,2019,4,7,45-64,0,,1
33100,2021,2,2,18-29,.096599497,,7
33100,2021,3,1,18-29,0,,1
33100,2021,3,2,18-29,0,,1
33100,2021,3,4,18-29,1,,1
33100,2021,3,6,18-29,.25780097,,5
33100,2021,4,2,18-29,0,,1
33100,2021,4,3,18-29,0,,1
33100,2021,4,6,18-29,0,,1
33100,2021,1,2,30-44,.23164736,,4
33100,2021,2,1,30-44,.17942697,,7
33100,2021,2,2,30-44,0,,3
33100,2021,2,6,30-44,0,,1
33100,2021,3,1,30-44,.11502866,,10
33100,2021,3,2,30-44,.13574004,,8
33100,2021,3,6,30-44,.31568888,,3
33100,2021,4,1,30-44,.28079167,,3
33100,2021,4,2,30-44,.07454408,,12
33100,2021,4,3,30-44,.4410215,,2
33100,2021,4,6,30-44,0,,11
33100,2021,4,7,30-44,0,,2
33100,2021,1,1,45-64,0,,1
33100,2021,1,2,45-64,.48830566,,2
33100,2021,1,6,45-64,1,,1
33100,2021,2,1,45-64,0,,6
33100,2021,2,2,45-64,0,,14
33100,2021,2,3,45-64,0,,1
33100,2021,2,6,45-64,0,,2
33100,2021,3,1,45-64,.1368679,,6
33100,2021,3,2,45-64,.10884476,,18
33100,2021,3,3,45-64,0,,2
33100,2021,3,6,45-64,.19827491,,10
33100,2021,4,1,45-64,0,,5
33100,2021,4,2,45-64,.14124845,,26
33100,2021,4,6,45-64,.18164633,,14
33100,2023,1,2,18-29,0,,1
33100,2023,2,1,18-29,0,,1
33100,2023,2,2,18-29,0,,2
33100,2023,2,6,18-29,0,,1
33100,2023,3,1,18-29,1,,1
33100,2023,3,2,18-29,0,,2
33100,2023,4,2,18-29,0,,3
33100,2023,4,6,18-29,0,,3
33100,2023,1,2,30-44,.58273721,,2
33100,2023,2,1,30-44,0,,4
33100,2023,2,2,30-44,.20859256,,11
33100,2023,2,3,30-44,0,,1
33100,2023,2,6,30-44,.45943651,,4
33100,2023,3,1,30-44,0,,5
33100,2023,3,2,30-44,.19170393,,5
33100,2023,3,6,30-44,.48912376,,2
33100,2023,4,1,30-44,0,,2
33100,2023,4,2,30-44,.13019507,,22
33100,2023,4,3,30-44,0,,3
33100,2023,4,6,30-44,.079667434,,16
33100,2023,1,1,45-64,0,,1
33100,2023,1,2,45-64,0,,1
33100,2023,1,6,45-64,0,,2
33100,2023,2,1,45-64,.23918268,,4
33100,2023,2,2,45-64,0,,8
33100,2023,2,3,45-64,0,,1
33100,2023,2,6,45-64,.4596577,,2
33100,2023,3,1,45-64,0,,4
33100,2023,3,2,45-64,.25199282,,15
33100,2023,3,3,45-64,0,,1
33100,2023,3,6,45-64,.31620309,,9
33100,2023,4,1,45-64,.25252858,,3
33100,2023,4,2,45-64,.27276891,,28
33100,2023,4,3,45-64,0,,2
33100,2023,4,6,45-64,.12183878,,15
33140,2013,2,6,18-29,0,1,1
33140,2013,2,6,30-44,0,1,1
33140,2013,3,6,30-44,0,1,2
33140,2013,4,6,30-44,0,.62896824,3
33140,2013,2,6,45-64,0,.48819411,4
33140,2013,3,6,45-64,0,0,2
33140,2013,4,6,45-64,0,1,1
33140,2015,3,6,30-44,0,1,1
33140,2015,3,6,45-64,1,0,1
33140,2015,4,6,45-64,0,1,1
33260,2013,2,2,18-29,0,0,1
33260,2013,2,3,18-29,0,1,1
33260,2013,3,6,18-29,0,1,1
33260,2013,3,6,30-44,0,.55199021,2
33260,2013,4,6,30-44,0,1,1
33260,2013,1,2,45-64,.55009252,.55009252,2
33260,2013,2,1,45-64,0,,1
33260,2013,3,6,45-64,0,0,2
33260,2013,4,6,45-64,1,1,1
33340,2013,1,6,18-29,0,,1
33340,2013,2,1,18-29,0,0,1
33340,2013,2,6,18-29,0,0,1
33340,2013,3,1,18-29,0,,1
33340,2013,3,2,18-29,0,1,2
33340,2013,3,6,18-29,0,.4858025,4
33340,2013,4,1,18-29,0,0,2
33340,2013,4,6,18-29,0,.44385314,2
33340,2013,1,1,30-44,0,0,1
33340,2013,1,2,30-44,0,0,2
33340,2013,1,3,30-44,0,0,1
33340,2013,1,6,30-44,0,0,2
33340,2013,2,1,30-44,0,.70663691,3
33340,2013,2,3,30-44,0,,1
33340,2013,2,6,30-44,0,.12272286,8
33340,2013,3,3,30-44,0,0,1
33340,2013,3,6,30-44,0,.40089259,16
33340,2013,4,1,30-44,0,0,2
33340,2013,4,2,30-44,0,.56669575,2
33340,2013,4,3,30-44,0,.528696,2
33340,2013,4,6,30-44,.047645386,.37138745,20
33340,2013,1,1,45-64,1,0,1
33340,2013,1,3,45-64,0,0,1
33340,2013,2,1,45-64,0,0,3
33340,2013,2,3,45-64,0,0,1
33340,2013,2,6,45-64,.1226658,.20003715,16
33340,2013,3,1,45-64,0,.28133175,4
33340,2013,3,2,45-64,0,1,1
33340,2013,3,6,45-64,.050866622,.20576245,20
33340,2013,4,1,45-64,.46267906,0,2
33340,2013,4,6,45-64,0,.20127879,26
33340,2015,2,1,18-29,0,,1
33340,2015,2,4,18-29,0,1,1
33340,2015,2,6,18-29,0,1,1
33340,2015,3,1,18-29,0,1,2
33340,2015,3,6,18-29,0,.50714743,2
33340,2015,4,6,18-29,0,.89428669,8
33340,2015,1,2,30-44,0,1,1
33340,2015,1,3,30-44,0,,1
33340,2015,2,1,30-44,0,0,2
33340,2015,2,2,30-44,0,0,1
33340,2015,2,6,30-44,.68517178,0,3
33340,2015,3,1,30-44,0,0,2
33340,2015,3,6,30-44,.34583318,.43479562,14
33340,2015,3,7,30-44,0,1,1
33340,2015,4,1,30-44,0,.55446965,2
33340,2015,4,6,30-44,.073737942,.64695191,18
33340,2015,1,2,45-64,0,0,1
33340,2015,1,6,45-64,0,0,1
33340,2015,2,1,45-64,0,0,1
33340,2015,2,6,45-64,.10397637,.45410329,9
33340,2015,3,1,45-64,0,0,4
33340,2015,3,6,45-64,.058437768,.36854124,12
33340,2015,3,7,45-64,0,0,1
33340,2015,4,2,45-64,0,1,1
33340,2015,4,6,45-64,.19067144,.42582807,20
33340,2015,4,7,45-64,0,0,1
33340,2017,2,1,18-29,0,,1
33340,2017,3,6,18-29,0,1,2
33340,2017,4,1,18-29,0,1,1
33340,2017,4,2,18-29,0,0,1
33340,2017,4,6,18-29,0,1,2
33340,2017,1,1,30-44,0,,1
33340,2017,1,2,30-44,0,0,1
33340,2017,2,2,30-44,0,,1
33340,2017,2,6,30-44,0,.32022256,3
33340,2017,3,1,30-44,0,.71735305,4
33340,2017,3,2,30-44,0,1,1
33340,2017,3,5,30-44,0,1,1
33340,2017,3,6,30-44,0,.59917068,2
33340,2017,4,2,30-44,0,0,2
33340,2017,4,3,30-44,0,1,2
33340,2017,4,6,30-44,0,.79467529,11
33340,2017,1,2,45-64,0,.46889409,2
33340,2017,2,1,45-64,0,,1
33340,2017,2,2,45-64,0,0,1
33340,2017,2,6,45-64,0,.44313622,9
33340,2017,3,1,45-64,0,.26912007,3
33340,2017,3,2,45-64,0,.43633029,2
33340,2017,3,6,45-64,.14760153,.65706062,21
33340,2017,4,1,45-64,0,0,1
33340,2017,4,3,45-64,0,1,1
33340,2017,4,6,45-64,.14830302,.49629703,9
33340,2019,3,1,18-29,0,,1
33340,2019,3,6,18-29,.28972098,,3
33340,2019,4,6,18-29,0,,4
33340,2019,2,1,30-44,0,,1
33340,2019,2,6,30-44,0,,3
33340,2019,3,2,30-44,0,,1
33340,2019,3,6,30-44,0,,5
33340,2019,4,2,30-44,.5103451,,2
33340,2019,4,3,30-44,0,,2
33340,2019,4,6,30-44,0,,16
33340,2019,1,6,45-64,0,,2
33340,2019,2,1,45-64,0,,1
33340,2019,2,6,45-64,.097501799,,8
33340,2019,3,1,45-64,0,,1
33340,2019,3,6,45-64,0,,8
33340,2019,4,1,45-64,0,,2
33340,2019,4,6,45-64,0,,11
33340,2021,2,6,18-29,0,,3
33340,2021,3,6,18-29,0,,5
33340,2021,4,1,18-29,0,,1
33340,2021,4,2,18-29,0,,1
33340,2021,4,6,18-29,0,,2
33340,2021,2,2,30-44,0,,1
33340,2021,2,6,30-44,0,,2
33340,2021,3,1,30-44,0,,1
33340,2021,3,2,30-44,0,,1
33340,2021,3,6,30-44,.19963138,,9
33340,2021,4,1,30-44,0,,1
33340,2021,4,2,30-44,0,,1
33340,2021,4,3,30-44,0,,2
33340,2021,4,6,30-44,0,,13
33340,2021,1,2,45-64,0,,1
33340,2021,1,6,45-64,0,,1
33340,2021,2,1,45-64,0,,1
33340,2021,2,6,45-64,.10436155,,9
33340,2021,3,6,45-64,.5106864,,8
33340,2021,4,1,45-64,0,,1
33340,2021,4,6,45-64,.18572336,,22
33340,2023,1,2,18-29,0,,1
33340,2023,2,2,18-29,0,,1
33340,2023,2,6,18-29,0,,2
33340,2023,3,6,18-29,0,,3
33340,2023,4,2,18-29,0,,1
33340,2023,4,3,18-29,0,,2
33340,2023,4,6,18-29,0,,9
33340,2023,2,2,30-44,0,,1
33340,2023,2,6,30-44,0,,2
33340,2023,3,1,30-44,0,,2
33340,2023,3,2,30-44,0,,3
33340,2023,3,6,30-44,0,,9
33340,2023,4,1,30-44,0,,2
33340,2023,4,2,30-44,0,,1
33340,2023,4,3,30-44,0,,1
33340,2023,4,6,30-44,.099636383,,13
33340,2023,1,2,45-64,0,,1
33340,2023,1,3,45-64,0,,1
33340,2023,2,2,45-64,0,,1
33340,2023,2,6,45-64,0,,5
33340,2023,3,1,45-64,0,,1
33340,2023,3,6,45-64,.32114342,,3
33340,2023,4,1,45-64,0,,1
33340,2023,4,3,45-64,0,,1
33340,2023,4,6,45-64,.071039051,,10
33460,2013,1,1,18-29,0,0,1
33460,2013,1,2,18-29,0,,1
33460,2013,1,3,18-29,0,,1
33460,2013,1,6,18-29,0,1,1
33460,2013,2,1,18-29,0,0,1
33460,2013,2,2,18-29,0,0,1
33460,2013,2,3,18-29,0,1,1
33460,2013,2,6,18-29,.16599399,.58614367,13
33460,2013,3,1,18-29,0,0,2
33460,2013,3,5,18-29,0,1,1
33460,2013,3,6,18-29,0,.59944242,12
33460,2013,4,2,18-29,0,0,1
33460,2013,4,3,18-29,0,.70226818,7
33460,2013,4,6,18-29,.039657876,.60238206,27
33460,2013,4,7,18-29,0,1,1
33460,2013,1,2,30-44,0,0,2
33460,2013,1,3,30-44,0,0,1
33460,2013,1,6,30-44,0,1,2
33460,2013,2,1,30-44,0,.45055676,6
33460,2013,2,2,30-44,0,,2
33460,2013,2,3,30-44,0,1,1
33460,2013,2,6,30-44,.40436625,.35302427,12
33460,2013,3,1,30-44,0,.42750478,3
33460,2013,3,2,30-44,0,0,2
33460,2013,3,3,30-44,0,.46148866,2
33460,2013,3,6,30-44,.13020581,.3817502,41
33460,2013,3,7,30-44,0,0,1
33460,2013,4,1,30-44,0,0,1
33460,2013,4,2,30-44,0,.64394128,3
33460,2013,4,3,30-44,0,.36863467,9
33460,2013,4,4,30-44,0,1,1
33460,2013,4,6,30-44,.023207899,.44634235,69
33460,2013,1,1,45-64,0,0,2
33460,2013,1,2,45-64,.29414424,0,3
33460,2013,1,4,45-64,0,0,1
33460,2013,1,6,45-64,0,.53599793,5
33460,2013,2,1,45-64,0,,2
33460,2013,2,3,45-64,0,0,2
33460,2013,2,6,45-64,.030586239,.2031081,34
33460,2013,2,7,45-64,0,0,1
33460,2013,3,1,45-64,0,.32772171,3
33460,2013,3,2,45-64,0,.24663912,3
33460,2013,3,3,45-64,0,0,1
33460,2013,3,6,45-64,.12467112,.1392311,73
33460,2013,4,1,45-64,0,.37929761,3
33460,2013,4,2,45-64,0,1,1
33460,2013,4,3,45-64,0,.37362996,3
33460,2013,4,6,45-64,.16068311,.361366,81
33460,2015,1,2,18-29,.45530376,0,2
33460,2015,1,6,18-29,0,,1
33460,2015,1,7,18-29,0,0,1
33460,2015,2,1,18-29,0,0,1
33460,2015,2,3,18-29,0,1,1
33460,2015,2,6,18-29,0,1,1
33460,2015,3,1,18-29,0,0,1
33460,2015,3,2,18-29,0,0,2
33460,2015,3,6,18-29,0,.63793153,8
33460,2015,3,7,18-29,0,1,1
33460,2015,4,1,18-29,0,.49147749,2
33460,2015,4,3,18-29,0,0,2
33460,2015,4,6,18-29,0,.4443858,15
33460,2015,4,7,18-29,0,1,1
33460,2015,1,2,30-44,0,.5122956,3
33460,2015,1,6,30-44,0,,1
33460,2015,2,1,30-44,0,1,1
33460,2015,2,2,30-44,0,1,2
33460,2015,2,6,30-44,.14818883,.33252716,12
33460,2015,3,1,30-44,0,1,1
33460,2015,3,2,30-44,0,.296574,2
33460,2015,3,6,30-44,.084094271,.52927464,26
33460,2015,3,7,30-44,0,1,1
33460,2015,4,1,30-44,0,.18662821,4
33460,2015,4,2,30-44,0,1,1
33460,2015,4,3,30-44,0,.55303115,6
33460,2015,4,4,30-44,0,1,1
33460,2015,4,6,30-44,.057586454,.51471317,33
33460,2015,2,2,45-64,.5039354,.4960646,2
33460,2015,2,6,45-64,.10203586,.45920953,19
33460,2015,3,1,45-64,0,.49197319,2
33460,2015,3,2,45-64,1,0,1
33460,2015,3,6,45-64,.20511368,.41520974,22
33460,2015,4,1,45-64,0,1,1
33460,2015,4,6,45-64,.11157447,.3708683,34
33460,2017,2,6,18-29,0,.52070457,8
33460,2017,3,1,18-29,0,0,1
33460,2017,3,6,18-29,0,.44218907,7
33460,2017,3,7,18-29,0,1,1
33460,2017,4,6,18-29,0,.79729104,15
33460,2017,1,1,30-44,0,1,1
33460,2017,1,6,30-44,1,1,1
33460,2017,2,1,30-44,.5884645,.17909688,4
33460,2017,2,2,30-44,0,1,1
33460,2017,2,6,30-44,0,.69374168,6
33460,2017,3,2,30-44,0,0,1
33460,2017,3,6,30-44,.090502426,.50890958,17
33460,2017,4,1,30-44,0,1,3
33460,2017,4,3,30-44,.22884044,1,4
33460,2017,4,6,30-44,.084495023,.64049029,41
33460,2017,4,7,30-44,0,.60601163,2
33460,2017,1,1,45-64,0,0,1
33460,2017,1,6,45-64,0,.58148789,2
33460,2017,2,6,45-64,.083102912,.55303663,13
33460,2017,2,7,45-64,0,0,1
33460,2017,3,6,45-64,.032235596,.38946825,31
33460,2017,3,7,45-64,0,0,1
33460,2017,4,1,45-64,0,0,1
33460,2017,4,6,45-64,.20715827,.48760134,48
33460,2019,2,1,18-29,0,,1
33460,2019,2,6,18-29,0,,2
33460,2019,3,1,18-29,0,,2
33460,2019,3,3,18-29,0,,1
33460,2019,3,6,18-29,0,,5
33460,2019,4,1,18-29,0,,2
33460,2019,4,2,18-29,0,,1
33460,2019,4,3,18-29,0,,2
33460,2019,4,6,18-29,0,,11
33460,2019,1,1,30-44,0,,1
33460,2019,1,3,30-44,0,,1
33460,2019,2,1,30-44,0,,1
33460,2019,2,2,30-44,0,,1
33460,2019,2,6,30-44,0,,7
33460,2019,3,1,30-44,0,,2
33460,2019,3,2,30-44,0,,1
33460,2019,3,3,30-44,0,,1
33460,2019,3,6,30-44,.13767225,,14
33460,2019,4,1,30-44,0,,1
33460,2019,4,2,30-44,0,,1
33460,2019,4,3,30-44,0,,1
33460,2019,4,6,30-44,.027864503,,36
33460,2019,4,7,30-44,0,,1
33460,2019,1,3,45-64,0,,1
33460,2019,2,1,45-64,0,,2
33460,2019,2,4,45-64,0,,1
33460,2019,2,6,45-64,.056556579,,14
33460,2019,3,1,45-64,0,,1
33460,2019,3,3,45-64,0,,1
33460,2019,3,4,45-64,0,,1
33460,2019,3,6,45-64,.20534372,,29
33460,2019,3,7,45-64,0,,1
33460,2019,4,1,45-64,0,,1
33460,2019,4,2,45-64,0,,2
33460,2019,4,3,45-64,0,,1
33460,2019,4,6,45-64,.099387914,,40
33460,2021,2,6,18-29,0,,2
33460,2021,3,6,18-29,0,,6
33460,2021,3,7,18-29,0,,2
33460,2021,4,1,18-29,0,,1
33460,2021,4,6,18-29,0,,10
33460,2021,1,1,30-44,0,,1
33460,2021,1,2,30-44,.5,,2
33460,2021,2,1,30-44,0,,1
33460,2021,2,2,30-44,0,,1
33460,2021,2,6,30-44,0,,1
33460,2021,3,1,30-44,0,,2
33460,2021,3,2,30-44,1,,1
33460,2021,3,4,30-44,1,,1
33460,2021,3,6,30-44,0,,15
33460,2021,3,7,30-44,0,,1
33460,2021,4,1,30-44,0,,1
33460,2021,4,2,30-44,0,,1
33460,2021,4,3,30-44,0,,2
33460,2021,4,6,30-44,.064053789,,48
33460,2021,2,2,45-64,0,,1
33460,2021,2,4,45-64,0,,1
33460,2021,2,6,45-64,.24153595,,8
33460,2021,3,1,45-64,0,,2
33460,2021,3,2,45-64,0,,1
33460,2021,3,6,45-64,.072958946,,15
33460,2021,4,3,45-64,0,,2
33460,2021,4,4,45-64,0,,1
33460,2021,4,6,45-64,.061498187,,40
33460,2023,2,1,18-29,0,,2
33460,2023,2,2,18-29,0,,1
33460,2023,2,3,18-29,0,,1
33460,2023,2,6,18-29,0,,2
33460,2023,2,7,18-29,0,,1
33460,2023,3,1,18-29,0,,2
33460,2023,3,3,18-29,0,,1
33460,2023,3,6,18-29,0,,4
33460,2023,4,1,18-29,0,,1
33460,2023,4,2,18-29,0,,1
33460,2023,4,3,18-29,0,,3
33460,2023,4,6,18-29,.11097524,,18
33460,2023,1,2,30-44,1,,1
33460,2023,2,2,30-44,0,,1
33460,2023,2,6,30-44,.25699604,,4
33460,2023,3,1,30-44,0,,5
33460,2023,3,2,30-44,0,,1
33460,2023,3,3,30-44,0,,2
33460,2023,3,6,30-44,.16146992,,18
33460,2023,3,7,30-44,0,,2
33460,2023,4,3,30-44,0,,5
33460,2023,4,6,30-44,.14268452,,41
33460,2023,4,7,30-44,0,,1
33460,2023,1,6,45-64,0,,1
33460,2023,2,6,45-64,.21151221,,5
33460,2023,3,1,45-64,0,,1
33460,2023,3,6,45-64,.074086204,,25
33460,2023,4,2,45-64,0,,1
33460,2023,4,3,45-64,0,,2
33460,2023,4,6,45-64,.096905343,,49
33460,2023,4,7,45-64,0,,1
33660,2013,2,6,18-29,0,1,1
33660,2013,3,6,18-29,0,1,1
33660,2013,4,6,18-29,0,1,1
33660,2013,3,1,30-44,0,,1
33660,2013,3,6,30-44,0,.33346468,4
33660,2013,4,6,30-44,0,1,2
33660,2013,1,1,45-64,0,0,1
33660,2013,2,6,45-64,0,0,1
33660,2013,4,1,45-64,0,0,1
33660,2013,4,6,45-64,0,0,3
33660,2015,1,1,18-29,0,1,1
33660,2015,2,6,18-29,0,0,1
33660,2015,3,1,18-29,.65259904,.65259904,2
33660,2015,1,1,30-44,0,1,1
33660,2015,3,6,30-44,0,.49640507,2
33660,2015,4,2,30-44,0,0,1
33660,2015,4,6,30-44,0,0,2
33660,2015,1,6,45-64,.35356668,0,3
33660,2015,3,1,45-64,0,,2
33660,2015,3,6,45-64,0,.2377032,4
33660,2015,4,6,45-64,0,0,1
33660,2017,2,1,18-29,0,1,1
33660,2017,3,1,18-29,0,0,1
33660,2017,4,6,18-29,0,1,1
33660,2017,2,6,30-44,0,0,1
33660,2017,3,1,30-44,0,0,1
33660,2017,3,6,30-44,0,1,1
33660,2017,2,1,45-64,0,0,2
33660,2017,2,6,45-64,0,0,2
33660,2017,3,1,45-64,0,0,4
33660,2017,3,6,45-64,0,,1
33660,2017,4,1,45-64,0,0,1
33660,2017,4,3,45-64,0,1,1
33660,2017,4,6,45-64,0,.65215969,3
33660,2019,3,1,18-29,0,,1
33660,2019,3,6,18-29,0,,1
33660,2019,4,6,18-29,0,,5
33660,2019,2,6,30-44,0,,2
33660,2019,3,1,30-44,0,,1
33660,2019,3,6,30-44,0,,2
33660,2019,4,1,30-44,0,,1
33660,2019,4,3,30-44,0,,1
33660,2019,4,6,30-44,0,,1
33660,2019,2,6,45-64,0,,2
33660,2019,3,1,45-64,0,,1
33660,2019,3,6,45-64,0,,1
33660,2019,4,1,45-64,0,,1
33660,2019,4,6,45-64,0,,2
33660,2021,2,6,18-29,0,,2
33660,2021,4,6,18-29,0,,1
33660,2021,1,2,30-44,0,,1
33660,2021,2,1,30-44,0,,1
33660,2021,2,6,30-44,0,,1
33660,2021,3,1,30-44,.28636634,,4
33660,2021,3,6,30-44,0,,1
33660,2021,4,1,30-44,0,,1
33660,2021,4,6,30-44,.32453936,,2
33660,2021,2,1,45-64,0,,2
33660,2021,2,6,45-64,0,,4
33660,2021,3,1,45-64,0,,1
33660,2021,3,6,45-64,0,,4
33660,2021,4,1,45-64,0,,1
33660,2021,4,6,45-64,0,,3
33660,2023,2,1,18-29,0,,1
33660,2023,2,6,18-29,0,,1
33660,2023,2,7,18-29,0,,1
33660,2023,3,1,18-29,0,,1
33660,2023,2,1,30-44,0,,1
33660,2023,2,6,30-44,0,,1
33660,2023,3,6,30-44,0,,2
33660,2023,4,1,30-44,0,,1
33660,2023,2,6,45-64,0,,1
33660,2023,3,1,45-64,0,,2
33660,2023,3,6,45-64,.2498298,,4
33660,2023,4,1,45-64,0,,2
33660,2023,4,6,45-64,0,,3
33700,2013,2,2,18-29,0,0,1
33700,2013,2,6,18-29,0,0,1
33700,2013,3,6,18-29,0,1,1
33700,2013,1,2,30-44,0,0,1
33700,2013,2,2,30-44,1,0,1
33700,2013,2,6,30-44,1,0,1
33700,2013,3,2,30-44,0,1,1
33700,2013,3,6,30-44,0,0,1
33700,2013,4,6,30-44,0,0,1
33700,2013,1,2,45-64,0,0,1
33700,2013,2,2,45-64,.52350479,.47649524,2
33700,2013,2,6,45-64,0,0,5
33700,2013,3,2,45-64,0,0,2
33700,2013,3,6,45-64,.48008355,0,2
33700,2013,4,6,45-64,0,.49678931,4
33700,2015,2,6,18-29,0,1,1
33700,2015,3,6,18-29,0,,1
33700,2015,4,2,18-29,0,1,1
33700,2015,4,6,18-29,0,1,2
33700,2015,1,2,30-44,0,0,1
33700,2015,2,3,30-44,0,0,1
33700,2015,2,6,30-44,0,,1
33700,2015,3,6,30-44,0,.6417011,3
33700,2015,3,7,30-44,0,1,1
33700,2015,4,2,30-44,0,1,1
33700,2015,4,6,30-44,0,.44256812,2
33700,2015,2,2,45-64,0,0,1
33700,2015,2,6,45-64,0,.63999206,3
33700,2015,3,6,45-64,0,.4634251,2
33700,2017,1,2,18-29,0,0,2
33700,2017,2,2,18-29,0,0,1
33700,2017,2,6,18-29,0,0,1
33700,2017,3,2,18-29,0,1,1
33700,2017,3,3,18-29,0,1,1
33700,2017,3,6,18-29,0,1,1
33700,2017,3,2,30-44,0,.7345252,4
33700,2017,3,6,30-44,0,1,1
33700,2017,4,6,30-44,0,1,2
33700,2017,1,2,45-64,0,1,1
33700,2017,2,6,45-64,.5353263,1,2
33700,2017,3,6,45-64,0,1,1
33700,2017,4,3,45-64,0,1,1
33700,2017,4,6,45-64,0,1,2
33700,2019,1,2,30-44,0,,1
33700,2019,3,2,30-44,0,,2
33700,2019,3,4,30-44,0,,1
33700,2019,3,6,30-44,1,,1
33700,2019,2,6,45-64,0,,1
33700,2019,3,6,45-64,.4303351,,2
33700,2019,4,2,45-64,0,,1
33700,2021,4,2,18-29,0,,1
33700,2021,3,2,30-44,1,,1
33700,2021,3,6,30-44,0,,2
33700,2021,1,2,45-64,0,,1
33700,2021,2,6,45-64,0,,1
33700,2021,3,2,45-64,0,,1
33700,2021,3,6,45-64,0,,1
33700,2021,3,7,45-64,0,,1
33700,2021,4,1,45-64,1,,1
33700,2021,4,2,45-64,0,,1
33700,2021,4,6,45-64,0,,1
33700,2023,3,6,18-29,0,,1
33700,2023,3,2,30-44,1,,1
33700,2023,3,6,30-44,0,,2
33700,2023,4,2,30-44,0,,3
33700,2023,4,6,30-44,0,,1
33700,2023,2,6,45-64,0,,1
33700,2023,3,6,45-64,0,,1
33700,2023,4,6,45-64,0,,1
33740,2013,3,1,18-29,0,1,2
33740,2013,3,6,18-29,0,1,1
33740,2013,1,1,30-44,0,0,1
33740,2013,1,6,30-44,0,0,1
33740,2013,3,1,30-44,0,1,1
33740,2013,3,6,30-44,0,.30708405,3
33740,2013,4,1,30-44,0,.43672734,2
33740,2013,4,6,30-44,0,0,1
33740,2013,1,6,45-64,0,0,1
33740,2013,2,6,45-64,.33625889,0,3
33740,2013,3,1,45-64,0,0,1
33740,2013,3,6,45-64,0,0,4
33740,2013,4,6,45-64,.18574923,0,5
33740,2015,1,6,18-29,0,0,1
33740,2015,2,1,18-29,0,0,2
33740,2015,2,6,18-29,0,0,1
33740,2015,3,1,18-29,0,1,1
33740,2015,3,6,18-29,0,,1
33740,2015,4,6,18-29,0,1,1
33740,2015,2,1,30-44,0,,1
33740,2015,2,6,30-44,0,1,1
33740,2015,3,1,30-44,0,,1
33740,2015,3,6,30-44,0,0,1
33740,2015,4,6,30-44,0,1,1
33740,2015,2,1,45-64,0,0,2
33740,2015,2,6,45-64,1,0,3
33740,2015,3,6,45-64,0,0,2
33740,2015,4,1,45-64,0,1,1
33740,2015,4,6,45-64,0,0,3
33740,2017,3,6,18-29,0,,1
33740,2017,4,1,18-29,0,1,2
33740,2017,4,6,18-29,0,1,1
33740,2017,2,1,30-44,0,1,1
33740,2017,4,1,30-44,0,1,1
33740,2017,4,6,30-44,0,0,1
33740,2017,2,1,45-64,0,,2
33740,2017,2,6,45-64,.44400659,0,2
33740,2017,3,1,45-64,0,0,1
33740,2017,3,6,45-64,1,0,1
33740,2017,4,1,45-64,0,1,1
33740,2017,4,6,45-64,0,.62544084,3
33740,2019,2,6,18-29,0,,2
33740,2019,4,1,18-29,0,,1
33740,2019,4,6,18-29,0,,2
33740,2019,2,1,30-44,1,,1
33740,2019,2,6,30-44,0,,2
33740,2019,3,1,30-44,0,,1
33740,2019,4,1,30-44,0,,2
33740,2019,4,6,30-44,0,,3
33740,2019,1,1,45-64,0,,1
33740,2019,1,6,45-64,1,,1
33740,2019,2,6,45-64,0,,1
33740,2019,3,6,45-64,0,,3
33740,2019,4,2,45-64,0,,1
33740,2019,4,6,45-64,.52067178,,2
33740,2021,3,6,18-29,.31016278,,3
33740,2021,1,6,30-44,0,,1
33740,2021,2,6,30-44,0,,3
33740,2021,4,6,30-44,0,,4
33740,2021,2,6,45-64,0,,2
33740,2021,3,1,45-64,1,,2
33740,2021,3,6,45-64,0,,2
33740,2021,4,6,45-64,0,,1
33740,2023,2,6,18-29,0,,2
33740,2023,3,1,18-29,1,,1
33740,2023,3,6,18-29,0,,3
33740,2023,4,2,18-29,0,,1
33740,2023,2,1,30-44,0,,2
33740,2023,4,6,30-44,0,,3
33740,2023,2,6,45-64,0,,2
33740,2023,4,6,45-64,0,,2
33780,2013,2,6,18-29,,0,0
33780,2013,3,6,18-29,0,0,2
33780,2013,4,6,18-29,0,1,1
33780,2013,2,6,30-44,0,0,2
33780,2013,3,6,30-44,0,1,1
33780,2013,4,6,30-44,0,.30673537,3
33780,2013,2,6,45-64,.50704879,0,2
33780,2013,3,6,45-64,0,0,5
33780,2015,3,6,18-29,1,1,1
33780,2015,2,6,30-44,1,1,1
33780,2015,4,6,30-44,0,1,2
33780,2015,3,6,45-64,0,0,3
33780,2015,4,6,45-64,0,.55832112,2
33780,2017,1,6,30-44,0,,1
33780,2017,4,6,30-44,0,1,2
33780,2017,2,6,45-64,0,1,1
33780,2017,3,6,45-64,0,1,1
33780,2019,2,6,18-29,0,,1
33780,2019,2,6,30-44,0,,2
33780,2019,4,6,30-44,0,,1
33780,2019,2,6,45-64,0,,1
33780,2019,3,6,45-64,0,,2
33780,2021,4,6,18-29,0,,1
33780,2021,2,6,30-44,0,,1
33780,2021,4,6,30-44,0,,1
33780,2021,2,6,45-64,0,,2
33780,2021,3,6,45-64,0,,1
33780,2021,4,6,45-64,0,,1
33780,2023,2,6,18-29,0,,1
33780,2023,3,6,18-29,0,,1
33780,2023,2,6,30-44,0,,2
33780,2023,3,2,30-44,0,,1
33780,2023,3,6,30-44,0,,2
33780,2023,4,6,30-44,0,,1
33780,2023,2,6,45-64,0,,1
33780,2023,3,6,45-64,0,,2
33780,2023,4,6,45-64,0,,1
33860,2013,1,6,18-29,0,0,1
33860,2013,3,6,18-29,0,0,1
33860,2013,4,1,18-29,0,0,1
33860,2013,1,1,30-44,1,0,1
33860,2013,2,6,30-44,0,0,1
33860,2013,3,6,30-44,0,0,1
33860,2013,4,1,30-44,0,1,1
33860,2013,4,6,30-44,0,1,2
33860,2013,1,6,45-64,0,0,1
33860,2013,2,1,45-64,.26888517,0,4
33860,2013,2,6,45-64,0,0,1
33860,2013,3,6,45-64,0,1,1
33860,2013,4,1,45-64,0,0,2
33860,2013,4,3,45-64,0,0,1
33860,2013,4,6,45-64,.19073175,.67122239,6
33860,2015,3,1,18-29,0,.66941434,2
33860,2015,4,1,18-29,0,1,1
33860,2015,4,6,18-29,0,.61490667,2
33860,2015,2,1,30-44,0,0,4
33860,2015,2,6,30-44,.40844807,1,2
33860,2015,3,1,30-44,0,.30795687,3
33860,2015,3,6,30-44,0,0,1
33860,2015,4,1,30-44,0,1,1
33860,2015,4,6,30-44,.2717073,.7282927,4
33860,2015,1,6,45-64,0,0,1
33860,2015,2,1,45-64,0,0,1
33860,2015,2,6,45-64,.24652867,.41952249,3
33860,2015,3,1,45-64,0,1,2
33860,2015,3,6,45-64,0,1,2
33860,2015,4,3,45-64,0,1,1
33860,2015,4,6,45-64,0,0,2
33860,2017,2,1,18-29,0,,1
33860,2017,2,6,18-29,0,1,2
33860,2017,3,6,18-29,0,0,1
33860,2017,4,1,18-29,0,1,2
33860,2017,2,1,30-44,1,0,1
33860,2017,3,6,30-44,0,1,1
33860,2017,4,1,30-44,0,1,2
33860,2017,4,6,30-44,0,1,1
33860,2017,1,2,45-64,0,0,1
33860,2017,2,6,45-64,0,0,1
33860,2017,3,1,45-64,0,.55217206,2
33860,2017,4,1,45-64,0,1,1
33860,2017,4,6,45-64,0,.31931925,3
33860,2019,2,1,18-29,0,,2
33860,2019,2,6,18-29,0,,1
33860,2019,4,6,18-29,0,,2
33860,2019,1,1,30-44,0,,1
33860,2019,1,6,30-44,0,,1
33860,2019,3,1,30-44,0,,1
33860,2019,3,6,30-44,1,,1
33860,2019,4,1,30-44,0,,3
33860,2019,4,6,30-44,0,,1
33860,2019,1,6,45-64,0,,1
33860,2019,2,6,45-64,0,,2
33860,2019,3,1,45-64,0,,1
33860,2019,3,6,45-64,0,,4
33860,2019,4,1,45-64,0,,4
33860,2019,4,6,45-64,0,,3
33860,2021,2,6,18-29,0,,1
33860,2021,1,1,30-44,0,,1
33860,2021,2,1,30-44,0,,1
33860,2021,2,6,30-44,0,,1
33860,2021,3,1,30-44,0,,1
33860,2021,4,3,30-44,0,,1
33860,2021,4,6,30-44,0,,1
33860,2021,4,7,30-44,0,,1
33860,2021,2,1,45-64,0,,1
33860,2021,3,1,45-64,0,,2
33860,2021,4,6,45-64,.37931997,,3
33860,2023,2,1,18-29,0,,1
33860,2023,3,2,18-29,0,,1
33860,2023,1,6,30-44,0,,1
33860,2023,3,1,30-44,0,,1
33860,2023,3,6,30-44,0,,1
33860,2023,4,6,30-44,0,,2
33860,2023,2,1,45-64,0,,1
33860,2023,3,6,45-64,0,,1
33860,2023,4,6,45-64,1,,2
34060,2015,1,6,18-29,0,,2
34060,2015,2,6,18-29,0,.4874438,2
34060,2015,3,6,18-29,0,0,2
34060,2015,4,6,18-29,0,1,1
34060,2015,2,6,30-44,0,1,1
34060,2015,4,1,30-44,0,0,1
34060,2015,4,2,30-44,0,1,1
34060,2015,4,3,30-44,0,1,1
34060,2015,4,6,30-44,.26645979,.73354024,3
34060,2015,2,6,45-64,0,.25120288,4
34060,2015,2,7,45-64,0,0,1
34060,2015,3,6,45-64,.29052123,.4189935,3
34060,2015,4,3,45-64,0,0,1
34060,2015,4,6,45-64,0,.73114926,7
34060,2017,2,6,18-29,0,0,1
34060,2017,3,6,18-29,0,0,1
34060,2017,4,6,18-29,0,0,2
34060,2017,2,6,30-44,0,,2
34060,2017,3,6,30-44,0,1,2
34060,2017,4,6,30-44,0,,1
34060,2017,3,6,45-64,.36347881,0,5
34060,2017,4,6,45-64,0,.16064826,6
34060,2019,3,6,18-29,0,,2
34060,2019,4,3,18-29,0,,1
34060,2019,4,6,18-29,0,,7
34060,2019,1,6,30-44,0,,2
34060,2019,2,6,30-44,.38988301,,3
34060,2019,3,1,30-44,0,,1
34060,2019,3,6,30-44,0,,3
34060,2019,4,2,30-44,0,,1
34060,2019,4,6,30-44,0,,7
34060,2019,2,3,45-64,0,,1
34060,2019,2,6,45-64,0,,6
34060,2019,3,6,45-64,0,,1
34060,2019,4,6,45-64,0,,2
34060,2021,1,6,18-29,0,,1
34060,2021,2,6,18-29,0,,1
34060,2021,4,6,18-29,0,,2
34060,2021,4,3,30-44,0,,1
34060,2021,4,6,30-44,0,,3
34060,2021,1,6,45-64,0,,1
34060,2021,2,6,45-64,0,,3
34060,2021,3,6,45-64,0,,3
34060,2021,4,6,45-64,.1405728,,6
34060,2023,2,6,18-29,1,,1
34060,2023,4,6,18-29,0,,3
34060,2023,4,3,30-44,0,,1
34060,2023,4,6,30-44,0,,6
34060,2023,2,1,45-64,0,,1
34060,2023,2,6,45-64,0,,1
34060,2023,3,6,45-64,0,,4
34060,2023,4,6,45-64,0,,5
34580,2015,2,6,18-29,0,1,3
34580,2015,3,6,18-29,0,1,1
34580,2015,1,2,30-44,0,0,1
34580,2015,1,6,30-44,1,1,1
34580,2015,4,6,30-44,.32723466,.66530675,3
34580,2015,2,2,45-64,0,0,1
34580,2015,3,6,45-64,1,1,1
34580,2015,4,2,45-64,0,0,1
34580,2015,4,6,45-64,.65512055,.30595973,3
34580,2017,3,1,18-29,0,1,1
34580,2017,4,6,18-29,0,.51853222,2
34580,2017,2,5,30-44,0,0,1
34580,2017,2,6,30-44,.4100067,.70812452,3
34580,2017,3,2,30-44,0,,1
34580,2017,4,6,30-44,0,.50345212,2
34580,2017,1,6,45-64,0,1,1
34580,2017,2,6,45-64,0,.34778112,3
34580,2017,3,6,45-64,0,.75979,4
34580,2017,4,6,45-64,0,1,1
34580,2019,2,2,18-29,0,,1
34580,2019,1,2,30-44,0,,1
34580,2019,2,6,30-44,0,,1
34580,2019,3,6,30-44,0,,2
34580,2019,4,6,30-44,0,,2
34580,2019,1,2,45-64,0,,1
34580,2019,2,6,45-64,0,,2
34580,2019,3,6,45-64,1,,1
34580,2019,4,2,45-64,0,,1
34580,2019,4,6,45-64,0,,3
34580,2021,3,2,18-29,0,,1
34580,2021,2,6,30-44,0,,2
34580,2021,3,6,30-44,1,,1
34580,2021,4,6,30-44,0,,3
34580,2021,2,6,45-64,0,,2
34580,2021,3,6,45-64,0,,3
34580,2021,4,1,45-64,0,,1
34580,2021,4,6,45-64,.19787589,,4
34580,2023,2,6,18-29,0,,1
34580,2023,2,2,30-44,0,,1
34580,2023,3,6,30-44,1,,1
34580,2023,4,6,30-44,0,,1
34580,2023,1,6,45-64,0,,1
34580,2023,3,6,45-64,0,,2
34580,2023,4,6,45-64,0,,2
34740,2013,2,6,18-29,0,0,1
34740,2013,3,6,18-29,0,1,1
34740,2013,2,4,30-44,0,,1
34740,2013,2,6,30-44,0,.53647602,2
34740,2013,3,6,30-44,0,0,1
34740,2013,3,7,30-44,0,0,1
34740,2013,4,6,30-44,0,1,1
34740,2013,3,6,45-64,0,.24760087,4
34740,2013,4,6,45-64,0,0,1
34740,2015,2,6,30-44,0,1,1
34740,2015,3,6,30-44,0,.45546144,2
34740,2015,4,6,30-44,0,1,1
34740,2015,2,6,45-64,0,0,1
34740,2015,3,6,45-64,0,0,3
34740,2015,4,6,45-64,0,1,1
34740,2017,3,1,18-29,0,1,1
34740,2017,3,6,30-44,0,1,1
34740,2017,1,6,45-64,0,0,1
34740,2017,2,1,45-64,0,0,1
34740,2017,2,6,45-64,0,0,1
34740,2017,3,6,45-64,0,1,1
34740,2019,3,6,18-29,0,,1
34740,2019,2,1,30-44,0,,1
34740,2019,2,6,45-64,0,,1
34740,2019,3,6,45-64,0,,1
34740,2019,4,6,45-64,0,,1
34740,2021,2,2,18-29,0,,1
34740,2021,2,6,18-29,0,,1
34740,2021,2,6,30-44,0,,1
34740,2021,3,6,30-44,0,,2
34740,2021,2,6,45-64,0,,3
34740,2021,3,1,45-64,0,,1
34740,2021,3,6,45-64,0,,4
34740,2023,3,6,18-29,0,,1
34740,2023,4,6,30-44,0,,5
34740,2023,2,6,45-64,0,,1
34740,2023,3,6,45-64,0,,3
34740,2023,4,6,45-64,0,,1
34820,2013,1,6,18-29,0,,1
34820,2013,2,2,18-29,0,,1
34820,2013,2,6,30-44,0,.26225767,4
34820,2013,4,6,30-44,0,.64688897,3
34820,2013,2,6,45-64,.23573816,.52126461,4
34820,2013,3,6,45-64,0,.25505701,4
34820,2013,4,6,45-64,0,0,3
34820,2015,3,2,18-29,0,1,1
34820,2015,1,1,30-44,0,0,1
34820,2015,2,1,30-44,0,1,1
34820,2015,2,2,30-44,0,0,1
34820,2015,2,6,30-44,0,1,1
34820,2015,3,1,30-44,0,0,1
34820,2015,4,6,30-44,0,1,2
34820,2015,2,6,45-64,0,.75395447,3
34820,2015,3,1,45-64,0,1,1
34820,2015,3,6,45-64,0,0,2
34820,2015,4,6,45-64,0,1,2
34820,2017,2,6,18-29,0,1,1
34820,2017,3,6,18-29,0,1,2
34820,2017,4,2,18-29,0,1,1
34820,2017,1,6,30-44,0,0,1
34820,2017,3,2,30-44,0,1,1
34820,2017,3,6,30-44,.30340874,0,3
34820,2017,4,1,30-44,0,1,1
34820,2017,4,6,30-44,.51951802,1,2
34820,2017,2,6,45-64,.50514501,0,2
34820,2017,3,1,45-64,1,0,1
34820,2017,3,6,45-64,0,.32774997,3
34820,2017,4,6,45-64,0,.68507707,4
34820,2017,4,7,45-64,0,1,1
34820,2019,2,1,18-29,0,,1
34820,2019,2,6,18-29,0,,1
34820,2019,3,1,18-29,0,,1
34820,2019,3,6,18-29,0,,1
34820,2019,4,6,18-29,0,,1
34820,2019,3,1,30-44,0,,2
34820,2019,3,6,30-44,0,,5
34820,2019,4,1,30-44,0,,1
34820,2019,4,2,30-44,0,,1
34820,2019,4,6,30-44,0,,4
34820,2019,1,1,45-64,1,,1
34820,2019,1,6,45-64,0,,1
34820,2019,2,6,45-64,0,,4
34820,2019,3,1,45-64,0,,1
34820,2019,3,6,45-64,.51160169,,4
34820,2019,4,6,45-64,0,,1
34820,2021,2,6,18-29,0,,1
34820,2021,4,6,18-29,0,,1
34820,2021,2,2,30-44,0,,1
34820,2021,2,6,30-44,0,,1
34820,2021,3,6,30-44,0,,2
34820,2021,2,6,45-64,.50302428,,4
34820,2021,3,2,45-64,1,,1
34820,2021,3,6,45-64,0,,2
34820,2021,4,6,45-64,.58592016,,2
34820,2023,2,6,18-29,0,,3
34820,2023,4,6,18-29,0,,1
34820,2023,2,1,30-44,0,,1
34820,2023,2,2,30-44,0,,1
34820,2023,2,6,30-44,0,,1
34820,2023,3,1,30-44,0,,1
34820,2023,3,6,30-44,0,,7
34820,2023,4,6,30-44,0,,1
34820,2023,2,6,45-64,0,,2
34820,2023,3,6,45-64,0,,3
34820,2023,4,6,45-64,.30610681,,3
34900,2013,4,6,18-29,0,0,1
34900,2013,2,2,30-44,0,1,1
34900,2013,3,6,30-44,0,1,3
34900,2013,2,2,45-64,1,,1
34900,2013,3,6,45-64,1,0,1
34900,2013,4,6,45-64,0,.48847914,2
34940,2013,3,2,18-29,0,0,1
34940,2013,4,6,18-29,0,1,1
34940,2013,1,2,30-44,0,0,1
34940,2013,2,6,30-44,1,0,1
34940,2013,3,2,30-44,0,0,1
34940,2013,3,6,30-44,0,.45203388,2
34940,2013,4,6,30-44,0,0,1
34940,2013,1,6,45-64,0,0,1
34940,2013,2,6,45-64,0,.3509874,3
34940,2013,3,6,45-64,.20912535,.20001316,5
34940,2013,4,2,45-64,1,0,2
34940,2013,4,6,45-64,.59684849,.23060168,5
34940,2015,3,6,18-29,0,.46520045,2
34940,2015,3,6,30-44,0,0,2
34940,2015,4,6,30-44,1,0,1
34940,2015,1,6,45-64,0,0,1
34940,2015,3,6,45-64,.53455275,.46544722,2
34940,2015,4,6,45-64,0,.66083241,3
34940,2017,1,2,18-29,0,1,1
34940,2017,2,6,30-44,0,0,1
34940,2017,3,1,30-44,0,0,1
34940,2017,3,6,30-44,0,1,1
34940,2017,4,2,30-44,0,1,1
34940,2017,2,6,45-64,0,.63951677,3
34940,2017,3,6,45-64,1,1,1
34940,2017,4,2,45-64,.48892975,1,2
34940,2017,4,6,45-64,0,0,1
34940,2019,4,2,18-29,0,,1
34940,2019,4,3,30-44,0,,1
34940,2019,1,6,45-64,0,,2
34940,2019,3,6,45-64,0,,2
34940,2019,4,2,45-64,0,,1
34940,2019,4,6,45-64,0,,1
34940,2021,3,2,30-44,0,,1
34940,2021,4,6,30-44,0,,2
34940,2021,2,2,45-64,0,,1
34940,2021,2,6,45-64,1,,1
34940,2021,3,2,45-64,0,,1
34940,2021,4,6,45-64,.48618791,,2
34940,2023,2,2,30-44,0,,1
34940,2023,4,6,30-44,.43888226,,2
34940,2023,2,6,45-64,0,,1
34940,2023,4,6,45-64,0,,2
34980,2013,1,2,18-29,1,0,1
34980,2013,1,6,18-29,0,0,1
34980,2013,2,6,18-29,0,.12524231,7
34980,2013,3,2,18-29,0,1,1
34980,2013,3,6,18-29,0,1,2
34980,2013,4,5,18-29,0,0,1
34980,2013,4,6,18-29,0,.090947472,9
34980,2013,1,1,30-44,0,,2
34980,2013,1,6,30-44,0,0,1
34980,2013,2,2,30-44,0,0,2
34980,2013,2,6,30-44,0,0,1
34980,2013,3,1,30-44,0,0,2
34980,2013,3,2,30-44,0,,1
34980,2013,3,3,30-44,0,0,1
34980,2013,3,6,30-44,.088331521,0,8
34980,2013,4,1,30-44,0,.55218512,2
34980,2013,4,6,30-44,.063835077,.25557297,16
34980,2013,2,1,45-64,0,0,3
34980,2013,2,6,45-64,.38683808,.22693659,5
34980,2013,3,1,45-64,0,0,1
34980,2013,3,2,45-64,1,,1
34980,2013,3,6,45-64,.24835868,.11847602,9
34980,2013,4,1,45-64,0,0,2
34980,2013,4,3,45-64,0,0,1
34980,2013,4,6,45-64,.18608366,.21784173,10
34980,2015,1,6,18-29,.30157763,0,3
34980,2015,2,1,18-29,0,1,4
34980,2015,2,3,18-29,0,0,1
34980,2015,2,6,18-29,0,,1
34980,2015,3,1,18-29,0,.16790611,5
34980,2015,3,5,18-29,0,1,1
34980,2015,3,6,18-29,0,.61054927,5
34980,2015,4,1,18-29,0,1,1
34980,2015,4,2,18-29,0,0,1
34980,2015,4,6,18-29,0,.59822482,5
34980,2015,1,2,30-44,0,,1
34980,2015,1,6,30-44,0,0,2
34980,2015,2,6,30-44,.16919132,.44510463,5
34980,2015,3,1,30-44,0,0,2
34980,2015,3,2,30-44,1,1,1
34980,2015,3,5,30-44,0,0,1
34980,2015,3,6,30-44,.14367032,.61999118,8
34980,2015,4,6,30-44,.16964357,.50030267,14
34980,2015,1,6,45-64,.32615894,0,3
34980,2015,2,1,45-64,1,,1
34980,2015,2,3,45-64,1,1,1
34980,2015,2,6,45-64,0,.39216232,3
34980,2015,3,1,45-64,0,1,1
34980,2015,3,4,45-64,0,0,1
34980,2015,3,6,45-64,.27428415,.26523879,7
34980,2015,4,1,45-64,0,0,1
34980,2015,4,6,45-64,0,.16953924,19
34980,2015,4,7,45-64,0,1,1
34980,2017,1,6,18-29,0,0,1
34980,2017,2,1,18-29,.48189151,,2
34980,2017,2,6,18-29,0,.7359094,7
34980,2017,3,6,18-29,0,.64070076,3
34980,2017,4,1,18-29,0,1,3
34980,2017,4,6,18-29,.23513222,.59045506,9
34980,2017,2,1,30-44,0,0,1
34980,2017,2,6,30-44,.20368439,.50847691,5
34980,2017,3,1,30-44,0,.35050136,3
34980,2017,3,6,30-44,0,.48169866,8
34980,2017,4,1,30-44,0,1,1
34980,2017,4,2,30-44,0,0,1
34980,2017,4,3,30-44,0,1,3
34980,2017,4,6,30-44,.040164463,.45897985,22
34980,2017,1,6,45-64,0,,1
34980,2017,2,1,45-64,0,0,2
34980,2017,2,6,45-64,.18013467,.50692028,11
34980,2017,3,1,45-64,0,.3864255,3
34980,2017,3,6,45-64,.38466248,.1715322,7
34980,2017,4,1,45-64,0,1,1
34980,2017,4,2,45-64,1,0,1
34980,2017,4,6,45-64,.17086178,.41160482,24
34980,2019,1,1,18-29,0,,1
34980,2019,2,2,18-29,0,,1
34980,2019,2,6,18-29,0,,3
34980,2019,3,6,18-29,0,,2
34980,2019,3,7,18-29,0,,1
34980,2019,4,1,18-29,0,,2
34980,2019,4,2,18-29,0,,1
34980,2019,4,6,18-29,0,,3
34980,2019,2,2,30-44,0,,1
34980,2019,2,6,30-44,.19362962,,5
34980,2019,3,1,30-44,0,,1
34980,2019,3,2,30-44,0,,2
34980,2019,3,6,30-44,0,,7
34980,2019,4,1,30-44,0,,1
34980,2019,4,6,30-44,.094179556,,20
34980,2019,4,7,30-44,1,,1
34980,2019,1,2,45-64,0,,1
34980,2019,1,6,45-64,0,,1
34980,2019,2,1,45-64,0,,4
34980,2019,2,6,45-64,.11716285,,9
34980,2019,3,1,45-64,0,,3
34980,2019,3,2,45-64,0,,1
34980,2019,3,5,45-64,0,,1
34980,2019,3,6,45-64,.14711212,,11
34980,2019,3,7,45-64,0,,1
34980,2019,4,3,45-64,0,,1
34980,2019,4,6,45-64,.1971947,,15
34980,2021,2,2,18-29,0,,2
34980,2021,2,6,18-29,.54836959,,4
34980,2021,3,6,18-29,0,,1
34980,2021,3,7,18-29,0,,1
34980,2021,4,1,18-29,0,,1
34980,2021,4,6,18-29,.10428012,,11
34980,2021,1,2,30-44,.47316083,,2
34980,2021,1,6,30-44,0,,1
34980,2021,2,1,30-44,0,,1
34980,2021,2,2,30-44,0,,3
34980,2021,3,1,30-44,0,,2
34980,2021,3,2,30-44,0,,1
34980,2021,3,6,30-44,.19421877,,11
34980,2021,4,1,30-44,0,,1
34980,2021,4,2,30-44,0,,1
34980,2021,4,3,30-44,0,,1
34980,2021,4,6,30-44,.07675375,,13
34980,2021,1,6,45-64,1,,1
34980,2021,2,2,45-64,0,,1
34980,2021,2,6,45-64,.10401806,,8
34980,2021,3,1,45-64,0,,3
34980,2021,3,6,45-64,0,,7
34980,2021,4,1,45-64,0,,2
34980,2021,4,2,45-64,0,,3
34980,2021,4,3,45-64,0,,1
34980,2021,4,6,45-64,.0991873,,23
34980,2021,4,7,45-64,0,,1
34980,2023,2,1,18-29,0,,1
34980,2023,2,2,18-29,0,,1
34980,2023,3,1,18-29,0,,1
34980,2023,3,6,18-29,.25181744,,6
34980,2023,4,1,18-29,0,,1
34980,2023,4,6,18-29,0,,4
34980,2023,1,6,30-44,0,,1
34980,2023,2,1,30-44,0,,1
34980,2023,2,2,30-44,0,,1
34980,2023,2,6,30-44,0,,3
34980,2023,3,1,30-44,0,,1
34980,2023,3,2,30-44,0,,1
34980,2023,3,6,30-44,.10683551,,11
34980,2023,4,1,30-44,1,,1
34980,2023,4,2,30-44,0,,3
34980,2023,4,3,30-44,0,,2
34980,2023,4,6,30-44,.28122258,,19
34980,2023,1,1,45-64,0,,1
34980,2023,1,2,45-64,0,,1
34980,2023,2,1,45-64,0,,1
34980,2023,2,6,45-64,.26105994,,7
34980,2023,3,6,45-64,.11175431,,7
34980,2023,4,2,45-64,0,,1
34980,2023,4,6,45-64,.10104521,,19
35300,2013,2,6,18-29,0,0,1
35300,2013,3,1,18-29,0,0,1
35300,2013,3,2,18-29,0,1,1
35300,2013,3,6,18-29,0,1,1
35300,2013,4,3,18-29,0,1,1
35300,2013,4,6,18-29,0,.66051209,6
35300,2013,1,2,30-44,0,,1
35300,2013,2,1,30-44,0,,1
35300,2013,2,2,30-44,0,,1
35300,2013,2,3,30-44,0,0,1
35300,2013,2,6,30-44,.29893902,.33205494,3
35300,2013,3,1,30-44,.32917362,.26556018,3
35300,2013,3,2,30-44,0,0,1
35300,2013,3,3,30-44,0,0,1
35300,2013,3,6,30-44,.50947315,.51064157,4
35300,2013,4,1,30-44,0,1,1
35300,2013,4,2,30-44,0,0,2
35300,2013,4,3,30-44,.31528395,0,3
35300,2013,4,6,30-44,.05342795,.39039192,18
35300,2013,4,7,30-44,1,1,1
35300,2013,1,2,45-64,0,0,2
35300,2013,2,1,45-64,0,0,1
35300,2013,2,2,45-64,0,,1
35300,2013,2,6,45-64,.1505603,.17179337,6
35300,2013,3,2,45-64,0,0,1
35300,2013,3,3,45-64,0,0,1
35300,2013,3,6,45-64,.19110876,.25923085,15
35300,2013,4,1,45-64,0,.31616962,3
35300,2013,4,6,45-64,.08589197,.30449998,23
35300,2015,1,2,18-29,0,,1
35300,2015,2,1,18-29,0,1,1
35300,2015,3,1,18-29,0,0,1
35300,2015,3,2,18-29,0,0,1
35300,2015,3,6,18-29,0,1,1
35300,2015,4,6,18-29,0,1,2
35300,2015,2,6,30-44,.64071816,.72343737,3
35300,2015,3,2,30-44,0,0,1
35300,2015,3,6,30-44,0,1,2
35300,2015,4,1,30-44,0,1,1
35300,2015,4,3,30-44,0,.75251567,2
35300,2015,4,6,30-44,.19812231,.49644494,6
35300,2015,2,1,45-64,0,.4818961,2
35300,2015,2,2,45-64,1,0,1
35300,2015,2,3,45-64,0,0,1
35300,2015,2,6,45-64,0,0,4
35300,2015,3,6,45-64,.087145738,.41629758,9
35300,2015,4,1,45-64,1,1,1
35300,2015,4,6,45-64,.048990037,.31050965,15
35300,2017,2,1,18-29,0,1,1
35300,2017,3,6,18-29,0,1,1
35300,2017,4,6,18-29,0,.81163347,5
35300,2017,1,2,30-44,1,0,1
35300,2017,1,6,30-44,0,0,1
35300,2017,2,1,30-44,0,0,2
35300,2017,2,2,30-44,0,0,1
35300,2017,2,6,30-44,0,1,2
35300,2017,3,2,30-44,0,.45065179,2
35300,2017,3,6,30-44,0,,1
35300,2017,4,1,30-44,1,1,1
35300,2017,4,3,30-44,0,.71205789,3
35300,2017,4,6,30-44,.12523994,.36378986,7
35300,2017,2,1,45-64,.52235669,0,2
35300,2017,2,2,45-64,0,0,1
35300,2017,2,6,45-64,0,.19867367,5
35300,2017,3,6,45-64,.15849754,.18445624,6
35300,2017,4,3,45-64,0,1,1
35300,2017,4,6,45-64,0,.27905881,7
35300,2019,2,3,18-29,0,,1
35300,2019,3,2,18-29,0,,1
35300,2019,3,6,18-29,0,,1
35300,2019,4,6,18-29,0,,4
35300,2019,2,2,30-44,0,,1
35300,2019,2,6,30-44,0,,2
35300,2019,3,2,30-44,0,,1
35300,2019,3,6,30-44,0,,1
35300,2019,4,3,30-44,0,,2
35300,2019,4,6,30-44,.094376683,,10
35300,2019,2,6,45-64,0,,5
35300,2019,3,1,45-64,0,,2
35300,2019,3,6,45-64,0,,5
35300,2019,4,6,45-64,.33715662,,7
35300,2021,1,2,30-44,0,,1
35300,2021,2,6,30-44,0,,1
35300,2021,3,2,30-44,0,,3
35300,2021,3,6,30-44,0,,1
35300,2021,4,1,30-44,0,,1
35300,2021,4,3,30-44,0,,1
35300,2021,4,6,30-44,0,,4
35300,2021,2,6,45-64,.4307802,,5
35300,2021,3,6,45-64,0,,3
35300,2021,4,3,45-64,0,,1
35300,2021,4,6,45-64,.15439683,,13
35300,2023,2,1,18-29,0,,1
35300,2023,2,6,18-29,0,,1
35300,2023,4,6,18-29,0,,1
35300,2023,2,1,30-44,0,,1
35300,2023,2,2,30-44,0,,2
35300,2023,2,6,30-44,0,,1
35300,2023,3,1,30-44,0,,1
35300,2023,3,2,30-44,0,,1
35300,2023,4,6,30-44,0,,2
35300,2023,1,1,45-64,0,,1
35300,2023,2,1,45-64,0,,1
35300,2023,2,6,45-64,0,,1
35300,2023,3,2,45-64,0,,1
35300,2023,3,6,45-64,0,,3
35300,2023,4,1,45-64,0,,1
35300,2023,4,2,45-64,0,,1
35300,2023,4,6,45-64,0,,7
35380,2013,2,1,18-29,0,,1
35380,2013,2,2,18-29,0,0,1
35380,2013,2,6,18-29,0,.47987115,4
35380,2013,3,1,18-29,0,,2
35380,2013,3,6,18-29,0,1,1
35380,2013,4,1,18-29,0,.5,2
35380,2013,4,6,18-29,0,.62244177,3
35380,2013,1,1,30-44,0,0,2
35380,2013,2,1,30-44,0,,1
35380,2013,2,2,30-44,0,0,1
35380,2013,2,6,30-44,0,.53927559,3
35380,2013,3,2,30-44,0,.27202517,3
35380,2013,3,6,30-44,0,.38863155,5
35380,2013,4,1,30-44,0,0,3
35380,2013,4,6,30-44,0,0,5
35380,2013,1,6,45-64,0,0,1
35380,2013,2,1,45-64,0,.28656811,3
35380,2013,2,2,45-64,0,0,1
35380,2013,2,6,45-64,0,0,5
35380,2013,3,1,45-64,0,.45073533,2
35380,2013,3,2,45-64,1,0,1
35380,2013,3,6,45-64,.10585353,.31907591,8
35380,2013,4,1,45-64,.47802836,,2
35380,2013,4,2,45-64,0,0,1
35380,2013,4,6,45-64,.31219557,.21520783,10
35380,2015,1,2,18-29,0,,1
35380,2015,1,6,18-29,0,.28368551,3
35380,2015,2,1,18-29,0,,2
35380,2015,2,2,18-29,0,0,1
35380,2015,2,6,18-29,0,.69220746,3
35380,2015,3,1,18-29,0,,2
35380,2015,3,6,18-29,0,0,2
35380,2015,4,1,18-29,0,.52863675,2
35380,2015,4,3,18-29,0,0,1
35380,2015,4,6,18-29,.40062174,.80291796,5
35380,2015,1,1,30-44,0,,1
35380,2015,1,2,30-44,0,,1
35380,2015,1,6,30-44,0,0,1
35380,2015,1,7,30-44,0,,1
35380,2015,2,1,30-44,0,0,1
35380,2015,2,2,30-44,1,,1
35380,2015,2,6,30-44,0,.53886467,4
35380,2015,3,1,30-44,0,.5769406,5
35380,2015,3,2,30-44,0,1,5
35380,2015,3,6,30-44,.35568935,.13584945,7
35380,2015,4,1,30-44,0,0,2
35380,2015,4,3,30-44,0,1,1
35380,2015,4,6,30-44,.12513813,1,8
35380,2015,4,7,30-44,0,1,1
35380,2015,1,1,45-64,0,0,1
35380,2015,1,2,45-64,0,,1
35380,2015,1,6,45-64,.51187557,0,2
35380,2015,2,1,45-64,0,0,4
35380,2015,2,2,45-64,.56341571,0,2
35380,2015,2,6,45-64,.18297474,.33333251,14
35380,2015,3,1,45-64,0,.39669827,5
35380,2015,3,2,45-64,0,0,1
35380,2015,3,6,45-64,.055978384,.081727989,10
35380,2015,4,1,45-64,0,0,3
35380,2015,4,6,45-64,.49764529,.56082809,12
35380,2015,4,7,45-64,1,1,1
35380,2017,1,6,18-29,0,,1
35380,2017,2,2,18-29,0,0,1
35380,2017,2,6,18-29,0,.42382732,2
35380,2017,3,1,18-29,.40811154,.40811154,2
35380,2017,3,6,18-29,0,1,2
35380,2017,4,1,18-29,0,.47857982,2
35380,2017,4,6,18-29,.14252365,.8909626,8
35380,2017,1,1,30-44,0,,2
35380,2017,1,2,30-44,1,,1
35380,2017,1,3,30-44,0,0,1
35380,2017,1,6,30-44,0,,1
35380,2017,2,1,30-44,0,.68391442,5
35380,2017,2,2,30-44,.73339307,0,3
35380,2017,2,6,30-44,.41525954,.8398537,5
35380,2017,3,1,30-44,.27112055,.19609511,5
35380,2017,3,6,30-44,.10635467,.59521276,10
35380,2017,4,1,30-44,0,.55450302,5
35380,2017,4,3,30-44,0,.52244514,2
35380,2017,4,6,30-44,.08656469,.82207149,12
35380,2017,1,1,45-64,.63678473,1,2
35380,2017,2,1,45-64,0,0,1
35380,2017,2,2,45-64,0,0,1
35380,2017,2,6,45-64,.11022093,.53722531,7
35380,2017,3,1,45-64,.15059921,.36450067,7
35380,2017,3,2,45-64,1,0,1
35380,2017,3,6,45-64,0,.73844993,7
35380,2017,4,1,45-64,0,1,1
35380,2017,4,6,45-64,.31034684,.48855427,14
35380,2019,2,1,18-29,0,,3
35380,2019,2,4,18-29,0,,1
35380,2019,3,1,18-29,0,,1
35380,2019,4,1,18-29,0,,4
35380,2019,4,3,18-29,0,,1
35380,2019,4,6,18-29,0,,4
35380,2019,1,1,30-44,0,,1
35380,2019,1,2,30-44,1,,1
35380,2019,1,6,30-44,0,,2
35380,2019,2,1,30-44,0,,5
35380,2019,2,2,30-44,0,,2
35380,2019,2,6,30-44,.35810471,,6
35380,2019,3,1,30-44,.24385186,,3
35380,2019,3,2,30-44,0,,3
35380,2019,3,6,30-44,0,,10
35380,2019,4,1,30-44,0,,5
35380,2019,4,2,30-44,.23853301,,3
35380,2019,4,6,30-44,.18844436,,15
35380,2019,4,7,30-44,0,,1
35380,2019,1,1,45-64,0,,2
35380,2019,1,2,45-64,0,,1
35380,2019,1,6,45-64,0,,1
35380,2019,2,1,45-64,.18281433,,6
35380,2019,2,6,45-64,.135777,,7
35380,2019,3,1,45-64,0,,5
35380,2019,3,2,45-64,0,,1
35380,2019,3,6,45-64,.097578965,,11
35380,2019,4,1,45-64,0,,2
35380,2019,4,2,45-64,0,,1
35380,2019,4,3,45-64,1,,1
35380,2019,4,6,45-64,.25686839,,15
35380,2019,4,7,45-64,0,,1
35380,2021,2,1,18-29,0,,3
35380,2021,2,6,18-29,0,,2
35380,2021,3,6,18-29,0,,2
35380,2021,4,6,18-29,0,,1
35380,2021,1,6,30-44,1,,1
35380,2021,2,2,30-44,1,,1
35380,2021,2,6,30-44,.55354995,,2
35380,2021,3,1,30-44,0,,2
35380,2021,3,2,30-44,.54233712,,2
35380,2021,3,6,30-44,0,,1
35380,2021,4,1,30-44,.27128598,,4
35380,2021,4,2,30-44,0,,2
35380,2021,4,3,30-44,0,,3
35380,2021,4,6,30-44,0,,9
35380,2021,1,1,45-64,0,,2
35380,2021,1,2,45-64,.5187391,,3
35380,2021,1,6,45-64,0,,1
35380,2021,2,1,45-64,0,,5
35380,2021,2,4,45-64,0,,1
35380,2021,2,6,45-64,.12737305,,7
35380,2021,3,1,45-64,.26601201,,4
35380,2021,3,2,45-64,.51637715,,2
35380,2021,3,3,45-64,0,,1
35380,2021,3,6,45-64,.19465567,,4
35380,2021,4,1,45-64,0,,2
35380,2021,4,2,45-64,.23255238,,3
35380,2021,4,3,45-64,0,,1
35380,2021,4,6,45-64,.25583538,,9
35380,2023,2,1,18-29,0,,1
35380,2023,2,6,18-29,0,,3
35380,2023,2,7,18-29,0,,1
35380,2023,3,1,18-29,0,,1
35380,2023,4,3,18-29,0,,1
35380,2023,4,6,18-29,0,,2
35380,2023,2,1,30-44,0,,2
35380,2023,2,6,30-44,.66857153,,3
35380,2023,3,1,30-44,1,,1
35380,2023,3,6,30-44,0,,6
35380,2023,3,7,30-44,0,,1
35380,2023,4,2,30-44,0,,1
35380,2023,4,3,30-44,0,,1
35380,2023,4,6,30-44,.33735695,,9
35380,2023,1,6,45-64,.4405812,,2
35380,2023,2,2,45-64,1,,1
35380,2023,2,6,45-64,0,,3
35380,2023,3,1,45-64,.17422363,,6
35380,2023,3,2,45-64,0,,1
35380,2023,3,6,45-64,0,,6
35380,2023,4,1,45-64,0,,2
35380,2023,4,6,45-64,.15851457,,7
35620,2013,1,1,18-29,0,0,2
35620,2013,1,2,18-29,.12279551,0,6
35620,2013,2,1,18-29,0,.33944786,6
35620,2013,2,2,18-29,0,.50379264,10
35620,2013,2,3,18-29,0,1,1
35620,2013,2,6,18-29,0,.63967323,5
35620,2013,3,1,18-29,0,.3741242,7
35620,2013,3,2,18-29,0,.36010033,7
35620,2013,3,3,18-29,.49899316,.49899316,2
35620,2013,3,6,18-29,0,.15435511,7
35620,2013,4,2,18-29,0,.61985457,7
35620,2013,4,3,18-29,0,.38592172,7
35620,2013,4,6,18-29,.24794614,.53632337,37
35620,2013,1,1,30-44,0,.18448992,7
35620,2013,1,2,30-44,.079287924,.091792375,32
35620,2013,1,6,30-44,.1473662,.1473662,7
35620,2013,2,1,30-44,.09510953,.19888695,14
35620,2013,2,2,30-44,0,.15995976,18
35620,2013,2,3,30-44,0,0,6
35620,2013,2,6,30-44,.094883673,.18619773,15
35620,2013,2,7,30-44,0,1,1
35620,2013,3,1,30-44,.087430865,.40381759,14
35620,2013,3,2,30-44,.034284707,.19182152,24
35620,2013,3,3,30-44,0,0,2
35620,2013,3,6,30-44,.11674225,.41120777,33
35620,2013,4,1,30-44,.11512943,.21771011,9
35620,2013,4,2,30-44,0,.32691044,22
35620,2013,4,3,30-44,.049129404,.37826851,37
35620,2013,4,6,30-44,.077716336,.50524682,111
35620,2013,4,7,30-44,1,0,1
35620,2013,1,1,45-64,0,.25417304,4
35620,2013,1,2,45-64,.25245214,.073339745,16
35620,2013,1,3,45-64,0,0,2
35620,2013,1,5,45-64,0,0,1
35620,2013,1,6,45-64,0,.14287981,7
35620,2013,2,1,45-64,.045768823,.13006903,17
35620,2013,2,2,45-64,0,.13110736,23
35620,2013,2,3,45-64,0,.17940241,12
35620,2013,2,6,45-64,.091468066,.083837084,65
35620,2013,3,1,45-64,0,.22300656,14
35620,2013,3,2,45-64,.14932375,.13433322,22
35620,2013,3,3,45-64,.15013547,.17786171,10
35620,2013,3,6,45-64,.25613725,.17528948,56
35620,2013,4,1,45-64,.26610953,.33586922,23
35620,2013,4,2,45-64,.21098872,.25587469,16
35620,2013,4,3,45-64,.07873863,.27189294,31
35620,2013,4,6,45-64,.17087229,.2830151,139
35620,2013,4,7,45-64,0,1,1
35620,2015,1,1,18-29,0,0,5
35620,2015,1,2,18-29,.27873296,0,3
35620,2015,2,1,18-29,0,.42834383,4
35620,2015,2,2,18-29,0,.53395694,11
35620,2015,2,3,18-29,1,1,1
35620,2015,2,5,18-29,0,1,1
35620,2015,2,6,18-29,0,.58813846,5
35620,2015,3,1,18-29,.09535791,.46677628,12
35620,2015,3,2,18-29,0,.78466129,4
35620,2015,3,3,18-29,.39929581,.60070419,2
35620,2015,3,6,18-29,.075631991,.36007875,9
35620,2015,4,1,18-29,0,.46219218,4
35620,2015,4,2,18-29,0,.17113677,7
35620,2015,4,3,18-29,0,.10530316,9
35620,2015,4,5,18-29,0,1,1
35620,2015,4,6,18-29,.088507488,.55614489,44
35620,2015,4,7,18-29,.56759077,0,2
35620,2015,1,1,30-44,0,0,4
35620,2015,1,2,30-44,0,0,10
35620,2015,1,6,30-44,0,,2
35620,2015,2,1,30-44,0,0,11
35620,2015,2,2,30-44,.14126147,.56725633,21
35620,2015,2,3,30-44,.18824291,.33063981,5
35620,2015,2,6,30-44,0,.35573,22
35620,2015,2,7,30-44,0,,1
35620,2015,3,1,30-44,.110624,.26440313,14
35620,2015,3,2,30-44,.11168548,.36310789,22
35620,2015,3,3,30-44,0,.59445852,4
35620,2015,3,6,30-44,.063313715,.50576192,31
35620,2015,3,7,30-44,0,.52010787,2
35620,2015,4,1,30-44,0,.39291981,18
35620,2015,4,2,30-44,.067590006,.58018714,21
35620,2015,4,3,30-44,0,.62108368,35
35620,2015,4,6,30-44,.10494361,.59687185,106
35620,2015,1,1,45-64,0,.19487919,4
35620,2015,1,2,45-64,.076427177,0,14
35620,2015,1,6,45-64,0,.25209615,5
35620,2015,2,1,45-64,.13502063,.28199977,12
35620,2015,2,2,45-64,.10268677,.42941198,25
35620,2015,2,3,45-64,.36981574,.15409334,6
35620,2015,2,4,45-64,0,0,1
35620,2015,2,6,45-64,.1601855,.16474046,45
35620,2015,3,1,45-64,.083891355,.16741462,17
35620,2015,3,2,45-64,.1913899,.45324808,20
35620,2015,3,3,45-64,0,.12520558,6
35620,2015,3,6,45-64,.22211018,.23028448,57
35620,2015,4,1,45-64,.17994857,.45442137,12
35620,2015,4,2,45-64,.09722507,.40346175,17
35620,2015,4,3,45-64,.14469624,.40211222,23
35620,2015,4,6,45-64,.21457776,.34740326,146
35620,2017,1,2,18-29,0,0,3
35620,2017,1,3,18-29,0,0,1
35620,2017,2,1,18-29,0,.62229437,3
35620,2017,2,2,18-29,.24869849,.60082352,5
35620,2017,2,3,18-29,0,0,1
35620,2017,2,6,18-29,0,.37983051,6
35620,2017,2,7,18-29,0,1,1
35620,2017,3,1,18-29,0,1,1
35620,2017,3,2,18-29,0,.57203478,9
35620,2017,3,3,18-29,0,0,2
35620,2017,3,5,18-29,0,1,1
35620,2017,3,6,18-29,.10026557,.65181965,8
35620,2017,3,7,18-29,0,1,1
35620,2017,4,1,18-29,0,.38605979,3
35620,2017,4,2,18-29,0,.34961042,2
35620,2017,4,3,18-29,0,.72991782,10
35620,2017,4,6,18-29,.057842247,.62874818,34
35620,2017,1,1,30-44,0,0,1
35620,2017,1,2,30-44,.074269086,.20447515,14
35620,2017,1,3,30-44,0,0,4
35620,2017,1,6,30-44,0,.2515358,4
35620,2017,2,1,30-44,0,.20404008,13
35620,2017,2,2,30-44,.20722117,.66697484,18
35620,2017,2,3,30-44,0,.46696982,5
35620,2017,2,6,30-44,0,.61664259,9
35620,2017,3,1,30-44,0,.51295507,24
35620,2017,3,2,30-44,0,.47197875,21
35620,2017,3,3,30-44,0,0,5
35620,2017,3,6,30-44,.10142695,.59460324,22
35620,2017,4,1,30-44,.097057484,.63754511,14
35620,2017,4,2,30-44,.07745865,.74313116,18
35620,2017,4,3,30-44,.03409382,.67063314,45
35620,2017,4,4,30-44,0,1,1
35620,2017,4,6,30-44,.09140446,.6674121,102
35620,2017,4,7,30-44,0,.48424992,2
35620,2017,1,1,45-64,0,0,5
35620,2017,1,2,45-64,.20186029,.46303579,14
35620,2017,1,3,45-64,0,.25380987,3
35620,2017,1,4,45-64,0,,1
35620,2017,1,6,45-64,.14942296,.25591147,7
35620,2017,2,1,45-64,.091288581,.2883462,20
35620,2017,2,2,45-64,.058204647,.057757746,16
35620,2017,2,3,45-64,0,.27430916,7
35620,2017,2,6,45-64,.077456035,.30297565,41
35620,2017,3,1,45-64,.059887007,.20373094,22
35620,2017,3,2,45-64,.050780825,.37650889,15
35620,2017,3,3,45-64,.45515937,.45515937,3
35620,2017,3,6,45-64,.12111075,.35382158,56
35620,2017,4,1,45-64,.084470175,.35246885,24
35620,2017,4,2,45-64,.097124331,.48902765,18
35620,2017,4,3,45-64,.096380718,.39361572,30
35620,2017,4,5,45-64,0,1,1
35620,2017,4,6,45-64,.18928805,.42401341,135
35620,2017,4,7,45-64,0,1,1
35620,2019,1,2,18-29,0,,5
35620,2019,2,1,18-29,0,,2
35620,2019,2,2,18-29,0,,4
35620,2019,2,3,18-29,0,,1
35620,2019,2,6,18-29,.77160609,,3
35620,2019,3,1,18-29,0,,4
35620,2019,3,2,18-29,.21115069,,7
35620,2019,3,3,18-29,0,,2
35620,2019,3,6,18-29,0,,6
35620,2019,4,1,18-29,.27133042,,4
35620,2019,4,2,18-29,0,,16
35620,2019,4,3,18-29,0,,11
35620,2019,4,5,18-29,0,,1
35620,2019,4,6,18-29,.079004012,,31
35620,2019,4,7,18-29,0,,1
35620,2019,1,1,30-44,0,,1
35620,2019,1,2,30-44,.069077119,,15
35620,2019,1,6,30-44,0,,1
35620,2019,1,7,30-44,0,,1
35620,2019,2,1,30-44,0,,9
35620,2019,2,2,30-44,.043180328,,13
35620,2019,2,3,30-44,.11452485,,7
35620,2019,2,6,30-44,.14385894,,15
35620,2019,2,7,30-44,0,,1
35620,2019,3,1,30-44,0,,11
35620,2019,3,2,30-44,.026959959,,20
35620,2019,3,6,30-44,.1705506,,7
35620,2019,4,1,30-44,0,,12
35620,2019,4,2,30-44,.081327952,,23
35620,2019,4,3,30-44,.086602926,,37
35620,2019,4,5,30-44,0,,1
35620,2019,4,6,30-44,.079552442,,120
35620,2019,4,7,30-44,0,,2
35620,2019,1,1,45-64,0,,2
35620,2019,1,2,45-64,.13318989,,9
35620,2019,1,3,45-64,0,,1
35620,2019,1,6,45-64,0,,3
35620,2019,2,1,45-64,.14367276,,8
35620,2019,2,2,45-64,.043429114,,27
35620,2019,2,3,45-64,1,,1
35620,2019,2,6,45-64,.19381188,,41
35620,2019,2,7,45-64,0,,1
35620,2019,3,1,45-64,0,,17
35620,2019,3,2,45-64,.13255113,,28
35620,2019,3,3,45-64,0,,2
35620,2019,3,6,45-64,.10019406,,36
35620,2019,4,1,45-64,0,,18
35620,2019,4,2,45-64,.057199456,,15
35620,2019,4,3,45-64,.080144562,,28
35620,2019,4,4,45-64,0,,1
35620,2019,4,6,45-64,.1502461,,113
35620,2019,4,7,45-64,0,,1
35620,2021,1,2,18-29,.30205023,,4
35620,2021,2,1,18-29,0,,4
35620,2021,2,2,18-29,0,,4
35620,2021,2,6,18-29,0,,2
35620,2021,3,1,18-29,0,,3
35620,2021,3,2,18-29,0,,4
35620,2021,3,6,18-29,0,,6
35620,2021,4,1,18-29,0,,4
35620,2021,4,2,18-29,.18311721,,9
35620,2021,4,3,18-29,0,,9
35620,2021,4,6,18-29,.049369793,,23
35620,2021,1,1,30-44,0,,2
35620,2021,1,2,30-44,0,,2
35620,2021,1,3,30-44,1,,1
35620,2021,1,6,30-44,0,,1
35620,2021,2,1,30-44,0,,1
35620,2021,2,2,30-44,.2721543,,14
35620,2021,2,3,30-44,.14604709,,4
35620,2021,2,6,30-44,.21318099,,5
35620,2021,3,1,30-44,.25708866,,7
35620,2021,3,2,30-44,.10294399,,9
35620,2021,3,3,30-44,.42769915,,4
35620,2021,3,6,30-44,.078173183,,24
35620,2021,3,7,30-44,0,,3
35620,2021,4,1,30-44,.047210287,,15
35620,2021,4,2,30-44,.14597467,,15
35620,2021,4,3,30-44,.06744533,,31
35620,2021,4,6,30-44,.092487596,,89
35620,2021,4,7,30-44,1,,1
35620,2021,1,1,45-64,0,,6
35620,2021,1,2,45-64,0,,10
35620,2021,1,3,45-64,0,,3
35620,2021,2,1,45-64,0,,11
35620,2021,2,2,45-64,.052027404,,17
35620,2021,2,3,45-64,0,,1
35620,2021,2,6,45-64,.11781472,,32
35620,2021,2,7,45-64,0,,1
35620,2021,3,1,45-64,.085647598,,9
35620,2021,3,2,45-64,.043383043,,17
35620,2021,3,3,45-64,0,,3
35620,2021,3,6,45-64,.17614935,,30
35620,2021,4,1,45-64,0,,22
35620,2021,4,2,45-64,.32069388,,13
35620,2021,4,3,45-64,.17866829,,28
35620,2021,4,4,45-64,0,,2
35620,2021,4,6,45-64,.18372063,,124
35620,2021,4,7,45-64,0,,2
35620,2023,1,2,18-29,.19067763,,4
35620,2023,2,2,18-29,.10110103,,11
35620,2023,2,3,18-29,0,,2
35620,2023,2,6,18-29,0,,3
35620,2023,2,7,18-29,0,,1
35620,2023,3,1,18-29,0,,4
35620,2023,3,2,18-29,0,,3
35620,2023,3,3,18-29,0,,1
35620,2023,3,6,18-29,0,,5
35620,2023,4,1,18-29,0,,1
35620,2023,4,2,18-29,0,,11
35620,2023,4,3,18-29,.089519374,,15
35620,2023,4,6,18-29,.083532527,,25
35620,2023,1,1,30-44,.46962225,,2
35620,2023,1,2,30-44,.28427693,,13
35620,2023,1,3,30-44,.47855011,,2
35620,2023,1,6,30-44,0,,2
35620,2023,2,1,30-44,0,,5
35620,2023,2,2,30-44,.16686417,,19
35620,2023,2,3,30-44,1,,1
35620,2023,2,6,30-44,0,,13
35620,2023,3,1,30-44,0,,8
35620,2023,3,2,30-44,.38339588,,6
35620,2023,3,3,30-44,0,,3
35620,2023,3,6,30-44,.11151901,,9
35620,2023,4,1,30-44,0,,19
35620,2023,4,2,30-44,.034547776,,33
35620,2023,4,3,30-44,.060278077,,30
35620,2023,4,6,30-44,.070956595,,79
35620,2023,1,1,45-64,0,,2
35620,2023,1,2,45-64,.20258006,,13
35620,2023,1,3,45-64,.56685525,,2
35620,2023,1,6,45-64,0,,2
35620,2023,2,1,45-64,0,,9
35620,2023,2,2,45-64,.11596589,,17
35620,2023,2,3,45-64,0,,6
35620,2023,2,5,45-64,0,,1
35620,2023,2,6,45-64,.078617163,,23
35620,2023,3,1,45-64,0,,17
35620,2023,3,2,45-64,0,,10
35620,2023,3,3,45-64,.20359096,,3
35620,2023,3,5,45-64,0,,1
35620,2023,3,6,45-64,.128077,,29
35620,2023,4,1,45-64,0,,19
35620,2023,4,2,45-64,0,,22
35620,2023,4,3,45-64,.076192796,,29
35620,2023,4,6,45-64,.15432696,,117
35660,2013,2,6,30-44,0,0,2
35660,2013,3,1,30-44,0,0,1
35660,2013,3,6,30-44,0,1,1
35660,2013,4,6,30-44,0,0,1
35660,2013,1,1,45-64,0,0,1
35660,2013,3,6,45-64,0,1,1
35660,2013,4,6,45-64,1,0,1
35660,2015,2,6,18-29,0,0,1
35660,2015,3,6,30-44,0,,1
35660,2015,4,3,30-44,0,1,1
35660,2015,4,6,30-44,0,0,1
35660,2015,2,1,45-64,0,0,1
35660,2015,2,6,45-64,0,0,1
35660,2015,4,6,45-64,0,1,1
35660,2017,2,1,30-44,0,1,1
35660,2017,3,6,30-44,0,1,1
35660,2017,3,6,45-64,0,,1
35660,2019,4,6,18-29,0,,1
35660,2019,3,6,30-44,0,,1
35660,2019,2,6,45-64,0,,2
35660,2019,3,6,45-64,0,,4
35660,2019,4,6,45-64,0,,6
35660,2021,2,6,30-44,0,,1
35660,2021,2,6,45-64,0,,1
35660,2023,2,6,30-44,0,,1
35660,2023,3,6,30-44,.31350183,,3
35660,2023,4,6,45-64,0,,2
35840,2013,2,6,18-29,0,0,1
35840,2013,3,6,18-29,0,0,1
35840,2013,1,6,30-44,0,0,2
35840,2013,2,6,30-44,1,0,1
35840,2013,3,6,30-44,0,0,2
35840,2013,4,6,30-44,0,0,2
35840,2013,1,6,45-64,0,0,1
35840,2013,2,2,45-64,0,0,1
35840,2013,2,6,45-64,.50941014,0,2
35840,2013,3,2,45-64,0,0,1
35840,2013,3,6,45-64,.33297038,0,3
35840,2013,4,6,45-64,0,0,3
35840,2013,4,7,45-64,0,0,1
35840,2015,3,6,18-29,0,0,1
35840,2015,1,2,30-44,0,,2
35840,2015,2,6,30-44,0,0,2
35840,2015,3,6,30-44,.49539906,0,2
35840,2015,4,6,30-44,0,0,1
35840,2015,2,6,45-64,.36962643,0,3
35840,2015,3,6,45-64,0,0,2
35840,2015,4,6,45-64,0,0,1
35840,2017,2,6,18-29,0,1,1
35840,2017,3,1,18-29,0,0,1
35840,2017,3,6,18-29,0,0,1
35840,2017,2,6,30-44,0,0,1
35840,2017,3,6,30-44,0,.51000571,2
35840,2017,4,6,30-44,0,.55281353,5
35840,2017,1,6,45-64,1,1,1
35840,2017,2,6,45-64,0,.24709104,4
35840,2017,3,6,45-64,.21243627,.42872334,5
35840,2017,4,2,45-64,0,0,1
35840,2017,4,6,45-64,.35500693,.28391975,3
35840,2019,2,2,18-29,0,,1
35840,2019,3,1,18-29,0,,1
35840,2019,4,6,18-29,0,,2
35840,2019,1,2,30-44,0,,1
35840,2019,2,6,30-44,1,,1
35840,2019,3,6,30-44,0,,1
35840,2019,4,6,30-44,0,,3
35840,2019,1,2,45-64,1,,1
35840,2019,2,6,45-64,0,,1
35840,2019,4,6,45-64,.12959749,,7
35840,2021,4,6,30-44,0,,1
35840,2021,2,4,45-64,0,,1
35840,2021,2,6,45-64,0,,1
35840,2021,3,6,45-64,0,,1
35840,2021,4,6,45-64,.21988651,,9
35840,2023,2,6,18-29,0,,1
35840,2023,2,6,30-44,0,,2
35840,2023,3,2,30-44,1,,1
35840,2023,4,6,30-44,.34026667,,3
35840,2023,2,6,45-64,0,,1
35840,2023,3,6,45-64,0,,1
35840,2023,4,6,45-64,0,,2
35980,2013,2,4,18-29,0,1,1
35980,2013,3,2,18-29,0,0,1
35980,2013,1,2,30-44,0,0,1
35980,2013,2,2,30-44,0,0,1
35980,2013,2,6,30-44,0,0,1
35980,2013,3,6,30-44,0,0,1
35980,2013,4,2,30-44,0,0,1
35980,2013,4,6,30-44,0,0,3
35980,2013,2,6,45-64,0,0,5
35980,2013,3,1,45-64,1,0,1
35980,2013,3,3,45-64,0,0,1
35980,2013,3,6,45-64,0,0,4
35980,2013,4,6,45-64,.48943502,.44862691,4
35980,2015,3,6,18-29,0,1,2
35980,2015,4,6,18-29,0,.38464412,2
35980,2015,2,6,30-44,0,0,1
35980,2015,3,6,30-44,0,1,1
35980,2015,4,6,30-44,0,.66612518,3
35980,2015,2,6,45-64,0,0,1
35980,2015,3,6,45-64,0,.51693249,6
35980,2015,4,2,45-64,0,1,1
35980,2015,4,6,45-64,.2595734,.32139981,6
35980,2017,1,1,18-29,1,,1
35980,2017,3,6,18-29,0,,1
35980,2017,2,6,30-44,0,.35671714,2
35980,2017,3,2,30-44,0,0,1
35980,2017,3,6,30-44,0,1,1
35980,2017,2,6,45-64,0,1,1
35980,2017,3,1,45-64,0,1,1
35980,2017,3,6,45-64,.23902191,.15158381,5
35980,2017,4,2,45-64,0,0,1
35980,2017,4,6,45-64,0,1,2
35980,2019,2,6,18-29,0,,1
35980,2019,2,7,18-29,0,,1
35980,2019,4,6,18-29,0,,2
35980,2019,2,6,30-44,0,,1
35980,2019,3,6,30-44,0,,3
35980,2019,4,6,30-44,0,,2
35980,2019,1,6,45-64,1,,1
35980,2019,2,1,45-64,0,,1
35980,2019,2,6,45-64,.17389061,,5
35980,2019,3,6,45-64,.23444064,,4
35980,2019,4,6,45-64,0,,3
35980,2021,2,6,18-29,0,,1
35980,2021,3,1,18-29,1,,1
35980,2021,3,6,18-29,0,,2
35980,2021,4,1,18-29,0,,1
35980,2021,4,6,18-29,0,,1
35980,2021,2,6,30-44,.26131344,,3
35980,2021,4,6,30-44,0,,2
35980,2021,2,6,45-64,.23777454,,4
35980,2021,3,2,45-64,0,,1
35980,2021,3,6,45-64,1,,1
35980,2021,4,6,45-64,.39329946,,3
35980,2023,3,2,18-29,0,,2
35980,2023,4,6,18-29,0,,2
35980,2023,2,2,30-44,0,,1
35980,2023,3,2,30-44,0,,1
35980,2023,3,6,30-44,0,,1
35980,2023,4,2,30-44,0,,1
35980,2023,4,6,30-44,0,,2
35980,2023,1,6,45-64,0,,1
36100,2013,2,2,18-29,0,,1
36100,2013,3,6,18-29,0,0,1
36100,2013,4,6,18-29,1,0,1
36100,2013,2,6,30-44,0,,1
36100,2013,3,6,30-44,0,0,1
36100,2013,2,1,45-64,0,0,2
36100,2013,3,6,45-64,0,0,1
36100,2013,4,6,45-64,0,0,1
36100,2015,2,1,18-29,0,1,1
36100,2015,2,6,45-64,.52353972,.32495564,6
36100,2015,3,2,45-64,0,1,1
36100,2015,3,6,45-64,0,1,1
36100,2015,4,6,45-64,0,0,1
36100,2017,4,6,18-29,0,1,1
36100,2017,2,1,30-44,0,0,1
36100,2017,2,2,30-44,0,0,1
36100,2017,3,1,30-44,0,1,1
36100,2017,4,2,30-44,0,1,2
36100,2017,4,6,30-44,0,.4959107,2
36100,2017,2,4,45-64,0,0,2
36100,2017,3,1,45-64,0,0,1
36100,2017,3,6,45-64,.21587856,0,5
36100,2017,4,1,45-64,0,0,1
36100,2017,4,6,45-64,.34665889,.65334111,3
36100,2019,4,1,18-29,0,,1
36100,2019,3,2,30-44,0,,1
36100,2019,3,6,30-44,0,,1
36100,2019,4,1,30-44,0,,1
36100,2019,4,6,30-44,0,,1
36100,2019,3,2,45-64,0,,1
36100,2019,3,6,45-64,0,,2
36100,2019,4,6,45-64,0,,1
36100,2021,1,6,18-29,0,,1
36100,2021,2,6,18-29,0,,1
36100,2021,2,6,30-44,0,,2
36100,2021,3,2,30-44,0,,1
36100,2021,4,6,30-44,0,,1
36100,2021,3,6,45-64,0,,1
36100,2021,4,2,45-64,0,,1
36100,2023,2,2,18-29,0,,1
36100,2023,3,6,18-29,0,,1
36100,2023,1,2,30-44,0,,1
36100,2023,4,1,30-44,0,,1
36100,2023,3,6,45-64,0,,1
36100,2023,4,6,45-64,0,,1
36140,2013,1,6,30-44,0,0,1
36140,2013,2,2,30-44,0,0,1
36140,2013,1,6,45-64,0,0,1
36140,2013,4,6,45-64,0,0,2
36220,2015,1,6,18-29,0,,1
36220,2015,3,2,18-29,0,0,1
36220,2015,1,2,30-44,0,1,1
36220,2015,3,2,30-44,0,0,1
36220,2015,3,6,30-44,1,1,1
36220,2015,4,2,30-44,0,0,1
36220,2015,1,6,45-64,0,,1
36220,2015,2,6,45-64,0,0,2
36220,2015,3,6,45-64,0,0,1
36220,2015,4,6,45-64,1,1,1
36220,2017,2,2,18-29,0,0,1
36220,2017,3,2,18-29,0,1,2
36220,2017,3,2,30-44,0,1,1
36220,2017,3,6,30-44,0,0,1
36220,2017,2,2,45-64,0,0,1
36220,2017,3,6,45-64,0,.5,2
36220,2017,4,1,45-64,0,1,1
36220,2019,3,1,30-44,0,,1
36220,2019,1,2,45-64,0,,1
36220,2019,2,2,45-64,0,,1
36220,2021,3,1,18-29,0,,1
36220,2021,1,2,30-44,0,,1
36220,2021,2,2,30-44,0,,1
36220,2021,2,6,30-44,0,,1
36220,2021,3,2,30-44,0,,2
36220,2021,3,3,30-44,1,,1
36220,2021,3,6,30-44,0,,1
36220,2021,2,6,45-64,0,,1
36220,2021,3,2,45-64,0,,2
36220,2021,3,6,45-64,0,,3
36220,2023,2,2,18-29,0,,1
36220,2023,2,6,18-29,0,,1
36220,2023,1,2,30-44,0,,2
36220,2023,2,2,30-44,0,,1
36220,2023,3,2,30-44,0,,2
36220,2023,3,6,30-44,0,,2
36220,2023,4,2,30-44,.55899507,,2
36220,2023,4,5,30-44,0,,1
36220,2023,2,6,45-64,0,,2
36220,2023,3,2,45-64,0,,1
36220,2023,4,2,45-64,0,,1
36220,2023,4,6,45-64,0,,3
36260,2013,1,2,18-29,0,0,1
36260,2013,2,6,18-29,.54930264,1,2
36260,2013,3,2,18-29,0,1,1
36260,2013,3,6,18-29,0,.7278502,7
36260,2013,4,6,18-29,0,1,2
36260,2013,1,2,30-44,0,0,1
36260,2013,2,2,30-44,0,,1
36260,2013,2,6,30-44,0,.68697572,3
36260,2013,3,2,30-44,0,1,1
36260,2013,3,6,30-44,.078437604,.54022884,13
36260,2013,3,7,30-44,0,1,1
36260,2013,4,2,30-44,0,1,1
36260,2013,4,6,30-44,.15610999,.66109645,6
36260,2013,1,2,45-64,1,0,1
36260,2013,1,6,45-64,0,0,1
36260,2013,2,2,45-64,0,1,1
36260,2013,2,6,45-64,.14732456,.66901624,6
36260,2013,3,2,45-64,0,0,2
36260,2013,3,6,45-64,0,.16142116,6
36260,2013,3,7,45-64,1,0,1
36260,2013,4,3,45-64,0,0,1
36260,2013,4,6,45-64,0,0,3
36260,2015,2,2,18-29,0,0,2
36260,2015,2,6,18-29,0,0,1
36260,2015,3,2,18-29,0,0,2
36260,2015,3,5,18-29,0,1,1
36260,2015,3,6,18-29,0,.57456058,5
36260,2015,2,3,30-44,0,1,1
36260,2015,2,6,30-44,0,1,1
36260,2015,3,2,30-44,0,0,1
36260,2015,3,6,30-44,.27881166,.87664717,7
36260,2015,3,7,30-44,1,1,1
36260,2015,4,6,30-44,0,1,5
36260,2015,1,6,45-64,0,.47006881,2
36260,2015,2,2,45-64,0,,1
36260,2015,2,6,45-64,0,1,3
36260,2015,3,4,45-64,0,1,1
36260,2015,3,6,45-64,0,.18992454,5
36260,2015,3,7,45-64,0,1,1
36260,2015,4,6,45-64,.20309879,.56792581,9
36260,2017,2,6,18-29,.44559672,1,2
36260,2017,3,6,18-29,0,1,2
36260,2017,4,6,18-29,0,1,2
36260,2017,3,6,30-44,0,.51051718,2
36260,2017,4,2,30-44,0,0,1
36260,2017,4,6,30-44,0,.76924163,9
36260,2017,2,6,45-64,0,0,2
36260,2017,3,6,45-64,.18425123,.79654801,5
36260,2017,4,2,45-64,0,0,1
36260,2017,4,3,45-64,0,1,1
36260,2017,4,6,45-64,.074228339,.78823626,14
36260,2019,2,2,18-29,0,,1
36260,2019,2,6,18-29,0,,3
36260,2019,3,2,18-29,0,,1
36260,2019,3,6,18-29,0,,2
36260,2019,4,6,18-29,0,,3
36260,2019,2,6,30-44,0,,1
36260,2019,3,2,30-44,0,,1
36260,2019,3,6,30-44,0,,8
36260,2019,4,2,30-44,0,,1
36260,2019,4,6,30-44,0,,5
36260,2019,1,2,45-64,0,,1
36260,2019,1,6,45-64,0,,1
36260,2019,2,6,45-64,.19066994,,5
36260,2019,3,6,45-64,0,,8
36260,2019,4,2,45-64,0,,2
36260,2019,4,4,45-64,0,,1
36260,2019,4,6,45-64,0,,6
36260,2021,2,5,18-29,0,,1
36260,2021,2,6,18-29,0,,4
36260,2021,3,6,18-29,0,,2
36260,2021,4,6,18-29,.17674488,,4
36260,2021,2,2,30-44,0,,3
36260,2021,2,6,30-44,0,,3
36260,2021,3,2,30-44,0,,1
36260,2021,3,6,30-44,.19647366,,5
36260,2021,4,2,30-44,0,,1
36260,2021,4,6,30-44,.078656785,,11
36260,2021,2,6,45-64,.50713509,,4
36260,2021,3,6,45-64,.14342192,,8
36260,2021,3,7,45-64,0,,1
36260,2021,4,2,45-64,0,,1
36260,2021,4,6,45-64,0,,10
36260,2023,2,2,18-29,0,,1
36260,2023,2,3,18-29,,,0
36260,2023,2,5,18-29,0,,1
36260,2023,3,6,18-29,0,,2
36260,2023,4,2,18-29,0,,1
36260,2023,4,6,18-29,0,,4
36260,2023,2,6,30-44,0,,2
36260,2023,3,6,30-44,0,,2
36260,2023,4,3,30-44,0,,1
36260,2023,4,6,30-44,0,,8
36260,2023,4,7,30-44,0,,1
36260,2023,1,2,45-64,0,,1
36260,2023,2,2,45-64,0,,1
36260,2023,2,6,45-64,0,,2
36260,2023,3,2,45-64,0,,1
36260,2023,3,6,45-64,0,,6
36260,2023,3,7,45-64,0,,1
36260,2023,4,6,45-64,.15619844,,7
36420,2013,2,4,18-29,0,,1
36420,2013,2,6,18-29,0,.51079953,4
36420,2013,2,7,18-29,0,1,2
36420,2013,3,1,18-29,0,0,1
36420,2013,3,2,18-29,0,,1
36420,2013,3,6,18-29,0,.41491109,4
36420,2013,4,6,18-29,.14478301,.85521698,5
36420,2013,1,1,30-44,0,0,1
36420,2013,1,2,30-44,0,1,3
36420,2013,1,6,30-44,1,,1
36420,2013,2,2,30-44,.41151705,,2
36420,2013,2,6,30-44,.1172194,.35752583,6
36420,2013,3,1,30-44,0,.51997095,2
36420,2013,3,6,30-44,0,.093009144,8
36420,2013,3,7,30-44,0,1,1
36420,2013,4,4,30-44,1,0,1
36420,2013,4,6,30-44,.087780841,.45919222,9
36420,2013,1,4,45-64,0,,1
36420,2013,1,6,45-64,0,0,1
36420,2013,2,1,45-64,0,,1
36420,2013,2,4,45-64,0,0,1
36420,2013,2,6,45-64,0,.12516445,9
36420,2013,3,1,45-64,0,0,3
36420,2013,3,2,45-64,0,1,1
36420,2013,3,4,45-64,0,0,1
36420,2013,3,6,45-64,.2237756,0,9
36420,2013,4,1,45-64,0,0,1
36420,2013,4,6,45-64,.18041061,.16694823,20
36420,2015,1,6,18-29,0,1,1
36420,2015,2,1,18-29,0,,2
36420,2015,2,6,18-29,0,.58580476,5
36420,2015,2,7,18-29,0,0,1
36420,2015,3,1,18-29,0,0,1
36420,2015,3,2,18-29,0,.40611234,3
36420,2015,3,4,18-29,0,0,1
36420,2015,3,6,18-29,.12638706,.54820156,9
36420,2015,4,3,18-29,0,0,1
36420,2015,4,4,18-29,0,1,1
36420,2015,4,6,18-29,0,.61702627,5
36420,2015,1,1,30-44,0,1,1
36420,2015,1,2,30-44,0,0,4
36420,2015,1,4,30-44,0,,1
36420,2015,2,1,30-44,0,0,2
36420,2015,2,2,30-44,.35063535,1,3
36420,2015,2,6,30-44,0,,1
36420,2015,3,1,30-44,0,,1
36420,2015,3,2,30-44,.24602394,0,4
36420,2015,3,6,30-44,0,.17649373,7
36420,2015,3,7,30-44,0,,1
36420,2015,4,1,30-44,0,0,1
36420,2015,4,3,30-44,0,0,1
36420,2015,4,6,30-44,.21400145,.57150066,20
36420,2015,1,2,45-64,0,0,1
36420,2015,2,2,45-64,.59677219,.40322781,2
36420,2015,2,4,45-64,0,0,1
36420,2015,2,6,45-64,.12896575,.60406679,9
36420,2015,3,1,45-64,0,0,1
36420,2015,3,6,45-64,.26835227,.24929424,9
36420,2015,3,7,45-64,0,0,1
36420,2015,4,1,45-64,0,0,2
36420,2015,4,3,45-64,0,0,1
36420,2015,4,6,45-64,.076420777,.49840543,14
36420,2015,4,7,45-64,0,0,2
36420,2017,2,1,18-29,0,1,1
36420,2017,2,2,18-29,0,1,1
36420,2017,2,6,18-29,0,0,3
36420,2017,3,1,18-29,0,.48707578,2
36420,2017,3,2,18-29,0,1,1
36420,2017,3,6,18-29,0,.70778358,4
36420,2017,3,7,18-29,0,.35273084,2
36420,2017,4,2,18-29,0,0,1
36420,2017,4,6,18-29,.39675179,.31371093,3
36420,2017,1,2,30-44,0,1,1
36420,2017,1,6,30-44,0,,1
36420,2017,2,2,30-44,0,.21418509,3
36420,2017,2,6,30-44,.25457346,.49866751,4
36420,2017,3,1,30-44,0,.45958865,2
36420,2017,3,2,30-44,0,0,1
36420,2017,3,4,30-44,0,0,1
36420,2017,3,6,30-44,0,.61777198,12
36420,2017,3,7,30-44,0,.79034144,3
36420,2017,4,2,30-44,0,1,1
36420,2017,4,6,30-44,.054029033,.72861713,19
36420,2017,1,2,45-64,0,0,1
36420,2017,1,6,45-64,0,1,1
36420,2017,2,4,45-64,0,0,1
36420,2017,2,6,45-64,0,.29191887,3
36420,2017,3,1,45-64,0,.46483621,2
36420,2017,3,2,45-64,0,1,1
36420,2017,3,6,45-64,.14136754,.39367002,6
36420,2017,3,7,45-64,0,0,1
36420,2017,4,4,45-64,0,0,1
36420,2017,4,6,45-64,.12898868,.49334332,16
36420,2019,2,4,18-29,0,,1
36420,2019,2,6,18-29,0,,6
36420,2019,3,1,18-29,0,,1
36420,2019,3,2,18-29,0,,1
36420,2019,3,6,18-29,.10425557,,8
36420,2019,3,7,18-29,0,,1
36420,2019,4,6,18-29,0,,6
36420,2019,1,2,30-44,0,,2
36420,2019,1,4,30-44,1,,1
36420,2019,2,2,30-44,0,,3
36420,2019,2,4,30-44,0,,1
36420,2019,2,6,30-44,.10460325,,8
36420,2019,3,2,30-44,0,,1
36420,2019,3,6,30-44,.110584,,9
36420,2019,4,2,30-44,0,,2
36420,2019,4,3,30-44,.39366657,,2
36420,2019,4,6,30-44,.083470449,,12
36420,2019,1,2,45-64,0,,1
36420,2019,2,2,45-64,0,,1
36420,2019,2,4,45-64,0,,1
36420,2019,2,6,45-64,.29290572,,10
36420,2019,3,1,45-64,0,,1
36420,2019,3,3,45-64,0,,1
36420,2019,3,6,45-64,.15376146,,13
36420,2019,4,1,45-64,0,,1
36420,2019,4,2,45-64,0,,1
36420,2019,4,4,45-64,0,,2
36420,2019,4,6,45-64,0,,14
36420,2021,1,2,18-29,0,,1
36420,2021,2,2,18-29,0,,1
36420,2021,2,6,18-29,0,,1
36420,2021,3,2,18-29,0,,1
36420,2021,3,6,18-29,0,,3
36420,2021,4,1,18-29,0,,2
36420,2021,4,3,18-29,0,,1
36420,2021,4,6,18-29,.17063953,,5
36420,2021,4,7,18-29,0,,2
36420,2021,1,2,30-44,0,,3
36420,2021,2,1,30-44,0,,1
36420,2021,2,2,30-44,0,,3
36420,2021,2,6,30-44,.19957028,,5
36420,2021,3,1,30-44,0,,2
36420,2021,3,2,30-44,.55955356,,2
36420,2021,3,3,30-44,0,,1
36420,2021,3,6,30-44,.088097505,,9
36420,2021,4,3,30-44,0,,1
36420,2021,4,6,30-44,.10641373,,8
36420,2021,1,2,45-64,0,,1
36420,2021,1,5,45-64,1,,1
36420,2021,1,6,45-64,0,,1
36420,2021,2,1,45-64,0,,2
36420,2021,2,2,45-64,0,,1
36420,2021,2,3,45-64,0,,2
36420,2021,2,4,45-64,0,,1
36420,2021,2,6,45-64,.1666647,,6
36420,2021,3,2,45-64,1,,1
36420,2021,3,6,45-64,.096852034,,10
36420,2021,4,6,45-64,.14429483,,14
36420,2021,4,7,45-64,0,,2
36420,2023,1,6,18-29,0,,1
36420,2023,2,2,18-29,0,,1
36420,2023,2,4,18-29,0,,1
36420,2023,2,6,18-29,0,,6
36420,2023,3,6,18-29,0,,5
36420,2023,4,6,18-29,0,,2
36420,2023,4,7,18-29,0,,1
36420,2023,1,2,30-44,0,,3
36420,2023,2,6,30-44,.62983727,,3
36420,2023,3,1,30-44,0,,2
36420,2023,3,6,30-44,.26948538,,4
36420,2023,4,1,30-44,0,,1
36420,2023,4,6,30-44,.33660021,,13
36420,2023,4,7,30-44,0,,2
36420,2023,1,2,45-64,.34048551,,6
36420,2023,1,4,45-64,0,,1
36420,2023,1,6,45-64,0,,1
36420,2023,2,1,45-64,0,,2
36420,2023,2,6,45-64,.18818346,,5
36420,2023,3,2,45-64,0,,1
36420,2023,3,4,45-64,0,,1
36420,2023,3,6,45-64,0,,6
36420,2023,3,7,45-64,0,,1
36420,2023,4,4,45-64,.59096324,,2
36420,2023,4,6,45-64,.1605164,,13
36500,2013,3,6,18-29,.56105423,.56105423,2
36500,2013,3,6,30-44,0,0,1
36500,2013,4,3,30-44,0,0,1
36500,2013,4,6,30-44,0,.50112134,2
36500,2013,2,6,45-64,0,0,2
36500,2013,3,2,45-64,0,0,1
36500,2013,3,6,45-64,0,0,1
36500,2013,4,6,45-64,.19827026,.20395006,5
36540,2013,1,2,18-29,0,,3
36540,2013,2,6,18-29,.23404868,.45765892,4
36540,2013,2,7,18-29,.5,,2
36540,2013,3,1,18-29,0,1,1
36540,2013,3,4,18-29,0,1,1
36540,2013,3,6,18-29,0,.52385354,11
36540,2013,4,6,18-29,.079389982,.404975,11
36540,2013,1,2,30-44,.27294594,0,3
36540,2013,1,6,30-44,0,0,3
36540,2013,2,1,30-44,0,0,1
36540,2013,2,2,30-44,0,1,1
36540,2013,2,6,30-44,0,.35851046,9
36540,2013,2,7,30-44,.319711,0,3
36540,2013,3,1,30-44,0,0,1
36540,2013,3,6,30-44,.087667055,.81743079,12
36540,2013,4,1,30-44,0,.45359972,2
36540,2013,4,6,30-44,.034591366,.46277186,26
36540,2013,1,2,45-64,.3929584,0,4
36540,2013,1,6,45-64,.26515552,.23808385,4
36540,2013,2,2,45-64,0,0,1
36540,2013,2,3,45-64,0,0,1
36540,2013,2,6,45-64,.24381085,.22998673,20
36540,2013,3,1,45-64,0,0,1
36540,2013,3,2,45-64,.38839835,.61160165,2
36540,2013,3,6,45-64,.13326488,.25846523,29
36540,2013,4,1,45-64,0,0,1
36540,2013,4,3,45-64,0,1,1
36540,2013,4,6,45-64,.15912573,.3284516,25
36540,2015,2,6,18-29,0,0,4
36540,2015,3,1,18-29,0,0,2
36540,2015,3,2,18-29,0,.51530832,2
36540,2015,3,6,18-29,.12496576,.28295484,14
36540,2015,4,1,18-29,0,.62137711,3
36540,2015,4,2,18-29,0,1,1
36540,2015,4,3,18-29,0,0,1
36540,2015,4,6,18-29,0,.69726545,10
36540,2015,1,6,30-44,1,0,1
36540,2015,2,1,30-44,0,0,2
36540,2015,2,2,30-44,0,0,1
36540,2015,2,6,30-44,.18072636,.78611064,4
36540,2015,3,1,30-44,0,.5107919,4
36540,2015,3,2,30-44,0,1,1
36540,2015,3,4,30-44,0,1,1
36540,2015,3,6,30-44,.054230306,.65109169,15
36540,2015,4,1,30-44,0,0,1
36540,2015,4,3,30-44,0,0,1
36540,2015,4,6,30-44,.097430043,.45773101,22
36540,2015,1,1,45-64,0,0,1
36540,2015,1,2,45-64,0,0,1
36540,2015,2,2,45-64,0,0,1
36540,2015,2,6,45-64,0,.1606116,8
36540,2015,3,1,45-64,0,0,1
36540,2015,3,6,45-64,.32762545,.38582495,19
36540,2015,3,7,45-64,0,0,1
36540,2015,4,1,45-64,0,0,1
36540,2015,4,2,45-64,.51470184,.48529813,2
36540,2015,4,6,45-64,.41326097,.47654465,8
36540,2017,1,2,18-29,0,.42675942,2
36540,2017,2,6,18-29,0,.62828624,3
36540,2017,3,1,18-29,0,1,2
36540,2017,3,2,18-29,0,1,1
36540,2017,3,6,18-29,0,.72759759,11
36540,2017,4,3,18-29,0,1,1
36540,2017,4,6,18-29,0,.77713269,5
36540,2017,2,2,30-44,0,0,2
36540,2017,2,6,30-44,.16534416,.35239708,5
36540,2017,3,1,30-44,0,1,1
36540,2017,3,6,30-44,.21260923,.77484596,8
36540,2017,4,1,30-44,0,1,1
36540,2017,4,3,30-44,0,1,3
36540,2017,4,6,30-44,.10486848,.67039788,20
36540,2017,1,2,45-64,0,0,2
36540,2017,2,2,45-64,1,1,1
36540,2017,2,6,45-64,.060023095,.32927775,13
36540,2017,3,1,45-64,0,0,1
36540,2017,3,2,45-64,0,1,1
36540,2017,3,6,45-64,.032144856,.68744785,24
36540,2017,4,1,45-64,0,1,2
36540,2017,4,2,45-64,.57793427,.42206573,2
36540,2017,4,4,45-64,0,0,1
36540,2017,4,6,45-64,.1803253,.46809396,27
36540,2019,2,2,18-29,0,,2
36540,2019,2,6,18-29,0,,3
36540,2019,3,2,18-29,0,,3
36540,2019,3,6,18-29,.092481323,,12
36540,2019,4,1,18-29,0,,1
36540,2019,4,4,18-29,0,,1
36540,2019,4,6,18-29,0,,7
36540,2019,1,2,30-44,0,,4
36540,2019,1,3,30-44,0,,1
36540,2019,1,6,30-44,0,,2
36540,2019,2,1,30-44,0,,1
36540,2019,2,2,30-44,0,,2
36540,2019,2,6,30-44,.29910669,,7
36540,2019,3,1,30-44,0,,1
36540,2019,3,2,30-44,1,,1
36540,2019,3,6,30-44,0,,12
36540,2019,4,2,30-44,0,,2
36540,2019,4,3,30-44,0,,1
36540,2019,4,6,30-44,.066150084,,25
36540,2019,4,7,30-44,0,,1
36540,2019,1,2,45-64,0,,1
36540,2019,2,1,45-64,0,,1
36540,2019,2,2,45-64,0,,1
36540,2019,2,6,45-64,.060575791,,13
36540,2019,3,1,45-64,0,,2
36540,2019,3,2,45-64,0,,1
36540,2019,3,6,45-64,.15349385,,21
36540,2019,4,2,45-64,0,,1
36540,2019,4,6,45-64,.067635156,,28
36540,2021,2,1,18-29,0,,1
36540,2021,2,2,18-29,0,,2
36540,2021,2,6,18-29,.12461637,,7
36540,2021,3,2,18-29,0,,1
36540,2021,3,6,18-29,0,,9
36540,2021,3,7,18-29,0,,1
36540,2021,4,1,18-29,0,,1
36540,2021,4,2,18-29,0,,2
36540,2021,4,6,18-29,0,,9
36540,2021,1,2,30-44,1,,1
36540,2021,2,6,30-44,.29976442,,4
36540,2021,3,1,30-44,0,,1
36540,2021,3,2,30-44,0,,1
36540,2021,3,3,30-44,0,,1
36540,2021,3,6,30-44,.077129908,,16
36540,2021,4,1,30-44,.44478795,,2
36540,2021,4,6,30-44,0,,10
36540,2021,4,7,30-44,0,,1
36540,2021,2,1,45-64,0,,1
36540,2021,2,2,45-64,0,,1
36540,2021,2,6,45-64,0,,6
36540,2021,3,1,45-64,0,,2
36540,2021,3,6,45-64,.27208772,,13
36540,2021,4,6,45-64,.083168902,,24
36540,2023,2,2,18-29,0,,1
36540,2023,2,6,18-29,0,,1
36540,2023,3,1,18-29,0,,2
36540,2023,3,2,18-29,0,,1
36540,2023,3,6,18-29,0,,7
36540,2023,4,3,18-29,0,,1
36540,2023,4,6,18-29,0,,6
36540,2023,1,2,30-44,0,,1
36540,2023,1,6,30-44,.6388461,,2
36540,2023,2,6,30-44,0,,4
36540,2023,3,1,30-44,0,,2
36540,2023,3,6,30-44,.071243219,,14
36540,2023,4,2,30-44,0,,1
36540,2023,4,3,30-44,0,,3
36540,2023,4,6,30-44,.12653996,,16
36540,2023,1,2,45-64,.26609769,,5
36540,2023,2,2,45-64,0,,1
36540,2023,2,6,45-64,.16170919,,7
36540,2023,3,1,45-64,0,,1
36540,2023,3,4,45-64,0,,1
36540,2023,3,6,45-64,0,,16
36540,2023,4,6,45-64,.15582724,,18
36740,2013,1,1,18-29,0,0,1
36740,2013,2,1,18-29,0,,2
36740,2013,2,2,18-29,.15055515,.49313769,6
36740,2013,2,6,18-29,.32671621,.60379207,3
36740,2013,3,1,18-29,0,1,1
36740,2013,3,2,18-29,0,0,1
36740,2013,3,6,18-29,0,.51955795,2
36740,2013,4,1,18-29,0,1,2
36740,2013,4,2,18-29,0,1,2
36740,2013,4,6,18-29,0,.19532755,5
36740,2013,4,7,18-29,0,0,1
36740,2013,2,1,30-44,0,1,1
36740,2013,2,2,30-44,0,0,4
36740,2013,2,6,30-44,0,.48424554,2
36740,2013,3,2,30-44,.20853738,.23420218,5
36740,2013,3,6,30-44,0,.36975682,3
36740,2013,3,7,30-44,0,0,1
36740,2013,4,1,30-44,0,0,2
36740,2013,4,2,30-44,.51691616,1,3
36740,2013,4,6,30-44,0,.79548442,10
36740,2013,1,2,45-64,0,0,1
36740,2013,2,1,45-64,0,0,1
36740,2013,2,2,45-64,.52705431,0,2
36740,2013,2,6,45-64,0,.37478766,8
36740,2013,3,1,45-64,0,0,1
36740,2013,3,2,45-64,.46543998,.46543998,2
36740,2013,3,6,45-64,.17159784,.16532584,12
36740,2013,4,1,45-64,.46037814,.46037814,2
36740,2013,4,2,45-64,0,0,1
36740,2013,4,3,45-64,0,1,1
36740,2013,4,6,45-64,.15168495,.29317847,14
36740,2015,2,2,18-29,0,1,1
36740,2015,2,6,18-29,0,0,2
36740,2015,3,1,18-29,0,0,2
36740,2015,3,2,18-29,0,.51132399,2
36740,2015,3,6,18-29,0,1,2
36740,2015,4,1,18-29,0,.38073722,3
36740,2015,4,6,18-29,0,.77309716,5
36740,2015,1,2,30-44,0,1,2
36740,2015,2,2,30-44,0,1,2
36740,2015,2,6,30-44,0,.31398422,3
36740,2015,3,1,30-44,0,0,1
36740,2015,3,2,30-44,.24767919,.5009231,4
36740,2015,3,6,30-44,.07530304,.30280706,13
36740,2015,3,7,30-44,0,0,1
36740,2015,4,1,30-44,0,1,3
36740,2015,4,2,30-44,0,.49494809,4
36740,2015,4,3,30-44,.24095744,.75396991,4
36740,2015,4,6,30-44,.23884565,.56295711,5
36740,2015,1,6,45-64,0,0,1
36740,2015,2,1,45-64,0,0,4
36740,2015,2,2,45-64,0,0,2
36740,2015,2,6,45-64,.25109595,.27254072,4
36740,2015,3,1,45-64,0,0,1
36740,2015,3,2,45-64,.69646418,.30353585,3
36740,2015,3,6,45-64,.07603398,.1602371,14
36740,2015,4,1,45-64,0,0,1
36740,2015,4,2,45-64,0,.51323146,2
36740,2015,4,6,45-64,.13671465,.39027709,8
36740,2017,1,1,18-29,0,1,1
36740,2017,1,2,18-29,0,0,1
36740,2017,1,6,18-29,0,0,1
36740,2017,2,6,18-29,0,1,2
36740,2017,3,1,18-29,0,1,1
36740,2017,3,2,18-29,0,1,1
36740,2017,3,6,18-29,0,.63591158,5
36740,2017,4,2,18-29,0,1,3
36740,2017,4,3,18-29,0,0,1
36740,2017,4,6,18-29,0,1,3
36740,2017,1,2,30-44,0,,2
36740,2017,2,1,30-44,0,1,3
36740,2017,2,2,30-44,0,.23982878,4
36740,2017,2,6,30-44,0,.66095078,3
36740,2017,3,1,30-44,.34051162,.80957031,5
36740,2017,3,2,30-44,0,1,3
36740,2017,3,3,30-44,0,0,1
36740,2017,3,6,30-44,.12613907,.64371163,10
36740,2017,4,1,30-44,0,0,1
36740,2017,4,2,30-44,0,1,3
36740,2017,4,3,30-44,0,1,1
36740,2017,4,6,30-44,.13107263,.86924005,8
36740,2017,1,1,45-64,0,,1
36740,2017,1,3,45-64,1,0,1
36740,2017,2,1,45-64,0,1,1
36740,2017,2,2,45-64,0,.47682068,2
36740,2017,2,6,45-64,0,.32866505,3
36740,2017,3,1,45-64,0,0,2
36740,2017,3,2,45-64,0,.63259858,6
36740,2017,3,3,45-64,0,.7203446,3
36740,2017,3,6,45-64,.28139323,.39348483,10
36740,2017,4,1,45-64,0,0,3
36740,2017,4,2,45-64,0,1,2
36740,2017,4,6,45-64,0,.42875898,10
36740,2017,4,7,45-64,1,1,1
36740,2019,2,2,18-29,.27467611,,4
36740,2019,3,1,18-29,0,,1
36740,2019,3,2,18-29,0,,1
36740,2019,3,3,18-29,0,,1
36740,2019,3,6,18-29,.32427612,,7
36740,2019,4,2,18-29,0,,1
36740,2019,4,6,18-29,0,,1
36740,2019,2,1,30-44,0,,2
36740,2019,2,2,30-44,0,,2
36740,2019,2,6,30-44,0,,1
36740,2019,3,1,30-44,0,,1
36740,2019,3,2,30-44,.33283362,,3
36740,2019,3,6,30-44,0,,6
36740,2019,4,2,30-44,.42883873,,2
36740,2019,4,3,30-44,.34232122,,3
36740,2019,4,6,30-44,0,,6
36740,2019,4,7,30-44,0,,1
36740,2019,1,2,45-64,0,,2
36740,2019,1,6,45-64,0,,1
36740,2019,2,6,45-64,0,,4
36740,2019,3,1,45-64,0,,1
36740,2019,3,2,45-64,0,,2
36740,2019,3,6,45-64,.1198919,,8
36740,2019,4,2,45-64,.14818038,,7
36740,2019,4,3,45-64,0,,1
36740,2019,4,6,45-64,0,,7
36740,2021,2,2,18-29,0,,2
36740,2021,2,6,18-29,0,,1
36740,2021,3,2,18-29,.25610286,,5
36740,2021,3,6,18-29,0,,4
36740,2021,4,1,18-29,1,,1
36740,2021,4,2,18-29,0,,3
36740,2021,4,6,18-29,0,,1
36740,2021,2,3,30-44,0,,1
36740,2021,2,6,30-44,0,,1
36740,2021,3,1,30-44,0,,1
36740,2021,3,2,30-44,0,,1
36740,2021,3,6,30-44,0,,1
36740,2021,4,1,30-44,.30458021,,3
36740,2021,4,2,30-44,.20301545,,6
36740,2021,4,3,30-44,0,,1
36740,2021,4,6,30-44,.084438242,,11
36740,2021,1,1,45-64,0,,1
36740,2021,2,1,45-64,0,,2
36740,2021,2,2,45-64,.35675743,,3
36740,2021,2,3,45-64,0,,1
36740,2021,2,6,45-64,0,,3
36740,2021,3,1,45-64,0,,1
36740,2021,3,2,45-64,0,,9
36740,2021,3,6,45-64,.11700009,,7
36740,2021,4,1,45-64,0,,1
36740,2021,4,2,45-64,.11434293,,7
36740,2021,4,6,45-64,.12382792,,8
36740,2023,1,2,18-29,0,,1
36740,2023,2,2,18-29,0,,2
36740,2023,2,6,18-29,0,,2
36740,2023,3,2,18-29,0,,3
36740,2023,3,6,18-29,0,,3
36740,2023,4,2,18-29,0,,1
36740,2023,4,6,18-29,0,,1
36740,2023,4,7,18-29,.55055475,,2
36740,2023,1,3,30-44,0,,1
36740,2023,2,2,30-44,0,,2
36740,2023,2,3,30-44,0,,1
36740,2023,2,6,30-44,0,,1
36740,2023,3,1,30-44,0,,2
36740,2023,3,2,30-44,0,,4
36740,2023,3,3,30-44,0,,1
36740,2023,3,6,30-44,0,,4
36740,2023,4,1,30-44,0,,2
36740,2023,4,2,30-44,0,,3
36740,2023,4,3,30-44,0,,3
36740,2023,4,6,30-44,0,,2
36740,2023,4,7,30-44,0,,1
36740,2023,1,1,45-64,0,,1
36740,2023,2,1,45-64,0,,1
36740,2023,2,2,45-64,0,,3
36740,2023,2,6,45-64,.28315878,,4
36740,2023,2,7,45-64,0,,2
36740,2023,3,1,45-64,0,,1
36740,2023,3,2,45-64,.17137113,,6
36740,2023,3,6,45-64,.13838679,,7
36740,2023,4,1,45-64,0,,2
36740,2023,4,2,45-64,.26566774,,8
36740,2023,4,6,45-64,0,,7
36780,2013,3,6,18-29,0,0,2
36780,2013,4,6,30-44,0,1,1
36780,2013,1,6,45-64,0,0,1
36780,2013,2,6,45-64,.34105691,0,3
36780,2013,3,6,45-64,0,0,2
36780,2013,4,6,45-64,0,.25035375,4
36780,2015,2,6,18-29,0,0,1
36780,2015,3,6,18-29,0,1,1
36780,2015,4,6,18-29,0,1,1
36780,2015,2,6,30-44,0,0,2
36780,2015,3,6,30-44,0,0,1
36780,2015,4,6,30-44,0,1,1
36780,2015,1,6,45-64,0,0,1
36780,2015,3,6,45-64,.26160109,.79142398,4
36780,2015,4,6,45-64,0,.40481317,2
36780,2017,2,6,18-29,0,.30051368,3
36780,2017,3,6,18-29,0,0,1
36780,2017,2,6,30-44,0,.49845073,2
36780,2017,3,2,30-44,0,1,1
36780,2017,3,6,30-44,0,.53665185,4
36780,2017,4,6,30-44,0,0,1
36780,2017,2,6,45-64,0,0,1
36780,2017,3,6,45-64,1,0,1
36780,2019,3,6,18-29,0,,1
36780,2019,2,6,30-44,0,,1
36780,2019,3,6,30-44,0,,1
36780,2019,4,2,30-44,0,,1
36780,2019,4,6,30-44,0,,2
36780,2019,2,6,45-64,0,,1
36780,2019,4,6,45-64,0,,2
36780,2021,3,6,18-29,0,,1
36780,2021,2,6,30-44,0,,2
36780,2021,3,6,30-44,0,,1
36780,2021,2,6,45-64,0,,1
36780,2021,3,6,45-64,0,,1
36780,2023,3,6,30-44,0,,2
36780,2023,4,6,30-44,0,,1
36780,2023,2,6,45-64,0,,1
36780,2023,3,6,45-64,0,,1
36780,2023,4,6,45-64,0,,3
37100,2013,1,2,18-29,0,,1
37100,2013,2,2,18-29,0,0,1
37100,2013,3,2,18-29,0,1,1
37100,2013,1,2,30-44,.16467552,0,5
37100,2013,2,2,30-44,0,0,1
37100,2013,3,1,30-44,0,1,1
37100,2013,3,3,30-44,0,0,2
37100,2013,3,5,30-44,1,0,1
37100,2013,3,6,30-44,0,.23514092,4
37100,2013,4,2,30-44,0,0,2
37100,2013,4,6,30-44,.31081238,1,3
37100,2013,1,2,45-64,1,0,1
37100,2013,2,2,45-64,0,0,1
37100,2013,2,5,45-64,0,0,1
37100,2013,2,6,45-64,.60399818,0,5
37100,2013,3,1,45-64,0,0,1
37100,2013,3,2,45-64,0,0,1
37100,2013,3,6,45-64,0,0,3
37100,2013,4,3,45-64,0,0,1
37100,2013,4,6,45-64,.14893934,.63606852,12
37100,2015,1,2,18-29,0,0,1
37100,2015,3,2,18-29,0,0,1
37100,2015,4,2,18-29,0,0,1
37100,2015,4,6,18-29,0,0,1
37100,2015,1,2,30-44,0,0,1
37100,2015,2,2,30-44,0,,1
37100,2015,2,6,30-44,1,1,1
37100,2015,3,2,30-44,0,.54326653,2
37100,2015,3,6,30-44,0,1,1
37100,2015,4,1,30-44,0,1,1
37100,2015,4,2,30-44,0,0,1
37100,2015,4,6,30-44,0,1,1
37100,2015,4,7,30-44,0,0,1
37100,2015,1,2,45-64,0,0,3
37100,2015,2,6,45-64,0,.46995819,4
37100,2015,3,2,45-64,0,.3464289,3
37100,2015,3,6,45-64,.33012319,.15502451,6
37100,2015,4,1,45-64,0,1,1
37100,2015,4,3,45-64,0,.42693201,2
37100,2015,4,6,45-64,.42262098,.14570615,7
37100,2015,4,7,45-64,0,0,1
37100,2017,3,2,18-29,0,1,1
37100,2017,3,6,18-29,0,0,1
37100,2017,1,2,30-44,0,,1
37100,2017,2,2,30-44,0,.52061558,2
37100,2017,2,6,30-44,0,1,1
37100,2017,3,2,30-44,0,1,1
37100,2017,3,6,30-44,0,0,2
37100,2017,4,2,30-44,0,0,1
37100,2017,4,3,30-44,0,.4283964,3
37100,2017,4,6,30-44,0,.66935015,3
37100,2017,1,2,45-64,0,.67264104,3
37100,2017,1,6,45-64,0,0,1
37100,2017,2,2,45-64,0,.7706452,3
37100,2017,2,6,45-64,.32395837,0,3
37100,2017,3,1,45-64,0,1,1
37100,2017,3,2,45-64,0,1,1
37100,2017,3,6,45-64,.3024765,.42516923,7
37100,2017,4,3,45-64,0,0,1
37100,2017,4,6,45-64,0,0,3
37100,2019,3,2,18-29,0,,1
37100,2019,4,3,18-29,0,,1
37100,2019,4,6,18-29,0,,1
37100,2019,1,2,30-44,0,,1
37100,2019,2,2,30-44,0,,1
37100,2019,3,2,30-44,.42246529,,5
37100,2019,3,6,30-44,.53001398,,2
37100,2019,4,2,30-44,0,,2
37100,2019,4,3,30-44,.53600502,,2
37100,2019,4,6,30-44,0,,1
37100,2019,1,2,45-64,0,,4
37100,2019,2,2,45-64,0,,1
37100,2019,2,3,45-64,1,,1
37100,2019,2,6,45-64,0,,1
37100,2019,3,2,45-64,1,,1
37100,2019,3,6,45-64,.22992916,,4
37100,2019,4,3,45-64,0,,1
37100,2019,4,6,45-64,0,,3
37100,2021,2,7,18-29,0,,1
37100,2021,3,6,18-29,0,,1
37100,2021,4,2,18-29,0,,1
37100,2021,2,6,30-44,.49337512,,2
37100,2021,3,2,30-44,0,,3
37100,2021,3,3,30-44,0,,1
37100,2021,3,6,30-44,.25618497,,4
37100,2021,4,6,30-44,.48941809,,4
37100,2021,1,2,45-64,0,,1
37100,2021,1,6,45-64,0,,1
37100,2021,2,2,45-64,0,,4
37100,2021,2,6,45-64,.47178158,,2
37100,2021,3,2,45-64,0,,1
37100,2021,3,6,45-64,.48398036,,2
37100,2021,4,1,45-64,0,,1
37100,2021,4,2,45-64,0,,1
37100,2021,4,6,45-64,.089931883,,11
37100,2023,2,2,18-29,0,,1
37100,2023,2,6,18-29,0,,1
37100,2023,3,2,18-29,0,,1
37100,2023,4,6,18-29,0,,3
37100,2023,1,2,30-44,0,,1
37100,2023,2,2,30-44,0,,2
37100,2023,3,2,30-44,0,,1
37100,2023,3,6,30-44,0,,3
37100,2023,4,2,30-44,0,,1
37100,2023,4,3,30-44,0,,1
37100,2023,4,6,30-44,0,,3
37100,2023,1,2,45-64,0,,1
37100,2023,2,2,45-64,0,,1
37100,2023,2,6,45-64,0,,1
37100,2023,3,2,45-64,0,,2
37100,2023,4,2,45-64,0,,1
37100,2023,4,3,45-64,0,,1
37100,2023,4,6,45-64,0,,3
37340,2013,3,6,18-29,0,0,1
37340,2013,2,6,30-44,0,1,4
37340,2013,3,1,30-44,0,,1
37340,2013,3,6,30-44,0,.3798368,3
37340,2013,4,1,30-44,0,1,1
37340,2013,4,6,30-44,.16468444,.31578711,6
37340,2013,2,6,45-64,0,0,3
37340,2013,3,1,45-64,0,0,1
37340,2013,3,6,45-64,0,,1
37340,2013,4,6,45-64,.33924472,0,3
37340,2015,3,1,18-29,0,0,1
37340,2015,3,6,18-29,0,,1
37340,2015,4,1,18-29,0,1,1
37340,2015,2,6,30-44,0,0,1
37340,2015,3,1,30-44,0,,1
37340,2015,3,6,30-44,1,1,1
37340,2015,1,1,45-64,0,0,1
37340,2015,1,6,45-64,0,0,1
37340,2015,2,2,45-64,0,1,1
37340,2015,2,6,45-64,0,.48175403,2
37340,2015,3,6,45-64,0,.57210487,7
37340,2015,4,2,45-64,0,0,1
37340,2015,4,6,45-64,.33977744,1,3
37340,2017,3,6,18-29,0,1,2
37340,2017,4,3,18-29,0,1,1
37340,2017,3,6,30-44,0,.40735745,2
37340,2017,4,6,30-44,0,1,1
37340,2017,2,1,45-64,0,1,1
37340,2017,2,6,45-64,0,.55750054,2
37340,2017,3,1,45-64,1,1,1
37340,2017,3,2,45-64,0,1,1
37340,2017,3,6,45-64,0,0,2
37340,2017,4,1,45-64,0,0,1
37340,2017,4,3,45-64,0,1,1
37340,2017,4,6,45-64,.38473964,.40917063,5
37340,2019,1,6,18-29,0,,1
37340,2019,3,6,18-29,0,,2
37340,2019,4,6,18-29,0,,2
37340,2019,1,2,30-44,0,,1
37340,2019,3,6,30-44,0,,4
37340,2019,2,6,45-64,0,,2
37340,2019,3,2,45-64,0,,1
37340,2019,3,6,45-64,.33473346,,9
37340,2019,4,6,45-64,0,,3
37340,2021,4,3,18-29,0,,1
37340,2021,4,6,18-29,0,,1
37340,2021,2,2,30-44,0,,1
37340,2021,3,2,30-44,1,,1
37340,2021,3,6,30-44,0,,1
37340,2021,4,2,30-44,0,,1
37340,2021,4,6,30-44,0,,5
37340,2021,1,6,45-64,0,,1
37340,2021,3,1,45-64,0,,2
37340,2021,3,2,45-64,0,,2
37340,2021,3,6,45-64,0,,3
37340,2021,4,2,45-64,0,,1
37340,2021,4,3,45-64,0,,1
37340,2021,4,6,45-64,0,,11
37340,2023,2,6,18-29,0,,1
37340,2023,4,6,18-29,0,,1
37340,2023,2,6,30-44,0,,1
37340,2023,3,6,30-44,.47938579,,2
37340,2023,4,6,30-44,0,,1
37340,2023,2,6,45-64,.49084547,,2
37340,2023,3,6,45-64,.31501842,,3
37340,2023,4,1,45-64,0,,1
37340,2023,4,6,45-64,.54843205,,2
37460,2013,3,6,18-29,0,,1
37460,2013,3,6,30-44,0,,1
37460,2013,1,6,45-64,0,0,1
37460,2013,2,1,45-64,0,0,1
37460,2013,2,2,45-64,0,1,1
37460,2013,2,6,45-64,0,0,1
37460,2013,3,6,45-64,0,0,2
37460,2015,1,6,18-29,0,0,1
37460,2015,2,2,18-29,0,0,1
37460,2015,3,6,18-29,0,1,1
37460,2015,3,6,30-44,0,0,1
37460,2015,4,6,30-44,0,0,1
37460,2015,1,6,45-64,1,0,1
37460,2015,2,6,45-64,0,0,1
37460,2015,3,1,45-64,0,1,1
37460,2015,4,1,45-64,0,1,1
37460,2015,4,6,45-64,0,.536331,2
37460,2017,2,6,30-44,0,1,1
37460,2017,4,6,30-44,0,1,1
37460,2017,2,3,45-64,1,0,1
37460,2017,2,6,45-64,1,1,1
37460,2017,3,6,45-64,0,0,1
37460,2017,4,6,45-64,0,1,1
37460,2019,3,6,18-29,0,,1
37460,2019,2,6,30-44,0,,1
37460,2019,3,6,30-44,.57151902,,2
37460,2019,4,1,30-44,0,,1
37460,2019,3,6,45-64,0,,1
37460,2019,4,6,45-64,0,,1
37460,2021,2,6,18-29,0,,1
37460,2021,4,6,18-29,0,,1
37460,2021,2,6,30-44,0,,1
37460,2021,3,1,30-44,0,,1
37460,2021,4,2,30-44,0,,1
37460,2021,2,6,45-64,1,,1
37460,2021,3,1,45-64,0,,1
37460,2021,3,6,45-64,0,,1
37460,2021,4,6,45-64,0,,5
37460,2023,1,1,18-29,0,,1
37460,2023,1,6,18-29,0,,1
37460,2023,2,6,18-29,1,,1
37460,2023,2,1,30-44,0,,1
37460,2023,2,6,30-44,0,,1
37460,2023,3,6,30-44,0,,2
37460,2023,4,6,30-44,0,,2
37460,2023,2,6,45-64,1,,1
37460,2023,3,6,45-64,0,,2
37460,2023,4,6,45-64,.57121503,,5
37860,2013,3,1,18-29,0,0,1
37860,2013,3,6,18-29,0,0,1
37860,2013,4,6,18-29,0,0,1
37860,2013,2,6,30-44,.45863143,.45863143,2
37860,2013,3,6,30-44,0,.34610128,3
37860,2013,4,6,30-44,1,0,1
37860,2013,1,1,45-64,0,0,1
37860,2013,2,6,45-64,.31148535,0,3
37860,2013,3,1,45-64,0,0,1
37860,2013,3,2,45-64,0,0,1
37860,2013,3,4,45-64,0,1,1
37860,2013,3,6,45-64,.20947748,.20947748,5
37860,2013,4,1,45-64,0,0,1
37860,2013,4,6,45-64,.45309702,1,2
37860,2015,1,1,18-29,0,,1
37860,2015,2,1,18-29,0,1,1
37860,2015,4,6,18-29,0,1,1
37860,2015,2,1,30-44,0,0,1
37860,2015,2,6,30-44,0,0,1
37860,2015,3,1,30-44,0,1,1
37860,2015,3,6,30-44,0,,1
37860,2015,4,6,30-44,1,1,1
37860,2015,3,6,45-64,0,.17907055,6
37860,2015,3,7,45-64,1,0,1
37860,2015,4,4,45-64,0,1,1
37860,2015,4,6,45-64,0,.45923549,2
37860,2017,2,1,18-29,0,1,1
37860,2017,3,1,18-29,0,1,1
37860,2017,3,6,18-29,0,0,1
37860,2017,4,6,18-29,0,1,1
37860,2017,3,2,30-44,0,1,1
37860,2017,3,6,30-44,0,1,2
37860,2017,4,6,30-44,0,.58644474,2
37860,2017,2,6,45-64,0,.32081404,3
37860,2017,3,6,45-64,0,0,2
37860,2017,4,1,45-64,0,.57258314,2
37860,2017,4,6,45-64,0,.27395433,4
37860,2019,2,6,18-29,0,,1
37860,2019,3,5,18-29,0,,1
37860,2019,3,6,18-29,0,,1
37860,2019,2,6,30-44,0,,2
37860,2019,3,7,30-44,0,,1
37860,2019,4,4,30-44,0,,1
37860,2019,4,6,30-44,0,,2
37860,2019,4,6,45-64,0,,2
37860,2021,2,5,18-29,0,,1
37860,2021,3,1,18-29,0,,1
37860,2021,4,1,18-29,0,,1
37860,2021,4,6,18-29,0,,1
37860,2021,2,1,30-44,0,,1
37860,2021,2,6,30-44,.30518264,,3
37860,2021,3,6,30-44,0,,1
37860,2021,4,1,30-44,0,,1
37860,2021,4,6,30-44,0,,1
37860,2021,4,7,30-44,1,,1
37860,2021,2,1,45-64,0,,1
37860,2021,2,6,45-64,0,,1
37860,2021,3,4,45-64,0,,1
37860,2021,3,6,45-64,0,,6
37860,2021,4,6,45-64,0,,2
37860,2023,2,6,30-44,0,,1
37860,2023,3,6,30-44,0,,2
37860,2023,4,3,30-44,0,,1
37860,2023,4,6,30-44,.22917461,,4
37860,2023,2,6,45-64,0,,1
37860,2023,3,1,45-64,0,,1
37860,2023,3,6,45-64,0,,2
37860,2023,4,6,45-64,.27244207,,3
37900,2013,3,6,18-29,0,0,2
37900,2013,4,6,18-29,0,.38744619,3
37900,2013,2,6,30-44,0,0,3
37900,2013,3,6,30-44,0,0,5
37900,2013,4,6,30-44,0,0,2
37900,2013,2,6,45-64,0,0,1
37900,2013,3,2,45-64,0,0,1
37900,2013,3,6,45-64,0,0,3
37900,2013,4,6,45-64,0,0,1
37900,2015,2,6,30-44,0,.33742881,3
37900,2015,3,6,30-44,0,1,4
37900,2015,4,4,30-44,0,0,1
37900,2015,4,6,30-44,0,.5499835,4
37900,2015,2,6,45-64,0,0,3
37900,2015,3,6,45-64,.18358298,.52889454,6
37900,2015,4,6,45-64,.20011306,0,5
37900,2017,3,6,18-29,0,1,1
37900,2017,4,6,18-29,0,1,1
37900,2017,1,2,30-44,1,0,1
37900,2017,2,1,30-44,0,0,1
37900,2017,2,6,30-44,0,.68246388,3
37900,2017,3,6,30-44,0,0,1
37900,2017,1,2,45-64,0,1,1
37900,2017,3,6,45-64,0,.30136243,3
37900,2017,4,6,45-64,.51635128,.51635128,2
37900,2019,2,1,18-29,0,,2
37900,2019,3,6,18-29,0,,2
37900,2019,4,6,18-29,0,,2
37900,2019,1,2,30-44,0,,1
37900,2019,1,6,30-44,0,,1
37900,2019,2,6,30-44,0,,1
37900,2019,3,1,30-44,0,,1
37900,2019,3,6,30-44,0,,1
37900,2019,4,6,30-44,0,,1
37900,2019,2,1,45-64,0,,1
37900,2019,3,6,45-64,0,,2
37900,2019,4,6,45-64,0,,2
37900,2021,4,3,18-29,0,,1
37900,2021,4,6,18-29,0,,1
37900,2021,2,2,30-44,0,,1
37900,2021,3,6,30-44,0,,3
37900,2021,4,3,30-44,0,,1
37900,2021,4,6,30-44,0,,1
37900,2021,2,6,45-64,0,,1
37900,2021,3,6,45-64,0,,1
37900,2021,4,6,45-64,0,,2
37900,2023,4,6,18-29,0,,2
37900,2023,2,6,30-44,0,,1
37900,2023,3,6,30-44,0,,3
37900,2023,4,3,30-44,0,,1
37900,2023,4,6,30-44,0,,4
37900,2023,3,6,45-64,0,,3
37900,2023,4,6,45-64,0,,1
37980,2013,1,1,18-29,0,0,1
37980,2013,1,2,18-29,0,.28695184,4
37980,2013,2,1,18-29,0,0,10
37980,2013,2,2,18-29,0,1,2
37980,2013,2,6,18-29,0,.39958745,9
37980,2013,3,1,18-29,0,1,2
37980,2013,3,2,18-29,0,0,2
37980,2013,3,4,18-29,0,1,1
37980,2013,3,6,18-29,0,.12354039,8
37980,2013,4,1,18-29,0,.46369463,4
37980,2013,4,3,18-29,0,.10078431,3
37980,2013,4,6,18-29,.014730126,.89504057,16
37980,2013,1,1,30-44,0,0,2
37980,2013,1,2,30-44,0,0,1
37980,2013,1,6,30-44,0,0,2
37980,2013,2,1,30-44,.1230988,.28309911,12
37980,2013,2,2,30-44,.20793797,.12715143,8
37980,2013,2,3,30-44,.93010205,.044482913,4
37980,2013,2,6,30-44,.058487859,.28095624,29
37980,2013,3,1,30-44,0,.32120728,11
37980,2013,3,2,30-44,0,.081876211,4
37980,2013,3,3,30-44,.56696016,.43303981,2
37980,2013,3,6,30-44,.05089495,.51731873,24
37980,2013,3,7,30-44,0,1,1
37980,2013,4,1,30-44,.018346481,.2098165,9
37980,2013,4,2,30-44,0,.27720192,4
37980,2013,4,3,30-44,.16878419,.19714348,10
37980,2013,4,5,30-44,0,0,1
37980,2013,4,6,30-44,.1437674,.39447895,60
37980,2013,4,7,30-44,0,1,1
37980,2013,1,2,45-64,1,0,1
37980,2013,1,6,45-64,.30607155,0,4
37980,2013,2,1,45-64,.093228683,.12351263,15
37980,2013,2,2,45-64,0,0,3
37980,2013,2,3,45-64,0,0,1
37980,2013,2,6,45-64,.10103228,.1719358,62
37980,2013,2,7,45-64,1,0,1
37980,2013,3,1,45-64,.020812413,.099575981,15
37980,2013,3,2,45-64,0,.22631751,4
37980,2013,3,3,45-64,.89633042,.90737015,3
37980,2013,3,6,45-64,.074946761,.22427154,50
37980,2013,4,1,45-64,.016621208,0,15
37980,2013,4,2,45-64,0,0,2
37980,2013,4,3,45-64,0,.78184408,4
37980,2013,4,6,45-64,.12753057,.26867744,85
37980,2015,1,1,18-29,0,0,1
37980,2015,1,2,18-29,0,.36994296,4
37980,2015,1,6,18-29,0,0,1
37980,2015,2,1,18-29,0,0,4
37980,2015,2,2,18-29,0,0,5
37980,2015,2,6,18-29,.34345821,.88137597,6
37980,2015,3,1,18-29,0,1,1
37980,2015,3,6,18-29,.035888027,1,7
37980,2015,4,1,18-29,0,0,1
37980,2015,4,2,18-29,0,.32579613,3
37980,2015,4,6,18-29,0,.36643174,22
37980,2015,1,2,30-44,0,.67265123,5
37980,2015,1,3,30-44,0,0,2
37980,2015,1,6,30-44,.073458835,.073458835,4
37980,2015,2,1,30-44,0,.15394114,7
37980,2015,2,2,30-44,0,0,4
37980,2015,2,6,30-44,.1691625,.2447481,19
37980,2015,3,1,30-44,0,.68638074,9
37980,2015,3,2,30-44,.35123825,.64876175,4
37980,2015,3,3,30-44,0,0,1
37980,2015,3,6,30-44,.013116396,.65309203,22
37980,2015,4,1,30-44,0,.75362027,13
37980,2015,4,2,30-44,0,1,1
37980,2015,4,3,30-44,0,.96906072,6
37980,2015,4,6,30-44,.085603364,.45784709,49
37980,2015,1,2,45-64,0,.66069376,2
37980,2015,1,3,45-64,0,1,1
37980,2015,1,6,45-64,0,.28430152,7
37980,2015,2,1,45-64,.076491036,.012751933,14
37980,2015,2,2,45-64,.078782417,0,3
37980,2015,2,3,45-64,0,0,1
37980,2015,2,6,45-64,.030890198,.2245629,43
37980,2015,3,1,45-64,.032894257,.031605508,10
37980,2015,3,2,45-64,0,0,1
37980,2015,3,6,45-64,.061977714,.44907379,31
37980,2015,3,7,45-64,0,.71558762,3
37980,2015,4,1,45-64,0,.29011577,9
37980,2015,4,2,45-64,0,1,1
37980,2015,4,3,45-64,.28668663,.50197417,7
37980,2015,4,6,45-64,.092295393,.3437539,86
37980,2015,4,7,45-64,0,0,1
37980,2017,1,2,18-29,1,,1
37980,2017,1,6,18-29,0,0,1
37980,2017,2,1,18-29,0,.84895062,2
37980,2017,2,2,18-29,0,1,1
37980,2017,2,6,18-29,0,0,1
37980,2017,3,1,18-29,0,1,1
37980,2017,3,2,18-29,0,0,1
37980,2017,3,6,18-29,0,.87084126,9
37980,2017,4,1,18-29,0,.28137165,2
37980,2017,4,3,18-29,0,.65082127,5
37980,2017,4,6,18-29,0,1,10
37980,2017,1,1,30-44,0,,1
37980,2017,1,2,30-44,.27356341,0,2
37980,2017,1,6,30-44,0,1,2
37980,2017,2,1,30-44,.75371599,.84238946,3
37980,2017,2,2,30-44,0,.43780366,4
37980,2017,2,3,30-44,.34439915,.34439915,3
37980,2017,2,6,30-44,0,.54874861,9
37980,2017,3,1,30-44,.12047255,.8613767,8
37980,2017,3,2,30-44,0,1,2
37980,2017,3,3,30-44,0,0,1
37980,2017,3,6,30-44,.085261524,.75608164,19
37980,2017,4,1,30-44,0,.61575687,8
37980,2017,4,2,30-44,0,1,2
37980,2017,4,3,30-44,0,.98085546,9
37980,2017,4,6,30-44,.12325104,.68662935,48
37980,2017,1,1,45-64,0,0,2
37980,2017,1,6,45-64,0,1,2
37980,2017,2,1,45-64,0,0,5
37980,2017,2,3,45-64,.082897902,0,2
37980,2017,2,6,45-64,.13642095,.31400925,35
37980,2017,3,1,45-64,.41875777,.28182915,7
37980,2017,3,3,45-64,1,1,1
37980,2017,3,6,45-64,.0063376059,.18605766,28
37980,2017,4,1,45-64,0,.085906699,8
37980,2017,4,2,45-64,0,0,1
37980,2017,4,3,45-64,0,.3380335,10
37980,2017,4,4,45-64,0,0,1
37980,2017,4,6,45-64,.21950673,.52550721,76
37980,2019,1,3,18-29,0,,1
37980,2019,2,2,18-29,0,,1
37980,2019,2,6,18-29,1,,1
37980,2019,3,1,18-29,0,,1
37980,2019,3,2,18-29,0,,2
37980,2019,3,6,18-29,.063601099,,7
37980,2019,4,1,18-29,0,,2
37980,2019,4,3,18-29,0,,3
37980,2019,4,6,18-29,0,,10
37980,2019,1,1,30-44,0,,2
37980,2019,1,2,30-44,.57660615,,2
37980,2019,1,3,30-44,0,,1
37980,2019,1,6,30-44,0,,1
37980,2019,2,1,30-44,0,,4
37980,2019,2,2,30-44,0,,2
37980,2019,2,3,30-44,0,,2
37980,2019,2,6,30-44,.028280597,,11
37980,2019,3,1,30-44,0,,5
37980,2019,3,2,30-44,0,,1
37980,2019,3,6,30-44,.368496,,14
37980,2019,4,1,30-44,0,,2
37980,2019,4,2,30-44,0,,2
37980,2019,4,3,30-44,0,,8
37980,2019,4,6,30-44,.014145566,,66
37980,2019,4,7,30-44,0,,1
37980,2019,1,3,45-64,0,,1
37980,2019,1,6,45-64,0,,2
37980,2019,2,1,45-64,0,,5
37980,2019,2,2,45-64,0,,1
37980,2019,2,3,45-64,0,,1
37980,2019,2,4,45-64,1,,1
37980,2019,2,6,45-64,.21521859,,33
37980,2019,3,1,45-64,0,,6
37980,2019,3,3,45-64,1,,1
37980,2019,3,6,45-64,.11777195,,17
37980,2019,4,1,45-64,0,,3
37980,2019,4,2,45-64,0,,2
37980,2019,4,3,45-64,0,,3
37980,2019,4,6,45-64,.087733515,,61
37980,2021,2,2,18-29,0,,1
37980,2021,2,3,18-29,0,,1
37980,2021,2,6,18-29,0,,8
37980,2021,3,1,18-29,0,,1
37980,2021,3,3,18-29,0,,1
37980,2021,3,6,18-29,.17648354,,5
37980,2021,3,7,18-29,0,,1
37980,2021,4,2,18-29,0,,1
37980,2021,4,3,18-29,0,,1
37980,2021,4,6,18-29,0,,19
37980,2021,1,1,30-44,,,0
37980,2021,1,2,30-44,1,,1
37980,2021,1,3,30-44,0,,1
37980,2021,1,4,30-44,0,,1
37980,2021,2,1,30-44,0,,6
37980,2021,2,3,30-44,0,,1
37980,2021,2,6,30-44,.033856247,,9
37980,2021,3,4,30-44,1,,1
37980,2021,3,6,30-44,0,,7
37980,2021,4,1,30-44,.35282445,,4
37980,2021,4,2,30-44,0,,4
37980,2021,4,3,30-44,.016114797,,11
37980,2021,4,6,30-44,.069282562,,55
37980,2021,4,7,30-44,0,,2
37980,2021,1,1,45-64,0,,1
37980,2021,1,2,45-64,0,,3
37980,2021,1,3,45-64,1,,1
37980,2021,1,6,45-64,0,,1
37980,2021,2,1,45-64,.15717614,,7
37980,2021,2,2,45-64,1,,1
37980,2021,2,3,45-64,0,,1
37980,2021,2,6,45-64,0,,16
37980,2021,2,7,45-64,0,,1
37980,2021,3,1,45-64,0,,4
37980,2021,3,2,45-64,0,,2
37980,2021,3,6,45-64,.0092308,,25
37980,2021,4,1,45-64,0,,15
37980,2021,4,2,45-64,.27632636,,8
37980,2021,4,3,45-64,0,,1
37980,2021,4,6,45-64,.13704556,,68
37980,2021,4,7,45-64,0,,1
37980,2023,1,1,18-29,0,,1
37980,2023,2,2,18-29,1,,1
37980,2023,2,6,18-29,0,,7
37980,2023,2,7,18-29,0,,1
37980,2023,3,1,18-29,0,,1
37980,2023,3,6,18-29,0,,4
37980,2023,4,1,18-29,0,,1
37980,2023,4,3,18-29,0,,2
37980,2023,4,6,18-29,0,,8
37980,2023,1,2,30-44,0,,1
37980,2023,1,6,30-44,0,,1
37980,2023,2,1,30-44,0,,5
37980,2023,2,2,30-44,0,,2
37980,2023,2,6,30-44,0,,7
37980,2023,3,1,30-44,0,,3
37980,2023,3,2,30-44,1,,1
37980,2023,3,6,30-44,.11609903,,10
37980,2023,3,7,30-44,0,,1
37980,2023,4,1,30-44,0,,3
37980,2023,4,2,30-44,.21374492,,5
37980,2023,4,3,30-44,.14794983,,7
37980,2023,4,6,30-44,.16718343,,50
37980,2023,1,1,45-64,0,,1
37980,2023,1,2,45-64,0,,1
37980,2023,2,1,45-64,0,,8
37980,2023,2,2,45-64,0,,2
37980,2023,2,3,45-64,0,,1
37980,2023,2,4,45-64,0,,1
37980,2023,2,6,45-64,.20471293,,10
37980,2023,3,1,45-64,.051559463,,8
37980,2023,3,2,45-64,.15930401,,6
37980,2023,3,3,45-64,.2072797,,2
37980,2023,3,6,45-64,.19146766,,20
37980,2023,4,1,45-64,0,,11
37980,2023,4,2,45-64,0,,4
37980,2023,4,3,45-64,0,,6
37980,2023,4,6,45-64,.12846962,,54
37980,2023,4,7,45-64,0,,1
38060,2013,1,2,18-29,0,,1
38060,2013,2,2,18-29,.29328981,1,4
38060,2013,2,6,18-29,.32960561,0,3
38060,2013,3,2,18-29,0,.44514605,6
38060,2013,3,6,18-29,0,.4124507,5
38060,2013,4,2,18-29,1,0,1
38060,2013,4,6,18-29,0,.81529176,5
38060,2013,1,2,30-44,.18682165,0,5
38060,2013,1,3,30-44,0,,1
38060,2013,1,4,30-44,0,,1
38060,2013,1,6,30-44,0,0,1
38060,2013,2,2,30-44,0,.38138855,6
38060,2013,2,6,30-44,.16963926,.40646684,6
38060,2013,3,1,30-44,0,,1
38060,2013,3,2,30-44,0,.60706532,6
38060,2013,3,6,30-44,0,.39833078,15
38060,2013,4,1,30-44,0,0,1
38060,2013,4,2,30-44,.2082112,.39141744,5
38060,2013,4,3,30-44,0,.56455559,2
38060,2013,4,6,30-44,.087233037,.39015785,23
38060,2013,1,2,45-64,0,,2
38060,2013,1,6,45-64,.44607458,.3411338,4
38060,2013,2,1,45-64,0,1,1
38060,2013,2,2,45-64,0,0,4
38060,2013,2,3,45-64,0,0,2
38060,2013,2,6,45-64,.32668623,.089939274,12
38060,2013,2,7,45-64,0,0,1
38060,2013,3,1,45-64,0,.50675207,2
38060,2013,3,2,45-64,0,0,2
38060,2013,3,6,45-64,.20825659,.28113905,31
38060,2013,4,1,45-64,0,1,1
38060,2013,4,3,45-64,0,1,1
38060,2013,4,6,45-64,.12747249,.36495137,25
38060,2015,1,2,18-29,.4036901,0,3
38060,2015,2,1,18-29,0,.65781188,3
38060,2015,2,2,18-29,0,.49645171,8
38060,2015,2,6,18-29,.34124061,0,3
38060,2015,3,1,18-29,0,0,1
38060,2015,3,2,18-29,0,.14185244,6
38060,2015,3,3,18-29,0,1,1
38060,2015,3,6,18-29,.10533855,.52362865,9
38060,2015,3,7,18-29,0,1,1
38060,2015,4,6,18-29,.070911564,.76374632,13
38060,2015,4,7,18-29,0,1,2
38060,2015,1,2,30-44,.24132194,0,9
38060,2015,1,6,30-44,0,0,2
38060,2015,2,1,30-44,0,0,2
38060,2015,2,2,30-44,0,.4279646,5
38060,2015,2,4,30-44,0,,1
38060,2015,2,6,30-44,0,.816351,6
38060,2015,3,1,30-44,0,.23588391,3
38060,2015,3,2,30-44,.25709975,.22600166,4
38060,2015,3,4,30-44,0,1,2
38060,2015,3,6,30-44,0,.28122228,11
38060,2015,4,2,30-44,.15641227,.64527023,9
38060,2015,4,4,30-44,0,0,1
38060,2015,4,6,30-44,.042418946,.59474367,24
38060,2015,4,7,30-44,0,1,1
38060,2015,1,2,45-64,.19348858,.44496056,6
38060,2015,1,3,45-64,0,1,1
38060,2015,1,6,45-64,0,0,1
38060,2015,2,1,45-64,0,0,1
38060,2015,2,2,45-64,0,.50865483,4
38060,2015,2,6,45-64,0,.44787118,7
38060,2015,3,1,45-64,0,.36325029,4
38060,2015,3,2,45-64,0,.41986945,9
38060,2015,3,3,45-64,0,0,1
38060,2015,3,6,45-64,.10624278,.27009755,30
38060,2015,4,1,45-64,0,.48957539,2
38060,2015,4,2,45-64,0,1,1
38060,2015,4,6,45-64,.1703475,.29119393,21
38060,2017,1,1,18-29,0,1,2
38060,2017,1,2,18-29,1,0,1
38060,2017,1,3,18-29,0,0,1
38060,2017,2,1,18-29,0,1,1
38060,2017,2,2,18-29,.64579147,0,3
38060,2017,2,6,18-29,.23735219,.70088875,4
38060,2017,3,2,18-29,0,1,3
38060,2017,3,3,18-29,1,1,1
38060,2017,3,6,18-29,0,.81451303,7
38060,2017,4,2,18-29,0,.63140005,2
38060,2017,4,3,18-29,0,1,1
38060,2017,4,6,18-29,.09876208,.78171337,9
38060,2017,4,7,18-29,0,1,1
38060,2017,1,1,30-44,0,,1
38060,2017,1,2,30-44,.262209,.70165282,7
38060,2017,1,6,30-44,0,1,1
38060,2017,2,2,30-44,0,.29658341,7
38060,2017,2,6,30-44,0,.71079665,4
38060,2017,3,1,30-44,0,.55060482,2
38060,2017,3,2,30-44,.12585285,.58826184,6
38060,2017,3,6,30-44,0,.72205704,21
38060,2017,3,7,30-44,0,1,1
38060,2017,4,1,30-44,.34780103,.65219897,3
38060,2017,4,2,30-44,0,.81136853,8
38060,2017,4,3,30-44,0,.22566022,4
38060,2017,4,6,30-44,.078290872,.73186827,22
38060,2017,4,7,30-44,.63338006,.36661991,2
38060,2017,1,2,45-64,1,0,2
38060,2017,1,6,45-64,0,.39905646,5
38060,2017,2,1,45-64,0,0,2
38060,2017,2,2,45-64,.19254716,.50504398,11
38060,2017,2,4,45-64,0,1,1
38060,2017,2,6,45-64,.18558292,.729756,10
38060,2017,3,1,45-64,1,1,1
38060,2017,3,2,45-64,0,.67818862,4
38060,2017,3,3,45-64,0,1,2
38060,2017,3,4,45-64,0,1,1
38060,2017,3,6,45-64,.21455489,.42812994,24
38060,2017,4,1,45-64,0,1,1
38060,2017,4,2,45-64,0,.40170369,5
38060,2017,4,6,45-64,.1488249,.55267566,27
38060,2017,4,7,45-64,0,0,1
38060,2019,1,2,18-29,0,,2
38060,2019,2,6,18-29,0,,3
38060,2019,3,1,18-29,0,,1
38060,2019,3,2,18-29,0,,4
38060,2019,3,6,18-29,0,,5
38060,2019,4,2,18-29,0,,1
38060,2019,4,3,18-29,0,,2
38060,2019,4,6,18-29,0,,10
38060,2019,1,2,30-44,.41615298,,7
38060,2019,1,4,30-44,0,,1
38060,2019,1,6,30-44,0,,1
38060,2019,2,1,30-44,0,,1
38060,2019,2,2,30-44,0,,12
38060,2019,2,5,30-44,0,,1
38060,2019,2,6,30-44,0,,6
38060,2019,3,2,30-44,0,,10
38060,2019,3,6,30-44,.1824528,,11
38060,2019,3,7,30-44,0,,1
38060,2019,4,1,30-44,0,,2
38060,2019,4,2,30-44,0,,2
38060,2019,4,3,30-44,0,,4
38060,2019,4,5,30-44,0,,1
38060,2019,4,6,30-44,.11708834,,28
38060,2019,1,2,45-64,.19165272,,5
38060,2019,1,3,45-64,0,,1
38060,2019,1,6,45-64,0,,1
38060,2019,2,1,45-64,1,,1
38060,2019,2,2,45-64,.17945048,,6
38060,2019,2,4,45-64,0,,1
38060,2019,2,5,45-64,0,,1
38060,2019,2,6,45-64,.18848218,,13
38060,2019,3,1,45-64,0,,1
38060,2019,3,2,45-64,.50248945,,5
38060,2019,3,3,45-64,0,,2
38060,2019,3,6,45-64,0,,24
38060,2019,4,1,45-64,0,,1
38060,2019,4,2,45-64,.29865769,,4
38060,2019,4,3,45-64,0,,4
38060,2019,4,4,45-64,,,0
38060,2019,4,6,45-64,.20916931,,30
38060,2021,2,2,18-29,0,,2
38060,2021,2,6,18-29,0,,1
38060,2021,3,2,18-29,0,,3
38060,2021,3,6,18-29,0,,4
38060,2021,3,7,18-29,0,,1
38060,2021,4,2,18-29,0,,2
38060,2021,4,6,18-29,0,,6
38060,2021,1,2,30-44,.48889416,,4
38060,2021,2,2,30-44,0,,1
38060,2021,2,6,30-44,.11784592,,7
38060,2021,3,2,30-44,.1000786,,8
38060,2021,3,6,30-44,0,,10
38060,2021,4,1,30-44,0,,1
38060,2021,4,2,30-44,0,,5
38060,2021,4,3,30-44,0,,5
38060,2021,4,6,30-44,.11683071,,18
38060,2021,1,1,45-64,0,,1
38060,2021,1,6,45-64,0,,1
38060,2021,2,1,45-64,0,,2
38060,2021,2,2,45-64,0,,2
38060,2021,2,6,45-64,0,,10
38060,2021,3,1,45-64,0,,1
38060,2021,3,2,45-64,0,,3
38060,2021,3,3,45-64,0,,1
38060,2021,3,6,45-64,.20058151,,12
38060,2021,4,1,45-64,0,,4
38060,2021,4,2,45-64,.38345277,,4
38060,2021,4,3,45-64,0,,1
38060,2021,4,6,45-64,.10109649,,31
38060,2021,4,7,45-64,0,,1
38060,2023,2,2,18-29,0,,2
38060,2023,2,6,18-29,0,,2
38060,2023,3,2,18-29,0,,3
38060,2023,3,6,18-29,0,,3
38060,2023,3,7,18-29,0,,1
38060,2023,4,2,18-29,0,,2
38060,2023,4,3,18-29,0,,1
38060,2023,4,6,18-29,.097706765,,10
38060,2023,1,2,30-44,0,,1
38060,2023,1,4,30-44,0,,1
38060,2023,2,2,30-44,.58007294,,2
38060,2023,2,3,30-44,0,,1
38060,2023,2,6,30-44,0,,3
38060,2023,3,1,30-44,0,,1
38060,2023,3,2,30-44,0,,2
38060,2023,3,6,30-44,0,,2
38060,2023,4,2,30-44,0,,3
38060,2023,4,3,30-44,0,,5
38060,2023,4,6,30-44,.1032773,,12
38060,2023,4,7,30-44,0,,2
38060,2023,1,2,45-64,.34755331,,3
38060,2023,1,6,45-64,.28320158,,3
38060,2023,2,1,45-64,0,,1
38060,2023,2,2,45-64,0,,5
38060,2023,2,6,45-64,0,,5
38060,2023,3,2,45-64,.22074413,,5
38060,2023,3,6,45-64,.31247082,,24
38060,2023,4,2,45-64,0,,8
38060,2023,4,3,45-64,0,,1
38060,2023,4,4,45-64,1,,1
38060,2023,4,6,45-64,.21615961,,36
38220,2015,1,1,18-29,0,,1
38220,2015,1,6,18-29,0,.46415707,2
38220,2015,2,6,18-29,0,.52792853,2
38220,2015,2,7,18-29,0,,1
38220,2015,3,6,18-29,0,1,1
38220,2015,4,1,18-29,0,.37638685,3
38220,2015,1,1,30-44,0,,1
38220,2015,1,2,30-44,0,,1
38220,2015,1,6,30-44,0,,1
38220,2015,2,1,30-44,0,0,1
38220,2015,2,6,30-44,0,.51410812,2
38220,2015,3,6,30-44,0,1,2
38220,2015,3,7,30-44,1,0,1
38220,2015,1,1,45-64,0,,1
38220,2015,2,1,45-64,.27128232,0,4
38220,2015,2,6,45-64,0,0,3
38220,2015,3,1,45-64,0,0,2
38220,2015,3,6,45-64,0,1,1
38220,2015,4,1,45-64,0,1,1
38220,2015,4,6,45-64,0,.69986868,3
38220,2017,2,1,18-29,0,,1
38220,2017,2,3,18-29,0,0,1
38220,2017,3,1,18-29,0,0,2
38220,2017,3,2,18-29,0,0,1
38220,2017,4,1,18-29,0,1,1
38220,2017,2,1,30-44,0,1,1
38220,2017,2,6,30-44,0,.61990106,2
38220,2017,3,6,30-44,0,1,1
38220,2017,4,6,30-44,0,0,1
38220,2017,2,1,45-64,.155259,.19633065,6
38220,2017,2,6,45-64,0,.65342987,3
38220,2017,3,1,45-64,0,0,2
38220,2017,3,6,45-64,0,0,3
38220,2017,4,1,45-64,0,.526133,2
38220,2017,4,6,45-64,0,1,2
38220,2019,3,6,18-29,0,,2
38220,2019,4,6,18-29,0,,1
38220,2019,1,1,30-44,0,,1
38220,2019,2,1,30-44,0,,2
38220,2019,2,6,30-44,0,,2
38220,2019,3,1,30-44,0,,1
38220,2019,3,6,30-44,0,,1
38220,2019,2,1,45-64,0,,2
38220,2019,2,6,45-64,0,,1
38220,2019,3,1,45-64,0,,5
38220,2019,3,6,45-64,0,,1
38220,2019,4,1,45-64,0,,2
38220,2021,1,1,18-29,1,,1
38220,2021,2,1,18-29,0,,1
38220,2021,3,1,18-29,0,,2
38220,2021,2,6,30-44,0,,2
38220,2021,3,1,30-44,0,,4
38220,2021,3,6,30-44,0,,1
38220,2021,2,1,45-64,0,,3
38220,2021,2,6,45-64,0,,3
38220,2021,3,1,45-64,0,,3
38220,2021,3,2,45-64,0,,1
38220,2021,3,6,45-64,0,,1
38220,2021,4,1,45-64,0,,2
38220,2021,4,3,45-64,0,,1
38220,2021,4,6,45-64,0,,2
38220,2023,1,6,18-29,0,,1
38220,2023,2,1,18-29,0,,1
38220,2023,2,1,30-44,0,,1
38220,2023,2,6,30-44,0,,2
38220,2023,3,6,30-44,0,,1
38220,2023,4,1,30-44,1,,1
38220,2023,4,6,30-44,0,,1
38220,2023,2,1,45-64,0,,4
38220,2023,2,6,45-64,0,,3
38220,2023,3,6,45-64,0,,3
38220,2023,4,1,45-64,0,,3
38220,2023,4,6,45-64,0,,1
38300,2013,1,6,18-29,0,0,1
38300,2013,2,1,18-29,0,,1
38300,2013,2,2,18-29,0,1,1
38300,2013,2,6,18-29,0,.42453194,6
38300,2013,3,1,18-29,0,0,1
38300,2013,3,2,18-29,0,1,1
38300,2013,3,6,18-29,0,.7601577,4
38300,2013,4,1,18-29,0,1,1
38300,2013,4,6,18-29,.10401113,.75642031,12
38300,2013,1,6,30-44,0,0,1
38300,2013,2,1,30-44,0,0,1
38300,2013,2,6,30-44,.14863136,.17936411,14
38300,2013,3,1,30-44,0,1,2
38300,2013,3,6,30-44,0,.47286767,17
38300,2013,4,1,30-44,0,0,1
38300,2013,4,3,30-44,0,.54262793,2
38300,2013,4,6,30-44,.042420086,.55980301,23
38300,2013,1,6,45-64,0,.51676881,2
38300,2013,2,1,45-64,.54845828,0,2
38300,2013,2,6,45-64,.065811239,.23342776,32
38300,2013,3,1,45-64,0,0,1
38300,2013,3,6,45-64,.11839205,.29539654,18
38300,2013,4,1,45-64,0,.52403706,4
38300,2013,4,3,45-64,1,1,1
38300,2013,4,6,45-64,.14754985,.36304086,34
38300,2013,4,7,45-64,0,,1
38300,2015,2,6,18-29,0,1,4
38300,2015,2,7,18-29,1,1,1
38300,2015,3,1,18-29,0,,1
38300,2015,3,2,18-29,0,1,1
38300,2015,3,6,18-29,.45163706,1,4
38300,2015,4,6,18-29,0,.72517949,4
38300,2015,2,6,30-44,0,.45723546,5
38300,2015,3,1,30-44,.51367134,0,2
38300,2015,3,2,30-44,0,1,1
38300,2015,3,6,30-44,0,.49910575,3
38300,2015,4,1,30-44,0,1,2
38300,2015,4,2,30-44,1,0,1
38300,2015,4,3,30-44,0,1,3
38300,2015,4,6,30-44,.15810306,.61375403,14
38300,2015,4,7,30-44,0,1,1
38300,2015,2,1,45-64,0,,1
38300,2015,2,6,45-64,.096706316,.26330283,19
38300,2015,3,6,45-64,.13546869,.36802429,19
38300,2015,4,1,45-64,1,1,1
38300,2015,4,2,45-64,1,0,1
38300,2015,4,3,45-64,0,.46052098,2
38300,2015,4,6,45-64,0,.39357045,13
38300,2017,2,1,18-29,0,1,1
38300,2017,2,6,18-29,0,1,3
38300,2017,3,6,18-29,0,.50139868,5
38300,2017,4,6,18-29,0,1,5
38300,2017,1,1,30-44,0,,1
38300,2017,2,1,30-44,.41942784,.58057219,3
38300,2017,2,6,30-44,.10607164,.69226539,10
38300,2017,3,6,30-44,0,.8595475,7
38300,2017,3,7,30-44,0,1,1
38300,2017,4,1,30-44,0,.65023619,3
38300,2017,4,6,30-44,.057849403,.76131368,16
38300,2017,4,7,30-44,0,1,1
38300,2017,1,6,45-64,0,.52000713,2
38300,2017,2,1,45-64,0,,1
38300,2017,2,6,45-64,.084771007,.38001809,24
38300,2017,3,1,45-64,0,.52901256,2
38300,2017,3,2,45-64,0,0,1
38300,2017,3,6,45-64,.13636926,.57613021,14
38300,2017,4,3,45-64,0,1,2
38300,2017,4,6,45-64,.097037174,.57259637,21
38300,2019,1,1,18-29,0,,1
38300,2019,1,6,18-29,0,,1
38300,2019,2,1,18-29,0,,1
38300,2019,2,6,18-29,0,,1
38300,2019,3,1,18-29,0,,3
38300,2019,3,6,18-29,0,,1
38300,2019,4,1,18-29,0,,1
38300,2019,4,3,18-29,0,,2
38300,2019,4,6,18-29,0,,5
38300,2019,1,1,30-44,0,,1
38300,2019,1,7,30-44,0,,1
38300,2019,2,1,30-44,0,,2
38300,2019,2,6,30-44,0,,4
38300,2019,3,6,30-44,.16518557,,6
38300,2019,4,1,30-44,0,,1
38300,2019,4,6,30-44,.17717969,,17
38300,2019,2,1,45-64,0,,2
38300,2019,2,6,45-64,0,,18
38300,2019,3,1,45-64,.50078821,,2
38300,2019,3,2,45-64,0,,1
38300,2019,3,6,45-64,.098947346,,19
38300,2019,4,1,45-64,0,,1
38300,2019,4,3,45-64,1,,1
38300,2019,4,6,45-64,.21929255,,15
38300,2021,2,1,18-29,0,,1
38300,2021,2,6,18-29,.15193546,,5
38300,2021,3,6,18-29,0,,3
38300,2021,3,7,18-29,0,,1
38300,2021,4,3,18-29,0,,1
38300,2021,4,6,18-29,0,,4
38300,2021,2,6,30-44,.26730502,,4
38300,2021,3,1,30-44,0,,3
38300,2021,3,6,30-44,.086801417,,11
38300,2021,3,7,30-44,0,,1
38300,2021,4,1,30-44,.59824258,,2
38300,2021,4,6,30-44,.046790365,,21
38300,2021,1,6,45-64,0,,3
38300,2021,2,6,45-64,.19321993,,11
38300,2021,3,1,45-64,0,,1
38300,2021,3,6,45-64,.19963598,,11
38300,2021,4,1,45-64,0,,2
38300,2021,4,6,45-64,0,,17
38300,2023,1,6,18-29,0,,1
38300,2023,2,1,18-29,0,,1
38300,2023,2,6,18-29,0,,1
38300,2023,3,6,18-29,0,,4
38300,2023,4,3,18-29,0,,1
38300,2023,4,6,18-29,0,,4
38300,2023,2,1,30-44,0,,1
38300,2023,2,6,30-44,0,,7
38300,2023,3,6,30-44,0,,7
38300,2023,4,3,30-44,0,,2
38300,2023,4,6,30-44,.063945733,,14
38300,2023,4,7,30-44,0,,1
38300,2023,2,6,45-64,0,,13
38300,2023,3,1,45-64,0,,1
38300,2023,3,2,45-64,0,,1
38300,2023,3,6,45-64,0,,10
38300,2023,4,2,45-64,0,,1
38300,2023,4,3,45-64,0,,2
38300,2023,4,6,45-64,.049766779,,18
38860,2013,2,6,18-29,0,1,3
38860,2013,3,1,18-29,0,0,2
38860,2013,3,6,18-29,0,.41663903,5
38860,2013,4,6,18-29,0,.59398925,7
38860,2013,1,3,30-44,1,0,1
38860,2013,2,6,30-44,0,.64880985,7
38860,2013,2,7,30-44,0,0,2
38860,2013,3,3,30-44,0,1,1
38860,2013,3,6,30-44,.25384367,.35175461,11
38860,2013,3,7,30-44,0,0,1
38860,2013,4,3,30-44,0,0,1
38860,2013,4,6,30-44,.048088156,.14166611,21
38860,2013,1,6,45-64,0,0,2
38860,2013,2,6,45-64,.15433615,.39913058,20
38860,2013,3,6,45-64,.087281682,.18545559,23
38860,2013,4,3,45-64,0,0,1
38860,2013,4,6,45-64,.12938583,.23524606,30
38860,2015,3,3,18-29,0,1,1
38860,2015,3,6,18-29,0,0,3
38860,2015,4,3,18-29,0,1,1
38860,2015,4,6,18-29,.47507524,1,2
38860,2015,2,6,30-44,.1963881,.26373538,6
38860,2015,3,6,30-44,.092282645,.95933682,12
38860,2015,4,6,30-44,.069655642,.516837,17
38860,2015,1,6,45-64,1,0,1
38860,2015,2,6,45-64,.088193685,.1878666,14
38860,2015,3,6,45-64,0,.40958279,16
38860,2015,4,1,45-64,0,1,1
38860,2015,4,6,45-64,.13924074,.44309315,23
38860,2015,4,7,45-64,1,0,1
38860,2017,1,1,18-29,,,0
38860,2017,1,6,18-29,0,,1
38860,2017,2,6,18-29,0,0,3
38860,2017,3,6,18-29,0,1,3
38860,2017,2,6,30-44,.43613538,.79033875,5
38860,2017,3,1,30-44,0,0,1
38860,2017,3,6,30-44,.18073258,.85379803,7
38860,2017,4,6,30-44,.039456911,.83811152,17
38860,2017,1,6,45-64,1,0,1
38860,2017,2,6,45-64,0,.49673471,4
38860,2017,3,6,45-64,.20426852,.19951268,19
38860,2017,3,7,45-64,0,1,1
38860,2017,4,6,45-64,.14762063,.38946235,21
38860,2019,2,6,18-29,.15796037,,4
38860,2019,3,6,18-29,.23505977,,4
38860,2019,4,6,18-29,0,,5
38860,2019,2,6,30-44,0,,4
38860,2019,3,6,30-44,0,,2
38860,2019,4,6,30-44,.049329184,,15
38860,2019,1,3,45-64,0,,1
38860,2019,1,6,45-64,.53152913,,2
38860,2019,2,6,45-64,.1112787,,8
38860,2019,3,6,45-64,.23011495,,7
38860,2019,4,2,45-64,0,,1
38860,2019,4,6,45-64,.085886925,,19
38860,2021,2,6,18-29,0,,1
38860,2021,4,6,18-29,0,,3
38860,2021,2,6,30-44,.21507385,,8
38860,2021,3,2,30-44,0,,1
38860,2021,3,6,30-44,0,,5
38860,2021,4,2,30-44,0,,1
38860,2021,4,6,30-44,0,,13
38860,2021,1,3,45-64,0,,1
38860,2021,1,6,45-64,.61216384,,2
38860,2021,2,6,45-64,.21114163,,6
38860,2021,3,6,45-64,.17925178,,7
38860,2021,3,7,45-64,0,,1
38860,2021,4,3,45-64,0,,1
38860,2021,4,6,45-64,.2234301,,12
38860,2023,2,2,18-29,0,,1
38860,2023,2,6,18-29,0,,1
38860,2023,3,6,18-29,.37365994,,3
38860,2023,4,6,18-29,0,,1
38860,2023,2,6,30-44,0,,2
38860,2023,3,6,30-44,0,,2
38860,2023,3,7,30-44,0,,1
38860,2023,4,6,30-44,.07052879,,10
38860,2023,1,6,45-64,0,,1
38860,2023,2,6,45-64,.35945287,,11
38860,2023,3,6,45-64,.18121749,,6
38860,2023,4,2,45-64,1,,2
38860,2023,4,6,45-64,.13991286,,23
38900,2013,1,2,18-29,0,0,1
38900,2013,2,2,18-29,0,0,2
38900,2013,3,1,18-29,0,,1
38900,2013,3,2,18-29,0,0,2
38900,2013,3,6,18-29,.18897404,.75700843,8
38900,2013,4,3,18-29,0,0,2
38900,2013,4,6,18-29,0,.69079804,9
38900,2013,4,7,18-29,1,1,1
38900,2013,1,2,30-44,.30868727,.30868727,3
38900,2013,1,6,30-44,.33363339,.33363339,2
38900,2013,2,2,30-44,0,1,1
38900,2013,2,3,30-44,0,0,2
38900,2013,2,4,30-44,1,0,1
38900,2013,2,6,30-44,.090183251,.23319681,12
38900,2013,3,2,30-44,0,0,1
38900,2013,3,3,30-44,0,1,1
38900,2013,3,6,30-44,.12868336,.37137514,15
38900,2013,4,2,30-44,.23257519,.48515457,4
38900,2013,4,3,30-44,.46074444,.53925556,2
38900,2013,4,6,30-44,.11758806,.51168972,31
38900,2013,4,7,30-44,.64795637,.64795637,2
38900,2013,1,2,45-64,0,0,1
38900,2013,2,1,45-64,0,,1
38900,2013,2,3,45-64,0,0,1
38900,2013,2,6,45-64,.070094451,.25213385,26
38900,2013,3,1,45-64,0,0,1
38900,2013,3,2,45-64,0,1,1
38900,2013,3,3,45-64,.21249157,.57287437,4
38900,2013,3,6,45-64,.096824534,.30621365,30
38900,2013,3,7,45-64,0,1,1
38900,2013,4,1,45-64,0,0,3
38900,2013,4,2,45-64,0,0,1
38900,2013,4,3,45-64,.15958875,.31126195,5
38900,2013,4,6,45-64,.22279826,.24330506,34
38900,2013,4,7,45-64,0,0,1
38900,2015,2,2,18-29,0,.63332987,3
38900,2015,2,6,18-29,0,1,1
38900,2015,3,6,18-29,0,.35325438,9
38900,2015,4,3,18-29,0,0,1
38900,2015,4,6,18-29,.10292245,.65777183,13
38900,2015,1,2,30-44,0,0,3
38900,2015,2,2,30-44,0,0,3
38900,2015,2,6,30-44,.31622103,.50520176,7
38900,2015,3,1,30-44,0,0,1
38900,2015,3,2,30-44,.27155408,1,3
38900,2015,3,3,30-44,0,.61261588,2
38900,2015,3,5,30-44,0,,1
38900,2015,3,6,30-44,.15268274,.43844458,21
38900,2015,4,1,30-44,0,0,1
38900,2015,4,2,30-44,.3700591,.6670897,5
38900,2015,4,3,30-44,0,0,2
38900,2015,4,6,30-44,.063776478,.73022407,28
38900,2015,4,7,30-44,0,0,2
38900,2015,1,2,45-64,0,0,1
38900,2015,1,6,45-64,0,0,2
38900,2015,2,3,45-64,0,0,2
38900,2015,2,6,45-64,.32006788,.341535,11
38900,2015,3,2,45-64,0,.30176133,4
38900,2015,3,3,45-64,1,0,1
38900,2015,3,6,45-64,.3288174,.31541717,23
38900,2015,3,7,45-64,0,0,1
38900,2015,4,2,45-64,0,0,1
38900,2015,4,3,45-64,0,0,1
38900,2015,4,5,45-64,0,0,1
38900,2015,4,6,45-64,.32015926,.41852838,31
38900,2017,1,6,18-29,0,1,2
38900,2017,2,1,18-29,0,,1
38900,2017,2,6,18-29,0,.63335544,5
38900,2017,3,6,18-29,0,1,4
38900,2017,4,1,18-29,0,1,2
38900,2017,4,2,18-29,0,0,1
38900,2017,4,3,18-29,0,.51665175,2
38900,2017,4,6,18-29,.11575766,.76055425,9
38900,2017,1,2,30-44,0,0,2
38900,2017,1,6,30-44,0,,1
38900,2017,2,2,30-44,.14615113,0,5
38900,2017,2,4,30-44,0,0,1
38900,2017,2,6,30-44,.34795588,.6742968,9
38900,2017,2,7,30-44,0,0,1
38900,2017,3,2,30-44,0,1,1
38900,2017,3,4,30-44,1,1,1
38900,2017,3,6,30-44,.098451085,.67534226,18
38900,2017,3,7,30-44,0,1,1
38900,2017,4,1,30-44,0,1,1
38900,2017,4,2,30-44,0,.79401189,4
38900,2017,4,3,30-44,0,.7741589,4
38900,2017,4,6,30-44,0,.7409392,28
38900,2017,1,2,45-64,.37398472,0,3
38900,2017,1,6,45-64,.55456609,0,2
38900,2017,2,1,45-64,0,0,1
38900,2017,2,2,45-64,0,0,1
38900,2017,2,3,45-64,0,1,1
38900,2017,2,6,45-64,.14380866,.3568978,14
38900,2017,3,2,45-64,0,1,2
38900,2017,3,3,45-64,0,0,2
38900,2017,3,6,45-64,.14771543,.58706856,32
38900,2017,4,2,45-64,.29574588,.27301258,4
38900,2017,4,3,45-64,0,0,2
38900,2017,4,6,45-64,.20687471,.53340471,32
38900,2019,2,1,18-29,0,,1
38900,2019,2,2,18-29,0,,1
38900,2019,2,6,18-29,0,,3
38900,2019,3,1,18-29,0,,1
38900,2019,3,2,18-29,0,,1
38900,2019,3,6,18-29,0,,7
38900,2019,4,1,18-29,0,,1
38900,2019,4,3,18-29,0,,2
38900,2019,4,6,18-29,0,,5
38900,2019,1,2,30-44,0,,2
38900,2019,1,3,30-44,0,,1
38900,2019,2,2,30-44,0,,4
38900,2019,2,3,30-44,0,,1
38900,2019,2,6,30-44,0,,9
38900,2019,3,2,30-44,0,,2
38900,2019,3,3,30-44,0,,1
38900,2019,3,6,30-44,.078795798,,12
38900,2019,4,2,30-44,.3361575,,3
38900,2019,4,3,30-44,0,,5
38900,2019,4,6,30-44,.027012076,,29
38900,2019,1,2,45-64,0,,2
38900,2019,1,6,45-64,0,,2
38900,2019,2,6,45-64,.083518974,,10
38900,2019,3,6,45-64,.043760907,,18
38900,2019,3,7,45-64,0,,1
38900,2019,4,3,45-64,.35278925,,3
38900,2019,4,6,45-64,.075904638,,36
38900,2021,1,2,18-29,1,,1
38900,2021,1,6,18-29,0,,1
38900,2021,2,1,18-29,0,,1
38900,2021,2,6,18-29,0,,4
38900,2021,3,2,18-29,0,,1
38900,2021,3,6,18-29,0,,7
38900,2021,4,2,18-29,0,,1
38900,2021,4,6,18-29,.091612995,,11
38900,2021,1,2,30-44,0,,2
38900,2021,1,6,30-44,0,,1
38900,2021,2,2,30-44,0,,2
38900,2021,2,6,30-44,.075355954,,9
38900,2021,2,7,30-44,0,,1
38900,2021,3,1,30-44,.57844061,,2
38900,2021,3,2,30-44,0,,3
38900,2021,3,4,30-44,0,,1
38900,2021,3,5,30-44,0,,1
38900,2021,3,6,30-44,0,,17
38900,2021,4,1,30-44,0,,1
38900,2021,4,2,30-44,0,,1
38900,2021,4,3,30-44,0,,2
38900,2021,4,5,30-44,0,,1
38900,2021,4,6,30-44,.16326189,,34
38900,2021,4,7,30-44,0,,1
38900,2021,1,2,45-64,0,,1
38900,2021,1,6,45-64,0,,1
38900,2021,2,6,45-64,.065351047,,13
38900,2021,3,1,45-64,0,,1
38900,2021,3,2,45-64,0,,1
38900,2021,3,6,45-64,.32094723,,17
38900,2021,4,1,45-64,0,,1
38900,2021,4,2,45-64,0,,2
38900,2021,4,3,45-64,0,,1
38900,2021,4,5,45-64,0,,3
38900,2021,4,6,45-64,.13161922,,32
38900,2021,4,7,45-64,0,,2
38900,2023,1,2,18-29,.49816117,,2
38900,2023,1,6,18-29,0,,1
38900,2023,2,2,18-29,0,,1
38900,2023,2,6,18-29,0,,4
38900,2023,3,2,18-29,0,,1
38900,2023,3,6,18-29,.29864258,,7
38900,2023,4,2,18-29,0,,1
38900,2023,4,3,18-29,0,,1
38900,2023,4,6,18-29,0,,4
38900,2023,4,7,18-29,0,,1
38900,2023,1,2,30-44,0,,2
38900,2023,1,6,30-44,0,,1
38900,2023,2,3,30-44,0,,1
38900,2023,2,4,30-44,0,,1
38900,2023,2,6,30-44,0,,6
38900,2023,3,1,30-44,0,,1
38900,2023,3,2,30-44,0,,2
38900,2023,3,6,30-44,.12861298,,15
38900,2023,4,1,30-44,0,,1
38900,2023,4,2,30-44,0,,5
38900,2023,4,3,30-44,0,,3
38900,2023,4,6,30-44,.15581143,,36
38900,2023,1,2,45-64,.48891947,,2
38900,2023,2,2,45-64,1,,1
38900,2023,2,6,45-64,.12700845,,8
38900,2023,3,2,45-64,0,,5
38900,2023,3,3,45-64,.36708665,,3
38900,2023,3,6,45-64,.28544068,,19
38900,2023,4,2,45-64,.56289691,,2
38900,2023,4,3,45-64,.19531949,,4
38900,2023,4,4,45-64,0,,1
38900,2023,4,6,45-64,.16834198,,39
38900,2023,4,7,45-64,0,,1
38940,2013,1,2,18-29,0,0,1
38940,2013,2,3,18-29,1,0,1
38940,2013,3,6,18-29,.40658623,1,2
38940,2013,1,2,30-44,1,,1
38940,2013,2,6,30-44,0,0,1
38940,2013,4,6,30-44,0,1,1
38940,2013,1,6,45-64,1,0,1
38940,2013,3,6,45-64,0,.35843402,3
38940,2013,4,6,45-64,.48652557,.51347446,2
38940,2015,3,1,30-44,0,1,1
38940,2015,3,6,30-44,0,1,3
38940,2015,4,1,30-44,0,1,1
38940,2015,2,1,45-64,0,,1
38940,2015,2,2,45-64,0,1,1
38940,2015,2,6,45-64,0,.48464146,6
38940,2015,3,6,45-64,.35292631,.68490571,3
38940,2015,4,1,45-64,0,1,1
38940,2015,4,6,45-64,0,.64233965,3
38940,2017,3,6,18-29,0,1,2
38940,2017,4,6,18-29,0,0,1
38940,2017,1,2,30-44,1,0,1
38940,2017,2,6,30-44,0,0,1
38940,2017,2,6,45-64,0,0,3
38940,2017,3,2,45-64,0,0,1
38940,2017,4,6,45-64,0,1,1
38940,2019,2,1,30-44,0,,1
38940,2019,2,6,30-44,0,,1
38940,2019,3,2,30-44,0,,1
38940,2019,3,6,30-44,1,,1
38940,2019,4,6,30-44,0,,4
38940,2019,2,2,45-64,0,,1
38940,2019,3,1,45-64,0,,1
38940,2019,3,6,45-64,0,,3
38940,2019,4,6,45-64,0,,2
38940,2021,3,1,18-29,0,,1
38940,2021,3,2,18-29,0,,1
38940,2021,3,1,30-44,0,,2
38940,2021,3,2,30-44,0,,1
38940,2021,3,6,30-44,0,,2
38940,2021,3,7,30-44,0,,1
38940,2021,4,6,30-44,0,,1
38940,2021,1,1,45-64,0,,1
38940,2021,2,6,45-64,.24509051,,4
38940,2021,3,6,45-64,0,,1
38940,2023,2,2,18-29,0,,1
38940,2023,4,5,18-29,0,,1
38940,2023,2,6,30-44,0,,3
38940,2023,4,6,30-44,0,,2
38940,2023,2,6,45-64,1,,1
38940,2023,3,6,45-64,0,,2
38940,2023,4,6,45-64,.33813798,,6
39140,2013,2,6,45-64,0,0,1
39140,2013,4,6,45-64,0,0,1
39140,2015,2,6,18-29,0,0,1
39140,2015,3,2,30-44,0,1,1
39140,2015,3,6,30-44,0,0,1
39140,2015,4,6,30-44,0,.70390308,3
39140,2015,2,6,45-64,0,0,1
39140,2015,3,6,45-64,.5,.5,2
39140,2015,4,2,45-64,0,1,1
39140,2015,4,6,45-64,.2002867,.34626502,5
39140,2017,4,6,18-29,0,1,1
39140,2017,2,6,30-44,0,1,1
39140,2017,3,6,30-44,0,0,1
39140,2017,1,2,45-64,0,,1
39140,2017,2,2,45-64,0,0,1
39140,2017,3,6,45-64,0,0,1
39140,2017,4,6,45-64,.46592391,0,2
39140,2019,3,6,18-29,0,,1
39140,2019,3,2,30-44,0,,1
39140,2019,3,6,30-44,0,,1
39140,2019,4,3,30-44,0,,1
39140,2019,4,6,30-44,.41637164,,2
39140,2019,2,2,45-64,0,,1
39140,2019,2,7,45-64,0,,1
39140,2019,3,6,45-64,0,,4
39140,2019,4,2,45-64,0,,1
39140,2019,4,6,45-64,0,,1
39140,2021,3,6,18-29,0,,4
39140,2021,4,6,18-29,0,,1
39140,2021,3,6,30-44,0,,2
39140,2021,4,6,30-44,0,,1
39140,2021,2,6,45-64,.33819154,,3
39140,2021,3,6,45-64,.19283739,,5
39140,2021,4,3,45-64,0,,1
39140,2021,4,6,45-64,.58311856,,2
39140,2023,2,2,18-29,0,,1
39140,2023,3,2,18-29,0,,2
39140,2023,2,2,30-44,0,,1
39140,2023,3,6,45-64,0,,2
39140,2023,4,3,45-64,0,,1
39140,2023,4,6,45-64,1,,3
39300,2013,1,1,18-29,0,,1
39300,2013,1,2,18-29,0,0,1
39300,2013,1,6,18-29,0,0,2
39300,2013,1,7,18-29,0,,1
39300,2013,2,6,18-29,.1245076,.84692723,8
39300,2013,2,7,18-29,0,0,1
39300,2013,3,1,18-29,0,0,2
39300,2013,3,2,18-29,0,1,1
39300,2013,3,3,18-29,0,0,1
39300,2013,3,6,18-29,0,.30606019,12
39300,2013,4,1,18-29,0,0,1
39300,2013,4,3,18-29,0,1,1
39300,2013,4,6,18-29,.14613459,.36385828,20
39300,2013,4,7,18-29,0,1,1
39300,2013,1,1,30-44,0,0,2
39300,2013,1,2,30-44,.31537032,0,3
39300,2013,1,6,30-44,.096824996,0,4
39300,2013,2,1,30-44,0,.66344583,3
39300,2013,2,2,30-44,.25464639,.45506984,4
39300,2013,2,3,30-44,0,0,2
39300,2013,2,6,30-44,.093314894,.31377319,16
39300,2013,3,1,30-44,0,1,2
39300,2013,3,2,30-44,0,.66111112,6
39300,2013,3,3,30-44,0,0,2
39300,2013,3,4,30-44,0,0,1
39300,2013,3,6,30-44,.036858592,.36755878,25
39300,2013,3,7,30-44,0,1,2
39300,2013,4,1,30-44,0,.77402079,4
39300,2013,4,2,30-44,0,.5515129,2
39300,2013,4,3,30-44,0,0,1
39300,2013,4,6,30-44,.11478453,.31224105,56
39300,2013,1,1,45-64,0,0,3
39300,2013,1,2,45-64,0,.50674045,3
39300,2013,1,6,45-64,.11677098,.096294343,10
39300,2013,1,7,45-64,0,0,1
39300,2013,2,1,45-64,0,0,3
39300,2013,2,2,45-64,0,.43621624,2
39300,2013,2,3,45-64,.35592052,0,2
39300,2013,2,6,45-64,.13460039,.2028828,54
39300,2013,3,1,45-64,0,.37073725,3
39300,2013,3,2,45-64,0,0,3
39300,2013,3,6,45-64,.22795905,.15547287,52
39300,2013,4,1,45-64,0,.4861019,2
39300,2013,4,2,45-64,0,0,1
39300,2013,4,3,45-64,.28591362,.75756425,4
39300,2013,4,6,45-64,.15099694,.21970038,84
39300,2013,4,7,45-64,0,0,1
39300,2015,1,2,18-29,0,,1
39300,2015,2,1,18-29,0,0,1
39300,2015,2,2,18-29,0,.80675232,4
39300,2015,2,6,18-29,0,.3009952,9
39300,2015,3,1,18-29,0,1,1
39300,2015,3,2,18-29,0,1,1
39300,2015,3,6,18-29,0,.60426998,4
39300,2015,3,7,18-29,0,0,1
39300,2015,4,2,18-29,0,1,1
39300,2015,4,6,18-29,0,.65443349,8
39300,2015,1,1,30-44,0,,1
39300,2015,1,2,30-44,0,.43961,3
39300,2015,1,6,30-44,0,0,1
39300,2015,2,1,30-44,0,.37821054,2
39300,2015,2,2,30-44,0,.39577654,4
39300,2015,2,6,30-44,0,.7148428,8
39300,2015,3,1,30-44,0,0,1
39300,2015,3,4,30-44,0,1,1
39300,2015,3,6,30-44,0,.76506335,16
39300,2015,3,7,30-44,0,0,2
39300,2015,4,1,30-44,0,0,2
39300,2015,4,2,30-44,0,1,3
39300,2015,4,3,30-44,.6139769,0,3
39300,2015,4,6,30-44,.016551971,.47902894,34
39300,2015,4,7,30-44,0,.53115863,2
39300,2015,1,3,45-64,0,0,1
39300,2015,1,6,45-64,.20703787,.35464495,5
39300,2015,2,2,45-64,0,0,4
39300,2015,2,6,45-64,.28889528,.27092981,30
39300,2015,3,1,45-64,0,.14511354,5
39300,2015,3,2,45-64,0,0,2
39300,2015,3,6,45-64,.060972184,.29158822,31
39300,2015,4,1,45-64,0,0,2
39300,2015,4,2,45-64,0,0,2
39300,2015,4,3,45-64,0,0,1
39300,2015,4,6,45-64,.15677845,.37358078,56
39300,2017,1,2,18-29,0,1,1
39300,2017,2,6,18-29,.1410445,.34285229,6
39300,2017,3,1,18-29,0,0,1
39300,2017,3,2,18-29,0,1,1
39300,2017,3,3,18-29,0,0,1
39300,2017,3,6,18-29,0,.4812544,6
39300,2017,4,2,18-29,0,1,1
39300,2017,4,6,18-29,0,.6814025,10
39300,2017,1,1,30-44,0,1,2
39300,2017,1,2,30-44,0,0,5
39300,2017,1,6,30-44,0,.52709407,2
39300,2017,2,1,30-44,0,0,1
39300,2017,2,2,30-44,0,,1
39300,2017,2,6,30-44,0,.39568299,7
39300,2017,3,1,30-44,0,0,2
39300,2017,3,2,30-44,0,0,1
39300,2017,3,6,30-44,.096119545,.53806716,15
39300,2017,3,7,30-44,0,1,1
39300,2017,4,1,30-44,0,0,2
39300,2017,4,2,30-44,0,.2540755,3
39300,2017,4,3,30-44,0,.68648708,4
39300,2017,4,6,30-44,.046631027,.50161028,31
39300,2017,1,2,45-64,0,0,4
39300,2017,1,6,45-64,0,0,1
39300,2017,1,7,45-64,0,0,1
39300,2017,2,2,45-64,0,0,2
39300,2017,2,3,45-64,0,0,1
39300,2017,2,6,45-64,.11849726,.38538483,22
39300,2017,3,1,45-64,0,0,2
39300,2017,3,2,45-64,0,0,2
39300,2017,3,3,45-64,0,0,1
39300,2017,3,6,45-64,.10793541,.3213633,26
39300,2017,4,1,45-64,0,1,1
39300,2017,4,2,45-64,0,0,1
39300,2017,4,6,45-64,.11363167,.39748231,48
39300,2019,1,2,18-29,0,,2
39300,2019,1,6,18-29,0,,1
39300,2019,2,2,18-29,0,,1
39300,2019,3,1,18-29,0,,1
39300,2019,3,2,18-29,0,,1
39300,2019,3,6,18-29,0,,5
39300,2019,3,7,18-29,1,,1
39300,2019,4,1,18-29,0,,1
39300,2019,4,3,18-29,0,,1
39300,2019,4,6,18-29,0,,9
39300,2019,1,1,30-44,0,,1
39300,2019,1,2,30-44,0,,2
39300,2019,1,6,30-44,0,,2
39300,2019,2,2,30-44,0,,1
39300,2019,2,6,30-44,.18821833,,6
39300,2019,3,2,30-44,0,,3
39300,2019,3,3,30-44,0,,1
39300,2019,3,6,30-44,0,,12
39300,2019,4,2,30-44,.1617146,,5
39300,2019,4,6,30-44,.055560235,,21
39300,2019,4,7,30-44,0,,1
39300,2019,1,2,45-64,0,,2
39300,2019,1,6,45-64,0,,4
39300,2019,2,2,45-64,0,,3
39300,2019,2,3,45-64,0,,1
39300,2019,2,6,45-64,.14785297,,26
39300,2019,3,2,45-64,0,,3
39300,2019,3,3,45-64,0,,1
39300,2019,3,6,45-64,.094245017,,22
39300,2019,3,7,45-64,0,,2
39300,2019,4,2,45-64,0,,3
39300,2019,4,3,45-64,.53053457,,2
39300,2019,4,6,45-64,.069832295,,41
39300,2021,1,6,18-29,0,,1
39300,2021,2,1,18-29,0,,1
39300,2021,2,2,18-29,0,,2
39300,2021,2,6,18-29,0,,2
39300,2021,3,2,18-29,.23965877,,2
39300,2021,3,6,18-29,.1890277,,4
39300,2021,4,2,18-29,0,,2
39300,2021,4,3,18-29,0,,1
39300,2021,4,6,18-29,0,,12
39300,2021,1,1,30-44,0,,1
39300,2021,1,2,30-44,0,,1
39300,2021,2,2,30-44,0,,1
39300,2021,2,6,30-44,.24205546,,12
39300,2021,3,1,30-44,0,,1
39300,2021,3,2,30-44,0,,4
39300,2021,3,3,30-44,0,,1
39300,2021,3,6,30-44,.064180002,,11
39300,2021,4,1,30-44,0,,4
39300,2021,4,2,30-44,0,,4
39300,2021,4,3,30-44,0,,4
39300,2021,4,6,30-44,0,,23
39300,2021,1,1,45-64,0,,1
39300,2021,1,3,45-64,0,,1
39300,2021,1,6,45-64,0,,1
39300,2021,2,1,45-64,0,,1
39300,2021,2,2,45-64,.25234449,,6
39300,2021,2,3,45-64,0,,1
39300,2021,2,6,45-64,.15706198,,14
39300,2021,3,1,45-64,0,,1
39300,2021,3,2,45-64,0,,3
39300,2021,3,6,45-64,0,,15
39300,2021,4,1,45-64,1,,1
39300,2021,4,2,45-64,0,,3
39300,2021,4,3,45-64,0,,2
39300,2021,4,6,45-64,0,,33
39300,2021,4,7,45-64,0,,1
39300,2023,1,2,18-29,0,,1
39300,2023,2,2,18-29,0,,2
39300,2023,2,6,18-29,0,,1
39300,2023,3,2,18-29,0,,2
39300,2023,3,6,18-29,0,,5
39300,2023,4,3,18-29,0,,3
39300,2023,4,6,18-29,0,,12
39300,2023,1,2,30-44,0,,6
39300,2023,2,2,30-44,0,,2
39300,2023,2,6,30-44,.34422731,,3
39300,2023,3,2,30-44,1,,1
39300,2023,3,6,30-44,0,,9
39300,2023,3,7,30-44,0,,1
39300,2023,4,1,30-44,0,,1
39300,2023,4,3,30-44,0,,3
39300,2023,4,6,30-44,.062272485,,30
39300,2023,1,2,45-64,0,,1
39300,2023,1,6,45-64,0,,2
39300,2023,2,2,45-64,0,,2
39300,2023,2,6,45-64,.2289146,,19
39300,2023,2,7,45-64,1,,1
39300,2023,3,2,45-64,.20711818,,3
39300,2023,3,6,45-64,.13595816,,22
39300,2023,4,1,45-64,0,,1
39300,2023,4,2,45-64,0,,3
39300,2023,4,3,45-64,0,,1
39300,2023,4,4,45-64,0,,1
39300,2023,4,6,45-64,.092626579,,36
39300,2023,4,7,45-64,1,,1
39340,2013,2,6,18-29,.51948988,.51948988,2
39340,2013,3,3,18-29,1,1,1
39340,2013,3,6,18-29,0,0,1
39340,2013,4,6,18-29,0,1,1
39340,2013,1,6,30-44,0,0,1
39340,2013,2,2,30-44,1,1,1
39340,2013,2,6,30-44,0,0,1
39340,2013,3,6,30-44,0,.52677542,4
39340,2013,4,6,30-44,0,0,7
39340,2013,2,2,45-64,0,0,1
39340,2013,2,6,45-64,0,1,1
39340,2013,3,6,45-64,0,.25515294,8
39340,2013,4,6,45-64,.30277777,.45536423,9
39340,2015,1,2,18-29,0,,1
39340,2015,1,6,18-29,0,,1
39340,2015,2,2,18-29,0,1,1
39340,2015,3,2,18-29,0,1,1
39340,2015,3,6,18-29,0,.77051115,4
39340,2015,3,7,18-29,0,1,1
39340,2015,4,6,18-29,0,1,4
39340,2015,1,2,30-44,0,0,1
39340,2015,1,6,30-44,0,1,1
39340,2015,2,6,30-44,0,.41544273,2
39340,2015,3,6,30-44,0,1,3
39340,2015,4,4,30-44,0,0,1
39340,2015,4,6,30-44,.27557087,.61558461,8
39340,2015,1,2,45-64,0,1,1
39340,2015,2,6,45-64,.42786181,0,2
39340,2015,3,6,45-64,0,0,3
39340,2015,4,6,45-64,.48985073,.75182807,4
39340,2017,2,1,18-29,0,1,1
39340,2017,3,2,18-29,0,1,1
39340,2017,3,4,18-29,0,1,1
39340,2017,3,6,18-29,0,.84277481,7
39340,2017,4,6,18-29,.13868587,1,7
39340,2017,2,6,30-44,1,1,1
39340,2017,3,2,30-44,0,1,1
39340,2017,3,6,30-44,.1552324,.82771945,6
39340,2017,4,6,30-44,.20502403,.89935136,10
39340,2017,4,7,30-44,0,0,1
39340,2017,2,6,45-64,.47268349,.52731651,2
39340,2017,3,6,45-64,.40067193,1,5
39340,2017,4,2,45-64,0,1,1
39340,2017,4,6,45-64,.31697494,.66003984,6
39340,2019,2,2,18-29,0,,1
39340,2019,2,6,18-29,0,,5
39340,2019,3,6,18-29,0,,5
39340,2019,3,7,18-29,0,,1
39340,2019,4,6,18-29,0,,1
39340,2019,2,6,30-44,0,,1
39340,2019,3,6,30-44,.24430527,,5
39340,2019,4,6,30-44,.46954367,,9
39340,2019,2,6,45-64,0,,4
39340,2019,3,6,45-64,0,,6
39340,2019,4,6,45-64,0,,7
39340,2019,4,7,45-64,0,,1
39340,2021,2,2,18-29,0,,1
39340,2021,2,6,18-29,0,,4
39340,2021,3,2,18-29,0,,1
39340,2021,3,6,18-29,0,,7
39340,2021,4,6,18-29,0,,3
39340,2021,2,6,30-44,.50087005,,2
39340,2021,3,2,30-44,0,,1
39340,2021,3,6,30-44,0,,4
39340,2021,4,1,30-44,0,,1
39340,2021,4,6,30-44,.21489118,,9
39340,2021,1,2,45-64,0,,1
39340,2021,2,6,45-64,0,,1
39340,2021,3,2,45-64,0,,2
39340,2021,3,6,45-64,0,,2
39340,2021,4,2,45-64,0,,1
39340,2021,4,6,45-64,.15613553,,7
39340,2023,2,6,18-29,0,,3
39340,2023,3,2,18-29,0,,1
39340,2023,3,5,18-29,0,,1
39340,2023,3,6,18-29,0,,4
39340,2023,4,2,18-29,0,,1
39340,2023,4,6,18-29,0,,3
39340,2023,2,2,30-44,0,,1
39340,2023,2,4,30-44,0,,1
39340,2023,2,6,30-44,.4199976,,2
39340,2023,3,2,30-44,0,,1
39340,2023,3,6,30-44,.15826833,,7
39340,2023,4,6,30-44,.13968618,,7
39340,2023,2,6,45-64,.4481996,,2
39340,2023,3,2,45-64,0,,1
39340,2023,3,6,45-64,0,,5
39340,2023,4,6,45-64,0,,5
39380,2013,3,6,18-29,0,0,1
39380,2013,4,6,18-29,0,0,1
39380,2013,2,2,30-44,0,0,1
39380,2013,3,2,30-44,.32298002,.32298002,3
39380,2013,3,6,30-44,0,.46330523,2
39380,2013,4,6,30-44,0,0,2
39380,2013,1,6,45-64,0,0,1
39380,2013,2,2,45-64,.58549547,0,2
39380,2013,2,6,45-64,0,.26105449,3
39380,2013,3,1,45-64,0,0,1
39380,2013,3,2,45-64,0,.51254886,2
39380,2013,3,6,45-64,0,0,1
39380,2013,4,6,45-64,.68248123,0,3
39460,2013,2,6,18-29,0,.49752384,2
39460,2013,3,6,18-29,0,1,1
39460,2013,1,1,45-64,0,1,1
39460,2013,2,6,45-64,0,1,1
39460,2013,3,6,45-64,0,1,1
39540,2013,1,1,18-29,0,,1
39540,2013,3,1,18-29,0,0,1
39540,2013,4,6,18-29,0,.53822303,2
39540,2013,2,2,30-44,0,0,1
39540,2013,2,6,30-44,0,.51190686,2
39540,2013,3,6,30-44,0,0,2
39540,2013,4,6,30-44,0,0,1
39540,2013,2,6,45-64,.18074934,0,5
39540,2013,3,2,45-64,0,0,1
39540,2013,3,6,45-64,.3298746,0,3
39540,2013,4,2,45-64,0,0,1
39540,2013,4,6,45-64,.77125573,0,4
39540,2015,3,6,18-29,0,1,1
39540,2015,2,6,30-44,0,0,1
39540,2015,3,6,30-44,.51937008,0,2
39540,2015,4,6,30-44,0,.40556416,2
39540,2015,1,6,45-64,0,0,2
39540,2015,2,6,45-64,.23818673,.53641075,4
39540,2015,3,6,45-64,0,0,3
39540,2015,4,6,45-64,0,0,2
39540,2017,4,6,18-29,0,1,1
39540,2017,2,2,30-44,0,,1
39540,2017,2,6,30-44,0,0,1
39540,2017,4,6,30-44,0,1,1
39540,2017,1,6,45-64,1,0,1
39540,2017,2,2,45-64,0,1,1
39540,2017,2,6,45-64,0,0,3
39540,2017,3,1,45-64,0,0,1
39540,2017,3,3,45-64,0,0,1
39540,2017,3,6,45-64,0,0,2
39540,2017,4,3,45-64,0,0,1
39540,2017,4,6,45-64,0,0,1
39540,2019,1,1,30-44,0,,1
39540,2019,2,6,30-44,0,,2
39540,2019,3,6,30-44,0,,1
39540,2019,4,6,30-44,0,,2
39540,2019,1,2,45-64,0,,1
39540,2019,3,6,45-64,0,,4
39540,2019,4,6,45-64,0,,2
39540,2021,2,2,18-29,0,,1
39540,2021,4,6,18-29,0,,1
39540,2021,1,6,30-44,0,,1
39540,2021,2,6,30-44,0,,1
39540,2021,3,2,30-44,0,,1
39540,2021,3,6,30-44,0,,1
39540,2021,4,6,30-44,0,,5
39540,2021,1,6,45-64,1,,1
39540,2021,2,1,45-64,0,,1
39540,2021,2,6,45-64,0,,2
39540,2021,3,6,45-64,.26091433,,4
39540,2021,4,6,45-64,0,,2
39540,2023,2,2,18-29,0,,1
39540,2023,4,6,18-29,0,,1
39540,2023,2,1,30-44,1,,1
39540,2023,4,2,30-44,0,,1
39540,2023,4,4,30-44,0,,1
39540,2023,4,6,30-44,.2508162,,3
39540,2023,1,1,45-64,0,,1
39540,2023,2,6,45-64,0,,4
39540,2023,3,6,45-64,0,,1
39540,2023,4,6,45-64,0,,1
39580,2013,1,2,18-29,0,0,2
39580,2013,3,1,18-29,0,,1
39580,2013,3,2,18-29,0,0,1
39580,2013,3,6,18-29,0,0,1
39580,2013,4,1,18-29,0,1,1
39580,2013,4,3,18-29,0,0,1
39580,2013,4,6,18-29,0,.16746491,5
39580,2013,1,2,30-44,0,0,2
39580,2013,1,6,30-44,0,1,1
39580,2013,2,2,30-44,.57679546,0,2
39580,2013,2,6,30-44,.25794813,.4874005,4
39580,2013,3,1,30-44,0,.32736719,3
39580,2013,3,6,30-44,0,.64362532,6
39580,2013,4,1,30-44,0,0,1
39580,2013,4,3,30-44,0,.37035248,3
39580,2013,4,6,30-44,0,.15540956,7
39580,2013,1,6,45-64,0,0,1
39580,2013,2,1,45-64,0,1,2
39580,2013,2,3,45-64,0,0,1
39580,2013,2,6,45-64,.47776538,.52223462,2
39580,2013,3,1,45-64,0,0,1
39580,2013,3,6,45-64,0,.58931339,7
39580,2013,4,1,45-64,0,0,2
39580,2013,4,3,45-64,0,0,1
39580,2013,4,6,45-64,.17524737,.10966121,10
39580,2015,1,2,18-29,0,,1
39580,2015,2,6,18-29,0,0,1
39580,2015,3,2,18-29,0,1,1
39580,2015,3,6,18-29,0,0,1
39580,2015,4,2,18-29,0,1,1
39580,2015,4,3,18-29,0,0,1
39580,2015,4,6,18-29,0,0,3
39580,2015,1,2,30-44,0,0,1
39580,2015,2,2,30-44,1,1,1
39580,2015,2,6,30-44,0,0,4
39580,2015,3,1,30-44,0,1,2
39580,2015,3,6,30-44,0,0,2
39580,2015,4,1,30-44,0,0,1
39580,2015,4,3,30-44,0,0,1
39580,2015,4,6,30-44,0,.10381562,8
39580,2015,1,6,45-64,1,0,1
39580,2015,2,6,45-64,.31768453,.37962323,3
39580,2015,3,1,45-64,0,0,1
39580,2015,3,2,45-64,0,1,1
39580,2015,3,6,45-64,0,.3083235,3
39580,2015,4,1,45-64,0,0,1
39580,2015,4,2,45-64,0,0,1
39580,2015,4,6,45-64,.25473878,.35431418,8
39580,2017,4,6,18-29,0,.28847638,3
39580,2017,1,2,30-44,0,,1
39580,2017,2,2,30-44,0,0,1
39580,2017,3,1,30-44,0,0,1
39580,2017,3,2,30-44,0,0,1
39580,2017,3,6,30-44,.45136759,.54863238,2
39580,2017,4,1,30-44,0,.49653882,2
39580,2017,4,6,30-44,0,.55377626,10
39580,2017,2,1,45-64,0,,1
39580,2017,2,6,45-64,0,.2828438,3
39580,2017,3,1,45-64,0,.59000427,2
39580,2017,3,6,45-64,0,.27089474,4
39580,2017,4,1,45-64,0,0,3
39580,2017,4,6,45-64,0,.42714781,7
39580,2019,2,6,18-29,0,,1
39580,2019,3,2,18-29,0,,1
39580,2019,3,6,18-29,0,,1
39580,2019,4,2,18-29,0,,1
39580,2019,4,3,18-29,0,,1
39580,2019,4,6,18-29,0,,6
39580,2019,2,6,30-44,0,,1
39580,2019,3,1,30-44,0,,1
39580,2019,3,6,30-44,0,,3
39580,2019,4,1,30-44,0,,6
39580,2019,4,3,30-44,0,,2
39580,2019,4,6,30-44,0,,11
39580,2019,1,6,45-64,1,,1
39580,2019,2,6,45-64,0,,2
39580,2019,3,6,45-64,0,,4
39580,2019,4,1,45-64,0,,1
39580,2019,4,6,45-64,.078184374,,13
39580,2021,2,2,18-29,0,,1
39580,2021,3,6,18-29,0,,1
39580,2021,4,6,18-29,0,,4
39580,2021,2,6,30-44,0,,1
39580,2021,3,1,30-44,1,,1
39580,2021,3,4,30-44,1,,1
39580,2021,3,6,30-44,0,,3
39580,2021,4,6,30-44,0,,6
39580,2021,1,2,45-64,0,,2
39580,2021,1,6,45-64,1,,1
39580,2021,2,1,45-64,0,,2
39580,2021,2,6,45-64,0,,1
39580,2021,3,1,45-64,0,,1
39580,2021,3,6,45-64,0,,5
39580,2021,4,1,45-64,1,,1
39580,2021,4,3,45-64,0,,1
39580,2021,4,6,45-64,.089981556,,10
39580,2023,1,6,18-29,0,,1
39580,2023,2,2,18-29,0,,1
39580,2023,4,3,18-29,0,,1
39580,2023,4,6,18-29,0,,4
39580,2023,2,6,30-44,0,,2
39580,2023,3,6,30-44,0,,1
39580,2023,4,1,30-44,0,,1
39580,2023,4,6,30-44,.52204508,,2
39580,2023,3,1,45-64,0,,1
39580,2023,3,6,45-64,0,,2
39580,2023,4,1,45-64,0,,2
39580,2023,4,2,45-64,0,,1
39580,2023,4,6,45-64,0,,3
39740,2013,3,1,18-29,0,1,1
39740,2013,2,6,30-44,0,.30202454,3
39740,2013,3,6,30-44,0,.81453907,5
39740,2013,4,3,30-44,0,0,1
39740,2013,4,6,30-44,0,1,1
39740,2013,1,6,45-64,1,0,1
39740,2013,2,2,45-64,.30369264,0,3
39740,2013,2,6,45-64,0,0,1
39740,2013,3,2,45-64,0,0,1
39740,2013,3,6,45-64,0,0,2
39740,2013,4,1,45-64,0,0,1
39740,2013,4,6,45-64,.29725769,.52464658,4
39740,2015,2,6,18-29,0,1,1
39740,2015,3,6,18-29,0,1,1
39740,2015,2,6,30-44,0,0,1
39740,2015,3,6,30-44,0,0,1
39740,2015,4,6,30-44,0,1,3
39740,2015,1,6,45-64,0,0,2
39740,2015,2,6,45-64,0,.34828731,3
39740,2015,3,6,45-64,.5,0,2
39740,2015,4,6,45-64,0,0,2
39740,2017,2,2,18-29,0,1,1
39740,2017,2,6,18-29,0,0,1
39740,2017,3,6,18-29,0,0,1
39740,2017,4,6,18-29,0,1,1
39740,2017,4,7,18-29,0,1,1
39740,2017,1,2,30-44,0,0,1
39740,2017,2,6,30-44,0,0,1
39740,2017,1,2,45-64,0,0,1
39740,2017,1,6,45-64,0,1,1
39740,2017,2,6,45-64,0,0,3
39740,2017,4,6,45-64,0,.4918687,2
39740,2019,1,2,30-44,0,,1
39740,2019,2,6,30-44,0,,2
39740,2019,3,2,30-44,0,,2
39740,2019,4,6,30-44,0,,1
39740,2019,2,6,45-64,0,,1
39740,2019,3,6,45-64,0,,3
39740,2019,4,2,45-64,0,,1
39740,2021,1,2,18-29,0,,1
39740,2021,1,2,30-44,0,,2
39740,2021,2,6,30-44,0,,1
39740,2021,3,2,30-44,0,,1
39740,2021,4,6,30-44,0,,1
39740,2021,2,6,45-64,.44836977,,2
39740,2021,3,2,45-64,0,,1
39740,2023,4,6,18-29,0,,1
39740,2023,2,6,30-44,0,,1
39740,2023,3,6,30-44,0,,1
39740,2023,4,6,30-44,0,,3
39740,2023,2,2,45-64,0,,1
39740,2023,2,6,45-64,0,,2
39740,2023,3,2,45-64,0,,1
39740,2023,3,6,45-64,0,,1
39820,2015,3,2,18-29,0,1,2
39820,2015,4,2,18-29,0,0,1
39820,2015,3,6,30-44,0,1,1
39820,2015,4,5,30-44,1,1,1
39820,2015,4,6,30-44,0,1,1
39820,2015,3,6,45-64,0,.4773128,2
39820,2015,4,6,45-64,.50073022,1,2
39820,2017,3,5,18-29,0,1,1
39820,2017,4,6,18-29,0,1,1
39820,2017,2,6,30-44,0,1,1
39820,2017,3,6,30-44,0,1,1
39820,2017,4,6,30-44,0,1,1
39820,2017,2,2,45-64,0,0,1
39820,2017,2,6,45-64,0,,1
39820,2017,3,6,45-64,0,,1
39820,2017,4,6,45-64,0,1,2
39820,2019,2,6,18-29,0,,1
39820,2019,3,6,18-29,0,,2
39820,2019,1,6,30-44,0,,1
39820,2019,3,6,30-44,0,,3
39820,2019,2,4,45-64,0,,1
39820,2019,3,6,45-64,0,,2
39820,2019,4,6,45-64,0,,3
39820,2021,3,6,18-29,0,,1
39820,2021,2,2,30-44,0,,1
39820,2021,2,3,30-44,0,,1
39820,2021,2,6,30-44,0,,1
39820,2021,3,2,30-44,0,,1
39820,2021,3,6,30-44,0,,1
39820,2021,4,6,30-44,0,,1
39820,2021,3,6,45-64,0,,2
39820,2023,2,2,18-29,0,,1
39820,2023,4,6,30-44,0,,1
39820,2023,4,6,45-64,0,,1
39900,2013,1,6,18-29,0,1,1
39900,2013,3,1,18-29,0,0,1
39900,2013,3,2,18-29,0,0,1
39900,2013,3,6,18-29,0,1,2
39900,2013,4,6,18-29,0,0,1
39900,2013,1,2,30-44,0,0,5
39900,2013,2,2,30-44,.37277859,0,5
39900,2013,2,6,30-44,.32747775,.67252225,3
39900,2013,3,2,30-44,0,0,1
39900,2013,3,6,30-44,0,.60858184,3
39900,2013,4,2,30-44,0,0,1
39900,2013,4,6,30-44,.10477488,.49665943,9
39900,2013,1,2,45-64,0,0,1
39900,2013,2,2,45-64,0,0,2
39900,2013,2,6,45-64,0,0,3
39900,2013,3,2,45-64,0,1,1
39900,2013,3,6,45-64,0,.12256114,9
39900,2013,4,6,45-64,.12619495,.091457002,9
39900,2015,2,6,18-29,0,1,1
39900,2015,3,6,18-29,0,.50840586,2
39900,2015,4,6,30-44,0,.25468203,4
39900,2015,2,2,45-64,0,0,1
39900,2015,2,5,45-64,0,0,1
39900,2015,2,6,45-64,0,0,1
39900,2015,3,6,45-64,0,0,3
39900,2015,4,6,45-64,0,.202408,3
40060,2013,2,1,18-29,0,0,1
40060,2013,2,6,18-29,.39355651,.7466529,3
40060,2013,3,1,18-29,0,0,1
40060,2013,3,6,18-29,0,.79940367,4
40060,2013,4,6,18-29,0,.29875916,3
40060,2013,2,1,30-44,0,0,2
40060,2013,2,6,30-44,0,.34880826,3
40060,2013,3,1,30-44,0,0,1
40060,2013,3,2,30-44,0,.65127373,2
40060,2013,3,4,30-44,0,0,1
40060,2013,3,6,30-44,0,.62507564,3
40060,2013,4,1,30-44,0,0,1
40060,2013,4,3,30-44,0,0,1
40060,2013,4,6,30-44,0,.41581982,6
40060,2013,4,7,30-44,0,0,1
40060,2013,1,1,45-64,0,0,1
40060,2013,2,1,45-64,.32613906,0,3
40060,2013,2,6,45-64,0,0,5
40060,2013,3,1,45-64,0,0,1
40060,2013,3,6,45-64,0,.3847948,5
40060,2013,4,1,45-64,0,1,1
40060,2013,4,3,45-64,0,0,1
40060,2013,4,6,45-64,.23863751,.11427271,17
40060,2015,1,2,18-29,0,,1
40060,2015,1,6,18-29,0,0,1
40060,2015,3,5,18-29,0,1,1
40060,2015,4,1,18-29,0,0,1
40060,2015,4,6,18-29,0,1,1
40060,2015,1,6,30-44,0,0,3
40060,2015,2,1,30-44,0,0,2
40060,2015,2,6,30-44,0,1,1
40060,2015,3,1,30-44,.3420375,.65714008,3
40060,2015,3,2,30-44,0,1,2
40060,2015,3,6,30-44,0,.5416609,5
40060,2015,4,1,30-44,0,1,2
40060,2015,4,6,30-44,0,.5970993,9
40060,2015,4,7,30-44,0,1,1
40060,2015,1,1,45-64,0,,1
40060,2015,1,6,45-64,0,.63729262,2
40060,2015,2,1,45-64,0,1,1
40060,2015,2,6,45-64,.19985473,.18355913,5
40060,2015,3,1,45-64,0,0,3
40060,2015,3,6,45-64,.21708655,.27365553,6
40060,2015,4,1,45-64,0,.68748116,3
40060,2015,4,2,45-64,0,1,1
40060,2015,4,6,45-64,.15589519,.43590462,13
40060,2017,1,1,18-29,0,1,1
40060,2017,2,1,18-29,0,0,1
40060,2017,2,6,18-29,0,.44033137,2
40060,2017,4,1,18-29,0,1,1
40060,2017,4,6,18-29,.14273947,.80899543,6
40060,2017,2,2,30-44,0,0,1
40060,2017,3,1,30-44,0,1,2
40060,2017,4,6,30-44,.14814851,.86483043,6
40060,2017,4,7,30-44,0,0,1
40060,2017,1,1,45-64,0,1,1
40060,2017,2,1,45-64,0,0,1
40060,2017,2,6,45-64,0,.21312852,5
40060,2017,3,1,45-64,0,0,1
40060,2017,3,6,45-64,0,1,2
40060,2017,4,1,45-64,0,.46460468,2
40060,2017,4,6,45-64,0,.53811264,4
40060,2019,1,1,18-29,0,,1
40060,2019,1,6,18-29,0,,1
40060,2019,2,1,18-29,0,,1
40060,2019,2,6,18-29,0,,3
40060,2019,3,1,18-29,0,,1
40060,2019,3,6,18-29,0,,3
40060,2019,4,1,18-29,0,,1
40060,2019,4,6,18-29,0,,3
40060,2019,2,6,30-44,0,,1
40060,2019,3,6,30-44,0,,6
40060,2019,4,1,30-44,0,,6
40060,2019,4,3,30-44,0,,2
40060,2019,4,6,30-44,.21623755,,8
40060,2019,1,1,45-64,0,,1
40060,2019,1,7,45-64,0,,1
40060,2019,2,1,45-64,0,,2
40060,2019,2,6,45-64,.44010967,,2
40060,2019,3,1,45-64,0,,3
40060,2019,3,6,45-64,0,,3
40060,2019,4,3,45-64,0,,1
40060,2019,4,6,45-64,0,,8
40060,2021,2,1,18-29,0,,1
40060,2021,3,4,18-29,0,,1
40060,2021,3,6,18-29,0,,3
40060,2021,4,1,18-29,0,,1
40060,2021,4,2,18-29,0,,2
40060,2021,4,6,18-29,0,,4
40060,2021,1,1,30-44,0,,1
40060,2021,1,6,30-44,0,,1
40060,2021,2,6,30-44,0,,1
40060,2021,3,1,30-44,0,,2
40060,2021,3,2,30-44,0,,1
40060,2021,3,6,30-44,0,,3
40060,2021,4,1,30-44,0,,1
40060,2021,4,2,30-44,0,,1
40060,2021,4,6,30-44,0,,8
40060,2021,4,7,30-44,0,,1
40060,2021,1,2,45-64,0,,1
40060,2021,1,6,45-64,0,,1
40060,2021,2,1,45-64,0,,1
40060,2021,2,6,45-64,0,,1
40060,2021,3,1,45-64,0,,1
40060,2021,3,3,45-64,0,,1
40060,2021,3,6,45-64,0,,4
40060,2021,4,1,45-64,0,,2
40060,2021,4,3,45-64,0,,1
40060,2021,4,6,45-64,0,,9
40060,2023,2,1,18-29,0,,1
40060,2023,2,6,18-29,0,,1
40060,2023,4,6,18-29,0,,2
40060,2023,1,2,30-44,0,,1
40060,2023,2,3,30-44,0,,1
40060,2023,2,6,30-44,0,,3
40060,2023,3,1,30-44,0,,1
40060,2023,3,4,30-44,0,,1
40060,2023,3,6,30-44,0,,3
40060,2023,4,1,30-44,0,,2
40060,2023,4,3,30-44,0,,1
40060,2023,4,5,30-44,0,,1
40060,2023,4,6,30-44,.10716627,,10
40060,2023,4,7,30-44,0,,1
40060,2023,1,2,45-64,0,,1
40060,2023,2,1,45-64,.31805483,,3
40060,2023,2,2,45-64,0,,1
40060,2023,2,6,45-64,0,,5
40060,2023,3,1,45-64,0,,3
40060,2023,3,2,45-64,0,,1
40060,2023,3,6,45-64,0,,1
40060,2023,4,1,45-64,0,,1
40060,2023,4,2,45-64,.43911457,,2
40060,2023,4,3,45-64,0,,2
40060,2023,4,6,45-64,.065402262,,16
40140,2013,1,1,18-29,0,,1
40140,2013,1,2,18-29,0,0,2
40140,2013,2,2,18-29,.12494361,0,7
40140,2013,2,6,18-29,0,.66339624,4
40140,2013,3,1,18-29,0,1,1
40140,2013,3,2,18-29,0,.55337596,7
40140,2013,3,6,18-29,.16121796,.16539232,6
40140,2013,4,1,18-29,0,1,1
40140,2013,4,2,18-29,0,0,1
40140,2013,4,6,18-29,0,1,1
40140,2013,1,2,30-44,0,.18758947,7
40140,2013,1,6,30-44,.53159714,1,2
40140,2013,2,2,30-44,.34983021,.36748454,11
40140,2013,2,3,30-44,0,1,1
40140,2013,2,6,30-44,0,.49173799,4
40140,2013,3,1,30-44,0,1,2
40140,2013,3,2,30-44,0,.37389266,7
40140,2013,3,3,30-44,0,0,2
40140,2013,3,6,30-44,.27164516,.32971543,15
40140,2013,3,7,30-44,0,.49705192,2
40140,2013,4,1,30-44,0,1,1
40140,2013,4,2,30-44,0,.48353925,2
40140,2013,4,3,30-44,0,.53052241,4
40140,2013,4,6,30-44,0,.64709896,11
40140,2013,1,2,45-64,.26351199,.37050179,8
40140,2013,1,6,45-64,.31248826,.61887532,3
40140,2013,2,2,45-64,.24109645,.097153112,9
40140,2013,2,3,45-64,0,0,1
40140,2013,2,6,45-64,0,.18103221,5
40140,2013,3,1,45-64,.49507073,.50492924,2
40140,2013,3,2,45-64,0,.35221228,7
40140,2013,3,3,45-64,0,0,1
40140,2013,3,6,45-64,0,.47584358,13
40140,2013,4,1,45-64,0,1,1
40140,2013,4,2,45-64,0,.76915216,4
40140,2013,4,3,45-64,.57254869,.28909656,4
40140,2013,4,6,45-64,.25386956,.30322009,20
40140,2015,1,2,18-29,0,0,2
40140,2015,2,1,18-29,0,,1
40140,2015,2,2,18-29,0,.65304959,3
40140,2015,2,6,18-29,0,1,4
40140,2015,3,1,18-29,0,,1
40140,2015,3,2,18-29,0,.66225731,6
40140,2015,3,6,18-29,0,.16358612,6
40140,2015,4,2,18-29,0,.17922382,3
40140,2015,4,6,18-29,.25569466,.77297306,4
40140,2015,1,2,30-44,0,.23306912,10
40140,2015,1,6,30-44,0,1,2
40140,2015,2,1,30-44,0,1,1
40140,2015,2,2,30-44,.081887901,.56382793,11
40140,2015,2,6,30-44,0,0,1
40140,2015,3,1,30-44,0,.43357322,2
40140,2015,3,2,30-44,.079244711,.25406921,11
40140,2015,3,3,30-44,0,1,1
40140,2015,3,6,30-44,0,.86337006,7
40140,2015,4,2,30-44,.14989907,.67986208,6
40140,2015,4,3,30-44,0,.40798584,2
40140,2015,4,6,30-44,.080551371,.82856846,12
40140,2015,4,7,30-44,0,1,1
40140,2015,1,2,45-64,.058259413,.48357788,16
40140,2015,1,5,45-64,0,1,1
40140,2015,1,6,45-64,0,0,1
40140,2015,2,2,45-64,0,.39259785,9
40140,2015,2,6,45-64,0,.5087868,6
40140,2015,3,1,45-64,0,.41529447,2
40140,2015,3,2,45-64,.14860822,.5463472,12
40140,2015,3,6,45-64,.37492833,.48850697,8
40140,2015,4,2,45-64,0,.29336169,3
40140,2015,4,3,45-64,0,0,3
40140,2015,4,6,45-64,.10216107,.70937848,10
40140,2015,4,7,45-64,0,0,1
40140,2017,1,2,18-29,0,0,2
40140,2017,2,2,18-29,0,.36356866,2
40140,2017,2,6,18-29,0,,1
40140,2017,3,1,18-29,0,1,2
40140,2017,3,2,18-29,0,1,2
40140,2017,3,6,18-29,.2090802,.78950804,5
40140,2017,4,2,18-29,0,1,1
40140,2017,4,6,18-29,0,.44652605,2
40140,2017,1,2,30-44,.25369394,.71025038,6
40140,2017,1,6,30-44,0,1,3
40140,2017,2,1,30-44,0,1,1
40140,2017,2,2,30-44,0,.35726291,5
40140,2017,2,3,30-44,0,0,2
40140,2017,2,6,30-44,0,1,3
40140,2017,3,1,30-44,0,.32926729,3
40140,2017,3,2,30-44,.07737942,.6143294,13
40140,2017,3,3,30-44,0,.52708489,2
40140,2017,3,6,30-44,.1865582,.54393101,11
40140,2017,4,1,30-44,0,0,1
40140,2017,4,2,30-44,0,.41970617,8
40140,2017,4,3,30-44,.60784769,.15986866,5
40140,2017,4,4,30-44,0,,1
40140,2017,4,6,30-44,.37330556,.84478968,11
40140,2017,1,2,45-64,0,.2889863,10
40140,2017,1,3,45-64,0,0,1
40140,2017,1,6,45-64,0,0,2
40140,2017,1,7,45-64,0,,1
40140,2017,2,1,45-64,1,1,1
40140,2017,2,2,45-64,0,.42197403,10
40140,2017,2,3,45-64,1,0,1
40140,2017,2,6,45-64,.26999238,.76339227,4
40140,2017,3,1,45-64,0,.79615515,4
40140,2017,3,2,45-64,.32547098,.50360811,6
40140,2017,3,3,45-64,0,0,1
40140,2017,3,5,45-64,0,0,1
40140,2017,3,6,45-64,.12496555,.53288364,15
40140,2017,4,1,45-64,.56637156,.43362844,2
40140,2017,4,2,45-64,0,.23965737,3
40140,2017,4,3,45-64,0,1,1
40140,2017,4,6,45-64,0,.6177898,8
40140,2019,1,2,18-29,0,,2
40140,2019,2,1,18-29,0,,1
40140,2019,2,2,18-29,0,,5
40140,2019,2,6,18-29,0,,2
40140,2019,3,1,18-29,0,,1
40140,2019,3,2,18-29,0,,6
40140,2019,3,3,18-29,0,,1
40140,2019,3,6,18-29,0,,1
40140,2019,4,2,18-29,0,,2
40140,2019,4,3,18-29,0,,3
40140,2019,4,7,18-29,0,,1
40140,2019,1,2,30-44,0,,6
40140,2019,2,1,30-44,0,,1
40140,2019,2,2,30-44,0,,8
40140,2019,2,6,30-44,0,,7
40140,2019,3,1,30-44,0,,2
40140,2019,3,2,30-44,0,,10
40140,2019,3,3,30-44,0,,1
40140,2019,3,6,30-44,0,,7
40140,2019,4,2,30-44,0,,6
40140,2019,4,3,30-44,0,,2
40140,2019,4,6,30-44,0,,4
40140,2019,4,7,30-44,0,,1
40140,2019,1,2,45-64,.10995632,,9
40140,2019,1,6,45-64,.52384228,,2
40140,2019,2,1,45-64,0,,3
40140,2019,2,2,45-64,.20310406,,9
40140,2019,2,6,45-64,.35643715,,9
40140,2019,3,1,45-64,0,,3
40140,2019,3,2,45-64,0,,5
40140,2019,3,3,45-64,0,,1
40140,2019,3,6,45-64,.08574228,,13
40140,2019,4,2,45-64,0,,4
40140,2019,4,3,45-64,.61201948,,2
40140,2019,4,6,45-64,.13293384,,17
40140,2021,1,6,18-29,0,,1
40140,2021,2,1,18-29,0,,1
40140,2021,2,2,18-29,0,,7
40140,2021,3,1,18-29,0,,1
40140,2021,3,2,18-29,0,,3
40140,2021,4,2,18-29,0,,1
40140,2021,4,3,18-29,0,,1
40140,2021,4,6,18-29,0,,1
40140,2021,1,1,30-44,0,,1
40140,2021,1,2,30-44,.29486144,,4
40140,2021,2,1,30-44,0,,1
40140,2021,2,2,30-44,.073154896,,9
40140,2021,2,3,30-44,.48215812,,2
40140,2021,2,7,30-44,0,,2
40140,2021,3,1,30-44,.36552897,,2
40140,2021,3,2,30-44,.11748426,,14
40140,2021,3,6,30-44,.22637907,,4
40140,2021,3,7,30-44,0,,2
40140,2021,4,2,30-44,0,,10
40140,2021,4,3,30-44,.43848947,,2
40140,2021,4,6,30-44,0,,8
40140,2021,1,2,45-64,.13381629,,7
40140,2021,1,6,45-64,0,,1
40140,2021,2,1,45-64,0,,1
40140,2021,2,2,45-64,.29753438,,7
40140,2021,2,3,45-64,0,,1
40140,2021,2,6,45-64,0,,8
40140,2021,3,1,45-64,0,,2
40140,2021,3,2,45-64,.13322364,,8
40140,2021,3,3,45-64,0,,1
40140,2021,3,6,45-64,0,,8
40140,2021,4,1,45-64,0,,3
40140,2021,4,2,45-64,0,,5
40140,2021,4,3,45-64,.25967675,,4
40140,2021,4,6,45-64,0,,13
40140,2021,4,7,45-64,0,,1
40140,2023,1,2,18-29,.64657176,,2
40140,2023,2,2,18-29,.21235801,,4
40140,2023,2,6,18-29,0,,1
40140,2023,3,2,18-29,0,,10
40140,2023,3,3,18-29,0,,1
40140,2023,4,2,18-29,0,,3
40140,2023,4,3,18-29,0,,2
40140,2023,1,2,30-44,0,,5
40140,2023,1,3,30-44,0,,1
40140,2023,1,6,30-44,.28105414,,3
40140,2023,2,2,30-44,.37605742,,11
40140,2023,2,6,30-44,.31479311,,3
40140,2023,3,1,30-44,0,,3
40140,2023,3,2,30-44,0,,15
40140,2023,3,6,30-44,.35732636,,8
40140,2023,4,1,30-44,0,,2
40140,2023,4,2,30-44,.086908691,,10
40140,2023,4,3,30-44,0,,3
40140,2023,4,6,30-44,0,,2
40140,2023,1,2,45-64,.26179558,,7
40140,2023,2,1,45-64,0,,1
40140,2023,2,2,45-64,.12575375,,11
40140,2023,2,3,45-64,0,,2
40140,2023,2,6,45-64,.15543181,,7
40140,2023,3,1,45-64,0,,4
40140,2023,3,2,45-64,.26823267,,12
40140,2023,3,3,45-64,0,,1
40140,2023,3,6,45-64,.18733153,,14
40140,2023,4,1,45-64,0,,3
40140,2023,4,2,45-64,0,,5
40140,2023,4,3,45-64,.40859076,,4
40140,2023,4,6,45-64,.28941065,,10
40220,2013,2,6,30-44,0,.27711478,3
40220,2013,4,6,30-44,.36788759,1,5
40220,2013,2,1,45-64,0,1,1
40220,2013,2,6,45-64,0,0,2
40220,2013,3,6,45-64,.30424038,0,3
40220,2013,4,2,45-64,0,0,1
40220,2013,4,6,45-64,0,0,1
40220,2015,2,6,18-29,0,0,1
40220,2015,3,1,18-29,0,0,1
40220,2015,1,6,30-44,0,0,1
40220,2015,2,1,30-44,0,0,1
40220,2015,3,2,30-44,0,0,1
40220,2015,4,6,30-44,0,0,1
40220,2015,1,1,45-64,0,0,1
40220,2015,2,1,45-64,0,0,1
40220,2015,3,6,45-64,0,0,3
40220,2015,4,6,45-64,0,0,2
40220,2017,3,6,18-29,0,1,2
40220,2017,3,6,30-44,0,0,1
40220,2017,4,6,30-44,0,.66846496,4
40220,2017,1,6,45-64,0,,1
40220,2017,2,6,45-64,.5,0,2
40220,2017,3,6,45-64,0,0,1
40220,2017,4,6,45-64,0,0,1
40220,2019,2,1,18-29,1,,1
40220,2019,2,6,30-44,0,,2
40220,2019,3,7,30-44,0,,1
40220,2019,1,6,45-64,0,,1
40220,2019,2,6,45-64,0,,1
40220,2019,4,6,45-64,0,,1
40220,2021,4,6,18-29,0,,1
40220,2021,1,2,30-44,0,,1
40220,2021,4,6,30-44,.48748782,,2
40220,2021,1,6,45-64,0,,1
40220,2021,2,6,45-64,.38455161,,3
40220,2021,3,6,45-64,0,,1
40220,2021,4,6,45-64,1,,2
40220,2023,4,6,18-29,0,,2
40220,2023,2,6,30-44,0,,1
40220,2023,3,1,30-44,0,,1
40220,2023,4,6,30-44,0,,2
40220,2023,4,7,30-44,0,,1
40220,2023,2,6,45-64,0,,1
40220,2023,3,6,45-64,0,,1
40380,2013,2,2,18-29,0,0,1
40380,2013,2,6,18-29,0,1,1
40380,2013,3,6,18-29,0,0,1
40380,2013,4,6,18-29,0,1,7
40380,2013,1,1,30-44,0,0,1
40380,2013,2,6,30-44,0,0,3
40380,2013,3,6,30-44,0,.50923067,4
40380,2013,4,6,30-44,0,.60893285,5
40380,2013,1,6,45-64,0,0,1
40380,2013,2,1,45-64,0,0,1
40380,2013,2,6,45-64,.17336334,.16066341,6
40380,2013,3,1,45-64,0,0,1
40380,2013,3,6,45-64,0,.1710545,13
40380,2013,4,1,45-64,.50082606,0,2
40380,2013,4,2,45-64,0,1,1
40380,2013,4,6,45-64,.21636507,0,10
40380,2015,2,1,18-29,0,0,1
40380,2015,2,6,18-29,0,.6304602,2
40380,2015,2,7,18-29,0,0,1
40380,2015,3,2,18-29,0,1,1
40380,2015,3,6,18-29,0,1,1
40380,2015,4,6,18-29,.29808378,.66828251,3
40380,2015,1,3,30-44,0,0,1
40380,2015,1,6,30-44,0,1,1
40380,2015,2,6,30-44,0,1,2
40380,2015,3,2,30-44,0,1,1
40380,2015,3,6,30-44,0,.44747728,4
40380,2015,4,3,30-44,0,0,2
40380,2015,4,6,30-44,0,.77682436,5
40380,2015,1,3,45-64,0,0,1
40380,2015,2,1,45-64,1,,1
40380,2015,2,6,45-64,0,0,5
40380,2015,3,2,45-64,1,0,1
40380,2015,3,6,45-64,0,.14891903,15
40380,2015,4,6,45-64,.5121237,.1284696,9
40380,2017,1,2,18-29,0,0,1
40380,2017,3,2,18-29,0,,1
40380,2017,3,6,18-29,0,1,1
40380,2017,4,1,18-29,0,0,1
40380,2017,4,3,18-29,0,0,1
40380,2017,4,6,18-29,0,.53685111,2
40380,2017,2,6,30-44,0,.36831644,3
40380,2017,3,1,30-44,0,1,1
40380,2017,3,6,30-44,0,.52515608,4
40380,2017,4,6,30-44,.16434787,.64191556,6
40380,2017,1,2,45-64,1,,1
40380,2017,1,6,45-64,1,0,1
40380,2017,2,1,45-64,0,.51768863,2
40380,2017,2,6,45-64,0,.52818459,2
40380,2017,2,7,45-64,0,0,1
40380,2017,3,1,45-64,0,1,1
40380,2017,3,6,45-64,0,0,1
40380,2017,4,1,45-64,0,0,1
40380,2017,4,6,45-64,.17849073,.5201323,6
40380,2019,3,1,18-29,0,,1
40380,2019,3,6,18-29,0,,1
40380,2019,4,3,18-29,0,,1
40380,2019,4,6,18-29,0,,3
40380,2019,2,1,30-44,0,,1
40380,2019,2,2,30-44,0,,1
40380,2019,3,6,30-44,0,,1
40380,2019,4,1,30-44,0,,1
40380,2019,4,2,30-44,0,,1
40380,2019,4,6,30-44,.19712329,,5
40380,2019,1,3,45-64,1,,1
40380,2019,2,2,45-64,0,,1
40380,2019,2,6,45-64,.63042957,,3
40380,2019,3,6,45-64,0,,2
40380,2019,4,1,45-64,0,,1
40380,2019,4,6,45-64,0,,3
40380,2021,3,6,18-29,0,,1
40380,2021,4,3,18-29,0,,1
40380,2021,4,6,18-29,0,,2
40380,2021,2,6,30-44,.32321793,,3
40380,2021,3,6,30-44,.47405541,,6
40380,2021,4,6,30-44,0,,4
40380,2021,2,6,45-64,1,,1
40380,2021,3,6,45-64,0,,3
40380,2021,4,6,45-64,.1226834,,8
40380,2023,4,3,18-29,0,,1
40380,2023,4,6,18-29,0,,3
40380,2023,1,1,30-44,0,,1
40380,2023,1,6,30-44,0,,1
40380,2023,2,6,30-44,0,,1
40380,2023,3,1,30-44,0,,1
40380,2023,3,6,30-44,0,,1
40380,2023,4,1,30-44,.53760439,,2
40380,2023,4,4,30-44,0,,1
40380,2023,4,6,30-44,.19816355,,6
40380,2023,4,7,30-44,0,,1
40380,2023,1,6,45-64,0,,1
40380,2023,2,6,45-64,.17827678,,5
40380,2023,3,1,45-64,0,,1
40380,2023,3,6,45-64,.11250718,,11
40380,2023,4,3,45-64,0,,1
40380,2023,4,6,45-64,.11996647,,9
40420,2013,2,6,18-29,0,.47661757,2
40420,2013,3,6,18-29,0,0,2
40420,2013,4,6,18-29,0,0,2
40420,2013,2,6,30-44,0,0,1
40420,2013,3,2,30-44,0,0,1
40420,2013,3,6,30-44,0,0,2
40420,2013,4,6,30-44,0,.7066403,3
40420,2013,2,2,45-64,0,,1
40420,2013,2,6,45-64,0,0,1
40420,2013,3,6,45-64,0,0,2
40420,2013,4,6,45-64,0,1,2
40420,2015,3,2,18-29,0,0,1
40420,2015,3,6,18-29,0,1,1
40420,2015,3,6,30-44,0,1,1
40420,2015,4,2,30-44,0,1,1
40420,2015,4,6,30-44,0,1,1
40420,2015,2,6,45-64,1,0,1
40420,2015,3,6,45-64,0,0,2
40420,2015,4,1,45-64,0,1,1
40420,2017,2,6,18-29,0,,1
40420,2017,3,2,18-29,0,1,1
40420,2017,2,6,30-44,0,1,1
40420,2017,3,6,30-44,0,1,1
40420,2017,2,6,45-64,0,.50428098,2
40420,2017,3,6,45-64,0,.21656102,5
40420,2017,4,6,45-64,.35778245,0,3
40420,2019,2,2,18-29,0,,1
40420,2019,2,6,18-29,0,,1
40420,2019,3,6,18-29,0,,1
40420,2019,3,1,30-44,0,,1
40420,2019,3,6,30-44,0,,1
40420,2019,4,6,30-44,0,,1
40420,2019,2,1,45-64,0,,1
40420,2019,2,6,45-64,0,,1
40420,2019,3,6,45-64,0,,1
40420,2019,4,6,45-64,0,,4
40420,2021,3,6,18-29,0,,1
40420,2021,1,2,30-44,0,,1
40420,2021,2,1,30-44,0,,1
40420,2021,2,6,30-44,0,,1
40420,2021,3,4,30-44,0,,1
40420,2021,3,6,30-44,0,,2
40420,2021,4,6,30-44,0,,1
40420,2021,1,1,45-64,0,,1
40420,2021,2,6,45-64,0,,1
40420,2021,3,6,45-64,0,,2
40420,2021,4,6,45-64,0,,1
40420,2023,1,2,18-29,0,,1
40420,2023,2,6,18-29,0,,1
40420,2023,1,1,30-44,0,,1
40420,2023,1,2,30-44,1,,1
40420,2023,2,1,30-44,0,,1
40420,2023,2,2,30-44,0,,1
40420,2023,2,6,30-44,0,,1
40420,2023,3,1,30-44,0,,1
40420,2023,3,6,30-44,0,,1
40420,2023,2,6,45-64,0,,1
40420,2023,3,6,45-64,0,,1
40420,2023,4,6,45-64,0,,2
40900,2013,1,4,18-29,0,0,1
40900,2013,2,2,18-29,0,,1
40900,2013,2,6,18-29,0,.37463179,3
40900,2013,3,2,18-29,0,.56217623,2
40900,2013,3,6,18-29,0,.66426396,3
40900,2013,4,3,18-29,0,1,2
40900,2013,4,6,18-29,0,1,1
40900,2013,1,2,30-44,0,0,4
40900,2013,2,1,30-44,0,1,2
40900,2013,2,2,30-44,0,0,3
40900,2013,2,3,30-44,0,1,1
40900,2013,2,6,30-44,0,0,1
40900,2013,3,2,30-44,0,.8128823,4
40900,2013,3,6,30-44,.10098118,.57893956,10
40900,2013,3,7,30-44,0,.38153398,3
40900,2013,4,3,30-44,0,0,1
40900,2013,4,6,30-44,.19241768,.44648305,17
40900,2013,1,2,45-64,0,0,2
40900,2013,1,6,45-64,0,1,1
40900,2013,2,2,45-64,0,.4290376,4
40900,2013,2,6,45-64,0,.19785415,5
40900,2013,3,2,45-64,0,0,1
40900,2013,3,4,45-64,0,1,1
40900,2013,3,6,45-64,.2133424,.36473665,14
40900,2013,3,7,45-64,0,0,1
40900,2013,4,1,45-64,0,0,1
40900,2013,4,2,45-64,0,.67116576,3
40900,2013,4,6,45-64,.16444035,.30174077,23
40900,2015,1,2,18-29,0,0,1
40900,2015,1,6,18-29,0,0,1
40900,2015,2,6,18-29,0,.42295775,3
40900,2015,3,6,18-29,0,1,2
40900,2015,4,1,18-29,0,.41059864,2
40900,2015,4,2,18-29,0,1,1
40900,2015,4,6,18-29,0,.56736547,2
40900,2015,1,2,30-44,0,1,2
40900,2015,1,6,30-44,0,0,1
40900,2015,2,1,30-44,0,0,1
40900,2015,2,2,30-44,0,.45878622,3
40900,2015,2,6,30-44,0,.82238793,5
40900,2015,3,1,30-44,0,1,2
40900,2015,3,2,30-44,0,0,4
40900,2015,3,3,30-44,.4949913,.5050087,2
40900,2015,3,6,30-44,.19033252,.63109207,6
40900,2015,4,1,30-44,0,1,1
40900,2015,4,2,30-44,0,1,1
40900,2015,4,3,30-44,0,.46735808,4
40900,2015,4,6,30-44,.28856841,1,4
40900,2015,1,2,45-64,0,1,1
40900,2015,2,3,45-64,0,.29073662,3
40900,2015,2,6,45-64,.44004577,.80747622,5
40900,2015,3,2,45-64,0,0,1
40900,2015,3,3,45-64,0,0,1
40900,2015,3,6,45-64,.32012361,.58370835,15
40900,2015,4,1,45-64,0,1,2
40900,2015,4,3,45-64,0,0,1
40900,2015,4,6,45-64,.18910392,.56846875,11
40900,2017,2,2,18-29,0,1,1
40900,2017,2,6,18-29,0,.75469029,4
40900,2017,3,2,18-29,0,.31397763,4
40900,2017,3,3,18-29,0,0,2
40900,2017,3,6,18-29,0,.77468425,5
40900,2017,3,7,18-29,,1,0
40900,2017,4,2,18-29,0,1,2
40900,2017,4,6,18-29,0,1,2
40900,2017,1,2,30-44,0,0,2
40900,2017,1,6,30-44,0,.31415546,3
40900,2017,1,7,30-44,0,1,1
40900,2017,2,2,30-44,0,.26998234,3
40900,2017,2,5,30-44,0,0,1
40900,2017,2,6,30-44,0,.49851066,2
40900,2017,3,1,30-44,0,.37449667,2
40900,2017,3,2,30-44,0,.74434656,4
40900,2017,3,6,30-44,.11796024,.42085424,9
40900,2017,4,2,30-44,0,1,1
40900,2017,4,3,30-44,0,.77471989,4
40900,2017,4,6,30-44,0,.6612826,10
40900,2017,1,1,45-64,0,,1
40900,2017,1,6,45-64,0,0,1
40900,2017,2,1,45-64,0,.5018366,4
40900,2017,2,2,45-64,0,1,1
40900,2017,2,6,45-64,.17203875,0,6
40900,2017,3,1,45-64,0,.39464989,5
40900,2017,3,2,45-64,0,1,1
40900,2017,3,3,45-64,.29361555,.63049948,3
40900,2017,3,6,45-64,0,.61548769,10
40900,2017,3,7,45-64,0,1,1
40900,2017,4,1,45-64,0,1,1
40900,2017,4,2,45-64,0,.51817483,4
40900,2017,4,3,45-64,0,.22007142,4
40900,2017,4,6,45-64,.36373189,.45684004,11
40900,2017,4,7,45-64,0,.47611865,2
40900,2019,2,2,18-29,0,,1
40900,2019,2,6,18-29,0,,1
40900,2019,3,2,18-29,0,,2
40900,2019,3,6,18-29,0,,3
40900,2019,3,7,18-29,0,,1
40900,2019,4,2,18-29,0,,1
40900,2019,4,3,18-29,0,,1
40900,2019,4,6,18-29,0,,2
40900,2019,2,2,30-44,0,,3
40900,2019,2,3,30-44,0,,1
40900,2019,2,6,30-44,0,,5
40900,2019,3,2,30-44,0,,4
40900,2019,3,3,30-44,.50438064,,2
40900,2019,3,6,30-44,0,,6
40900,2019,4,1,30-44,0,,2
40900,2019,4,2,30-44,0,,2
40900,2019,4,3,30-44,0,,4
40900,2019,4,6,30-44,0,,11
40900,2019,1,1,45-64,0,,1
40900,2019,1,3,45-64,0,,2
40900,2019,2,3,45-64,0,,2
40900,2019,2,6,45-64,.15093222,,6
40900,2019,3,1,45-64,0,,1
40900,2019,3,2,45-64,0,,1
40900,2019,3,3,45-64,0,,2
40900,2019,3,6,45-64,.12691365,,8
40900,2019,4,1,45-64,0,,1
40900,2019,4,2,45-64,0,,1
40900,2019,4,3,45-64,0,,5
40900,2019,4,6,45-64,0,,19
40900,2021,2,6,18-29,0,,1
40900,2021,3,1,18-29,0,,1
40900,2021,3,2,18-29,0,,1
40900,2021,3,6,18-29,0,,2
40900,2021,3,7,18-29,0,,1
40900,2021,4,1,18-29,0,,1
40900,2021,4,2,18-29,0,,1
40900,2021,4,6,18-29,0,,1
40900,2021,1,2,30-44,0,,3
40900,2021,2,1,30-44,0,,1
40900,2021,2,2,30-44,0,,1
40900,2021,2,3,30-44,0,,1
40900,2021,2,6,30-44,.50083798,,2
40900,2021,3,1,30-44,0,,1
40900,2021,3,2,30-44,0,,1
40900,2021,3,6,30-44,0,,2
40900,2021,4,2,30-44,0,,4
40900,2021,4,3,30-44,.2366492,,4
40900,2021,4,6,30-44,.082508326,,12
40900,2021,1,2,45-64,1,,1
40900,2021,1,3,45-64,0,,1
40900,2021,1,6,45-64,0,,2
40900,2021,2,2,45-64,0,,2
40900,2021,2,3,45-64,0,,2
40900,2021,2,6,45-64,0,,7
40900,2021,3,1,45-64,0,,1
40900,2021,3,2,45-64,0,,2
40900,2021,3,3,45-64,0,,1
40900,2021,3,6,45-64,.43703258,,9
40900,2021,3,7,45-64,1,,1
40900,2021,4,1,45-64,0,,1
40900,2021,4,2,45-64,0,,7
40900,2021,4,3,45-64,0,,8
40900,2021,4,5,45-64,0,,2
40900,2021,4,6,45-64,.12998557,,24
40900,2023,2,6,18-29,0,,2
40900,2023,3,2,18-29,0,,1
40900,2023,3,3,18-29,0,,1
40900,2023,3,6,18-29,0,,1
40900,2023,3,7,18-29,0,,1
40900,2023,4,6,18-29,0,,3
40900,2023,2,2,30-44,0,,3
40900,2023,2,6,30-44,0,,1
40900,2023,2,7,30-44,0,,1
40900,2023,3,2,30-44,0,,1
40900,2023,3,3,30-44,0,,1
40900,2023,3,5,30-44,0,,1
40900,2023,3,6,30-44,.56506938,,7
40900,2023,4,1,30-44,0,,2
40900,2023,4,2,30-44,0,,1
40900,2023,4,3,30-44,0,,4
40900,2023,4,6,30-44,.12891208,,8
40900,2023,1,2,45-64,0,,1
40900,2023,1,3,45-64,0,,1
40900,2023,2,3,45-64,0,,1
40900,2023,2,6,45-64,0,,3
40900,2023,3,5,45-64,0,,1
40900,2023,3,6,45-64,0,,7
40900,2023,3,7,45-64,0,,1
40900,2023,4,2,45-64,0,,1
40900,2023,4,3,45-64,.20640361,,10
40900,2023,4,6,45-64,.21949093,,14
40980,2013,3,6,18-29,0,1,1
40980,2013,2,6,30-44,0,0,1
40980,2013,4,6,30-44,0,.44562739,2
40980,2013,1,1,45-64,0,0,1
40980,2013,2,1,45-64,0,0,1
40980,2013,3,2,45-64,0,0,1
40980,2013,3,6,45-64,0,0,4
40980,2013,4,6,45-64,0,0,2
40980,2015,2,6,30-44,.62468588,.37531415,2
40980,2015,3,2,30-44,0,,1
40980,2015,3,6,30-44,1,1,1
40980,2017,3,6,18-29,0,1,1
40980,2017,1,6,30-44,0,1,1
40980,2017,3,6,30-44,0,1,1
40980,2017,3,6,45-64,0,0,2
40980,2017,4,6,45-64,0,0,1
40980,2019,2,2,18-29,0,,1
40980,2019,3,6,18-29,0,,2
40980,2019,3,6,30-44,0,,3
40980,2019,3,1,45-64,0,,1
40980,2021,2,6,18-29,0,,1
40980,2021,3,6,18-29,0,,1
40980,2021,3,1,30-44,0,,2
40980,2021,3,6,30-44,.56657535,,2
40980,2021,4,6,30-44,0,,1
40980,2021,2,2,45-64,0,,1
40980,2021,3,6,45-64,0,,3
40980,2023,2,6,18-29,0,,2
40980,2023,3,6,30-44,0,,1
40980,2023,4,7,30-44,0,,1
40980,2023,3,6,45-64,1,,2
41060,2013,2,6,18-29,0,0,1
41060,2013,3,6,18-29,0,0,1
41060,2013,4,6,18-29,0,1,1
41060,2013,1,1,30-44,,0,0
41060,2013,2,6,30-44,0,0,1
41060,2013,3,3,30-44,0,0,1
41060,2013,3,6,30-44,0,1,1
41060,2013,4,6,30-44,0,1,2
41060,2013,2,6,45-64,0,0,3
41060,2013,3,6,45-64,0,0,1
41060,2013,4,6,45-64,0,.53065121,2
41060,2015,3,6,30-44,0,1,2
41060,2015,2,6,45-64,1,0,2
41060,2015,3,6,45-64,0,0,1
41100,2015,2,6,30-44,1,1,1
41100,2015,3,2,30-44,1,1,1
41100,2015,3,6,30-44,0,1,1
41100,2015,4,6,30-44,0,1,5
41100,2015,2,2,45-64,0,,1
41100,2015,2,6,45-64,0,.47043359,2
41100,2015,3,6,45-64,0,0,1
41100,2017,1,2,30-44,0,0,1
41100,2017,3,6,30-44,.46379793,0,2
41100,2017,4,3,30-44,0,1,1
41100,2017,4,6,30-44,0,1,2
41100,2017,3,6,45-64,0,.6706481,3
41100,2017,4,6,45-64,0,1,1
41100,2019,2,6,30-44,0,,2
41100,2019,3,1,30-44,0,,1
41100,2019,3,6,30-44,.23126557,,4
41100,2019,4,6,30-44,0,,2
41100,2019,3,6,45-64,0,,1
41100,2019,4,6,45-64,0,,1
41100,2021,2,6,18-29,0,,1
41100,2021,3,6,18-29,.20987105,,4
41100,2021,2,6,30-44,1,,1
41100,2021,3,6,30-44,0,,1
41100,2021,4,6,30-44,0,,1
41100,2021,2,6,45-64,0,,1
41100,2021,3,6,45-64,1,,1
41100,2021,4,2,45-64,0,,1
41100,2021,4,6,45-64,0,,1
41100,2023,2,6,18-29,0,,1
41100,2023,4,6,18-29,0,,1
41100,2023,2,2,30-44,0,,1
41100,2023,3,6,30-44,0,,3
41100,2023,4,6,30-44,0,,1
41100,2023,2,6,45-64,0,,2
41100,2023,3,6,45-64,0,,1
41100,2023,4,6,45-64,0,,2
41180,2013,1,6,18-29,0,0,1
41180,2013,2,1,18-29,0,0,2
41180,2013,2,6,18-29,0,.47595489,5
41180,2013,3,1,18-29,0,.40228653,5
41180,2013,3,6,18-29,.11784931,.54257679,8
41180,2013,4,1,18-29,0,.43192062,2
41180,2013,4,3,18-29,0,1,1
41180,2013,4,6,18-29,0,.67226732,10
41180,2013,1,1,30-44,0,0,1
41180,2013,1,6,30-44,0,1,1
41180,2013,2,1,30-44,0,,1
41180,2013,2,6,30-44,0,.63107568,9
41180,2013,3,1,30-44,0,.49901265,2
41180,2013,3,2,30-44,0,0,1
41180,2013,3,6,30-44,.056612562,.59504211,17
41180,2013,4,1,30-44,0,.52363187,2
41180,2013,4,3,30-44,0,0,1
41180,2013,4,6,30-44,.066726521,.37552574,29
41180,2013,4,7,30-44,0,1,1
41180,2013,1,1,45-64,.37049967,0,3
41180,2013,1,6,45-64,0,0,4
41180,2013,2,1,45-64,0,.27358872,6
41180,2013,2,2,45-64,0,0,1
41180,2013,2,6,45-64,0,.069502838,15
41180,2013,2,7,45-64,0,0,1
41180,2013,3,1,45-64,0,.22062589,6
41180,2013,3,2,45-64,0,0,2
41180,2013,3,4,45-64,0,0,1
41180,2013,3,6,45-64,.18932806,.2228028,32
41180,2013,3,7,45-64,0,0,1
41180,2013,4,1,45-64,0,0,1
41180,2013,4,2,45-64,0,0,1
41180,2013,4,6,45-64,.14405653,.24483265,39
41180,2015,2,1,18-29,0,.45406985,2
41180,2015,2,2,18-29,0,,1
41180,2015,2,6,18-29,0,.25129601,4
41180,2015,3,1,18-29,0,,1
41180,2015,3,5,18-29,0,,1
41180,2015,3,6,18-29,0,.42402276,7
41180,2015,4,1,18-29,1,1,2
41180,2015,4,6,18-29,0,1,3
41180,2015,4,7,18-29,0,1,1
41180,2015,2,1,30-44,0,0,1
41180,2015,2,2,30-44,0,1,3
41180,2015,2,6,30-44,0,.68466204,6
41180,2015,3,1,30-44,.29378152,.67572099,4
41180,2015,3,5,30-44,0,1,1
41180,2015,3,6,30-44,.066966303,.7810182,16
41180,2015,4,2,30-44,0,0,1
41180,2015,4,3,30-44,0,0,1
41180,2015,4,6,30-44,.11757613,.78159815,24
41180,2015,4,7,30-44,0,1,1
41180,2015,1,1,45-64,0,0,1
41180,2015,1,6,45-64,.23008998,.51198596,4
41180,2015,2,1,45-64,0,0,2
41180,2015,2,6,45-64,.15416327,.34423831,14
41180,2015,3,1,45-64,0,1,5
41180,2015,3,2,45-64,0,0,1
41180,2015,3,6,45-64,0,.33742398,18
41180,2015,4,1,45-64,0,1,1
41180,2015,4,3,45-64,0,0,1
41180,2015,4,6,45-64,.16713704,.50990176,37
41180,2017,2,1,18-29,0,0,1
41180,2017,2,6,18-29,0,.62421739,3
41180,2017,3,6,18-29,0,.46930969,8
41180,2017,4,1,18-29,1,1,1
41180,2017,4,6,18-29,0,.6765663,15
41180,2017,2,1,30-44,0,.56604809,3
41180,2017,2,6,30-44,0,.74211073,5
41180,2017,3,1,30-44,0,.23865907,5
41180,2017,3,4,30-44,0,1,1
41180,2017,3,6,30-44,0,.68078887,9
41180,2017,4,1,30-44,0,1,4
41180,2017,4,3,30-44,0,.37372473,2
41180,2017,4,6,30-44,.044263963,.85111946,25
41180,2017,1,6,45-64,1,0,1
41180,2017,2,1,45-64,0,.50380576,3
41180,2017,2,6,45-64,.12449411,.46837854,14
41180,2017,3,1,45-64,0,.45868641,2
41180,2017,3,6,45-64,.174026,.58346909,22
41180,2017,4,1,45-64,.14144717,.40510693,5
41180,2017,4,3,45-64,0,0,1
41180,2017,4,6,45-64,.092767492,.43474773,22
41180,2019,2,1,18-29,0,,2
41180,2019,2,6,18-29,0,,1
41180,2019,3,1,18-29,0,,1
41180,2019,3,6,18-29,.14950599,,6
41180,2019,3,7,18-29,0,,1
41180,2019,4,1,18-29,0,,3
41180,2019,4,2,18-29,0,,1
41180,2019,4,6,18-29,.095048919,,11
41180,2019,1,6,30-44,0,,1
41180,2019,2,1,30-44,0,,1
41180,2019,2,6,30-44,0,,1
41180,2019,3,1,30-44,.26549956,,5
41180,2019,3,6,30-44,0,,7
41180,2019,3,7,30-44,0,,1
41180,2019,4,1,30-44,0,,7
41180,2019,4,6,30-44,.031199353,,29
41180,2019,1,6,45-64,0,,2
41180,2019,2,1,45-64,0,,2
41180,2019,2,6,45-64,.084451959,,12
41180,2019,3,1,45-64,0,,6
41180,2019,3,6,45-64,.15178873,,15
41180,2019,4,1,45-64,0,,2
41180,2019,4,6,45-64,.10797068,,19
41180,2021,2,1,18-29,0,,1
41180,2021,2,6,18-29,.34213722,,3
41180,2021,3,3,18-29,0,,1
41180,2021,3,6,18-29,0,,1
41180,2021,4,1,18-29,0,,1
41180,2021,4,6,18-29,0,,9
41180,2021,1,2,30-44,0,,2
41180,2021,2,1,30-44,.21318854,,3
41180,2021,2,2,30-44,0,,1
41180,2021,2,6,30-44,.43260843,,7
41180,2021,2,7,30-44,0,,1
41180,2021,3,2,30-44,0,,1
41180,2021,3,6,30-44,0,,5
41180,2021,4,1,30-44,0,,3
41180,2021,4,6,30-44,.038485255,,25
41180,2021,4,7,30-44,0,,1
41180,2021,1,2,45-64,0,,1
41180,2021,1,6,45-64,0,,1
41180,2021,2,1,45-64,0,,3
41180,2021,2,2,45-64,0,,1
41180,2021,2,6,45-64,.2312454,,17
41180,2021,3,1,45-64,.33737364,,3
41180,2021,3,6,45-64,.1681845,,18
41180,2021,4,1,45-64,1,,1
41180,2021,4,6,45-64,.066109858,,29
41180,2023,1,6,18-29,0,,2
41180,2023,2,1,18-29,0,,1
41180,2023,2,6,18-29,0,,2
41180,2023,3,1,18-29,0,,2
41180,2023,3,5,18-29,0,,1
41180,2023,3,6,18-29,0,,4
41180,2023,4,3,18-29,0,,2
41180,2023,4,6,18-29,0,,16
41180,2023,1,2,30-44,0,,1
41180,2023,1,6,30-44,0,,1
41180,2023,2,1,30-44,0,,1
41180,2023,2,6,30-44,0,,7
41180,2023,2,7,30-44,0,,1
41180,2023,3,1,30-44,0,,3
41180,2023,3,2,30-44,0,,1
41180,2023,3,6,30-44,.16174828,,12
41180,2023,4,1,30-44,0,,1
41180,2023,4,2,30-44,0,,1
41180,2023,4,6,30-44,.14991868,,21
41180,2023,1,1,45-64,0,,1
41180,2023,1,6,45-64,0,,2
41180,2023,2,1,45-64,0,,3
41180,2023,2,2,45-64,0,,1
41180,2023,2,6,45-64,0,,7
41180,2023,3,1,45-64,0,,5
41180,2023,3,2,45-64,0,,1
41180,2023,3,6,45-64,.13686456,,10
41180,2023,3,7,45-64,.55137599,,2
41180,2023,4,1,45-64,0,,2
41180,2023,4,6,45-64,.075264387,,28
41420,2013,2,6,18-29,0,1,1
41420,2013,3,2,18-29,0,1,1
41420,2013,3,6,18-29,0,.52107555,3
41420,2013,4,6,18-29,0,1,1
41420,2013,4,7,18-29,0,0,1
41420,2013,1,2,30-44,0,.49384308,3
41420,2013,2,2,30-44,0,0,1
41420,2013,2,6,30-44,0,0,1
41420,2013,3,6,30-44,0,,1
41420,2013,4,6,30-44,0,1,2
41420,2013,1,2,45-64,0,0,1
41420,2013,2,6,45-64,0,0,3
41420,2013,3,6,45-64,0,.58961004,7
41420,2013,4,6,45-64,0,0,1
41420,2015,2,6,18-29,0,0,1
41420,2015,3,1,18-29,0,1,1
41420,2015,3,2,18-29,0,.71756816,2
41420,2015,3,6,18-29,0,1,1
41420,2015,4,6,18-29,0,.41785631,2
41420,2015,1,2,30-44,0,0,2
41420,2015,1,6,30-44,0,0,1
41420,2015,2,2,30-44,0,.2448352,4
41420,2015,2,6,30-44,.32234985,.61764598,3
41420,2015,3,6,30-44,0,0,2
41420,2015,3,7,30-44,0,1,1
41420,2015,4,6,30-44,.29671386,.70328617,4
41420,2015,2,1,45-64,0,0,1
41420,2015,2,2,45-64,0,0,1
41420,2015,2,6,45-64,.37270999,.66700423,3
41420,2015,3,6,45-64,.23559399,.51584083,5
41420,2015,4,6,45-64,0,.58492076,2
41420,2017,2,2,18-29,0,,1
41420,2017,2,6,18-29,0,0,1
41420,2017,4,6,18-29,0,1,1
41420,2017,1,2,30-44,0,,1
41420,2017,3,2,30-44,0,1,1
41420,2017,3,6,30-44,0,.65966588,4
41420,2017,4,5,30-44,0,1,1
41420,2017,1,2,45-64,0,0,3
41420,2017,1,6,45-64,0,1,1
41420,2017,2,2,45-64,0,0,1
41420,2017,2,4,45-64,0,1,1
41420,2017,2,6,45-64,0,.26476863,3
41420,2017,3,6,45-64,0,.27874795,4
41420,2017,4,6,45-64,1,1,1
41420,2019,2,7,18-29,0,,1
41420,2019,3,2,18-29,0,,1
41420,2019,3,6,18-29,0,,1
41420,2019,1,2,30-44,1,,1
41420,2019,3,6,30-44,0,,1
41420,2019,4,3,30-44,1,,1
41420,2019,2,3,45-64,0,,1
41420,2019,2,6,45-64,0,,1
41420,2019,3,6,45-64,0,,4
41420,2019,4,6,45-64,0,,2
41420,2019,4,7,45-64,1,,1
41420,2021,2,6,18-29,0,,1
41420,2021,3,6,18-29,0,,1
41420,2021,3,7,18-29,0,,1
41420,2021,4,6,18-29,0,,3
41420,2021,2,6,30-44,0,,1
41420,2021,3,4,30-44,1,,1
41420,2021,3,6,30-44,0,,4
41420,2021,4,2,30-44,0,,1
41420,2021,4,6,30-44,.3277792,,3
41420,2021,1,2,45-64,0,,3
41420,2021,2,2,45-64,0,,2
41420,2021,2,6,45-64,0,,2
41420,2021,3,6,45-64,0,,4
41420,2021,4,3,45-64,0,,1
41420,2021,4,6,45-64,0,,6
41420,2023,1,2,18-29,0,,1
41420,2023,2,2,18-29,0,,1
41420,2023,2,6,18-29,0,,1
41420,2023,3,2,18-29,0,,1
41420,2023,4,6,18-29,0,,2
41420,2023,1,6,30-44,0,,1
41420,2023,2,6,30-44,0,,1
41420,2023,3,2,30-44,0,,1
41420,2023,3,6,30-44,.36523509,,3
41420,2023,4,1,30-44,0,,1
41420,2023,4,2,30-44,0,,2
41420,2023,4,3,30-44,0,,1
41420,2023,4,6,30-44,0,,5
41420,2023,1,6,45-64,0,,1
41420,2023,3,6,45-64,0,,3
41420,2023,4,1,45-64,0,,2
41420,2023,4,3,45-64,0,,1
41420,2023,4,6,45-64,0,,1
41500,2013,1,2,30-44,0,0,2
41500,2013,2,2,30-44,0,0,2
41500,2013,2,6,30-44,0,0,2
41500,2013,3,3,30-44,0,1,1
41500,2013,3,6,30-44,0,1,1
41500,2013,4,5,30-44,0,1,1
41500,2013,1,2,45-64,0,0,1
41500,2013,2,2,45-64,0,0,2
41500,2013,3,6,45-64,.36232299,0,3
41500,2013,4,3,45-64,0,0,1
41500,2015,2,2,30-44,0,0,1
41500,2015,3,6,30-44,0,1,1
41500,2015,4,6,30-44,0,1,1
41500,2015,2,1,45-64,0,1,1
41500,2015,2,6,45-64,0,1,2
41500,2015,3,2,45-64,0,0,1
41500,2015,3,6,45-64,0,1,2
41500,2015,4,6,45-64,0,.5212732,2
41500,2017,3,2,18-29,0,1,1
41500,2017,1,2,30-44,0,0,1
41500,2017,2,2,30-44,0,.41539034,2
41500,2017,1,2,45-64,0,0,1
41500,2017,2,2,45-64,0,0,2
41500,2017,2,6,45-64,0,0,1
41500,2017,3,2,45-64,0,1,1
41500,2017,4,6,45-64,.40346369,.62758034,5
41500,2019,2,3,18-29,0,,1
41500,2019,4,2,18-29,0,,1
41500,2019,1,2,30-44,0,,1
41500,2019,3,2,30-44,0,,1
41500,2019,2,2,45-64,1,,1
41500,2019,2,6,45-64,1,,1
41500,2019,3,1,45-64,0,,1
41500,2019,4,2,45-64,0,,1
41500,2019,4,6,45-64,0,,1
41500,2021,2,6,18-29,0,,1
41500,2021,4,2,18-29,0,,1
41500,2021,2,2,30-44,0,,1
41500,2021,1,2,45-64,0,,1
41500,2021,4,6,45-64,0,,1
41500,2023,1,2,18-29,0,,1
41500,2023,2,2,30-44,0,,2
41500,2023,3,6,30-44,0,,1
41500,2023,4,6,30-44,0,,1
41500,2023,2,2,45-64,0,,2
41500,2023,2,6,45-64,0,,1
41500,2023,3,2,45-64,0,,1
41500,2023,3,6,45-64,0,,1
41500,2023,4,6,45-64,.42894787,,2
41540,2013,2,1,30-44,0,0,1
41540,2013,2,6,30-44,0,0,1
41540,2013,3,1,30-44,0,0,1
41540,2013,4,6,30-44,0,0,1
41540,2013,1,6,45-64,0,0,2
41540,2013,2,1,45-64,0,0,2
41540,2013,4,1,45-64,0,.50879812,3
41540,2013,4,6,45-64,0,0,1
41540,2015,1,1,18-29,0,,1
41540,2015,2,1,18-29,0,0,1
41540,2015,2,2,18-29,0,,1
41540,2015,2,6,18-29,0,0,2
41540,2015,3,2,18-29,0,0,1
41540,2015,3,6,18-29,0,1,1
41540,2015,4,6,18-29,0,1,1
41540,2015,1,2,30-44,0,,2
41540,2015,2,1,30-44,0,.5931676,2
41540,2015,2,2,30-44,0,,1
41540,2015,2,6,30-44,0,0,3
41540,2015,3,1,30-44,0,0,1
41540,2015,3,6,30-44,0,.23444209,3
41540,2015,4,6,30-44,.25129071,.44604176,6
41540,2015,2,1,45-64,0,0,4
41540,2015,2,6,45-64,.11922017,0,11
41540,2015,3,1,45-64,0,0,1
41540,2015,3,6,45-64,.18373634,.30578896,4
41540,2015,4,1,45-64,0,0,1
41540,2015,4,6,45-64,.20095886,0,7
41540,2017,2,6,18-29,0,.614721,2
41540,2017,3,6,18-29,.23772396,.23772396,2
41540,2017,4,6,18-29,0,0,1
41540,2017,2,1,30-44,0,0,1
41540,2017,2,6,30-44,.19406506,.68603879,4
41540,2017,3,1,30-44,.19263799,.69460291,3
41540,2017,3,6,30-44,1,0,1
41540,2017,4,1,30-44,0,1,1
41540,2017,4,6,30-44,0,.45865142,5
41540,2017,1,1,45-64,0,,1
41540,2017,1,2,45-64,0,0,1
41540,2017,2,1,45-64,.33916169,.12282898,4
41540,2017,2,2,45-64,0,0,1
41540,2017,2,6,45-64,0,.74666005,7
41540,2017,3,1,45-64,0,0,1
41540,2017,3,6,45-64,.18330356,0,6
41540,2017,4,1,45-64,0,0,1
41540,2017,4,6,45-64,.25866893,0,8
41540,2019,2,1,18-29,0,,1
41540,2019,2,6,18-29,0,,1
41540,2019,3,1,18-29,0,,1
41540,2019,3,6,18-29,0,,1
41540,2019,2,1,30-44,0,,3
41540,2019,2,6,30-44,0,,2
41540,2019,3,1,30-44,0,,1
41540,2019,3,3,30-44,1,,1
41540,2019,3,6,30-44,0,,3
41540,2019,2,1,45-64,0,,2
41540,2019,2,6,45-64,.21175733,,5
41540,2019,3,6,45-64,0,,5
41540,2019,4,6,45-64,.1539607,,5
41540,2021,1,6,18-29,0,,1
41540,2021,2,1,18-29,0,,2
41540,2021,2,6,18-29,0,,1
41540,2021,3,2,18-29,0,,1
41540,2021,3,6,18-29,0,,1
41540,2021,4,6,18-29,0,,4
41540,2021,1,2,30-44,0,,1
41540,2021,1,6,30-44,0,,1
41540,2021,2,1,30-44,0,,1
41540,2021,2,6,30-44,.10055412,,6
41540,2021,3,1,30-44,0,,2
41540,2021,3,6,30-44,0,,4
41540,2021,4,6,30-44,0,,7
41540,2021,1,1,45-64,0,,2
41540,2021,2,1,45-64,0,,2
41540,2021,2,2,45-64,0,,1
41540,2021,2,6,45-64,.20075925,,6
41540,2021,3,1,45-64,0,,1
41540,2021,3,6,45-64,0,,6
41540,2021,4,3,45-64,0,,1
41540,2021,4,6,45-64,.11299176,,12
41540,2023,1,6,18-29,0,,1
41540,2023,2,1,18-29,0,,1
41540,2023,2,6,18-29,0,,1
41540,2023,3,1,18-29,0,,1
41540,2023,3,2,18-29,0,,2
41540,2023,3,6,18-29,0,,2
41540,2023,4,6,18-29,0,,1
41540,2023,1,2,30-44,0,,1
41540,2023,1,6,30-44,0,,1
41540,2023,2,2,30-44,0,,1
41540,2023,2,6,30-44,0,,2
41540,2023,3,1,30-44,0,,1
41540,2023,3,2,30-44,0,,1
41540,2023,3,6,30-44,0,,4
41540,2023,4,1,30-44,0,,2
41540,2023,4,6,30-44,0,,6
41540,2023,1,2,45-64,.38949272,,2
41540,2023,1,6,45-64,.35299417,,3
41540,2023,2,1,45-64,0,,2
41540,2023,2,6,45-64,0,,5
41540,2023,3,1,45-64,.3292079,,3
41540,2023,3,6,45-64,0,,9
41540,2023,4,2,45-64,0,,1
41540,2023,4,6,45-64,.097256385,,6
41620,2013,2,2,18-29,0,0,1
41620,2013,2,6,18-29,0,1,4
41620,2013,3,1,18-29,0,1,1
41620,2013,3,2,18-29,0,0,1
41620,2013,3,6,18-29,0,.63219064,8
41620,2013,4,3,18-29,0,1,1
41620,2013,4,6,18-29,0,.68539929,7
41620,2013,1,2,30-44,.25154594,0,4
41620,2013,2,2,30-44,0,.28900239,3
41620,2013,2,6,30-44,0,.66759765,6
41620,2013,3,1,30-44,0,0,1
41620,2013,3,6,30-44,0,.60660154,14
41620,2013,4,2,30-44,0,0,1
41620,2013,4,6,30-44,.14647636,.56005853,21
41620,2013,1,1,45-64,0,0,1
41620,2013,1,6,45-64,0,0,1
41620,2013,2,6,45-64,0,0,6
41620,2013,3,2,45-64,0,0,2
41620,2013,3,6,45-64,.074057281,.35140261,14
41620,2013,4,2,45-64,0,0,1
41620,2013,4,3,45-64,0,0,1
41620,2013,4,6,45-64,.07655587,.2515339,13
41620,2015,1,6,18-29,0,0,1
41620,2015,2,2,18-29,0,0,1
41620,2015,2,3,18-29,0,1,1
41620,2015,2,6,18-29,0,.74136239,3
41620,2015,2,7,18-29,0,0,1
41620,2015,3,6,18-29,0,.7221716,6
41620,2015,4,6,18-29,.13777512,.65023834,8
41620,2015,1,2,30-44,.21752119,.17956129,5
41620,2015,1,6,30-44,0,1,1
41620,2015,2,2,30-44,0,0,4
41620,2015,2,6,30-44,.16646919,.74599338,7
41620,2015,3,2,30-44,0,1,1
41620,2015,3,6,30-44,.10042429,.68156528,9
41620,2015,4,2,30-44,0,0,1
41620,2015,4,6,30-44,.061166756,.4267168,17
41620,2015,4,7,30-44,0,0,1
41620,2015,1,2,45-64,0,0,2
41620,2015,2,2,45-64,0,0,3
41620,2015,2,6,45-64,.30556592,.54364103,10
41620,2015,3,6,45-64,.094871938,.43895167,16
41620,2015,4,6,45-64,.092698887,.43755227,22
41620,2017,2,2,18-29,0,1,1
41620,2017,2,6,18-29,.18908425,.37683609,5
41620,2017,3,2,18-29,0,1,1
41620,2017,3,6,18-29,0,1,8
41620,2017,4,6,18-29,0,.5535714,7
41620,2017,1,2,30-44,0,.4825556,3
41620,2017,1,6,30-44,0,0,1
41620,2017,2,2,30-44,0,0,3
41620,2017,2,5,30-44,0,0,1
41620,2017,2,6,30-44,.095062315,.72529519,11
41620,2017,3,2,30-44,0,.82337654,6
41620,2017,3,5,30-44,0,1,1
41620,2017,3,6,30-44,.068523258,.7108106,14
41620,2017,4,2,30-44,0,.70517373,3
41620,2017,4,3,30-44,1,0,1
41620,2017,4,6,30-44,.049571268,.80644304,22
41620,2017,1,2,45-64,0,.33712351,3
41620,2017,1,6,45-64,0,0,2
41620,2017,2,6,45-64,.18779786,.3946923,5
41620,2017,3,2,45-64,0,.32788178,3
41620,2017,3,4,45-64,0,1,1
41620,2017,3,6,45-64,.3019492,.4029955,13
41620,2017,4,6,45-64,.059328701,.49014264,19
41620,2019,2,2,18-29,0,,2
41620,2019,2,6,18-29,0,,1
41620,2019,3,6,18-29,.083250321,,12
41620,2019,4,6,18-29,0,,8
41620,2019,2,2,30-44,0,,2
41620,2019,2,3,30-44,0,,1
41620,2019,2,6,30-44,1,,1
41620,2019,3,2,30-44,0,,2
41620,2019,3,6,30-44,.21023317,,10
41620,2019,4,2,30-44,0,,1
41620,2019,4,3,30-44,0,,1
41620,2019,4,6,30-44,.082742997,,24
41620,2019,1,6,45-64,0,,2
41620,2019,2,6,45-64,.094300352,,10
41620,2019,3,1,45-64,0,,1
41620,2019,3,3,45-64,0,,1
41620,2019,3,6,45-64,.12682331,,14
41620,2019,4,3,45-64,0,,1
41620,2019,4,6,45-64,.070237875,,12
41620,2021,1,5,18-29,0,,1
41620,2021,2,2,18-29,0,,1
41620,2021,2,6,18-29,0,,2
41620,2021,2,7,18-29,0,,1
41620,2021,3,5,18-29,.50623316,,2
41620,2021,3,6,18-29,0,,6
41620,2021,4,2,18-29,0,,3
41620,2021,4,3,18-29,0,,2
41620,2021,4,6,18-29,0,,8
41620,2021,1,2,30-44,0,,1
41620,2021,1,6,30-44,0,,2
41620,2021,2,1,30-44,0,,1
41620,2021,2,2,30-44,0,,2
41620,2021,2,6,30-44,0,,4
41620,2021,3,1,30-44,0,,1
41620,2021,3,2,30-44,0,,1
41620,2021,3,6,30-44,0,,9
41620,2021,4,3,30-44,1,,1
41620,2021,4,6,30-44,.065837912,,30
41620,2021,1,6,45-64,0,,2
41620,2021,2,2,45-64,0,,2
41620,2021,2,3,45-64,0,,1
41620,2021,2,6,45-64,0,,5
41620,2021,3,2,45-64,0,,2
41620,2021,3,3,45-64,0,,1
41620,2021,3,6,45-64,.28629416,,11
41620,2021,4,2,45-64,0,,5
41620,2021,4,3,45-64,0,,2
41620,2021,4,6,45-64,.1143985,,23
41620,2023,1,2,18-29,0,,1
41620,2023,1,6,18-29,0,,1
41620,2023,2,2,18-29,0,,1
41620,2023,2,6,18-29,0,,2
41620,2023,3,2,18-29,0,,3
41620,2023,3,6,18-29,.53561038,,2
41620,2023,4,2,18-29,0,,2
41620,2023,4,6,18-29,.10339829,,10
41620,2023,1,2,30-44,0,,2
41620,2023,2,2,30-44,0,,1
41620,2023,2,6,30-44,.34838638,,3
41620,2023,3,2,30-44,0,,2
41620,2023,3,3,30-44,0,,1
41620,2023,3,5,30-44,0,,1
41620,2023,3,6,30-44,0,,9
41620,2023,4,2,30-44,0,,3
41620,2023,4,6,30-44,.10816344,,19
41620,2023,1,2,45-64,0,,2
41620,2023,1,6,45-64,0,,1
41620,2023,2,1,45-64,0,,1
41620,2023,2,2,45-64,0,,1
41620,2023,2,6,45-64,.13944595,,7
41620,2023,3,2,45-64,0,,1
41620,2023,3,6,45-64,.27893376,,10
41620,2023,4,2,45-64,0,,2
41620,2023,4,6,45-64,.10153522,,18
41700,2013,1,2,18-29,.54807585,0,2
41700,2013,2,1,18-29,0,0,1
41700,2013,2,2,18-29,0,.31802592,7
41700,2013,2,6,18-29,0,.48758799,2
41700,2013,3,1,18-29,0,.53200543,2
41700,2013,3,2,18-29,0,1,1
41700,2013,3,6,18-29,0,.80237877,5
41700,2013,4,2,18-29,0,0,2
41700,2013,4,6,18-29,0,1,2
41700,2013,1,2,30-44,.22750051,.37634411,4
41700,2013,2,2,30-44,.14540671,.13295078,13
41700,2013,2,6,30-44,0,0,3
41700,2013,3,1,30-44,0,0,1
41700,2013,3,2,30-44,0,.55868357,11
41700,2013,3,6,30-44,0,.17714112,6
41700,2013,4,2,30-44,.15684754,.47360837,6
41700,2013,4,6,30-44,.41010788,.60438704,12
41700,2013,1,2,45-64,.29230306,.18439163,7
41700,2013,2,1,45-64,0,0,1
41700,2013,2,2,45-64,.13066533,.18239743,8
41700,2013,2,6,45-64,.13215792,.12929919,7
41700,2013,3,2,45-64,.16957805,.38290471,6
41700,2013,3,6,45-64,.098438032,.39430043,10
41700,2013,4,1,45-64,0,0,1
41700,2013,4,3,45-64,.54685897,.54685897,2
41700,2013,4,6,45-64,.23804225,.46485645,13
41700,2015,1,2,18-29,.63173616,,2
41700,2015,2,2,18-29,0,.73997265,6
41700,2015,2,6,18-29,0,,1
41700,2015,3,2,18-29,0,1,2
41700,2015,3,6,18-29,0,.4853431,2
41700,2015,4,2,18-29,0,.54056704,2
41700,2015,4,6,18-29,0,.31843778,3
41700,2015,1,2,30-44,0,1,3
41700,2015,2,2,30-44,0,.52908993,5
41700,2015,2,6,30-44,0,.5226565,2
41700,2015,3,2,30-44,.26407859,.65558565,7
41700,2015,3,6,30-44,0,1,6
41700,2015,4,1,30-44,0,0,1
41700,2015,4,2,30-44,.23303023,.21033919,4
41700,2015,4,3,30-44,0,0,1
41700,2015,4,6,30-44,0,.67090923,6
41700,2015,1,2,45-64,0,0,2
41700,2015,1,6,45-64,0,1,1
41700,2015,2,2,45-64,0,0,4
41700,2015,2,6,45-64,.33037516,.34200087,3
41700,2015,3,2,45-64,.25233689,.41350979,9
41700,2015,3,6,45-64,.27521345,.48600435,4
41700,2015,4,1,45-64,0,0,1
41700,2015,4,2,45-64,0,0,2
41700,2015,4,4,45-64,0,1,2
41700,2015,4,6,45-64,.12960082,.4156931,7
41700,2017,1,2,18-29,0,,1
41700,2017,2,2,18-29,0,1,1
41700,2017,2,4,18-29,0,1,1
41700,2017,2,6,18-29,0,1,1
41700,2017,3,2,18-29,0,1,2
41700,2017,3,6,18-29,0,1,2
41700,2017,4,2,18-29,0,1,1
41700,2017,4,6,18-29,0,1,1
41700,2017,1,2,30-44,0,.33444449,3
41700,2017,1,6,30-44,0,,1
41700,2017,2,2,30-44,0,.40833834,6
41700,2017,2,6,30-44,0,1,1
41700,2017,3,1,30-44,0,0,1
41700,2017,3,2,30-44,.11776337,.68467879,9
41700,2017,3,6,30-44,0,.59811485,5
41700,2017,3,7,30-44,0,1,1
41700,2017,4,2,30-44,.16193414,.82378072,7
41700,2017,4,3,30-44,0,1,1
41700,2017,4,6,30-44,0,.57248741,7
41700,2017,1,2,45-64,.15637451,.20182784,6
41700,2017,2,1,45-64,0,,1
41700,2017,2,2,45-64,0,.60609907,6
41700,2017,2,6,45-64,0,1,2
41700,2017,3,2,45-64,.093384087,.22910462,9
41700,2017,3,4,45-64,1,1,1
41700,2017,3,6,45-64,.27526075,.2188624,4
41700,2017,4,1,45-64,0,0,1
41700,2017,4,2,45-64,0,.49658823,6
41700,2017,4,3,45-64,.52131051,.52131051,2
41700,2017,4,6,45-64,.085778266,.35924879,11
41700,2019,1,3,18-29,0,,1
41700,2019,2,2,18-29,0,,3
41700,2019,3,2,18-29,0,,3
41700,2019,3,6,18-29,0,,1
41700,2019,4,2,18-29,0,,3
41700,2019,4,3,18-29,0,,1
41700,2019,4,6,18-29,0,,7
41700,2019,4,7,18-29,1,,1
41700,2019,1,2,30-44,0,,3
41700,2019,1,6,30-44,0,,1
41700,2019,2,1,30-44,0,,1
41700,2019,2,2,30-44,0,,3
41700,2019,2,6,30-44,0,,1
41700,2019,3,1,30-44,0,,1
41700,2019,3,2,30-44,0,,5
41700,2019,3,6,30-44,0,,2
41700,2019,4,2,30-44,0,,5
41700,2019,4,3,30-44,0,,1
41700,2019,4,6,30-44,.11809072,,8
41700,2019,1,2,45-64,0,,5
41700,2019,1,6,45-64,0,,1
41700,2019,2,2,45-64,.096032225,,9
41700,2019,2,6,45-64,.39613965,,5
41700,2019,2,7,45-64,1,,1
41700,2019,3,1,45-64,0,,2
41700,2019,3,2,45-64,0,,6
41700,2019,3,3,45-64,0,,1
41700,2019,3,6,45-64,.17878895,,6
41700,2019,4,1,45-64,0,,2
41700,2019,4,2,45-64,0,,5
41700,2019,4,3,45-64,0,,2
41700,2019,4,6,45-64,.26359442,,7
41700,2021,2,2,18-29,.21194158,,5
41700,2021,2,6,18-29,0,,1
41700,2021,3,2,18-29,0,,6
41700,2021,4,2,18-29,0,,1
41700,2021,4,5,18-29,0,,1
41700,2021,1,2,30-44,.57575601,,2
41700,2021,1,6,30-44,0,,1
41700,2021,2,2,30-44,0,,3
41700,2021,2,6,30-44,1,,1
41700,2021,3,1,30-44,1,,1
41700,2021,3,2,30-44,.10168852,,10
41700,2021,3,6,30-44,0,,1
41700,2021,4,1,30-44,.30772817,,3
41700,2021,4,2,30-44,0,,7
41700,2021,4,3,30-44,0,,5
41700,2021,4,6,30-44,0,,9
41700,2021,4,7,30-44,0,,1
41700,2021,1,2,45-64,.4893423,,2
41700,2021,1,6,45-64,0,,1
41700,2021,2,1,45-64,0,,1
41700,2021,2,2,45-64,.28278023,,11
41700,2021,2,6,45-64,0,,3
41700,2021,3,1,45-64,0,,1
41700,2021,3,2,45-64,0,,5
41700,2021,3,6,45-64,.3272298,,3
41700,2021,4,1,45-64,0,,1
41700,2021,4,2,45-64,0,,6
41700,2021,4,3,45-64,0,,2
41700,2021,4,6,45-64,.089034639,,11
41700,2023,1,2,18-29,0,,2
41700,2023,2,2,18-29,0,,3
41700,2023,3,1,18-29,0,,1
41700,2023,3,2,18-29,0,,2
41700,2023,4,1,18-29,0,,1
41700,2023,4,2,18-29,0,,1
41700,2023,4,6,18-29,0,,4
41700,2023,1,2,30-44,0,,1
41700,2023,2,2,30-44,.36664528,,3
41700,2023,2,3,30-44,1,,1
41700,2023,2,6,30-44,0,,2
41700,2023,3,1,30-44,0,,2
41700,2023,3,2,30-44,.11825774,,7
41700,2023,3,6,30-44,.17918895,,5
41700,2023,3,7,30-44,0,,1
41700,2023,4,1,30-44,0,,1
41700,2023,4,2,30-44,0,,6
41700,2023,4,6,30-44,0,,5
41700,2023,1,2,45-64,.54067713,,2
41700,2023,2,2,45-64,0,,5
41700,2023,2,6,45-64,0,,1
41700,2023,3,2,45-64,0,,3
41700,2023,3,6,45-64,.15322989,,7
41700,2023,4,1,45-64,1,,1
41700,2023,4,2,45-64,0,,5
41700,2023,4,6,45-64,.18232858,,5
41740,2013,1,1,18-29,0,0,1
41740,2013,1,2,18-29,0,,1
41740,2013,2,2,18-29,.36002758,.69257289,3
41740,2013,3,1,18-29,0,1,1
41740,2013,3,2,18-29,0,1,2
41740,2013,3,6,18-29,0,.47128412,2
41740,2013,4,2,18-29,0,0,1
41740,2013,4,6,18-29,0,1,10
41740,2013,1,2,30-44,0,0,5
41740,2013,1,6,30-44,1,1,1
41740,2013,2,1,30-44,0,0,1
41740,2013,2,2,30-44,0,.16464062,7
41740,2013,2,4,30-44,0,1,1
41740,2013,2,6,30-44,0,.41678065,5
41740,2013,3,2,30-44,0,.52609879,3
41740,2013,3,3,30-44,0,.53928596,2
41740,2013,3,6,30-44,.21342979,.59486359,5
41740,2013,3,7,30-44,0,1,1
41740,2013,4,2,30-44,0,.44391498,9
41740,2013,4,3,30-44,0,.39835319,3
41740,2013,4,5,30-44,0,0,1
41740,2013,4,6,30-44,.30819201,.75107414,23
41740,2013,1,1,45-64,0,0,1
41740,2013,1,2,45-64,.5413875,0,6
41740,2013,2,2,45-64,0,0,1
41740,2013,2,6,45-64,.14912552,0,7
41740,2013,3,2,45-64,0,.34016785,6
41740,2013,3,3,45-64,.43124825,0,2
41740,2013,3,6,45-64,.35994327,.073379181,12
41740,2013,3,7,45-64,0,1,1
41740,2013,4,2,45-64,.5207963,.23548232,4
41740,2013,4,3,45-64,0,.26469323,4
41740,2013,4,6,45-64,.19906817,.3799032,30
41740,2013,4,7,45-64,.36889035,.63110965,2
41740,2015,2,2,18-29,0,.55365747,2
41740,2015,3,1,18-29,0,1,1
41740,2015,3,2,18-29,1,1,1
41740,2015,3,3,18-29,0,1,1
41740,2015,3,6,18-29,0,.55693287,9
41740,2015,4,2,18-29,0,.51877695,2
41740,2015,4,3,18-29,0,1,1
41740,2015,4,6,18-29,0,.89296746,9
41740,2015,1,2,30-44,.66818237,0,3
41740,2015,2,2,30-44,0,.74952692,5
41740,2015,2,3,30-44,0,1,1
41740,2015,2,6,30-44,0,.68006891,3
41740,2015,3,2,30-44,0,.66790581,3
41740,2015,3,3,30-44,0,0,1
41740,2015,3,6,30-44,.33130047,.72244859,10
41740,2015,3,7,30-44,0,1,1
41740,2015,4,1,30-44,1,1,1
41740,2015,4,2,30-44,0,.60390723,7
41740,2015,4,3,30-44,0,.6090827,5
41740,2015,4,6,30-44,0,.72114605,18
41740,2015,1,2,45-64,0,0,5
41740,2015,2,1,45-64,0,.46662518,2
41740,2015,2,2,45-64,0,.50494403,3
41740,2015,2,3,45-64,0,0,1
41740,2015,2,6,45-64,.31615359,.31615359,6
41740,2015,3,2,45-64,0,0,3
41740,2015,3,3,45-64,0,0,1
41740,2015,3,6,45-64,.11675815,.41123697,14
41740,2015,3,7,45-64,.73358721,0,2
41740,2015,4,1,45-64,0,1,1
41740,2015,4,2,45-64,0,0,1
41740,2015,4,3,45-64,.13079087,.47842616,6
41740,2015,4,4,45-64,0,0,1
41740,2015,4,6,45-64,.14554085,.37800387,22
41740,2017,2,2,18-29,0,0,2
41740,2017,3,2,18-29,0,.7882489,6
41740,2017,3,5,18-29,0,1,1
41740,2017,3,6,18-29,0,1,3
41740,2017,4,2,18-29,0,.56379277,3
41740,2017,4,3,18-29,0,.53493237,4
41740,2017,4,5,18-29,0,1,1
41740,2017,4,6,18-29,.16893268,1,6
41740,2017,1,2,30-44,0,.51852936,3
41740,2017,2,2,30-44,0,.80690253,7
41740,2017,2,6,30-44,0,.51164019,5
41740,2017,3,1,30-44,0,1,1
41740,2017,3,2,30-44,0,.85016757,8
41740,2017,3,3,30-44,0,1,1
41740,2017,3,6,30-44,0,1,3
41740,2017,4,1,30-44,.12397354,.46698096,7
41740,2017,4,2,30-44,0,1,8
41740,2017,4,3,30-44,0,.69263691,6
41740,2017,4,6,30-44,.090228803,.66370356,21
41740,2017,4,7,30-44,0,1,1
41740,2017,1,2,45-64,0,0,7
41740,2017,2,2,45-64,.1772972,.21245743,6
41740,2017,2,4,45-64,0,1,1
41740,2017,2,6,45-64,.24068998,.26305488,8
41740,2017,3,2,45-64,0,.40461788,5
41740,2017,3,5,45-64,0,1,1
41740,2017,3,6,45-64,.25196955,.63303876,16
41740,2017,3,7,45-64,0,1,1
41740,2017,4,1,45-64,0,.64134407,3
41740,2017,4,2,45-64,0,0,1
41740,2017,4,3,45-64,.11964733,.19858915,5
41740,2017,4,6,45-64,.16941462,.49365291,24
41740,2017,4,7,45-64,0,1,1
41740,2019,2,1,18-29,0,,1
41740,2019,2,2,18-29,0,,2
41740,2019,3,2,18-29,0,,6
41740,2019,3,6,18-29,0,,5
41740,2019,4,2,18-29,0,,1
41740,2019,4,3,18-29,0,,2
41740,2019,4,6,18-29,0,,3
41740,2019,1,1,30-44,0,,1
41740,2019,1,2,30-44,0,,3
41740,2019,1,6,30-44,0,,1
41740,2019,2,2,30-44,0,,2
41740,2019,2,5,30-44,0,,1
41740,2019,2,6,30-44,.2550717,,4
41740,2019,3,2,30-44,0,,6
41740,2019,3,6,30-44,0,,5
41740,2019,3,7,30-44,0,,1
41740,2019,4,2,30-44,.40078846,,3
41740,2019,4,3,30-44,0,,5
41740,2019,4,6,30-44,.088661768,,22
41740,2019,1,2,45-64,0,,1
41740,2019,2,1,45-64,0,,1
41740,2019,2,2,45-64,0,,2
41740,2019,2,3,45-64,0,,1
41740,2019,2,6,45-64,.26429069,,8
41740,2019,3,1,45-64,0,,1
41740,2019,3,2,45-64,0,,2
41740,2019,3,3,45-64,0,,1
41740,2019,3,5,45-64,0,,1
41740,2019,3,6,45-64,.21466829,,13
41740,2019,4,1,45-64,0,,1
41740,2019,4,2,45-64,0,,2
41740,2019,4,3,45-64,0,,1
41740,2019,4,6,45-64,.088628985,,22
41740,2021,1,2,18-29,0,,1
41740,2021,2,2,18-29,0,,1
41740,2021,2,3,18-29,0,,1
41740,2021,3,2,18-29,0,,5
41740,2021,3,6,18-29,0,,2
41740,2021,4,2,18-29,0,,2
41740,2021,4,3,18-29,0,,2
41740,2021,4,6,18-29,.23732868,,4
41740,2021,1,2,30-44,.34080511,,3
41740,2021,2,2,30-44,0,,3
41740,2021,2,6,30-44,0,,5
41740,2021,2,7,30-44,0,,1
41740,2021,3,2,30-44,0,,8
41740,2021,3,3,30-44,0,,1
41740,2021,3,6,30-44,.31402767,,6
41740,2021,3,7,30-44,0,,1
41740,2021,4,2,30-44,.2022814,,5
41740,2021,4,3,30-44,.17254199,,6
41740,2021,4,6,30-44,.24654995,,20
41740,2021,4,7,30-44,.55573648,,2
41740,2021,1,2,45-64,.39338413,,3
41740,2021,2,2,45-64,.52578962,,6
41740,2021,2,3,45-64,0,,1
41740,2021,2,6,45-64,.44693172,,5
41740,2021,3,1,45-64,1,,1
41740,2021,3,2,45-64,0,,4
41740,2021,3,5,45-64,0,,1
41740,2021,3,6,45-64,.11299552,,17
41740,2021,4,1,45-64,0,,2
41740,2021,4,2,45-64,0,,3
41740,2021,4,3,45-64,.17801198,,5
41740,2021,4,6,45-64,.20957091,,20
41740,2023,1,2,18-29,0,,2
41740,2023,2,2,18-29,0,,1
41740,2023,2,6,18-29,0,,1
41740,2023,3,2,18-29,.20214029,,5
41740,2023,3,3,18-29,0,,1
41740,2023,3,6,18-29,.54016215,,2
41740,2023,4,2,18-29,.53517842,,2
41740,2023,4,3,18-29,0,,2
41740,2023,4,6,18-29,0,,2
41740,2023,1,2,30-44,0,,2
41740,2023,1,3,30-44,0,,1
41740,2023,1,6,30-44,0,,1
41740,2023,2,2,30-44,0,,4
41740,2023,2,6,30-44,.57607508,,2
41740,2023,3,2,30-44,.41545889,,2
41740,2023,3,3,30-44,0,,2
41740,2023,3,6,30-44,.65814644,,3
41740,2023,3,7,30-44,0,,1
41740,2023,4,2,30-44,0,,3
41740,2023,4,3,30-44,.19418548,,6
41740,2023,4,6,30-44,.087311268,,12
41740,2023,1,2,45-64,.27512458,,4
41740,2023,1,3,45-64,0,,1
41740,2023,1,6,45-64,0,,1
41740,2023,2,2,45-64,.28919539,,3
41740,2023,2,3,45-64,0,,2
41740,2023,2,6,45-64,.17288467,,6
41740,2023,3,1,45-64,0,,1
41740,2023,3,2,45-64,.17477848,,7
41740,2023,3,3,45-64,0,,1
41740,2023,3,6,45-64,.18894413,,12
41740,2023,4,2,45-64,0,,3
41740,2023,4,3,45-64,.1511784,,8
41740,2023,4,6,45-64,.031774797,,25
41860,2013,1,2,18-29,0,0,1
41860,2013,2,1,18-29,0,,1
41860,2013,2,2,18-29,0,0,2
41860,2013,2,6,18-29,0,0,2
41860,2013,2,7,18-29,0,,1
41860,2013,3,1,18-29,0,1,1
41860,2013,3,2,18-29,0,.56260306,4
41860,2013,3,6,18-29,0,0,1
41860,2013,3,7,18-29,0,0,1
41860,2013,4,1,18-29,0,1,1
41860,2013,4,2,18-29,0,.3418051,3
41860,2013,4,3,18-29,0,.29526258,5
41860,2013,4,6,18-29,0,.7978003,11
41860,2013,4,7,18-29,0,1,1
41860,2013,1,2,30-44,.15111257,.21975318,10
41860,2013,2,2,30-44,.21560766,0,5
41860,2013,2,3,30-44,0,.49507073,2
41860,2013,2,4,30-44,0,0,1
41860,2013,2,6,30-44,0,.6783855,4
41860,2013,3,1,30-44,0,1,3
41860,2013,3,2,30-44,0,.53044242,8
41860,2013,3,3,30-44,.15768197,.842318,5
41860,2013,3,4,30-44,0,0,1
41860,2013,3,5,30-44,0,1,1
41860,2013,3,6,30-44,0,.43585861,9
41860,2013,4,1,30-44,0,1,1
41860,2013,4,2,30-44,0,.29807323,6
41860,2013,4,3,30-44,.098044433,.59147972,27
41860,2013,4,6,30-44,.18735476,.45369953,42
41860,2013,4,7,30-44,0,1,2
41860,2013,1,2,45-64,0,0,1
41860,2013,1,6,45-64,0,0,1
41860,2013,2,1,45-64,0,0,1
41860,2013,2,2,45-64,0,0,5
41860,2013,2,3,45-64,.21579154,0,5
41860,2013,2,6,45-64,.2414148,0,4
41860,2013,3,1,45-64,0,0,2
41860,2013,3,2,45-64,.18064708,0,4
41860,2013,3,3,45-64,.15222394,.52684855,6
41860,2013,3,6,45-64,0,.26503322,11
41860,2013,3,7,45-64,1,1,1
41860,2013,4,1,45-64,0,.80900085,5
41860,2013,4,2,45-64,.25260156,.78841698,4
41860,2013,4,3,45-64,.099133126,.25295404,10
41860,2013,4,6,45-64,.11014938,.39727026,54
41860,2013,4,7,45-64,0,0,1
41860,2015,1,3,18-29,0,,1
41860,2015,2,2,18-29,0,1,2
41860,2015,2,3,18-29,0,0,1
41860,2015,2,6,18-29,,1,0
41860,2015,3,1,18-29,0,0,1
41860,2015,3,2,18-29,0,1,3
41860,2015,3,3,18-29,0,0,2
41860,2015,3,6,18-29,0,1,1
41860,2015,4,1,18-29,1,1,1
41860,2015,4,2,18-29,0,0,2
41860,2015,4,3,18-29,0,.39066291,5
41860,2015,4,6,18-29,0,.62441915,13
41860,2015,1,2,30-44,0,0,3
41860,2015,1,3,30-44,0,0,1
41860,2015,2,2,30-44,0,0,1
41860,2015,2,3,30-44,0,0,1
41860,2015,2,5,30-44,0,1,1
41860,2015,2,6,30-44,.50446492,1,2
41860,2015,3,1,30-44,0,1,1
41860,2015,3,2,30-44,0,.61510718,8
41860,2015,3,3,30-44,.34218937,.34218937,3
41860,2015,3,6,30-44,.26656872,.77737796,4
41860,2015,3,7,30-44,0,0,1
41860,2015,4,2,30-44,0,.7862218,5
41860,2015,4,3,30-44,0,.7308346,20
41860,2015,4,5,30-44,0,1,1
41860,2015,4,6,30-44,.074024342,.59926128,40
41860,2015,4,7,30-44,0,1,2
41860,2015,1,2,45-64,.49468264,0,2
41860,2015,1,3,45-64,0,0,2
41860,2015,1,6,45-64,0,0,2
41860,2015,2,2,45-64,.22028935,.38929835,9
41860,2015,2,3,45-64,.41862369,.1887846,5
41860,2015,2,6,45-64,.1467272,.16698162,7
41860,2015,3,1,45-64,.31948999,.68050998,3
41860,2015,3,2,45-64,0,.53977418,2
41860,2015,3,3,45-64,0,0,2
41860,2015,3,6,45-64,.19284348,.3457959,14
41860,2015,3,7,45-64,0,0,1
41860,2015,4,1,45-64,.80610818,1,3
41860,2015,4,2,45-64,0,.4357259,2
41860,2015,4,3,45-64,.1369158,.16868101,5
41860,2015,4,6,45-64,.30152956,.43658429,39
41860,2015,4,7,45-64,.5,0,2
41860,2017,2,3,18-29,0,,1
41860,2017,3,2,18-29,0,0,1
41860,2017,3,6,18-29,0,1,2
41860,2017,4,2,18-29,0,1,1
41860,2017,4,3,18-29,0,.74920201,4
41860,2017,4,6,18-29,.081665829,1,12
41860,2017,4,7,18-29,0,0,1
41860,2017,1,2,30-44,0,.50909573,3
41860,2017,2,2,30-44,0,1,1
41860,2017,2,3,30-44,0,.74539715,3
41860,2017,2,6,30-44,0,1,3
41860,2017,3,1,30-44,0,,1
41860,2017,3,2,30-44,0,.7069965,6
41860,2017,3,3,30-44,0,.65513808,5
41860,2017,3,6,30-44,.16036499,1,5
41860,2017,3,7,30-44,0,1,1
41860,2017,4,1,30-44,.24845834,1,3
41860,2017,4,2,30-44,0,.60474443,7
41860,2017,4,3,30-44,0,.79721177,16
41860,2017,4,6,30-44,.17345743,.8558045,34
41860,2017,1,1,45-64,0,0,1
41860,2017,1,2,45-64,0,1,1
41860,2017,1,3,45-64,0,0,1
41860,2017,1,6,45-64,0,1,1
41860,2017,2,2,45-64,0,0,1
41860,2017,2,3,45-64,0,.52757579,4
41860,2017,2,6,45-64,.4866986,.78598857,6
41860,2017,3,2,45-64,0,0,1
41860,2017,3,3,45-64,0,0,2
41860,2017,3,6,45-64,.089226775,.59402621,10
41860,2017,4,1,45-64,1,0,1
41860,2017,4,2,45-64,0,.61703706,3
41860,2017,4,3,45-64,.055239569,.66511905,12
41860,2017,4,4,45-64,0,1,1
41860,2017,4,6,45-64,.15504558,.53954852,48
41860,2017,4,7,45-64,1,1,1
41860,2019,2,1,18-29,0,,1
41860,2019,2,2,18-29,0,,2
41860,2019,3,2,18-29,0,,2
41860,2019,3,3,18-29,0,,1
41860,2019,4,2,18-29,0,,2
41860,2019,4,3,18-29,0,,7
41860,2019,4,6,18-29,0,,11
41860,2019,1,2,30-44,0,,2
41860,2019,2,2,30-44,0,,3
41860,2019,2,3,30-44,0,,2
41860,2019,2,6,30-44,.49644998,,2
41860,2019,3,1,30-44,0,,1
41860,2019,3,2,30-44,0,,3
41860,2019,3,3,30-44,0,,6
41860,2019,3,6,30-44,.1537932,,7
41860,2019,4,1,30-44,0,,2
41860,2019,4,2,30-44,.18177052,,7
41860,2019,4,3,30-44,.12494154,,18
41860,2019,4,6,30-44,.064950541,,31
41860,2019,4,7,30-44,0,,2
41860,2019,1,2,45-64,.34047592,,3
41860,2019,1,3,45-64,0,,1
41860,2019,2,1,45-64,0,,1
41860,2019,2,2,45-64,0,,3
41860,2019,2,3,45-64,0,,1
41860,2019,2,6,45-64,.7453602,,4
41860,2019,2,7,45-64,0,,1
41860,2019,3,2,45-64,0,,2
41860,2019,3,3,45-64,0,,3
41860,2019,3,6,45-64,.24860103,,13
41860,2019,3,7,45-64,0,,1
41860,2019,4,1,45-64,.18465231,,4
41860,2019,4,3,45-64,.052339189,,20
41860,2019,4,6,45-64,.094545662,,32
41860,2021,1,3,18-29,0,,1
41860,2021,2,2,18-29,0,,2
41860,2021,3,2,18-29,0,,3
41860,2021,3,6,18-29,0,,1
41860,2021,4,2,18-29,0,,1
41860,2021,4,3,18-29,0,,10
41860,2021,4,6,18-29,0,,3
41860,2021,1,2,30-44,0,,2
41860,2021,1,3,30-44,0,,1
41860,2021,2,1,30-44,0,,1
41860,2021,2,2,30-44,.29772586,,3
41860,2021,2,3,30-44,0,,1
41860,2021,2,6,30-44,0,,1
41860,2021,3,2,30-44,0,,2
41860,2021,3,6,30-44,0,,5
41860,2021,4,1,30-44,0,,1
41860,2021,4,2,30-44,0,,5
41860,2021,4,3,30-44,.061673071,,30
41860,2021,4,5,30-44,0,,1
41860,2021,4,6,30-44,.034709748,,26
41860,2021,4,7,30-44,0,,5
41860,2021,1,2,45-64,.25887743,,4
41860,2021,1,6,45-64,0,,1
41860,2021,2,1,45-64,0,,1
41860,2021,2,2,45-64,0,,9
41860,2021,2,3,45-64,0,,1
41860,2021,2,6,45-64,.53401977,,2
41860,2021,3,1,45-64,0,,3
41860,2021,3,2,45-64,.33104816,,6
41860,2021,3,3,45-64,0,,5
41860,2021,3,6,45-64,.43726155,,5
41860,2021,3,7,45-64,0,,1
41860,2021,4,1,45-64,0,,4
41860,2021,4,2,45-64,0,,6
41860,2021,4,3,45-64,.19808508,,20
41860,2021,4,6,45-64,.25192988,,28
41860,2023,2,2,18-29,0,,2
41860,2023,2,3,18-29,0,,1
41860,2023,3,2,18-29,0,,2
41860,2023,3,3,18-29,0,,2
41860,2023,3,6,18-29,0,,2
41860,2023,4,2,18-29,0,,3
41860,2023,4,3,18-29,0,,11
41860,2023,4,6,18-29,0,,5
41860,2023,1,1,30-44,0,,1
41860,2023,1,2,30-44,0,,1
41860,2023,2,1,30-44,0,,1
41860,2023,2,2,30-44,0,,5
41860,2023,2,3,30-44,.56138039,,2
41860,2023,2,6,30-44,0,,1
41860,2023,3,1,30-44,0,,3
41860,2023,3,2,30-44,0,,4
41860,2023,3,3,30-44,0,,2
41860,2023,3,5,30-44,0,,1
41860,2023,3,6,30-44,0,,4
41860,2023,4,1,30-44,0,,2
41860,2023,4,2,30-44,0,,8
41860,2023,4,3,30-44,.086179391,,35
41860,2023,4,4,30-44,0,,1
41860,2023,4,6,30-44,.10567598,,31
41860,2023,4,7,30-44,0,,2
41860,2023,1,2,45-64,1,,1
41860,2023,1,6,45-64,1,,1
41860,2023,2,1,45-64,0,,2
41860,2023,2,2,45-64,0,,3
41860,2023,2,3,45-64,1,,2
41860,2023,2,6,45-64,0,,6
41860,2023,2,7,45-64,0,,1
41860,2023,3,1,45-64,0,,2
41860,2023,3,2,45-64,0,,4
41860,2023,3,3,45-64,0,,2
41860,2023,3,4,45-64,0,,1
41860,2023,3,6,45-64,0,,8
41860,2023,4,1,45-64,0,,1
41860,2023,4,2,45-64,0,,4
41860,2023,4,3,45-64,.060639411,,18
41860,2023,4,6,45-64,.12225606,,35
41940,2013,2,2,18-29,0,.3109467,4
41940,2013,3,2,18-29,0,1,1
41940,2013,3,3,18-29,0,.49629185,2
41940,2013,4,1,18-29,0,0,1
41940,2013,4,2,18-29,0,0,1
41940,2013,4,3,18-29,.16102132,.86972535,7
41940,2013,1,2,30-44,0,0,2
41940,2013,1,3,30-44,0,0,1
41940,2013,2,1,30-44,0,0,2
41940,2013,2,2,30-44,0,1,3
41940,2013,2,3,30-44,1,0,1
41940,2013,3,1,30-44,0,0,1
41940,2013,3,2,30-44,0,.38856804,5
41940,2013,3,3,30-44,0,1,1
41940,2013,3,6,30-44,0,.80243182,3
41940,2013,4,1,30-44,0,.40605053,2
41940,2013,4,3,30-44,0,.54915237,7
41940,2013,4,6,30-44,.096857861,.43824431,11
41940,2013,1,2,45-64,0,,1
41940,2013,2,2,45-64,0,0,2
41940,2013,2,3,45-64,0,0,1
41940,2013,2,6,45-64,0,0,1
41940,2013,3,2,45-64,0,.30381903,3
41940,2013,3,3,45-64,1,0,1
41940,2013,3,6,45-64,0,0,2
41940,2013,4,3,45-64,.10596367,.30304149,9
41940,2013,4,6,45-64,0,.34496352,9
41940,2015,3,2,18-29,0,1,1
41940,2015,3,3,18-29,0,0,1
41940,2015,3,5,18-29,0,0,1
41940,2015,4,3,18-29,,1,0
41940,2015,4,6,18-29,.47445032,.71433586,4
41940,2015,1,2,30-44,0,0,2
41940,2015,2,2,30-44,0,1,3
41940,2015,2,3,30-44,1,.4988876,2
41940,2015,2,6,30-44,0,1,3
41940,2015,3,2,30-44,0,0,1
41940,2015,3,6,30-44,0,1,1
41940,2015,4,2,30-44,0,0,1
41940,2015,4,3,30-44,0,.51196361,6
41940,2015,4,6,30-44,0,.51174313,8
41940,2015,4,7,30-44,0,1,2
41940,2015,1,2,45-64,0,0,1
41940,2015,1,6,45-64,0,0,1
41940,2015,2,2,45-64,1,1,1
41940,2015,2,6,45-64,.48480302,0,2
41940,2015,3,1,45-64,0,0,1
41940,2015,3,2,45-64,0,.5700404,3
41940,2015,3,6,45-64,0,.43635473,4
41940,2015,4,3,45-64,0,.52694392,4
41940,2015,4,6,45-64,.35616091,.57138699,9
41940,2017,1,2,18-29,0,1,2
41940,2017,2,2,18-29,0,1,1
41940,2017,4,1,18-29,0,1,1
41940,2017,4,2,18-29,0,1,1
41940,2017,4,3,18-29,0,1,1
41940,2017,4,6,18-29,0,.66364682,3
41940,2017,2,2,30-44,0,.54060483,3
41940,2017,2,3,30-44,.44356108,1,2
41940,2017,2,6,30-44,1,1,1
41940,2017,3,2,30-44,0,1,4
41940,2017,3,3,30-44,0,1,1
41940,2017,3,6,30-44,0,.7048291,3
41940,2017,4,2,30-44,0,1,1
41940,2017,4,3,30-44,0,.63983327,5
41940,2017,4,6,30-44,.10525757,.8713873,9
41940,2017,4,7,30-44,0,1,1
41940,2017,1,3,45-64,0,0,2
41940,2017,2,2,45-64,1,0,2
41940,2017,2,3,45-64,0,0,3
41940,2017,2,4,45-64,0,,1
41940,2017,2,6,45-64,0,0,1
41940,2017,3,2,45-64,0,.64063936,3
41940,2017,3,3,45-64,.18500702,.49013937,4
41940,2017,3,6,45-64,.27479553,.5295822,4
41940,2017,4,2,45-64,.67674345,.67674345,3
41940,2017,4,3,45-64,0,.42511526,7
41940,2017,4,6,45-64,.0738464,.72952223,10
41940,2019,2,2,18-29,0,,1
41940,2019,2,3,18-29,0,,1
41940,2019,3,2,18-29,0,,1
41940,2019,3,3,18-29,0,,2
41940,2019,3,6,18-29,0,,2
41940,2019,4,3,18-29,0,,4
41940,2019,4,6,18-29,0,,5
41940,2019,1,2,30-44,0,,1
41940,2019,2,2,30-44,0,,1
41940,2019,2,3,30-44,0,,1
41940,2019,3,2,30-44,0,,1
41940,2019,3,6,30-44,0,,2
41940,2019,4,2,30-44,0,,5
41940,2019,4,3,30-44,.059068203,,19
41940,2019,4,6,30-44,0,,8
41940,2019,4,7,30-44,0,,1
41940,2019,1,2,45-64,0,,1
41940,2019,2,1,45-64,0,,1
41940,2019,2,2,45-64,0,,1
41940,2019,2,6,45-64,0,,3
41940,2019,3,1,45-64,0,,2
41940,2019,3,2,45-64,0,,2
41940,2019,3,3,45-64,0,,2
41940,2019,3,6,45-64,0,,7
41940,2019,4,3,45-64,0,,9
41940,2019,4,6,45-64,.10141335,,10
41940,2021,2,2,18-29,0,,1
41940,2021,4,3,18-29,0,,6
41940,2021,4,6,18-29,0,,3
41940,2021,1,2,30-44,.34184781,,3
41940,2021,2,2,30-44,0,,2
41940,2021,3,2,30-44,0,,6
41940,2021,3,3,30-44,0,,1
41940,2021,4,1,30-44,0,,2
41940,2021,4,2,30-44,0,,2
41940,2021,4,3,30-44,0,,26
41940,2021,4,6,30-44,.11392115,,10
41940,2021,4,7,30-44,0,,2
41940,2021,1,3,45-64,1,,1
41940,2021,1,6,45-64,.5147081,,2
41940,2021,2,2,45-64,0,,3
41940,2021,2,6,45-64,0,,1
41940,2021,3,2,45-64,0,,1
41940,2021,3,3,45-64,0,,1
41940,2021,3,6,45-64,0,,2
41940,2021,3,7,45-64,0,,1
41940,2021,4,2,45-64,0,,4
41940,2021,4,3,45-64,.11651312,,19
41940,2021,4,6,45-64,.11868761,,8
41940,2023,2,2,18-29,0,,2
41940,2023,2,5,18-29,0,,1
41940,2023,3,2,18-29,0,,1
41940,2023,3,6,18-29,0,,1
41940,2023,4,3,18-29,0,,4
41940,2023,4,6,18-29,0,,1
41940,2023,4,7,18-29,0,,1
41940,2023,1,2,30-44,.25105786,,4
41940,2023,2,2,30-44,0,,3
41940,2023,3,2,30-44,0,,2
41940,2023,3,3,30-44,0,,1
41940,2023,3,6,30-44,0,,1
41940,2023,4,1,30-44,0,,2
41940,2023,4,2,30-44,0,,4
41940,2023,4,3,30-44,.15637735,,18
41940,2023,4,4,30-44,0,,1
41940,2023,4,6,30-44,.2109755,,14
41940,2023,4,7,30-44,0,,1
41940,2023,1,2,45-64,0,,2
41940,2023,2,2,45-64,0,,2
41940,2023,2,3,45-64,0,,3
41940,2023,2,6,45-64,0,,1
41940,2023,3,2,45-64,0,,2
41940,2023,3,3,45-64,0,,1
41940,2023,3,6,45-64,1,,1
41940,2023,4,1,45-64,0,,2
41940,2023,4,2,45-64,0,,2
41940,2023,4,3,45-64,.17651476,,10
41940,2023,4,6,45-64,.14652029,,14
42020,2013,3,2,18-29,0,1,1
42020,2013,4,2,18-29,0,0,1
42020,2013,3,6,30-44,0,0,1
42020,2013,4,6,30-44,0,.2371081,4
42020,2013,2,2,45-64,1,1,1
42020,2013,2,3,45-64,0,1,1
42020,2013,2,6,45-64,0,0,1
42020,2013,3,1,45-64,0,0,1
42020,2013,3,6,45-64,.18400437,0,5
42020,2013,4,6,45-64,.32012612,0,3
42020,2015,3,2,30-44,0,,1
42020,2015,3,6,30-44,1,0,1
42020,2015,4,2,30-44,0,1,1
42020,2015,4,6,30-44,0,.45651746,2
42020,2015,2,6,45-64,0,1,1
42020,2015,3,6,45-64,0,.24968655,4
42020,2015,4,6,45-64,0,1,2
42020,2017,2,6,18-29,0,0,1
42020,2017,4,6,18-29,0,1,1
42020,2017,1,2,30-44,0,1,1
42020,2017,4,6,30-44,0,1,1
42020,2017,1,2,45-64,0,0,1
42020,2017,3,1,45-64,0,0,1
42020,2017,3,2,45-64,0,0,1
42020,2017,3,6,45-64,.23842126,.32145917,4
42020,2017,4,6,45-64,.53649384,.46350619,2
42020,2019,3,6,18-29,0,,1
42020,2019,4,2,18-29,0,,1
42020,2019,4,6,18-29,0,,1
42020,2019,3,6,30-44,1,,1
42020,2019,4,6,30-44,0,,2
42020,2019,3,6,45-64,0,,2
42020,2019,4,6,45-64,0,,2
42020,2021,3,2,18-29,0,,1
42020,2021,4,6,18-29,0,,1
42020,2021,2,2,30-44,0,,1
42020,2021,3,2,30-44,0,,1
42020,2021,3,6,30-44,0,,1
42020,2021,3,6,45-64,1,,1
42020,2021,4,6,45-64,0,,2
42020,2023,2,2,18-29,0,,1
42020,2023,2,2,30-44,0,,1
42020,2023,3,2,30-44,0,,1
42020,2023,3,6,30-44,0,,1
42020,2023,4,6,30-44,0,,1
42020,2023,1,2,45-64,1,,1
42020,2023,4,2,45-64,1,,1
42020,2023,4,6,45-64,0,,2
42100,2013,1,2,18-29,0,1,1
42100,2013,3,6,18-29,0,0,1
42100,2013,3,6,30-44,.47952282,1,2
42100,2013,4,6,30-44,0,1,1
42100,2013,3,2,45-64,0,0,1
42100,2013,3,6,45-64,.48956907,0,2
42100,2013,4,3,45-64,0,1,1
42100,2013,4,6,45-64,0,0,1
42100,2015,2,2,18-29,0,0,1
42100,2015,3,2,18-29,0,1,1
42100,2015,3,2,30-44,0,0,2
42100,2015,4,2,30-44,0,1,1
42100,2015,4,6,30-44,0,.53682309,2
42100,2015,1,6,45-64,1,0,1
42100,2015,2,6,45-64,.44614905,.44614905,2
42100,2015,3,3,45-64,0,1,1
42100,2015,3,6,45-64,.45887503,.24679726,4
42100,2015,4,6,45-64,.51830292,0,2
42100,2017,4,2,18-29,0,0,1
42100,2017,4,6,18-29,0,1,1
42100,2017,1,2,30-44,0,.44669348,2
42100,2017,2,2,30-44,0,1,1
42100,2017,2,6,30-44,0,0,1
42100,2017,4,6,30-44,.22230545,.77769452,4
42100,2017,2,6,45-64,0,1,1
42100,2017,3,2,45-64,0,0,2
42100,2017,3,6,45-64,0,0,1
42100,2017,4,6,45-64,0,1,3
42100,2019,3,2,18-29,0,,1
42100,2019,3,6,18-29,0,,1
42100,2019,4,2,18-29,0,,1
42100,2019,4,6,18-29,0,,1
42100,2019,3,6,30-44,0,,2
42100,2019,4,2,30-44,0,,1
42100,2019,4,3,30-44,0,,1
42100,2019,4,6,30-44,.24971804,,4
42100,2019,1,2,45-64,0,,1
42100,2019,4,6,45-64,0,,2
42100,2021,4,6,18-29,0,,2
42100,2021,2,6,30-44,0,,1
42100,2021,3,6,30-44,0,,2
42100,2021,2,2,45-64,1,,1
42100,2021,3,6,45-64,0,,1
42100,2021,4,6,45-64,0,,3
42100,2023,2,2,30-44,0,,1
42100,2023,4,2,30-44,0,,1
42100,2023,4,6,30-44,0,,1
42100,2023,2,2,45-64,0,,1
42100,2023,2,6,45-64,0,,1
42100,2023,4,6,45-64,0,,2
42140,2013,1,2,18-29,0,0,1
42140,2013,4,2,18-29,0,1,1
42140,2013,4,6,18-29,0,0,1
42140,2013,3,2,30-44,0,0,1
42140,2013,3,4,30-44,0,1,1
42140,2013,4,6,30-44,0,0,1
42140,2013,1,2,45-64,0,0,1
42140,2013,3,6,45-64,1,0,1
42140,2013,4,6,45-64,0,.36015278,5
42140,2015,1,2,18-29,0,0,2
42140,2015,2,2,18-29,0,1,2
42140,2015,1,2,30-44,.26310906,0,3
42140,2015,2,2,30-44,0,0,1
42140,2015,3,6,30-44,0,0,1
42140,2015,4,2,30-44,0,1,2
42140,2015,4,3,30-44,0,0,1
42140,2015,1,2,45-64,0,0,1
42140,2015,2,2,45-64,1,0,1
42140,2015,3,2,45-64,0,0,2
42140,2015,3,6,45-64,1,.26250362,4
42140,2015,4,6,45-64,.49555796,0,4
42140,2017,2,2,18-29,0,0,1
42140,2017,3,2,18-29,0,1,1
42140,2017,3,4,18-29,0,0,1
42140,2017,2,2,30-44,0,0,1
42140,2017,2,6,30-44,0,1,1
42140,2017,3,3,30-44,0,1,1
42140,2017,3,5,30-44,0,1,1
42140,2017,3,6,30-44,1,1,1
42140,2017,4,6,30-44,1,1,1
42140,2017,1,2,45-64,0,0,1
42140,2017,2,2,45-64,0,0,3
42140,2017,2,6,45-64,0,0,1
42140,2017,3,2,45-64,.48713458,0,2
42140,2017,3,3,45-64,0,,1
42140,2017,3,6,45-64,.30890709,0,3
42140,2017,4,2,45-64,0,0,1
42140,2017,4,6,45-64,.60833442,0,5
42140,2019,3,2,18-29,1,,1
42140,2019,4,6,18-29,0,,1
42140,2019,1,2,30-44,0,,1
42140,2019,2,6,30-44,0,,1
42140,2019,4,6,30-44,0,,1
42140,2019,2,2,45-64,1,,1
42140,2019,3,2,45-64,0,,2
42140,2019,3,6,45-64,0,,4
42140,2019,4,2,45-64,0,,1
42140,2019,4,6,45-64,0,,2
42140,2021,2,2,18-29,0,,1
42140,2021,2,6,18-29,0,,1
42140,2021,3,2,18-29,0,,1
42140,2021,4,6,18-29,1,,1
42140,2021,1,2,30-44,0,,2
42140,2021,3,2,30-44,0,,2
42140,2021,4,2,30-44,.62485927,,3
42140,2021,4,6,30-44,.50697821,,4
42140,2021,4,7,30-44,0,,1
42140,2021,1,2,45-64,0,,1
42140,2021,2,2,45-64,0,,1
42140,2021,2,6,45-64,0,,2
42140,2021,3,2,45-64,0,,1
42140,2021,3,6,45-64,0,,2
42140,2021,4,2,45-64,0,,1
42140,2021,4,6,45-64,.20321156,,9
42140,2023,2,2,18-29,0,,1
42140,2023,4,6,18-29,0,,1
42140,2023,2,2,30-44,0,,2
42140,2023,4,6,30-44,0,,2
42140,2023,1,2,45-64,0,,1
42140,2023,3,6,45-64,0,,2
42140,2023,4,6,45-64,0,,1
42200,2013,1,2,18-29,0,,2
42200,2013,3,6,18-29,0,1,1
42200,2013,4,2,18-29,0,0,1
42200,2013,4,6,18-29,0,.47865996,4
42200,2013,1,2,30-44,0,,2
42200,2013,2,2,30-44,0,1,1
42200,2013,3,6,30-44,0,1,1
42200,2013,4,2,30-44,1,0,1
42200,2013,4,6,30-44,0,.68223572,3
42200,2013,2,6,45-64,.51118255,0,2
42200,2013,3,6,45-64,.644512,.69059265,3
42200,2013,4,2,45-64,0,.56727368,2
42200,2013,4,6,45-64,.40818393,0,5
42200,2015,1,2,18-29,0,0,1
42200,2015,2,2,18-29,0,1,1
42200,2015,4,3,18-29,0,0,1
42200,2015,1,2,30-44,0,1,1
42200,2015,2,2,30-44,0,1,1
42200,2015,2,6,30-44,0,1,1
42200,2015,3,6,30-44,0,0,1
42200,2015,4,6,30-44,.16820338,1,5
42200,2015,2,2,45-64,0,0,1
42200,2015,3,6,45-64,0,0,3
42200,2015,4,6,45-64,.40099376,.49855348,8
42200,2017,4,6,18-29,0,1,1
42200,2017,1,2,30-44,0,1,3
42200,2017,3,6,30-44,0,1,1
42200,2017,4,2,30-44,0,.50368953,2
42200,2017,4,6,30-44,0,1,2
42200,2017,1,2,45-64,0,,2
42200,2017,2,2,45-64,0,1,1
42200,2017,3,2,45-64,0,1,1
42200,2017,3,3,45-64,0,0,1
42200,2017,3,6,45-64,.6272831,.6272831,2
42200,2017,4,6,45-64,.23662521,.77008963,4
42200,2019,1,2,18-29,0,,1
42200,2019,2,6,18-29,0,,1
42200,2019,3,6,18-29,1,,1
42200,2019,4,2,18-29,0,,1
42200,2019,4,3,18-29,0,,1
42200,2019,1,2,30-44,.31279293,,4
42200,2019,2,4,30-44,0,,1
42200,2019,2,6,30-44,0,,1
42200,2019,3,2,30-44,0,,1
42200,2019,4,3,30-44,.46980757,,2
42200,2019,4,6,30-44,1,,1
42200,2019,4,7,30-44,0,,1
42200,2019,1,2,45-64,0,,2
42200,2019,2,2,45-64,0,,1
42200,2019,2,6,45-64,0,,2
42200,2019,2,7,45-64,0,,1
42200,2019,3,6,45-64,0,,1
42200,2019,4,2,45-64,0,,2
42200,2021,4,6,18-29,0,,1
42200,2021,3,6,30-44,0,,1
42200,2021,4,2,30-44,0,,1
42200,2021,4,6,30-44,0,,2
42200,2021,2,2,45-64,0,,1
42200,2021,2,6,45-64,0,,1
42200,2021,3,2,45-64,0,,1
42200,2021,4,2,45-64,1,,1
42200,2021,4,3,45-64,0,,1
42200,2021,4,6,45-64,0,,5
42200,2023,3,2,18-29,0,,1
42200,2023,3,6,18-29,0,,1
42200,2023,4,6,18-29,0,,1
42200,2023,2,2,30-44,1,,1
42200,2023,2,3,30-44,0,,1
42200,2023,2,6,30-44,0,,1
42200,2023,3,2,30-44,0,,1
42200,2023,4,2,30-44,0,,2
42200,2023,4,3,30-44,0,,1
42200,2023,4,6,30-44,0,,1
42200,2023,1,2,45-64,0,,2
42200,2023,1,6,45-64,0,,1
42200,2023,3,2,45-64,1,,1
42200,2023,3,6,45-64,0,,1
42200,2023,4,1,45-64,1,,1
42200,2023,4,2,45-64,0,,1
42200,2023,4,6,45-64,1,,1
42220,2013,2,2,18-29,0,1,1
42220,2013,3,6,18-29,0,0,1
42220,2013,4,6,18-29,0,.56205761,2
42220,2013,4,7,18-29,0,0,1
42220,2013,2,2,30-44,1,0,1
42220,2013,2,6,30-44,0,1,1
42220,2013,3,2,30-44,0,.40672523,2
42220,2013,3,6,30-44,0,1,1
42220,2013,3,7,30-44,0,,1
42220,2013,4,6,30-44,0,.66538119,3
42220,2013,2,6,45-64,1,1,1
42220,2013,3,2,45-64,0,0,1
42220,2013,3,6,45-64,.17767873,.23173898,5
42220,2013,4,2,45-64,0,0,2
42220,2013,4,6,45-64,0,.31153619,6
42220,2013,4,7,45-64,1,1,1
42220,2015,3,6,18-29,0,1,1
42220,2015,4,3,18-29,0,1,1
42220,2015,1,2,30-44,0,0,1
42220,2015,1,5,30-44,0,1,1
42220,2015,2,3,30-44,0,0,1
42220,2015,3,2,30-44,.5,.5,2
42220,2015,3,6,30-44,0,0,1
42220,2015,4,6,30-44,.35091966,.64908034,3
42220,2015,4,7,30-44,0,0,1
42220,2015,2,6,45-64,0,1,1
42220,2015,3,1,45-64,0,1,1
42220,2015,3,6,45-64,0,0,3
42220,2015,4,6,45-64,.41795233,.39531913,5
42220,2017,4,6,18-29,0,0,1
42220,2017,2,2,30-44,0,0,1
42220,2017,3,2,30-44,0,1,1
42220,2017,3,6,30-44,0,0,3
42220,2017,1,2,45-64,0,0,1
42220,2017,3,6,45-64,0,1,2
42220,2017,4,1,45-64,0,1,1
42220,2017,4,4,45-64,0,1,1
42220,2017,4,6,45-64,.39068526,.63148648,5
42220,2019,1,6,18-29,0,,1
42220,2019,2,6,18-29,0,,1
42220,2019,1,2,30-44,0,,1
42220,2019,2,2,30-44,0,,2
42220,2019,2,7,30-44,0,,1
42220,2019,4,6,30-44,0,,2
42220,2019,2,2,45-64,1,,1
42220,2019,2,6,45-64,.48268563,,2
42220,2019,3,6,45-64,.24227113,,4
42220,2019,4,2,45-64,0,,1
42220,2019,4,6,45-64,1,,1
42220,2019,4,7,45-64,0,,1
42220,2021,4,6,18-29,0,,1
42220,2021,1,2,30-44,0,,1
42220,2021,2,3,30-44,0,,1
42220,2021,2,6,30-44,0,,1
42220,2021,3,6,30-44,.29721183,,3
42220,2021,4,6,30-44,0,,1
42220,2021,3,2,45-64,0,,1
42220,2021,3,6,45-64,0,,1
42220,2021,4,6,45-64,.18221836,,6
42220,2023,2,6,30-44,0,,1
42220,2023,3,2,30-44,0,,1
42220,2023,4,6,30-44,.19566892,,5
42220,2023,1,2,45-64,0,,1
42220,2023,2,2,45-64,0,,1
42220,2023,3,6,45-64,.50621563,,2
42220,2023,4,1,45-64,0,,1
42220,2023,4,6,45-64,.33406043,,3
42340,2013,2,6,18-29,0,0,1
42340,2013,2,7,18-29,0,0,1
42340,2013,3,6,18-29,0,.50908685,2
42340,2013,4,6,18-29,0,.48890808,2
42340,2013,1,1,30-44,0,0,1
42340,2013,1,6,30-44,0,0,1
42340,2013,2,6,30-44,1,1,1
42340,2013,3,1,30-44,0,0,1
42340,2013,3,6,30-44,0,.22196244,4
42340,2013,4,3,30-44,0,,1
42340,2013,4,6,30-44,0,.6073125,5
42340,2013,2,1,45-64,0,0,1
42340,2013,2,6,45-64,0,0,1
42340,2013,3,1,45-64,0,0,1
42340,2013,4,3,45-64,0,0,1
42340,2013,4,6,45-64,0,.51366776,6
42340,2015,2,1,18-29,0,,1
42340,2015,4,1,18-29,0,1,1
42340,2015,4,6,18-29,0,1,1
42340,2015,1,2,30-44,0,1,1
42340,2015,1,6,30-44,0,1,1
42340,2015,2,6,30-44,0,.69058299,3
42340,2015,3,1,30-44,0,1,1
42340,2015,4,1,30-44,0,1,1
42340,2015,4,6,30-44,0,1,1
42340,2015,1,1,45-64,0,0,1
42340,2015,2,6,45-64,0,0,1
42340,2015,3,1,45-64,0,.56345576,2
42340,2015,3,6,45-64,.033080801,.52488631,3
42340,2015,4,6,45-64,0,.077501193,3
42340,2017,2,1,18-29,0,,1
42340,2017,3,6,18-29,0,1,1
42340,2017,4,6,30-44,.49630034,.50369966,2
42340,2017,2,3,45-64,0,,1
42340,2017,2,6,45-64,.34051582,.65948421,3
42340,2017,3,1,45-64,0,0,1
42340,2017,4,6,45-64,1,1,1
42340,2019,4,1,18-29,0,,1
42340,2019,4,6,18-29,0,,2
42340,2019,2,2,30-44,0,,1
42340,2019,2,6,30-44,0,,1
42340,2019,3,2,30-44,0,,1
42340,2019,3,6,30-44,0,,1
42340,2019,4,1,30-44,0,,1
42340,2019,4,3,30-44,1,,1
42340,2019,1,1,45-64,0,,1
42340,2019,2,2,45-64,0,,1
42340,2019,2,6,45-64,1,,1
42340,2019,3,1,45-64,0,,1
42340,2019,4,6,45-64,0,,1
42340,2021,2,1,30-44,1,,1
42340,2021,2,6,30-44,0,,1
42340,2021,3,1,30-44,0,,1
42340,2021,3,6,30-44,1,,1
42340,2021,2,6,45-64,0,,1
42340,2021,3,1,45-64,0,,1
42340,2023,3,2,18-29,0,,1
42340,2023,4,3,18-29,0,,1
42340,2023,4,6,18-29,0,,1
42340,2023,2,1,30-44,0,,1
42340,2023,2,3,30-44,0,,1
42340,2023,2,6,30-44,0,,1
42340,2023,4,6,30-44,1,,1
42340,2023,1,6,45-64,0,,1
42340,2023,4,1,45-64,0,,1
42340,2023,4,6,45-64,0,,1
42540,2013,1,2,18-29,0,0,1
42540,2013,2,6,18-29,0,0,1
42540,2013,1,6,30-44,0,1,1
42540,2013,2,6,30-44,0,0,1
42540,2013,3,6,30-44,0,.53614575,2
42540,2013,4,6,30-44,0,.19919369,5
42540,2013,2,6,45-64,0,0,5
42540,2013,3,6,45-64,.10416374,0,9
42540,2013,4,2,45-64,0,0,1
42540,2013,4,6,45-64,.48774523,.51225477,2
42540,2015,2,6,18-29,0,0,1
42540,2015,3,1,18-29,0,0,1
42540,2015,3,6,18-29,0,1,2
42540,2015,2,6,30-44,0,.65433228,4
42540,2015,3,6,30-44,0,1,3
42540,2015,4,2,30-44,0,1,1
42540,2015,4,6,30-44,0,1,2
42540,2015,2,6,45-64,0,.25622702,4
42540,2015,3,6,45-64,0,.42173421,2
42540,2015,4,6,45-64,0,.25605202,4
42540,2017,2,6,18-29,0,0,1
42540,2017,1,6,30-44,0,,1
42540,2017,2,6,30-44,0,0,1
42540,2017,4,1,30-44,0,1,1
42540,2017,4,6,30-44,0,1,1
42540,2017,2,6,45-64,0,.19065902,6
42540,2017,3,6,45-64,0,0,1
42540,2017,4,1,45-64,1,1,1
42540,2017,4,6,45-64,0,.74705893,4
42540,2019,4,6,30-44,0,,3
42540,2019,2,6,45-64,0,,1
42540,2019,3,6,45-64,0,,2
42540,2019,4,6,45-64,.47277439,,4
42540,2021,2,2,18-29,0,,1
42540,2021,2,2,30-44,0,,1
42540,2021,2,6,30-44,0,,2
42540,2021,3,6,30-44,0,,3
42540,2021,4,6,30-44,0,,3
42540,2021,3,6,45-64,0,,2
42540,2021,4,6,45-64,.35254148,,3
42540,2023,2,2,30-44,0,,1
42540,2023,2,6,30-44,0,,1
42540,2023,3,6,30-44,0,,1
42540,2023,4,6,30-44,0,,4
42540,2023,1,6,45-64,0,,1
42540,2023,3,6,45-64,0,,2
42540,2023,4,2,45-64,0,,1
42540,2023,4,3,45-64,0,,1
42540,2023,4,6,45-64,.49397287,,2
42660,2013,1,2,18-29,0,0,1
42660,2013,1,4,18-29,,0,0
42660,2013,1,6,18-29,0,0,1
42660,2013,2,1,18-29,0,0,1
42660,2013,2,2,18-29,0,0,1
42660,2013,2,6,18-29,0,.28377572,3
42660,2013,2,7,18-29,0,0,1
42660,2013,3,1,18-29,0,0,1
42660,2013,3,3,18-29,0,1,1
42660,2013,3,6,18-29,0,.6432054,3
42660,2013,3,7,18-29,0,,1
42660,2013,4,2,18-29,0,0,1
42660,2013,4,6,18-29,.072645605,.78553146,14
42660,2013,4,7,18-29,1,0,1
42660,2013,1,1,30-44,0,0,1
42660,2013,2,2,30-44,0,1,1
42660,2013,2,6,30-44,0,.3217909,10
42660,2013,2,7,30-44,0,1,1
42660,2013,3,1,30-44,0,.50674057,2
42660,2013,3,2,30-44,0,.82962608,5
42660,2013,3,3,30-44,0,.54145128,4
42660,2013,3,6,30-44,0,.59300786,16
42660,2013,3,7,30-44,0,,1
42660,2013,4,2,30-44,0,.45048285,3
42660,2013,4,3,30-44,.10474715,.12317837,7
42660,2013,4,6,30-44,.091030791,.49652001,34
42660,2013,4,7,30-44,0,.43096322,2
42660,2013,1,2,45-64,.46529591,0,2
42660,2013,1,6,45-64,0,0,1
42660,2013,2,1,45-64,.29927549,.59958935,3
42660,2013,2,3,45-64,0,0,1
42660,2013,2,6,45-64,.088524193,.35003248,21
42660,2013,2,7,45-64,0,0,1
42660,2013,3,1,45-64,1,0,1
42660,2013,3,2,45-64,0,0,1
42660,2013,3,3,45-64,.23870222,0,4
42660,2013,3,4,45-64,0,0,1
42660,2013,3,6,45-64,.19167159,.28257036,25
42660,2013,3,7,45-64,0,0,1
42660,2013,4,2,45-64,0,.60391533,2
42660,2013,4,3,45-64,0,.17061287,5
42660,2013,4,6,45-64,.069500826,.19070725,58
42660,2015,1,2,18-29,0,,1
42660,2015,1,6,18-29,0,1,2
42660,2015,2,1,18-29,0,0,1
42660,2015,2,2,18-29,0,0,1
42660,2015,2,6,18-29,0,.26723859,7
42660,2015,3,2,18-29,0,1,1
42660,2015,3,6,18-29,.18348774,1,5
42660,2015,3,7,18-29,0,1,1
42660,2015,4,2,18-29,0,0,1
42660,2015,4,3,18-29,0,.7237376,5
42660,2015,4,6,18-29,0,.45423228,12
42660,2015,1,2,30-44,.31225127,0,3
42660,2015,1,6,30-44,1,0,1
42660,2015,2,1,30-44,0,1,1
42660,2015,2,2,30-44,0,0,1
42660,2015,2,6,30-44,0,.4256379,9
42660,2015,2,7,30-44,.4632861,.5367139,2
42660,2015,3,1,30-44,0,1,1
42660,2015,3,2,30-44,0,.75411272,3
42660,2015,3,3,30-44,0,0,1
42660,2015,3,5,30-44,0,.50353849,2
42660,2015,3,6,30-44,.17231166,.54823869,14
42660,2015,3,7,30-44,.46791127,.46791127,2
42660,2015,4,1,30-44,0,1,1
42660,2015,4,2,30-44,0,1,4
42660,2015,4,3,30-44,0,.76185328,15
42660,2015,4,4,30-44,0,0,1
42660,2015,4,5,30-44,0,0,1
42660,2015,4,6,30-44,.11278,.58593571,34
42660,2015,4,7,30-44,0,1,1
42660,2015,1,3,45-64,0,0,1
42660,2015,2,1,45-64,0,0,1
42660,2015,2,3,45-64,0,0,2
42660,2015,2,4,45-64,0,1,1
42660,2015,2,6,45-64,0,.2243879,13
42660,2015,3,1,45-64,0,.22681527,4
42660,2015,3,2,45-64,0,0,1
42660,2015,3,3,45-64,0,.43295023,2
42660,2015,3,6,45-64,0,.38123742,19
42660,2015,4,1,45-64,0,.85022056,5
42660,2015,4,2,45-64,0,0,2
42660,2015,4,3,45-64,.20352986,.52839321,9
42660,2015,4,6,45-64,.17924622,.29768091,34
42660,2017,1,3,18-29,0,0,1
42660,2017,2,6,18-29,.54221231,1,2
42660,2017,3,1,18-29,0,.40116587,2
42660,2017,3,2,18-29,0,1,1
42660,2017,3,3,18-29,.59701532,.40298471,2
42660,2017,3,6,18-29,0,1,4
42660,2017,3,7,18-29,0,0,1
42660,2017,4,1,18-29,0,1,1
42660,2017,4,2,18-29,0,1,1
42660,2017,4,3,18-29,0,1,4
42660,2017,4,6,18-29,.059486646,.65360576,15
42660,2017,4,7,18-29,0,.4707773,2
42660,2017,1,2,30-44,0,0,1
42660,2017,2,1,30-44,0,0,1
42660,2017,2,2,30-44,.46017483,.53671426,5
42660,2017,2,3,30-44,0,1,1
42660,2017,2,5,30-44,0,0,2
42660,2017,2,6,30-44,0,.73391181,3
42660,2017,2,7,30-44,0,0,1
42660,2017,3,2,30-44,0,1,2
42660,2017,3,3,30-44,0,.4719601,4
42660,2017,3,5,30-44,0,0,1
42660,2017,3,6,30-44,.14160869,.69009632,21
42660,2017,3,7,30-44,0,1,1
42660,2017,4,2,30-44,0,1,8
42660,2017,4,3,30-44,0,.72847968,12
42660,2017,4,6,30-44,.068166234,.82303274,32
42660,2017,4,7,30-44,0,.77195507,5
42660,2017,1,2,45-64,0,1,2
42660,2017,1,6,45-64,.48753792,.20875797,4
42660,2017,2,1,45-64,0,0,1
42660,2017,2,2,45-64,0,1,1
42660,2017,2,3,45-64,1,1,1
42660,2017,2,4,45-64,1,,1
42660,2017,2,6,45-64,.1745028,.64783096,21
42660,2017,3,1,45-64,0,1,3
42660,2017,3,2,45-64,1,1,1
42660,2017,3,3,45-64,0,1,1
42660,2017,3,6,45-64,.12041752,.64438754,20
42660,2017,4,1,45-64,.64030665,.60991025,4
42660,2017,4,2,45-64,0,1,1
42660,2017,4,3,45-64,.25134599,.65047997,5
42660,2017,4,6,45-64,.20259252,.41130266,40
42660,2019,1,6,18-29,0,,1
42660,2019,2,2,18-29,0,,2
42660,2019,2,6,18-29,0,,3
42660,2019,3,2,18-29,.61329657,,3
42660,2019,3,3,18-29,0,,1
42660,2019,3,6,18-29,0,,2
42660,2019,4,2,18-29,0,,1
42660,2019,4,3,18-29,0,,2
42660,2019,4,6,18-29,0,,13
42660,2019,4,7,18-29,0,,1
42660,2019,1,1,30-44,0,,1
42660,2019,1,2,30-44,0,,1
42660,2019,1,6,30-44,0,,2
42660,2019,2,1,30-44,0,,2
42660,2019,2,2,30-44,0,,1
42660,2019,2,3,30-44,0,,1
42660,2019,2,6,30-44,.085547261,,18
42660,2019,2,7,30-44,0,,2
42660,2019,3,1,30-44,0,,1
42660,2019,3,2,30-44,0,,3
42660,2019,3,3,30-44,0,,4
42660,2019,3,6,30-44,0,,12
42660,2019,3,7,30-44,0,,1
42660,2019,4,1,30-44,0,,1
42660,2019,4,2,30-44,0,,3
42660,2019,4,3,30-44,.055317737,,18
42660,2019,4,6,30-44,.052691981,,41
42660,2019,4,7,30-44,0,,3
42660,2019,1,1,45-64,0,,1
42660,2019,1,5,45-64,0,,1
42660,2019,1,6,45-64,0,,2
42660,2019,2,1,45-64,1,,1
42660,2019,2,6,45-64,.066110253,,12
42660,2019,3,1,45-64,.52373528,,2
42660,2019,3,3,45-64,.37314761,,3
42660,2019,3,6,45-64,.11728055,,22
42660,2019,3,7,45-64,0,,1
42660,2019,4,1,45-64,0,,1
42660,2019,4,2,45-64,0,,2
42660,2019,4,3,45-64,.14627779,,7
42660,2019,4,5,45-64,0,,1
42660,2019,4,6,45-64,.16079439,,53
42660,2019,4,7,45-64,0,,1
42660,2021,2,6,18-29,0,,1
42660,2021,2,7,18-29,0,,2
42660,2021,3,1,18-29,0,,2
42660,2021,3,2,18-29,0,,3
42660,2021,3,3,18-29,0,,2
42660,2021,3,6,18-29,0,,6
42660,2021,4,2,18-29,0,,2
42660,2021,4,3,18-29,0,,4
42660,2021,4,6,18-29,0,,10
42660,2021,1,2,30-44,0,,1
42660,2021,1,6,30-44,0,,1
42660,2021,2,2,30-44,0,,2
42660,2021,2,5,30-44,0,,1
42660,2021,2,6,30-44,0,,7
42660,2021,3,1,30-44,0,,1
42660,2021,3,2,30-44,0,,2
42660,2021,3,3,30-44,.41507068,,3
42660,2021,3,6,30-44,.11707732,,8
42660,2021,4,1,30-44,0,,2
42660,2021,4,2,30-44,0,,2
42660,2021,4,3,30-44,.061856184,,13
42660,2021,4,6,30-44,.13334931,,45
42660,2021,4,7,30-44,0,,1
42660,2021,1,6,45-64,0,,1
42660,2021,2,2,45-64,.31703451,,3
42660,2021,2,3,45-64,0,,2
42660,2021,2,6,45-64,0,,7
42660,2021,3,1,45-64,0,,3
42660,2021,3,2,45-64,0,,2
42660,2021,3,3,45-64,0,,2
42660,2021,3,4,45-64,0,,1
42660,2021,3,6,45-64,.15590283,,26
42660,2021,4,2,45-64,0,,4
42660,2021,4,3,45-64,.55988914,,6
42660,2021,4,4,45-64,0,,1
42660,2021,4,6,45-64,.1346198,,28
42660,2021,4,7,45-64,0,,1
42660,2023,1,2,18-29,0,,1
42660,2023,2,2,18-29,0,,2
42660,2023,2,3,18-29,.30952683,,2
42660,2023,2,6,18-29,.60666651,,3
42660,2023,2,7,18-29,0,,1
42660,2023,3,1,18-29,0,,1
42660,2023,3,2,18-29,0,,1
42660,2023,3,3,18-29,0,,2
42660,2023,3,6,18-29,0,,4
42660,2023,3,7,18-29,0,,1
42660,2023,4,2,18-29,0,,2
42660,2023,4,3,18-29,0,,5
42660,2023,4,6,18-29,0,,9
42660,2023,1,1,30-44,0,,1
42660,2023,1,3,30-44,0,,1
42660,2023,2,1,30-44,0,,1
42660,2023,2,2,30-44,.22734863,,3
42660,2023,2,3,30-44,.44163042,,2
42660,2023,2,6,30-44,0,,4
42660,2023,3,1,30-44,0,,1
42660,2023,3,2,30-44,0,,3
42660,2023,3,3,30-44,0,,1
42660,2023,3,6,30-44,.066258073,,14
42660,2023,3,7,30-44,.36208883,,2
42660,2023,4,1,30-44,.40418679,,3
42660,2023,4,3,30-44,0,,9
42660,2023,4,6,30-44,.078132458,,35
42660,2023,1,1,45-64,1,,1
42660,2023,2,2,45-64,0,,1
42660,2023,2,6,45-64,0,,5
42660,2023,3,1,45-64,0,,1
42660,2023,3,2,45-64,0,,1
42660,2023,3,3,45-64,0,,2
42660,2023,3,4,45-64,0,,1
42660,2023,3,6,45-64,.12807974,,17
42660,2023,3,7,45-64,0,,1
42660,2023,4,1,45-64,0,,1
42660,2023,4,2,45-64,0,,1
42660,2023,4,3,45-64,0,,3
42660,2023,4,4,45-64,0,,1
42660,2023,4,6,45-64,.2797831,,32
42660,2023,4,7,45-64,0,,2
42680,2013,1,6,18-29,0,0,1
42680,2013,2,1,18-29,0,1,1
42680,2013,3,1,18-29,0,1,1
42680,2013,2,6,30-44,.62419164,.37580836,2
42680,2013,1,1,45-64,0,0,2
42680,2013,3,6,45-64,.26009279,.2393229,4
42680,2013,4,6,45-64,0,.66794217,3
43300,2015,3,2,18-29,0,0,1
43300,2015,2,2,30-44,0,1,1
43300,2015,3,6,30-44,0,1,1
43300,2015,4,6,30-44,1,0,1
43300,2015,1,6,45-64,0,0,1
43300,2015,2,6,45-64,0,0,1
43300,2015,3,6,45-64,0,1,1
43300,2015,4,6,45-64,0,0,1
43300,2017,1,1,30-44,0,,1
43300,2017,1,2,30-44,0,1,1
43300,2017,4,6,30-44,0,1,1
43300,2017,2,1,45-64,0,1,1
43300,2017,2,6,45-64,1,0,1
43300,2017,3,6,45-64,1,1,1
43300,2017,3,7,45-64,0,0,1
43300,2019,1,6,30-44,0,,1
43300,2019,3,6,30-44,0,,2
43300,2019,3,7,30-44,0,,1
43300,2019,2,6,45-64,.42671219,,3
43300,2019,3,6,45-64,.37158024,,3
43300,2019,3,7,45-64,0,,1
43300,2019,4,6,45-64,0,,1
43300,2021,2,6,18-29,0,,1
43300,2021,1,4,30-44,0,,1
43300,2021,1,6,30-44,0,,1
43300,2021,3,2,30-44,0,,2
43300,2021,2,1,45-64,0,,1
43300,2021,3,2,45-64,0,,1
43300,2023,2,6,18-29,0,,1
43300,2023,4,1,18-29,0,,1
43300,2023,1,7,30-44,0,,1
43300,2023,3,2,30-44,0,,1
43300,2023,4,6,30-44,0,,1
43300,2023,2,6,45-64,1,,1
43300,2023,3,6,45-64,0,,1
43340,2013,1,1,18-29,0,,1
43340,2013,3,1,18-29,0,0,1
43340,2013,2,1,30-44,0,1,1
43340,2013,2,2,30-44,0,,1
43340,2013,2,6,30-44,0,1,1
43340,2013,3,6,30-44,0,0,2
43340,2013,4,1,30-44,0,0,1
43340,2013,4,6,30-44,.19954631,0,5
43340,2013,2,6,45-64,0,0,2
43340,2013,3,1,45-64,1,0,1
43340,2013,3,6,45-64,1,0,2
43340,2013,4,1,45-64,0,0,2
43340,2013,4,6,45-64,0,0,3
43340,2015,1,1,18-29,0,0,1
43340,2015,2,7,18-29,0,0,1
43340,2015,3,6,18-29,0,0,1
43340,2015,4,6,18-29,1,1,1
43340,2015,2,1,30-44,0,,1
43340,2015,2,6,30-44,0,0,1
43340,2015,3,1,30-44,0,,1
43340,2015,3,6,30-44,0,.5,2
43340,2015,4,1,30-44,0,.67375785,2
43340,2015,4,6,30-44,0,0,1
43340,2015,2,1,45-64,0,0,1
43340,2015,3,1,45-64,0,0,1
43340,2015,3,6,45-64,.29549062,0,4
43340,2015,4,3,45-64,0,0,1
43340,2015,4,6,45-64,1,0,1
43340,2017,1,1,18-29,0,,1
43340,2017,3,1,18-29,0,.46361879,3
43340,2017,3,6,18-29,0,0,1
43340,2017,4,3,18-29,0,1,1
43340,2017,4,6,18-29,0,1,1
43340,2017,1,1,30-44,0,0,1
43340,2017,1,6,30-44,0,0,1
43340,2017,2,1,30-44,0,,1
43340,2017,2,7,30-44,0,0,1
43340,2017,3,6,30-44,0,.56719524,2
43340,2017,4,1,30-44,0,0,2
43340,2017,4,7,30-44,0,0,1
43340,2017,1,6,45-64,0,0,1
43340,2017,2,6,45-64,0,0,1
43340,2017,3,6,45-64,0,0,3
43340,2017,4,1,45-64,0,1,1
43340,2017,4,6,45-64,0,.65638751,8
43340,2019,2,1,18-29,0,,1
43340,2019,2,6,18-29,0,,1
43340,2019,4,6,18-29,0,,2
43340,2019,1,1,30-44,0,,1
43340,2019,2,2,30-44,0,,1
43340,2019,2,6,30-44,0,,2
43340,2019,3,1,30-44,0,,2
43340,2019,3,6,30-44,0,,3
43340,2019,4,6,30-44,.20869276,,4
43340,2019,2,1,45-64,0,,2
43340,2019,2,3,45-64,1,,1
43340,2019,2,6,45-64,.44448873,,4
43340,2019,3,1,45-64,0,,2
43340,2019,3,6,45-64,0,,2
43340,2019,4,1,45-64,0,,3
43340,2019,4,6,45-64,0,,3
43340,2021,2,1,18-29,0,,3
43340,2021,3,6,18-29,0,,1
43340,2021,4,1,18-29,0,,1
43340,2021,4,6,18-29,0,,1
43340,2021,1,1,30-44,0,,1
43340,2021,2,1,30-44,.42434779,,2
43340,2021,2,2,30-44,0,,1
43340,2021,2,6,30-44,0,,3
43340,2021,3,2,30-44,1,,1
43340,2021,3,6,30-44,0,,2
43340,2021,4,3,30-44,0,,1
43340,2021,4,6,30-44,.60358584,,2
43340,2021,1,1,45-64,0,,1
43340,2021,2,1,45-64,0,,2
43340,2021,2,6,45-64,0,,2
43340,2021,3,1,45-64,0,,1
43340,2021,3,6,45-64,.21443744,,4
43340,2021,4,1,45-64,0,,1
43340,2021,4,3,45-64,0,,1
43340,2021,4,6,45-64,0,,3
43340,2023,2,2,18-29,0,,1
43340,2023,3,3,18-29,0,,1
43340,2023,1,6,30-44,0,,1
43340,2023,2,1,30-44,0,,1
43340,2023,3,1,30-44,0,,1
43340,2023,3,6,30-44,0,,1
43340,2023,4,6,30-44,0,,1
43340,2023,2,1,45-64,0,,1
43340,2023,2,6,45-64,0,,2
43340,2023,3,1,45-64,0,,2
43340,2023,3,6,45-64,0,,4
43340,2023,4,1,45-64,0,,1
43340,2023,4,6,45-64,0,,1
43620,2013,1,2,18-29,0,1,1
43620,2013,2,1,18-29,0,1,2
43620,2013,2,6,18-29,.27850556,1,4
43620,2013,3,2,18-29,0,1,1
43620,2013,3,6,18-29,.075965531,.61401397,13
43620,2013,4,3,18-29,0,0,1
43620,2013,4,6,18-29,.21356463,.65709001,9
43620,2013,1,1,30-44,0,,2
43620,2013,1,6,30-44,0,0,1
43620,2013,2,6,30-44,0,.14218809,8
43620,2013,3,6,30-44,.10363013,.28592044,18
43620,2013,3,7,30-44,0,0,1
43620,2013,4,6,30-44,.070910245,.4759132,11
43620,2013,1,2,45-64,0,1,1
43620,2013,1,6,45-64,0,0,1
43620,2013,2,2,45-64,0,0,1
43620,2013,2,6,45-64,.28459278,.089121312,23
43620,2013,3,3,45-64,0,0,1
43620,2013,3,6,45-64,.23093057,.23333271,16
43620,2013,3,7,45-64,0,0,1
43620,2013,4,6,45-64,.32597676,.22245739,12
43620,2013,4,7,45-64,0,0,1
43620,2015,1,6,18-29,.52146739,0,2
43620,2015,2,3,18-29,0,1,1
43620,2015,2,6,18-29,.17769159,.42758358,6
43620,2015,3,1,18-29,0,1,1
43620,2015,3,6,18-29,.089228518,.55077446,7
43620,2015,4,6,18-29,.17241679,.82904547,5
43620,2015,1,4,30-44,0,,1
43620,2015,1,6,30-44,1,0,1
43620,2015,2,2,30-44,0,0,1
43620,2015,2,6,30-44,0,.80294311,5
43620,2015,3,1,30-44,0,1,1
43620,2015,3,6,30-44,.31767526,.42277855,11
43620,2015,4,2,30-44,0,0,1
43620,2015,4,6,30-44,.39310759,.52244711,16
43620,2015,1,6,45-64,0,.45039958,2
43620,2015,2,1,45-64,0,0,1
43620,2015,2,6,45-64,0,.30941051,10
43620,2015,3,3,45-64,1,1,1
43620,2015,3,6,45-64,0,.24703319,12
43620,2015,4,6,45-64,.22687608,.265091,13
43620,2017,1,1,18-29,0,,1
43620,2017,1,3,18-29,0,0,1
43620,2017,1,6,18-29,0,1,1
43620,2017,2,6,18-29,.50961185,1,2
43620,2017,2,7,18-29,0,,1
43620,2017,3,6,18-29,.40995577,.40995577,2
43620,2017,4,1,18-29,0,1,1
43620,2017,4,6,18-29,0,1,5
43620,2017,1,1,30-44,0,0,2
43620,2017,2,1,30-44,0,0,1
43620,2017,2,2,30-44,0,0,1
43620,2017,2,6,30-44,0,.63431233,11
43620,2017,3,6,30-44,.26567006,.38629043,7
43620,2017,3,7,30-44,0,1,1
43620,2017,4,6,30-44,0,.68663031,8
43620,2017,1,1,45-64,0,0,2
43620,2017,1,4,45-64,0,,1
43620,2017,1,6,45-64,0,0,2
43620,2017,2,1,45-64,0,,1
43620,2017,2,6,45-64,.16270776,.23463042,13
43620,2017,3,6,45-64,.30988777,.45240119,12
43620,2017,4,2,45-64,0,1,1
43620,2017,4,6,45-64,.22241594,.44877663,18
43620,2019,2,1,18-29,0,,1
43620,2019,3,6,18-29,0,,4
43620,2019,4,6,18-29,0,,7
43620,2019,1,1,30-44,0,,3
43620,2019,1,6,30-44,0,,1
43620,2019,2,6,30-44,0,,1
43620,2019,3,4,30-44,0,,1
43620,2019,3,6,30-44,.12477683,,11
43620,2019,4,6,30-44,.048522484,,16
43620,2019,1,6,45-64,0,,2
43620,2019,2,2,45-64,0,,1
43620,2019,2,6,45-64,0,,9
43620,2019,3,4,45-64,0,,1
43620,2019,3,6,45-64,.22832462,,12
43620,2019,4,3,45-64,1,,1
43620,2019,4,6,45-64,.10362014,,7
43620,2021,2,6,18-29,0,,2
43620,2021,3,6,18-29,0,,5
43620,2021,4,6,18-29,0,,5
43620,2021,1,1,30-44,0,,1
43620,2021,2,6,30-44,0,,8
43620,2021,3,2,30-44,0,,1
43620,2021,3,6,30-44,.11621529,,7
43620,2021,4,6,30-44,.069118135,,14
43620,2021,1,6,45-64,0,,1
43620,2021,2,6,45-64,0,,3
43620,2021,3,3,45-64,0,,1
43620,2021,3,6,45-64,.069737844,,13
43620,2021,4,2,45-64,0,,1
43620,2021,4,6,45-64,0,,10
43620,2023,2,1,18-29,0,,1
43620,2023,2,4,18-29,0,,1
43620,2023,2,6,18-29,0,,3
43620,2023,3,2,18-29,0,,1
43620,2023,3,6,18-29,0,,6
43620,2023,4,6,18-29,.15946916,,5
43620,2023,2,2,30-44,0,,2
43620,2023,2,3,30-44,0,,1
43620,2023,2,6,30-44,.2408361,,4
43620,2023,2,7,30-44,0,,1
43620,2023,3,6,30-44,.083212867,,12
43620,2023,3,7,30-44,0,,1
43620,2023,4,3,30-44,0,,1
43620,2023,4,6,30-44,.10532497,,17
43620,2023,1,6,45-64,0,,1
43620,2023,2,6,45-64,.098354287,,8
43620,2023,3,1,45-64,0,,2
43620,2023,3,2,45-64,0,,1
43620,2023,3,6,45-64,.072249122,,10
43620,2023,4,2,45-64,0,,1
43620,2023,4,6,45-64,.066128388,,16
43780,2013,2,6,18-29,0,1,1
43780,2013,4,6,18-29,0,0,1
43780,2013,1,6,30-44,0,,1
43780,2013,2,6,30-44,0,,1
43780,2013,3,1,30-44,0,,1
43780,2013,4,6,30-44,0,.28191084,3
43780,2013,3,6,45-64,0,0,2
43780,2015,1,6,18-29,0,0,1
43780,2015,2,6,18-29,0,0,2
43780,2015,3,6,18-29,0,0,1
43780,2015,1,2,30-44,0,0,1
43780,2015,3,1,30-44,0,0,1
43780,2015,3,6,30-44,0,0,1
43780,2015,4,6,30-44,.2896409,0,3
43780,2015,1,6,45-64,0,,1
43780,2015,2,6,45-64,0,0,2
43780,2015,3,6,45-64,0,0,1
43780,2015,4,6,45-64,0,.26143715,3
43780,2017,3,1,30-44,0,0,1
43780,2017,4,6,30-44,0,.50977659,2
43780,2017,2,6,45-64,0,0,1
43780,2017,3,1,45-64,0,0,1
43780,2017,4,1,45-64,0,1,1
43780,2017,4,6,45-64,0,.54868734,2
43780,2019,2,1,18-29,0,,1
43780,2019,2,2,18-29,0,,1
43780,2019,2,7,18-29,0,,1
43780,2019,4,2,18-29,0,,1
43780,2019,4,6,18-29,0,,1
43780,2019,2,1,30-44,0,,1
43780,2019,2,6,30-44,0,,1
43780,2019,3,6,30-44,0,,1
43780,2019,2,6,45-64,0,,2
43780,2019,3,6,45-64,.60263222,,2
43780,2019,4,1,45-64,0,,1
43780,2021,4,6,18-29,0,,1
43780,2021,2,2,30-44,0,,1
43780,2021,3,4,30-44,1,,1
43780,2021,4,6,30-44,.16929224,,5
43780,2021,3,6,45-64,0,,2
43780,2021,4,6,45-64,0,,4
43780,2023,3,6,30-44,0,,1
43780,2023,4,6,30-44,0,,3
43780,2023,3,6,45-64,0,,1
43780,2023,4,6,45-64,0,,3
43900,2013,1,1,18-29,0,0,1
43900,2013,3,6,18-29,0,0,1
43900,2013,1,2,30-44,0,0,1
43900,2013,3,1,30-44,0,0,1
43900,2013,3,6,30-44,.31522888,.68477112,3
43900,2013,4,2,30-44,0,0,1
43900,2013,4,6,30-44,0,0,1
43900,2013,1,6,45-64,0,0,1
43900,2013,2,1,45-64,0,,1
43900,2013,2,6,45-64,0,.49197868,2
43900,2013,3,6,45-64,0,.47714716,2
43900,2013,4,1,45-64,0,1,1
43900,2013,4,6,45-64,0,0,3
43900,2015,1,6,18-29,0,,1
43900,2015,2,1,18-29,0,,1
43900,2015,2,6,18-29,0,1,1
43900,2015,3,2,30-44,0,0,1
43900,2015,3,6,30-44,0,0,2
43900,2015,4,6,30-44,0,.73692751,3
43900,2015,1,6,45-64,0,.46798348,2
43900,2015,2,1,45-64,0,0,1
43900,2015,2,6,45-64,0,.69896662,3
43900,2015,3,1,45-64,0,0,1
43900,2015,3,6,45-64,0,.21689756,5
43900,2015,4,6,45-64,0,1,1
43900,2017,1,1,18-29,0,,1
43900,2017,2,6,18-29,0,1,1
43900,2017,4,6,18-29,0,1,1
43900,2017,2,6,30-44,0,1,1
43900,2017,3,1,30-44,0,1,2
43900,2017,3,6,30-44,.34721631,.531901,3
43900,2017,4,6,30-44,.48776561,.48776561,2
43900,2017,4,7,30-44,0,1,1
43900,2017,3,1,45-64,0,0,1
43900,2017,3,6,45-64,0,0,1
43900,2017,4,2,45-64,0,0,1
43900,2019,2,1,18-29,0,,2
43900,2019,3,6,18-29,0,,1
43900,2019,3,6,30-44,0,,3
43900,2019,4,1,30-44,0,,1
43900,2019,1,6,45-64,0,,1
43900,2019,2,1,45-64,0,,2
43900,2019,2,6,45-64,0,,1
43900,2019,3,3,45-64,0,,1
43900,2019,3,7,45-64,0,,1
43900,2019,4,6,45-64,0,,3
43900,2021,2,1,18-29,0,,1
43900,2021,2,6,18-29,0,,1
43900,2021,3,6,18-29,0,,2
43900,2021,3,1,30-44,0,,1
43900,2021,4,1,30-44,0,,1
43900,2021,4,6,30-44,0,,3
43900,2021,2,1,45-64,0,,1
43900,2021,2,6,45-64,0,,1
43900,2021,3,6,45-64,0,,3
43900,2021,4,6,45-64,0,,2
43900,2023,1,3,18-29,0,,1
43900,2023,2,1,18-29,0,,1
43900,2023,2,6,18-29,0,,1
43900,2023,4,3,18-29,0,,1
43900,2023,2,1,30-44,1,,1
43900,2023,3,6,30-44,.49566147,,2
43900,2023,4,1,30-44,0,,1
43900,2023,4,6,30-44,.60411829,,2
43900,2023,1,2,45-64,0,,1
43900,2023,1,6,45-64,0,,1
43900,2023,2,6,45-64,0,,1
43900,2023,3,6,45-64,0,,1
43900,2023,4,1,45-64,0,,1
44060,2013,2,6,18-29,0,1,1
44060,2013,4,6,18-29,0,0,1
44060,2013,2,6,30-44,0,.71836948,5
44060,2013,3,6,30-44,.24008197,1,4
44060,2013,4,6,30-44,0,.6687246,7
44060,2013,1,6,45-64,1,0,1
44060,2013,2,6,45-64,.48744893,0,2
44060,2013,3,6,45-64,0,.48147389,5
44060,2013,4,6,45-64,0,.51334482,2
44060,2015,2,6,18-29,0,1,2
44060,2015,4,6,18-29,0,.5,2
44060,2015,1,6,30-44,0,0,1
44060,2015,2,4,30-44,0,,1
44060,2015,3,6,30-44,.12793183,.37850252,8
44060,2015,4,4,30-44,0,1,1
44060,2015,4,6,30-44,0,.69314557,3
44060,2015,2,1,45-64,0,0,1
44060,2015,2,4,45-64,0,0,1
44060,2015,2,6,45-64,0,.37174967,3
44060,2015,3,6,45-64,.18540208,.31938687,12
44060,2015,4,2,45-64,0,0,2
44060,2015,4,6,45-64,0,.53108448,7
44060,2017,2,6,18-29,.57902658,.57902658,2
44060,2017,3,6,18-29,0,1,1
44060,2017,4,6,18-29,0,1,2
44060,2017,2,6,30-44,.518933,.518933,2
44060,2017,3,2,30-44,0,0,1
44060,2017,3,6,30-44,.14055648,.68960834,7
44060,2017,4,4,30-44,0,1,1
44060,2017,4,6,30-44,.7219398,1,4
44060,2017,2,6,45-64,.50467366,0,4
44060,2017,3,4,45-64,0,0,1
44060,2017,3,6,45-64,.15513672,.4928925,6
44060,2017,4,1,45-64,0,1,1
44060,2017,4,6,45-64,0,.30336443,6
44060,2019,2,6,18-29,0,,1
44060,2019,3,6,18-29,0,,1
44060,2019,4,2,18-29,0,,1
44060,2019,2,6,30-44,.37124461,,3
44060,2019,3,6,30-44,0,,4
44060,2019,4,6,30-44,0,,9
44060,2019,1,6,45-64,0,,1
44060,2019,2,6,45-64,.59398037,,4
44060,2019,3,4,45-64,0,,1
44060,2019,3,6,45-64,.25124186,,7
44060,2019,4,2,45-64,0,,1
44060,2019,4,6,45-64,.47348541,,7
44060,2021,2,6,18-29,0,,1
44060,2021,3,6,18-29,0,,2
44060,2021,4,6,18-29,0,,1
44060,2021,2,4,30-44,0,,1
44060,2021,2,6,30-44,0,,4
44060,2021,3,6,30-44,.14671153,,5
44060,2021,4,6,30-44,0,,5
44060,2021,2,6,45-64,0,,2
44060,2021,3,4,45-64,0,,2
44060,2021,3,6,45-64,0,,2
44060,2021,4,6,45-64,.21294154,,5
44060,2023,4,6,18-29,0,,2
44060,2023,2,6,30-44,1,,1
44060,2023,2,7,30-44,1,,1
44060,2023,3,6,30-44,.16079973,,7
44060,2023,2,6,45-64,0,,3
44060,2023,3,1,45-64,1,,1
44060,2023,3,6,45-64,0,,3
44060,2023,4,6,45-64,.11852363,,8
44100,2013,3,6,18-29,0,1,1
44100,2013,4,7,18-29,0,1,1
44100,2013,2,6,30-44,0,.6751653,3
44100,2013,3,1,30-44,0,0,1
44100,2013,3,6,30-44,0,0,1
44100,2013,2,3,45-64,0,0,1
44100,2013,2,6,45-64,0,0,3
44100,2013,3,6,45-64,0,1,1
44100,2013,4,6,45-64,0,.15667275,6
44100,2015,2,6,18-29,0,0,1
44100,2015,3,3,18-29,0,0,1
44100,2015,3,6,18-29,0,1,1
44100,2015,4,6,18-29,0,1,1
44100,2015,3,6,30-44,0,1,2
44100,2015,2,6,45-64,0,0,2
44100,2015,3,6,45-64,0,.2406178,5
44100,2015,4,6,45-64,.44547254,.55452746,2
44100,2017,4,1,18-29,0,0,1
44100,2017,4,6,18-29,0,1,1
44100,2017,3,6,30-44,1,1,1
44100,2017,4,1,30-44,0,.55535269,2
44100,2017,4,6,30-44,0,1,1
44100,2017,2,6,45-64,0,0,2
44100,2017,3,6,45-64,0,.55433768,2
44100,2017,4,6,45-64,.5,.5,2
44100,2019,2,1,18-29,0,,1
44100,2019,4,6,18-29,0,,1
44100,2019,1,6,30-44,0,,1
44100,2019,2,6,30-44,0,,1
44100,2019,4,1,30-44,0,,1
44100,2019,4,3,30-44,0,,1
44100,2019,4,6,30-44,.40343061,,3
44100,2019,2,6,45-64,0,,2
44100,2019,3,6,45-64,0,,2
44100,2019,4,6,45-64,0,,5
44100,2021,4,6,18-29,0,,3
44100,2021,2,6,30-44,0,,3
44100,2021,3,6,30-44,0,,2
44100,2021,4,6,30-44,0,,2
44100,2023,2,6,18-29,0,,1
44100,2023,3,6,30-44,0,,1
44100,2023,4,6,30-44,0,,1
44100,2023,2,6,45-64,0,,2
44140,2013,1,2,18-29,0,,1
44140,2013,3,1,18-29,0,,1
44140,2013,3,2,18-29,0,0,1
44140,2013,3,6,18-29,0,0,1
44140,2013,4,6,18-29,0,0,1
44140,2013,2,2,30-44,0,,1
44140,2013,2,6,30-44,0,0,1
44140,2013,3,2,30-44,0,0,1
44140,2013,3,3,30-44,0,0,1
44140,2013,3,6,30-44,0,.20819744,5
44140,2013,4,6,30-44,0,.33753297,6
44140,2013,2,6,45-64,.18949266,.22080098,5
44140,2013,3,2,45-64,0,0,1
44140,2013,3,6,45-64,.20674725,.39234364,5
44140,2013,4,6,45-64,.17119099,0,6
44140,2015,2,1,18-29,0,0,1
44140,2015,2,2,18-29,0,,1
44140,2015,4,6,18-29,0,0,1
44140,2015,1,6,30-44,0,,1
44140,2015,2,1,30-44,0,,1
44140,2015,2,3,30-44,0,,1
44140,2015,2,6,30-44,.57555705,0,2
44140,2015,3,2,30-44,0,0,1
44140,2015,3,6,30-44,0,.50466478,4
44140,2015,4,6,30-44,0,0,5
44140,2015,1,2,45-64,1,0,1
44140,2015,2,2,45-64,0,0,1
44140,2015,2,6,45-64,.23129857,.24651568,8
44140,2015,3,6,45-64,0,.14623575,7
44140,2015,4,2,45-64,1,1,1
44140,2015,4,6,45-64,.22626065,.18786791,10
44140,2017,2,7,18-29,0,1,1
44140,2017,4,2,18-29,0,1,1
44140,2017,2,2,30-44,0,0,2
44140,2017,2,6,30-44,0,0,1
44140,2017,3,2,30-44,0,1,1
44140,2017,3,6,30-44,0,0,1
44140,2017,4,1,30-44,0,0,1
44140,2017,4,2,30-44,0,1,1
44140,2017,4,6,30-44,0,.20293112,5
44140,2017,1,2,45-64,0,0,1
44140,2017,1,6,45-64,0,0,1
44140,2017,2,1,45-64,1,1,1
44140,2017,2,2,45-64,0,1,1
44140,2017,2,6,45-64,.35124284,.71686965,3
44140,2017,3,2,45-64,0,0,2
44140,2017,3,6,45-64,0,0,5
44140,2017,4,2,45-64,0,0,1
44140,2017,4,6,45-64,.46900058,.30800858,6
44140,2019,4,3,18-29,0,,1
44140,2019,4,6,18-29,0,,1
44140,2019,2,6,30-44,.39038953,,2
44140,2019,3,2,30-44,0,,3
44140,2019,4,2,30-44,0,,1
44140,2019,4,6,30-44,.16653433,,5
44140,2019,2,2,45-64,0,,1
44140,2019,2,6,45-64,.23372106,,5
44140,2019,3,6,45-64,0,,4
44140,2019,4,1,45-64,0,,1
44140,2019,4,6,45-64,0,,6
44140,2021,1,2,18-29,0,,1
44140,2021,2,6,18-29,0,,1
44140,2021,3,2,18-29,0,,2
44140,2021,4,6,18-29,0,,1
44140,2021,1,2,30-44,0,,1
44140,2021,2,6,30-44,0,,3
44140,2021,3,6,30-44,0,,1
44140,2021,4,3,30-44,0,,1
44140,2021,4,6,30-44,0,,4
44140,2021,2,2,45-64,0,,1
44140,2021,2,6,45-64,0,,4
44140,2021,3,6,45-64,0,,5
44140,2021,3,7,45-64,0,,1
44140,2021,4,6,45-64,0,,6
44140,2023,4,3,18-29,0,,1
44140,2023,2,6,30-44,0,,2
44140,2023,3,6,30-44,0,,2
44140,2023,4,2,30-44,0,,1
44140,2023,4,3,30-44,0,,1
44140,2023,4,6,30-44,.35383052,,3
44140,2023,2,6,45-64,0,,2
44140,2023,3,2,45-64,0,,1
44140,2023,3,6,45-64,0,,3
44140,2023,4,2,45-64,0,,1
44140,2023,4,6,45-64,0,,3
44180,2013,1,6,18-29,0,0,1
44180,2013,2,6,18-29,0,0,1
44180,2013,3,6,18-29,0,.66127563,3
44180,2013,4,6,18-29,0,0,1
44180,2013,1,6,30-44,0,0,1
44180,2013,3,6,30-44,0,.37461191,5
44180,2013,4,6,30-44,0,.45296425,5
44180,2013,1,6,45-64,1,0,1
44180,2013,2,1,45-64,0,0,1
44180,2013,2,6,45-64,0,0,2
44180,2013,3,6,45-64,.20838714,.2689406,4
44180,2013,4,6,45-64,.29482177,0,4
44180,2015,2,6,18-29,0,0,1
44180,2015,3,6,18-29,.2389759,.53972018,4
44180,2015,4,6,18-29,0,0,1
44180,2015,3,6,30-44,0,.43268421,5
44180,2015,4,6,30-44,0,0,3
44180,2015,3,6,45-64,.28782949,.67410249,3
44180,2015,4,6,45-64,0,0,1
44180,2017,1,6,18-29,0,1,1
44180,2017,2,6,18-29,0,1,1
44180,2017,3,6,18-29,0,1,1
44180,2017,3,7,18-29,0,1,1
44180,2017,1,6,30-44,0,1,1
44180,2017,2,6,30-44,.28587025,.87822181,7
44180,2017,3,6,30-44,0,1,1
44180,2017,4,6,30-44,0,1,3
44180,2017,1,1,45-64,0,,1
44180,2017,2,6,45-64,0,0,2
44180,2017,3,6,45-64,0,.7699312,4
44180,2017,4,6,45-64,0,.60921484,2
44180,2019,3,6,18-29,0,,4
44180,2019,4,6,18-29,1,,2
44180,2019,2,2,30-44,0,,1
44180,2019,3,6,30-44,0,,4
44180,2019,4,6,30-44,0,,4
44180,2019,2,6,45-64,0,,3
44180,2019,3,6,45-64,0,,5
44180,2019,4,6,45-64,.31090087,,4
44180,2021,2,6,18-29,0,,4
44180,2021,3,6,18-29,0,,3
44180,2021,4,6,18-29,0,,2
44180,2021,2,6,30-44,0,,2
44180,2021,3,6,30-44,0,,3
44180,2021,4,6,30-44,0,,3
44180,2021,3,6,45-64,.35785168,,3
44180,2021,4,1,45-64,0,,1
44180,2021,4,6,45-64,.17646506,,6
44180,2023,2,1,18-29,0,,1
44180,2023,2,6,18-29,0,,1
44180,2023,3,6,18-29,0,,4
44180,2023,4,6,18-29,0,,1
44180,2023,2,6,30-44,0,,2
44180,2023,3,6,30-44,0,,2
44180,2023,4,6,30-44,0,,2
44180,2023,3,6,45-64,.27104121,,4
44180,2023,4,6,45-64,0,,3
44220,2013,2,7,18-29,0,0,1
44220,2013,2,6,45-64,0,0,1
44220,2013,3,6,45-64,0,0,1
44220,2013,4,6,45-64,.47797698,0,2
44700,2013,2,2,18-29,0,,1
44700,2013,3,1,18-29,0,,1
44700,2013,3,3,18-29,0,0,1
44700,2013,4,6,18-29,0,1,1
44700,2013,1,2,30-44,1,0,1
44700,2013,3,2,30-44,0,.65086669,2
44700,2013,3,6,30-44,0,1,2
44700,2013,4,2,30-44,0,1,1
44700,2013,4,3,30-44,0,1,1
44700,2013,1,6,45-64,1,0,1
44700,2013,2,2,45-64,0,1,1
44700,2013,2,6,45-64,.49867088,0,2
44700,2013,3,2,45-64,0,.53958189,5
44700,2013,3,6,45-64,0,0,2
44700,2013,4,2,45-64,0,1,1
44700,2013,4,3,45-64,0,1,2
44700,2013,4,6,45-64,.23849981,.22371764,4
44700,2015,1,2,30-44,0,,1
44700,2015,2,1,30-44,0,0,1
44700,2015,2,2,30-44,0,1,1
44700,2015,2,6,30-44,0,.56093633,2
44700,2015,3,2,30-44,0,0,1
44700,2015,3,6,30-44,0,1,1
44700,2015,4,1,30-44,0,1,1
44700,2015,4,2,30-44,0,0,1
44700,2015,1,2,45-64,0,0,1
44700,2015,2,6,45-64,0,0,2
44700,2015,3,3,45-64,0,1,1
44700,2015,3,6,45-64,0,0,1
44700,2015,4,2,45-64,0,1,1
44700,2015,4,3,45-64,1,0,1
44700,2015,4,6,45-64,0,0,1
44700,2017,3,2,18-29,0,1,2
44700,2017,1,2,30-44,0,1,1
44700,2017,2,2,30-44,0,0,1
44700,2017,2,6,30-44,0,1,1
44700,2017,3,2,30-44,0,1,1
44700,2017,3,6,30-44,1,0,1
44700,2017,4,6,30-44,0,1,1
44700,2017,1,2,45-64,1,1,1
44700,2017,2,1,45-64,0,0,1
44700,2017,2,2,45-64,0,,2
44700,2017,2,6,45-64,.49014288,1,2
44700,2017,3,2,45-64,0,0,1
44700,2017,3,6,45-64,1,1,1
44700,2017,4,6,45-64,0,1,1
44700,2019,2,3,18-29,0,,1
44700,2019,2,7,18-29,0,,1
44700,2019,3,2,18-29,0,,3
44700,2019,3,3,18-29,0,,1
44700,2019,3,1,30-44,0,,1
44700,2019,3,2,30-44,0,,2
44700,2019,3,3,30-44,0,,4
44700,2019,3,6,30-44,0,,1
44700,2019,4,2,30-44,0,,1
44700,2019,4,3,30-44,0,,2
44700,2019,4,6,30-44,0,,1
44700,2019,4,7,30-44,0,,2
44700,2019,2,6,45-64,.33501083,,3
44700,2019,4,6,45-64,0,,1
44700,2021,1,2,30-44,0,,1
44700,2021,1,3,30-44,0,,1
44700,2021,2,2,30-44,0,,1
44700,2021,2,6,30-44,0,,2
44700,2021,3,2,30-44,0,,2
44700,2021,3,6,30-44,0,,1
44700,2021,4,6,30-44,0,,1
44700,2021,2,2,45-64,0,,1
44700,2021,2,3,45-64,0,,1
44700,2021,2,6,45-64,0,,1
44700,2021,2,7,45-64,0,,1
44700,2021,3,6,45-64,0,,3
44700,2021,3,7,45-64,0,,1
44700,2021,4,3,45-64,0,,1
44700,2021,4,6,45-64,1,,1
44700,2023,3,2,18-29,0,,1
44700,2023,2,1,30-44,,,0
44700,2023,3,2,30-44,0,,6
44700,2023,3,3,30-44,0,,1
44700,2023,3,6,30-44,0,,1
44700,2023,3,7,30-44,1,,1
44700,2023,4,2,30-44,0,,1
44700,2023,4,6,30-44,.23241271,,4
44700,2023,1,1,45-64,0,,1
44700,2023,1,2,45-64,0,,1
44700,2023,2,1,45-64,0,,1
44700,2023,2,2,45-64,0,,3
44700,2023,2,6,45-64,1,,1
44700,2023,2,7,45-64,1,,1
44700,2023,3,2,45-64,0,,2
44700,2023,3,6,45-64,1,,1
44700,2023,4,2,45-64,0,,1
44700,2023,4,6,45-64,0,,1
45060,2013,2,3,18-29,0,0,1
45060,2013,3,2,18-29,1,0,1
45060,2013,3,6,18-29,0,,1
45060,2013,4,1,18-29,0,1,1
45060,2013,4,6,18-29,0,.54399252,2
45060,2013,1,6,30-44,1,1,1
45060,2013,2,6,30-44,0,,1
45060,2013,3,1,30-44,0,0,1
45060,2013,3,6,30-44,0,0,4
45060,2013,4,1,30-44,0,0,1
45060,2013,4,3,30-44,0,0,1
45060,2013,4,6,30-44,.44661063,.21948288,5
45060,2013,2,1,45-64,0,0,1
45060,2013,2,6,45-64,.33592591,0,3
45060,2013,3,6,45-64,0,0,4
45060,2013,4,6,45-64,0,.4049238,5
45060,2015,1,2,18-29,0,,1
45060,2015,1,6,18-29,0,,1
45060,2015,2,6,18-29,0,0,1
45060,2015,3,1,18-29,0,1,1
45060,2015,3,6,18-29,.32919702,.67080301,3
45060,2015,2,6,30-44,.46377009,.46377009,2
45060,2015,3,2,30-44,0,,1
45060,2015,3,6,30-44,0,.76611614,4
45060,2015,3,7,30-44,0,1,1
45060,2015,4,3,30-44,0,0,1
45060,2015,4,6,30-44,0,.57815868,5
45060,2015,2,6,45-64,0,0,1
45060,2015,3,6,45-64,.34466979,0,3
45060,2015,4,1,45-64,0,1,1
45060,2015,4,6,45-64,.17780836,.36932334,5
45060,2017,2,6,18-29,0,0,1
45060,2017,3,1,18-29,0,1,1
45060,2017,3,6,18-29,0,.39473179,2
45060,2017,2,1,30-44,0,,1
45060,2017,2,6,30-44,1,0,1
45060,2017,3,6,30-44,.28175744,1,3
45060,2017,4,6,30-44,0,.78997207,5
45060,2017,1,6,45-64,0,0,1
45060,2017,2,6,45-64,0,0,2
45060,2017,3,1,45-64,0,0,1
45060,2017,3,3,45-64,0,0,1
45060,2017,3,6,45-64,0,.56975865,5
45060,2017,4,1,45-64,0,0,1
45060,2017,4,6,45-64,.19690862,.13947493,6
45060,2019,3,6,18-29,1,,1
45060,2019,4,6,18-29,0,,3
45060,2019,2,6,30-44,0,,1
45060,2019,3,6,30-44,0,,2
45060,2019,4,3,30-44,0,,1
45060,2019,4,6,30-44,0,,6
45060,2019,1,6,45-64,0,,1
45060,2019,2,4,45-64,0,,1
45060,2019,2,6,45-64,0,,1
45060,2019,3,1,45-64,0,,1
45060,2019,3,6,45-64,.21497153,,5
45060,2019,4,6,45-64,0,,1
45060,2021,4,6,18-29,0,,1
45060,2021,1,6,30-44,0,,1
45060,2021,2,6,30-44,0,,1
45060,2021,3,6,30-44,0,,1
45060,2021,4,6,30-44,0,,2
45060,2021,2,6,45-64,0,,1
45060,2021,3,6,45-64,.35582328,,3
45060,2021,3,7,45-64,0,,1
45060,2021,4,6,45-64,.26868895,,8
45060,2023,4,2,18-29,0,,1
45060,2023,3,6,30-44,0,,2
45060,2023,4,6,30-44,0,,1
45060,2023,2,6,45-64,0,,3
45060,2023,3,6,45-64,0,,6
45060,2023,4,3,45-64,0,,2
45060,2023,4,6,45-64,0,,1
45220,2013,1,1,18-29,0,0,1
45220,2013,2,6,18-29,0,0,1
45220,2013,3,2,18-29,0,0,1
45220,2013,4,1,18-29,0,1,1
45220,2013,4,3,18-29,0,1,1
45220,2013,4,6,18-29,0,1,1
45220,2013,3,1,30-44,0,1,1
45220,2013,4,6,30-44,0,1,1
45220,2013,2,6,45-64,0,0,2
45220,2013,3,6,45-64,.19561784,.41380447,5
45220,2013,4,6,45-64,0,.33745909,3
45220,2015,2,1,18-29,0,,2
45220,2015,3,7,18-29,0,1,1
45220,2015,4,1,18-29,0,0,1
45220,2015,2,1,30-44,0,1,1
45220,2015,3,1,30-44,0,,1
45220,2015,3,6,30-44,0,1,1
45220,2015,2,1,45-64,0,0,1
45220,2015,3,6,45-64,.44363672,.55636328,2
45220,2015,4,2,45-64,0,0,1
45220,2015,4,6,45-64,.24233569,.48360506,4
45220,2017,2,6,18-29,0,,1
45220,2017,3,6,18-29,0,1,2
45220,2017,2,6,30-44,.47843805,0,2
45220,2017,3,1,30-44,0,0,1
45220,2017,3,2,30-44,0,1,1
45220,2017,3,6,30-44,0,1,1
45220,2017,4,1,30-44,0,1,1
45220,2017,4,4,30-44,1,1,1
45220,2017,4,6,30-44,0,1,2
45220,2017,2,6,45-64,1,0,1
45220,2017,3,6,45-64,0,0,1
45220,2017,4,6,45-64,0,.63404262,3
45220,2019,2,6,18-29,1,,1
45220,2019,3,1,18-29,0,,2
45220,2019,4,1,18-29,0,,1
45220,2019,4,2,18-29,0,,1
45220,2019,3,1,30-44,0,,1
45220,2019,3,6,30-44,0,,2
45220,2019,4,6,30-44,0,,4
45220,2019,2,6,45-64,1,,2
45220,2019,2,7,45-64,0,,1
45220,2019,3,6,45-64,0,,1
45220,2019,4,1,45-64,0,,1
45220,2019,4,2,45-64,0,,2
45220,2019,4,3,45-64,0,,2
45220,2021,3,6,18-29,0,,1
45220,2021,4,2,18-29,0,,1
45220,2021,4,6,18-29,0,,1
45220,2021,2,1,30-44,0,,1
45220,2021,3,1,30-44,0,,1
45220,2021,1,1,45-64,0,,1
45220,2021,1,2,45-64,1,,1
45220,2021,2,6,45-64,0,,3
45220,2021,4,6,45-64,0,,2
45220,2023,1,2,30-44,0,,1
45220,2023,2,6,30-44,0,,1
45220,2023,3,1,30-44,0,,2
45220,2023,4,1,30-44,0,,1
45220,2023,4,3,30-44,0,,1
45220,2023,4,6,30-44,0,,2
45220,2023,4,1,45-64,0,,1
45220,2023,4,6,45-64,0,,2
45300,2013,1,6,18-29,0,0,3
45300,2013,2,2,18-29,0,0,3
45300,2013,2,6,18-29,0,0,4
45300,2013,3,1,18-29,0,1,2
45300,2013,3,2,18-29,0,1,2
45300,2013,3,6,18-29,0,.19710146,6
45300,2013,4,1,18-29,0,1,1
45300,2013,4,2,18-29,0,1,1
45300,2013,4,6,18-29,0,.74470055,4
45300,2013,1,2,30-44,0,0,1
45300,2013,2,1,30-44,0,1,1
45300,2013,2,2,30-44,0,0,1
45300,2013,2,3,30-44,1,0,1
45300,2013,2,6,30-44,.26149794,.4417347,11
45300,2013,3,1,30-44,0,0,3
45300,2013,3,2,30-44,0,.63676256,4
45300,2013,3,6,30-44,.20944168,.24985056,11
45300,2013,4,1,30-44,0,1,1
45300,2013,4,2,30-44,0,.55533004,2
45300,2013,4,6,30-44,.064934179,.54548669,16
45300,2013,1,1,45-64,0,0,2
45300,2013,1,6,45-64,0,0,1
45300,2013,2,1,45-64,0,0,4
45300,2013,2,6,45-64,.26921463,0,11
45300,2013,3,1,45-64,0,0,3
45300,2013,3,2,45-64,0,.64340854,2
45300,2013,3,6,45-64,.32344761,.2556991,19
45300,2013,3,7,45-64,0,0,1
45300,2013,4,2,45-64,0,0,4
45300,2013,4,6,45-64,.0481718,.2583268,22
45300,2015,1,1,18-29,0,1,1
45300,2015,1,2,18-29,.46787947,1,2
45300,2015,1,6,18-29,0,0,1
45300,2015,2,2,18-29,0,0,1
45300,2015,2,6,18-29,0,.18520616,6
45300,2015,3,2,18-29,0,0,1
45300,2015,3,3,18-29,0,0,1
45300,2015,3,6,18-29,0,0,1
45300,2015,4,2,18-29,0,1,1
45300,2015,4,6,18-29,0,.8604998,6
45300,2015,1,1,30-44,0,0,1
45300,2015,1,2,30-44,0,.48530668,2
45300,2015,1,6,30-44,0,0,1
45300,2015,2,1,30-44,0,0,1
45300,2015,2,2,30-44,.20819056,1,5
45300,2015,2,3,30-44,0,0,1
45300,2015,2,6,30-44,.089844808,.68394405,10
45300,2015,3,1,30-44,0,0,2
45300,2015,3,2,30-44,0,0,2
45300,2015,3,6,30-44,0,.35248137,10
45300,2015,4,2,30-44,0,0,1
45300,2015,4,6,30-44,.084163651,.58120412,12
45300,2015,1,2,45-64,0,0,1
45300,2015,1,3,45-64,0,0,1
45300,2015,1,6,45-64,0,0,4
45300,2015,2,1,45-64,0,.38067532,3
45300,2015,2,2,45-64,0,.77748358,4
45300,2015,2,6,45-64,.2040085,.118861,9
45300,2015,3,2,45-64,0,0,3
45300,2015,3,6,45-64,.14159013,.37568951,22
45300,2015,4,1,45-64,0,.48856196,2
45300,2015,4,2,45-64,0,.60560125,5
45300,2015,4,6,45-64,0,.22671618,13
45300,2017,1,6,18-29,,0,0
45300,2017,2,1,18-29,0,0,1
45300,2017,2,6,18-29,0,.53843462,2
45300,2017,3,1,18-29,0,0,1
45300,2017,3,2,18-29,.33711132,.55208153,4
45300,2017,3,6,18-29,0,.76710457,4
45300,2017,4,2,18-29,0,.74494612,4
45300,2017,4,6,18-29,0,.69289255,7
45300,2017,1,2,30-44,0,.55067694,3
45300,2017,2,1,30-44,0,.3828145,4
45300,2017,2,2,30-44,1,1,2
45300,2017,2,6,30-44,.21878727,.58621943,5
45300,2017,3,1,30-44,0,0,1
45300,2017,3,2,30-44,1,1,1
45300,2017,3,6,30-44,0,.31712919,6
45300,2017,4,1,30-44,0,0,1
45300,2017,4,2,30-44,.28469157,.73546004,4
45300,2017,4,3,30-44,0,.31641459,4
45300,2017,4,6,30-44,.090638496,.5161069,19
45300,2017,1,6,45-64,0,,2
45300,2017,2,1,45-64,1,,1
45300,2017,2,2,45-64,0,.487955,5
45300,2017,2,6,45-64,.12967469,.23725711,15
45300,2017,3,1,45-64,0,0,1
45300,2017,3,2,45-64,0,.36261547,3
45300,2017,3,6,45-64,.10861903,.43470681,20
45300,2017,4,2,45-64,0,.61836809,4
45300,2017,4,3,45-64,0,0,1
45300,2017,4,6,45-64,.27352217,.21837154,14
45300,2019,1,2,18-29,0,,1
45300,2019,2,2,18-29,0,,2
45300,2019,2,6,18-29,0,,2
45300,2019,3,2,18-29,0,,3
45300,2019,3,6,18-29,0,,2
45300,2019,4,1,18-29,0,,2
45300,2019,4,2,18-29,.57109863,,2
45300,2019,4,6,18-29,0,,3
45300,2019,1,1,30-44,0,,1
45300,2019,1,2,30-44,0,,1
45300,2019,2,2,30-44,0,,4
45300,2019,2,6,30-44,.1383398,,8
45300,2019,3,1,30-44,0,,2
45300,2019,3,2,30-44,0,,4
45300,2019,3,6,30-44,0,,8
45300,2019,4,1,30-44,0,,1
45300,2019,4,2,30-44,0,,5
45300,2019,4,3,30-44,0,,2
45300,2019,4,5,30-44,0,,1
45300,2019,4,6,30-44,0,,13
45300,2019,1,1,45-64,0,,1
45300,2019,1,3,45-64,0,,1
45300,2019,1,6,45-64,0,,2
45300,2019,2,1,45-64,0,,2
45300,2019,2,2,45-64,0,,2
45300,2019,2,6,45-64,.1777491,,11
45300,2019,3,2,45-64,0,,1
45300,2019,3,6,45-64,.33241171,,12
45300,2019,4,1,45-64,0,,2
45300,2019,4,2,45-64,.16429092,,6
45300,2019,4,3,45-64,0,,2
45300,2019,4,6,45-64,.12322406,,18
45300,2021,2,1,18-29,0,,1
45300,2021,3,1,18-29,0,,2
45300,2021,3,2,18-29,1,,1
45300,2021,3,6,18-29,0,,4
45300,2021,4,3,18-29,0,,1
45300,2021,4,6,18-29,0,,8
45300,2021,1,2,30-44,0,,1
45300,2021,2,2,30-44,0,,4
45300,2021,2,6,30-44,0,,5
45300,2021,3,1,30-44,0,,1
45300,2021,3,2,30-44,0,,1
45300,2021,3,3,30-44,0,,1
45300,2021,3,6,30-44,0,,5
45300,2021,4,1,30-44,0,,1
45300,2021,4,2,30-44,0,,5
45300,2021,4,3,30-44,0,,1
45300,2021,4,6,30-44,.16228475,,12
45300,2021,4,7,30-44,0,,1
45300,2021,2,1,45-64,1,,1
45300,2021,2,2,45-64,0,,8
45300,2021,2,6,45-64,0,,5
45300,2021,3,1,45-64,0,,1
45300,2021,3,2,45-64,0,,1
45300,2021,3,6,45-64,.10223611,,12
45300,2021,4,2,45-64,.37795311,,2
45300,2021,4,3,45-64,0,,2
45300,2021,4,6,45-64,.26684403,,20
45300,2023,1,6,18-29,1,,1
45300,2023,2,2,18-29,0,,1
45300,2023,2,5,18-29,0,,1
45300,2023,2,6,18-29,0,,1
45300,2023,3,1,18-29,1,,1
45300,2023,3,6,18-29,0,,3
45300,2023,4,6,18-29,0,,3
45300,2023,1,2,30-44,0,,1
45300,2023,2,1,30-44,0,,1
45300,2023,2,2,30-44,0,,1
45300,2023,2,6,30-44,0,,6
45300,2023,3,1,30-44,0,,3
45300,2023,3,2,30-44,.57747698,,4
45300,2023,3,3,30-44,0,,1
45300,2023,3,6,30-44,.24699955,,8
45300,2023,3,7,30-44,0,,1
45300,2023,4,1,30-44,0,,4
45300,2023,4,2,30-44,0,,3
45300,2023,4,3,30-44,0,,2
45300,2023,4,6,30-44,.12265617,,19
45300,2023,1,2,45-64,.51741308,,2
45300,2023,1,6,45-64,0,,2
45300,2023,2,1,45-64,0,,1
45300,2023,2,2,45-64,0,,3
45300,2023,2,6,45-64,.082168728,,11
45300,2023,3,1,45-64,0,,1
45300,2023,3,2,45-64,0,,4
45300,2023,3,6,45-64,.19231619,,16
45300,2023,4,1,45-64,1,,1
45300,2023,4,2,45-64,0,,5
45300,2023,4,3,45-64,0,,1
45300,2023,4,6,45-64,.075037494,,14
45300,2023,4,7,45-64,1,,1
45460,2015,1,6,18-29,0,0,1
45460,2015,2,6,18-29,0,0,1
45460,2015,2,6,30-44,0,0,2
45460,2015,3,6,30-44,0,0,1
45460,2015,2,6,45-64,0,0,3
45460,2015,3,6,45-64,0,0,3
45460,2015,4,6,45-64,0,0,1
45460,2017,2,6,18-29,0,.24613036,5
45460,2017,3,6,18-29,0,1,1
45460,2017,4,6,30-44,0,0,1
45460,2017,2,1,45-64,0,0,1
45460,2017,2,6,45-64,0,1,1
45460,2017,3,6,45-64,1,0,1
45460,2019,2,6,18-29,0,,1
45460,2019,3,6,18-29,.45621842,,2
45460,2019,3,6,30-44,0,,2
45460,2019,4,6,30-44,0,,4
45460,2019,2,6,45-64,0,,5
45460,2019,3,6,45-64,0,,1
45460,2019,4,6,45-64,.32005298,,3
45460,2021,1,6,18-29,0,,1
45460,2021,2,1,18-29,1,,1
45460,2021,2,1,30-44,0,,1
45460,2021,3,6,30-44,0,,1
45460,2021,4,2,30-44,0,,1
45460,2021,1,6,45-64,0,,1
45460,2021,3,6,45-64,0,,1
45460,2023,2,6,30-44,0,,1
45460,2023,3,6,30-44,0,,1
45460,2023,4,2,30-44,0,,1
45460,2023,4,6,30-44,0,,1
45460,2023,2,6,45-64,.51299214,,2
45460,2023,3,6,45-64,0,,1
45780,2013,1,6,18-29,0,,1
45780,2013,2,6,18-29,0,.70366579,4
45780,2013,4,6,18-29,0,.46897224,4
45780,2013,1,3,30-44,0,0,1
45780,2013,2,6,30-44,0,1,2
45780,2013,3,1,30-44,0,0,1
45780,2013,3,6,30-44,.36623856,0,3
45780,2013,4,2,30-44,0,1,2
45780,2013,4,6,30-44,.10869236,.28875136,10
45780,2013,1,6,45-64,0,0,2
45780,2013,2,1,45-64,0,0,1
45780,2013,2,6,45-64,0,0,3
45780,2013,3,2,45-64,0,,1
45780,2013,3,6,45-64,.48524633,0,4
45780,2013,4,6,45-64,0,.50877386,4
45780,2015,2,1,18-29,0,,1
45780,2015,2,6,18-29,0,1,2
45780,2015,3,1,18-29,0,1,1
45780,2015,3,2,18-29,0,0,1
45780,2015,3,6,18-29,0,.66250885,3
45780,2015,4,3,18-29,0,0,1
45780,2015,4,6,18-29,0,0,1
45780,2015,1,2,30-44,0,0,1
45780,2015,2,6,30-44,0,0,1
45780,2015,3,1,30-44,0,1,2
45780,2015,4,6,30-44,.18945453,.81054544,5
45780,2015,2,1,45-64,0,0,1
45780,2015,2,6,45-64,0,.51747853,2
45780,2015,3,2,45-64,0,0,1
45780,2015,3,6,45-64,0,0,5
45780,2015,4,6,45-64,0,0,2
45780,2017,2,7,18-29,0,0,1
45780,2017,4,6,18-29,0,.54190993,2
45780,2017,2,1,30-44,1,,1
45780,2017,3,1,30-44,0,0,2
45780,2017,3,6,30-44,0,,2
45780,2017,4,6,30-44,0,.35718364,2
45780,2017,1,2,45-64,0,0,1
45780,2017,2,6,45-64,0,0,1
45780,2017,4,6,45-64,.26477626,.73522371,3
45780,2019,3,7,18-29,0,,1
45780,2019,4,6,18-29,0,,2
45780,2019,2,6,30-44,0,,3
45780,2019,3,6,30-44,0,,1
45780,2019,4,6,30-44,0,,2
45780,2019,2,6,45-64,0,,3
45780,2019,3,6,45-64,0,,3
45780,2019,4,1,45-64,0,,1
45780,2019,4,6,45-64,0,,1
45780,2021,3,2,18-29,0,,1
45780,2021,3,6,18-29,0,,4
45780,2021,4,1,18-29,0,,1
45780,2021,1,6,30-44,0,,1
45780,2021,2,6,30-44,0,,2
45780,2021,3,1,30-44,0,,1
45780,2021,3,6,30-44,.49664441,,2
45780,2021,4,6,30-44,0,,7
45780,2021,2,6,45-64,0,,1
45780,2021,3,2,45-64,0,,1
45780,2021,4,6,45-64,0,,1
45780,2023,2,7,18-29,0,,1
45780,2023,3,6,18-29,0,,1
45780,2023,2,6,30-44,0,,1
45780,2023,3,6,30-44,.33972296,,3
45780,2023,4,6,30-44,0,,8
45780,2023,2,6,45-64,0,,2
45780,2023,3,2,45-64,0,,1
45780,2023,3,6,45-64,0,,2
45780,2023,4,3,45-64,0,,1
45780,2023,4,6,45-64,0,,4
45820,2013,3,2,18-29,0,0,1
45820,2013,3,4,18-29,0,0,1
45820,2013,3,6,18-29,0,1,1
45820,2013,4,6,18-29,0,.63220942,3
45820,2013,2,6,30-44,.32712638,.32712638,3
45820,2013,3,1,30-44,0,0,1
45820,2013,3,6,30-44,0,0,3
45820,2013,3,7,30-44,0,0,1
45820,2013,4,6,30-44,0,.71018213,3
45820,2013,2,1,45-64,0,0,1
45820,2013,2,6,45-64,.14555375,0,7
45820,2013,3,6,45-64,.24315952,.25573036,4
45820,2013,4,6,45-64,0,0,4
45820,2015,3,6,18-29,0,1,1
45820,2015,1,6,30-44,0,0,2
45820,2015,2,1,30-44,0,0,1
45820,2015,2,2,30-44,0,0,1
45820,2015,2,6,30-44,0,0,1
45820,2015,3,6,30-44,.18946643,.25721312,5
45820,2015,4,6,30-44,0,0,1
45820,2015,2,6,45-64,0,0,1
45820,2015,3,6,45-64,0,0,2
45820,2015,4,6,45-64,0,.53055984,4
45820,2017,2,2,18-29,0,0,1
45820,2017,3,1,18-29,0,0,1
45820,2017,3,6,18-29,0,0,1
45820,2017,2,6,30-44,0,,1
45820,2017,2,6,45-64,0,0,1
45820,2017,3,6,45-64,0,0,1
45820,2017,4,2,45-64,0,0,1
45820,2017,4,6,45-64,0,0,1
45820,2019,2,2,18-29,0,,1
45820,2019,3,6,18-29,0,,1
45820,2019,2,6,30-44,0,,1
45820,2019,3,1,30-44,0,,1
45820,2019,3,6,30-44,0,,1
45820,2019,4,6,30-44,0,,3
45820,2019,2,6,45-64,0,,1
45820,2019,3,6,45-64,0,,1
45820,2019,4,6,45-64,0,,1
45820,2021,2,6,18-29,0,,1
45820,2021,2,1,45-64,0,,1
45820,2021,4,6,45-64,0,,1
45820,2023,4,6,18-29,0,,1
45820,2023,4,6,30-44,0,,1
45820,2023,2,6,45-64,0,,1
45820,2023,4,6,45-64,0,,1
45940,2013,2,6,18-29,0,1,1
45940,2013,1,2,30-44,0,0,1
45940,2013,2,2,30-44,0,1,1
45940,2013,2,6,30-44,0,1,1
45940,2013,3,2,30-44,0,0,1
45940,2013,4,6,30-44,0,0,1
45940,2013,1,2,45-64,0,0,1
45940,2013,2,1,45-64,0,0,1
45940,2013,2,2,45-64,0,,1
45940,2013,2,6,45-64,0,.52150428,2
45940,2013,3,1,45-64,0,.47421712,2
45940,2013,3,6,45-64,0,.72085232,3
45940,2013,4,2,45-64,0,0,1
45940,2013,4,3,45-64,0,0,1
45940,2015,1,2,18-29,0,0,1
45940,2015,2,2,30-44,0,0,1
45940,2015,2,6,30-44,0,1,1
45940,2015,3,6,30-44,.41839573,.26957914,3
45940,2015,4,3,30-44,0,.5,2
45940,2015,4,6,30-44,0,1,4
45940,2015,2,2,45-64,.47521979,0,2
45940,2015,3,6,45-64,.5298996,.5298996,2
45940,2015,4,6,45-64,0,.45911658,4
45940,2017,2,1,18-29,0,,1
45940,2017,3,1,30-44,0,.5002237,2
45940,2017,3,2,30-44,0,0,1
45940,2017,4,1,30-44,0,0,1
45940,2017,4,6,30-44,0,1,1
45940,2017,3,6,45-64,0,0,1
45940,2017,4,1,45-64,0,0,1
45940,2017,4,3,45-64,0,1,1
45940,2017,4,6,45-64,0,.23512788,4
45940,2019,1,6,18-29,0,,1
45940,2019,2,2,18-29,0,,1
45940,2019,4,6,18-29,0,,1
45940,2019,3,2,30-44,1,,1
45940,2019,3,6,30-44,0,,1
45940,2019,4,3,30-44,0,,1
45940,2019,4,6,30-44,.22692332,,5
45940,2019,3,6,45-64,0,,1
45940,2019,4,6,45-64,0,,1
45940,2021,3,6,18-29,0,,1
45940,2021,2,1,30-44,0,,1
45940,2021,2,2,30-44,0,,1
45940,2021,2,6,30-44,0,,1
45940,2021,3,1,30-44,0,,1
45940,2021,3,2,30-44,0,,1
45940,2021,4,3,30-44,0,,2
45940,2021,4,6,30-44,0,,2
45940,2021,2,2,45-64,0,,1
45940,2021,2,6,45-64,0,,1
45940,2021,3,1,45-64,0,,1
45940,2021,4,3,45-64,0,,2
45940,2023,4,3,18-29,0,,1
45940,2023,4,6,18-29,0,,1
45940,2023,3,1,30-44,0,,1
45940,2023,3,6,30-44,0,,1
45940,2023,4,6,30-44,0,,5
45940,2023,2,2,45-64,1,,1
45940,2023,2,6,45-64,0,,1
45940,2023,3,6,45-64,0,,2
45940,2023,4,3,45-64,0,,5
45940,2023,4,6,45-64,0,,2
45940,2023,4,7,45-64,0,,1
46060,2013,1,2,18-29,0,0,1
46060,2013,2,6,18-29,0,0,1
46060,2013,3,2,18-29,0,.53182614,2
46060,2013,3,6,18-29,0,0,1
46060,2013,1,5,30-44,0,0,1
46060,2013,2,2,30-44,0,.13211116,6
46060,2013,2,6,30-44,0,1,2
46060,2013,3,2,30-44,.51048571,0,2
46060,2013,3,6,30-44,.33283767,.66269153,3
46060,2013,4,2,30-44,0,0,1
46060,2013,4,3,30-44,0,1,1
46060,2013,4,6,30-44,0,.46862394,4
46060,2013,1,2,45-64,0,.57469398,2
46060,2013,1,4,45-64,0,,1
46060,2013,1,7,45-64,1,0,1
46060,2013,2,2,45-64,0,0,2
46060,2013,2,6,45-64,1,0,1
46060,2013,3,1,45-64,0,1,1
46060,2013,3,2,45-64,0,0,1
46060,2013,3,5,45-64,0,0,1
46060,2013,3,6,45-64,0,.14296232,7
46060,2013,4,6,45-64,.12558815,.33034909,10
46060,2015,1,6,18-29,0,0,1
46060,2015,2,2,18-29,0,.5901913,2
46060,2015,2,6,18-29,0,1,1
46060,2015,2,7,18-29,0,1,1
46060,2015,3,2,18-29,0,1,2
46060,2015,4,6,18-29,0,1,3
46060,2015,1,2,30-44,1,,1
46060,2015,2,2,30-44,0,1,1
46060,2015,2,6,30-44,0,.47184214,2
46060,2015,3,2,30-44,0,0,1
46060,2015,3,5,30-44,0,1,1
46060,2015,3,6,30-44,.19500396,.36407411,5
46060,2015,4,1,30-44,0,0,1
46060,2015,4,6,30-44,.10724463,.40785953,8
46060,2015,1,2,45-64,1,0,1
46060,2015,2,2,45-64,0,0,1
46060,2015,3,2,45-64,0,.41773397,4
46060,2015,3,6,45-64,.18549708,0,6
46060,2015,4,2,45-64,0,.22715418,4
46060,2015,4,6,45-64,.28206724,0,7
46060,2017,1,2,18-29,0,1,1
46060,2017,1,6,18-29,0,1,1
46060,2017,3,1,18-29,0,0,1
46060,2017,3,2,18-29,0,1,1
46060,2017,4,6,18-29,0,1,1
46060,2017,2,2,30-44,0,1,2
46060,2017,2,6,30-44,0,1,1
46060,2017,3,1,30-44,0,0,1
46060,2017,3,2,30-44,0,1,1
46060,2017,3,6,30-44,0,1,2
46060,2017,4,6,30-44,.21171966,.6425308,6
46060,2017,1,2,45-64,1,0,1
46060,2017,2,6,45-64,.4152042,0,2
46060,2017,3,2,45-64,0,1,2
46060,2017,3,6,45-64,.30600515,.69399482,3
46060,2017,4,2,45-64,0,1,1
46060,2017,4,6,45-64,.2973592,.44658059,7
46060,2019,1,2,18-29,0,,1
46060,2019,2,2,18-29,0,,2
46060,2019,2,6,18-29,0,,1
46060,2019,3,6,18-29,0,,1
46060,2019,4,1,18-29,0,,1
46060,2019,4,2,18-29,0,,1
46060,2019,4,6,18-29,0,,4
46060,2019,1,2,30-44,0,,1
46060,2019,2,2,30-44,0,,1
46060,2019,3,1,30-44,0,,1
46060,2019,3,2,30-44,.17699383,,5
46060,2019,3,4,30-44,0,,1
46060,2019,3,6,30-44,.22401732,,7
46060,2019,3,7,30-44,0,,1
46060,2019,4,2,30-44,0,,3
46060,2019,4,6,30-44,0,,2
46060,2019,1,2,45-64,.4319818,,2
46060,2019,2,2,45-64,0,,2
46060,2019,2,6,45-64,0,,1
46060,2019,3,2,45-64,0,,1
46060,2019,3,6,45-64,0,,3
46060,2019,4,6,45-64,0,,4
46060,2021,1,2,18-29,0,,1
46060,2021,2,2,18-29,0,,1
46060,2021,2,4,18-29,0,,1
46060,2021,3,2,18-29,.18235555,,5
46060,2021,3,6,18-29,.17530924,,4
46060,2021,4,6,18-29,0,,1
46060,2021,2,2,30-44,0,,1
46060,2021,2,6,30-44,0,,1
46060,2021,3,2,30-44,0,,3
46060,2021,3,6,30-44,0,,3
46060,2021,4,2,30-44,0,,3
46060,2021,4,3,30-44,0,,1
46060,2021,4,6,30-44,0,,4
46060,2021,2,2,45-64,0,,1
46060,2021,2,6,45-64,1,,1
46060,2021,3,2,45-64,.31569192,,4
46060,2021,3,4,45-64,0,,2
46060,2021,3,6,45-64,0,,5
46060,2021,4,2,45-64,0,,4
46060,2021,4,6,45-64,.30135739,,4
46060,2023,2,2,18-29,0,,1
46060,2023,3,2,18-29,0,,1
46060,2023,3,6,18-29,0,,1
46060,2023,4,2,18-29,0,,1
46060,2023,4,3,18-29,0,,1
46060,2023,4,6,18-29,0,,4
46060,2023,2,4,30-44,0,,1
46060,2023,3,2,30-44,0,,1
46060,2023,3,6,30-44,0,,2
46060,2023,4,2,30-44,0,,2
46060,2023,4,6,30-44,.32763204,,4
46060,2023,4,7,30-44,0,,1
46060,2023,2,1,45-64,0,,1
46060,2023,2,2,45-64,0,,2
46060,2023,2,6,45-64,0,,2
46060,2023,3,2,45-64,.53715664,,2
46060,2023,3,6,45-64,.20316279,,3
46060,2023,4,2,45-64,.52072066,,2
46060,2023,4,6,45-64,.31799415,,3
46140,2013,1,1,18-29,0,0,1
46140,2013,2,1,18-29,0,0,1
46140,2013,2,2,18-29,0,0,3
46140,2013,2,4,18-29,0,,1
46140,2013,2,6,18-29,0,,1
46140,2013,3,4,18-29,0,.55152112,2
46140,2013,3,6,18-29,0,.48741871,3
46140,2013,4,2,18-29,0,1,2
46140,2013,4,3,18-29,0,1,1
46140,2013,4,6,18-29,0,.58272648,5
46140,2013,4,7,18-29,0,1,1
46140,2013,1,2,30-44,0,0,1
46140,2013,1,6,30-44,0,0,1
46140,2013,2,1,30-44,.47364789,,2
46140,2013,2,6,30-44,0,.41166237,8
46140,2013,2,7,30-44,0,0,1
46140,2013,3,4,30-44,0,.26695716,2
46140,2013,3,6,30-44,0,.68867284,6
46140,2013,3,7,30-44,0,1,1
46140,2013,4,1,30-44,0,0,1
46140,2013,4,2,30-44,0,1,1
46140,2013,4,3,30-44,0,1,1
46140,2013,4,6,30-44,0,.31729284,8
46140,2013,1,6,45-64,0,,2
46140,2013,2,1,45-64,0,0,1
46140,2013,2,6,45-64,.18103975,0,5
46140,2013,3,6,45-64,0,0,3
46140,2013,4,1,45-64,0,0,1
46140,2013,4,6,45-64,.44966307,.46421391,14
46140,2013,4,7,45-64,0,0,1
46140,2015,1,2,18-29,0,,1
46140,2015,1,6,18-29,0,,1
46140,2015,2,5,18-29,0,,1
46140,2015,2,6,18-29,0,1,2
46140,2015,2,7,18-29,0,1,1
46140,2015,3,1,18-29,0,1,1
46140,2015,3,6,18-29,0,1,3
46140,2015,4,6,18-29,0,1,5
46140,2015,4,7,18-29,0,1,1
46140,2015,1,2,30-44,.25928539,.64593387,3
46140,2015,1,6,30-44,0,0,3
46140,2015,2,4,30-44,0,0,2
46140,2015,2,6,30-44,0,.76677012,4
46140,2015,2,7,30-44,0,1,1
46140,2015,3,6,30-44,.13041991,.54516256,8
46140,2015,4,1,30-44,0,1,2
46140,2015,4,4,30-44,0,1,1
46140,2015,4,6,30-44,.11318109,.82996476,10
46140,2015,1,6,45-64,.39668703,.60331297,3
46140,2015,1,7,45-64,0,0,1
46140,2015,2,1,45-64,0,0,1
46140,2015,2,4,45-64,0,0,1
46140,2015,2,6,45-64,.1557949,.14065441,8
46140,2015,3,2,45-64,0,0,1
46140,2015,3,4,45-64,0,.50137937,2
46140,2015,3,6,45-64,.1346696,.18708254,5
46140,2015,4,1,45-64,0,0,1
46140,2015,4,3,45-64,0,1,1
46140,2015,4,4,45-64,0,.4475947,2
46140,2015,4,6,45-64,.24427372,.58604497,7
46140,2017,2,2,18-29,0,0,1
46140,2017,2,4,18-29,0,1,2
46140,2017,2,6,18-29,0,.3675445,3
46140,2017,3,2,18-29,0,1,1
46140,2017,3,4,18-29,0,1,1
46140,2017,3,6,18-29,0,.87134379,7
46140,2017,4,2,18-29,0,1,2
46140,2017,4,6,18-29,.32673398,.7779662,4
46140,2017,1,2,30-44,0,,1
46140,2017,2,1,30-44,0,,1
46140,2017,2,2,30-44,0,,1
46140,2017,2,4,30-44,0,1,1
46140,2017,2,6,30-44,0,.29787529,6
46140,2017,3,1,30-44,0,.53079975,2
46140,2017,3,4,30-44,0,0,1
46140,2017,3,6,30-44,.33823535,.3759709,5
46140,2017,4,6,30-44,.17696536,.79245991,10
46140,2017,4,7,30-44,0,1,1
46140,2017,1,2,45-64,0,0,1
46140,2017,1,6,45-64,0,.47196895,4
46140,2017,2,2,45-64,0,1,1
46140,2017,2,4,45-64,0,.56340402,2
46140,2017,2,6,45-64,.19351204,.17246591,12
46140,2017,2,7,45-64,0,1,1
46140,2017,3,4,45-64,0,1,1
46140,2017,3,6,45-64,.24976029,0,8
46140,2017,3,7,45-64,0,0,1
46140,2017,4,2,45-64,0,1,1
46140,2017,4,6,45-64,.18039007,.59719306,12
46140,2017,4,7,45-64,0,1,1
46140,2019,1,2,18-29,0,,1
46140,2019,2,3,18-29,0,,1
46140,2019,2,6,18-29,0,,1
46140,2019,3,1,18-29,0,,1
46140,2019,3,2,18-29,0,,1
46140,2019,3,6,18-29,0,,1
46140,2019,4,6,18-29,0,,3
46140,2019,1,6,30-44,0,,1
46140,2019,2,2,30-44,0,,2
46140,2019,2,6,30-44,0,,1
46140,2019,2,7,30-44,1,,1
46140,2019,3,2,30-44,0,,1
46140,2019,3,4,30-44,0,,4
46140,2019,3,6,30-44,.15086022,,8
46140,2019,3,7,30-44,0,,1
46140,2019,4,1,30-44,0,,2
46140,2019,4,4,30-44,0,,2
46140,2019,4,6,30-44,0,,12
46140,2019,1,2,45-64,0,,1
46140,2019,1,6,45-64,1,,1
46140,2019,2,2,45-64,0,,1
46140,2019,2,3,45-64,0,,1
46140,2019,2,4,45-64,0,,2
46140,2019,2,6,45-64,0,,6
46140,2019,3,1,45-64,0,,1
46140,2019,3,4,45-64,0,,1
46140,2019,3,6,45-64,.26219007,,7
46140,2019,4,2,45-64,0,,1
46140,2019,4,6,45-64,.42030835,,7
46140,2019,4,7,45-64,0,,2
46140,2021,2,2,18-29,0,,1
46140,2021,2,6,18-29,0,,2
46140,2021,3,2,18-29,0,,1
46140,2021,3,6,18-29,0,,2
46140,2021,3,7,18-29,0,,1
46140,2021,4,7,18-29,0,,1
46140,2021,1,2,30-44,0,,1
46140,2021,2,2,30-44,0,,3
46140,2021,2,4,30-44,0,,1
46140,2021,2,6,30-44,.34264109,,3
46140,2021,3,1,30-44,0,,2
46140,2021,3,2,30-44,1,,1
46140,2021,3,4,30-44,0,,1
46140,2021,3,5,30-44,0,,1
46140,2021,3,7,30-44,0,,1
46140,2021,4,1,30-44,0,,1
46140,2021,4,6,30-44,0,,5
46140,2021,2,1,45-64,0,,1
46140,2021,2,4,45-64,1,,1
46140,2021,2,6,45-64,0,,2
46140,2021,3,1,45-64,0,,1
46140,2021,3,3,45-64,0,,1
46140,2021,3,4,45-64,0,,1
46140,2021,3,6,45-64,0,,4
46140,2021,3,7,45-64,1,,1
46140,2021,4,2,45-64,0,,1
46140,2021,4,3,45-64,0,,1
46140,2021,4,6,45-64,.23102559,,4
46140,2023,1,7,18-29,0,,1
46140,2023,2,6,18-29,.54057509,,4
46140,2023,3,7,18-29,0,,1
46140,2023,2,1,30-44,0,,2
46140,2023,2,4,30-44,0,,1
46140,2023,2,6,30-44,0,,2
46140,2023,4,1,30-44,0,,1
46140,2023,4,2,30-44,0,,2
46140,2023,4,3,30-44,1,,1
46140,2023,4,4,30-44,0,,2
46140,2023,4,5,30-44,0,,1
46140,2023,4,6,30-44,0,,4
46140,2023,4,7,30-44,0,,2
46140,2023,1,2,45-64,.61733651,,2
46140,2023,2,4,45-64,0,,1
46140,2023,2,6,45-64,.58311194,,3
46140,2023,2,7,45-64,0,,1
46140,2023,3,1,45-64,0,,1
46140,2023,3,6,45-64,.14400762,,7
46140,2023,4,2,45-64,0,,1
46140,2023,4,4,45-64,0,,2
46140,2023,4,6,45-64,.14134464,,5
46220,2013,2,6,18-29,0,0,1
46220,2013,3,6,18-29,0,0,1
46220,2013,4,1,30-44,0,0,1
46220,2013,4,6,30-44,.55662471,0,2
46220,2013,4,1,45-64,0,0,1
46340,2015,2,6,18-29,0,1,1
46340,2015,4,6,18-29,0,1,1
46340,2015,1,6,30-44,0,1,1
46340,2015,2,6,30-44,1,0,1
46340,2015,3,6,30-44,0,0,1
46340,2015,4,6,30-44,0,1,1
46340,2015,2,6,45-64,0,.37630358,3
46340,2015,3,6,45-64,0,1,1
46340,2015,4,6,45-64,0,0,1
46340,2017,3,6,18-29,0,0,1
46340,2017,4,2,18-29,0,0,1
46340,2017,4,6,18-29,0,1,1
46340,2017,4,6,30-44,0,1,2
46340,2017,1,2,45-64,0,0,1
46340,2017,3,6,45-64,0,0,2
46340,2017,4,6,45-64,0,1,1
46340,2019,1,1,18-29,0,,1
46340,2019,1,2,18-29,0,,1
46340,2019,3,2,18-29,0,,1
46340,2019,3,6,18-29,0,,1
46340,2019,1,2,30-44,1,,1
46340,2019,4,1,30-44,0,,1
46340,2019,4,6,30-44,0,,1
46340,2019,3,6,45-64,1,,1
46340,2019,4,6,45-64,0,,1
46340,2021,1,2,30-44,0,,1
46340,2021,2,6,30-44,0,,1
46340,2021,4,6,30-44,0,,2
46340,2021,1,6,45-64,0,,1
46340,2021,1,7,45-64,0,,1
46340,2021,2,1,45-64,0,,1
46340,2021,2,6,45-64,.6912958,,3
46340,2021,4,6,45-64,.18691386,,5
46340,2023,3,6,18-29,0,,1
46340,2023,2,1,30-44,0,,1
46340,2023,2,2,30-44,0,,1
46340,2023,2,6,30-44,0,,1
46340,2023,4,6,45-64,0,,1
46520,2013,2,3,18-29,0,.26290938,4
46520,2013,2,6,18-29,0,0,2
46520,2013,3,3,18-29,0,.13852723,5
46520,2013,3,5,18-29,0,0,2
46520,2013,3,6,18-29,0,.5,2
46520,2013,3,7,18-29,0,.7675814,3
46520,2013,4,3,18-29,0,.55076963,2
46520,2013,4,6,18-29,0,.55849665,2
46520,2013,4,7,18-29,0,.42486715,2
46520,2013,1,2,30-44,0,,1
46520,2013,1,5,30-44,0,0,1
46520,2013,2,2,30-44,0,,1
46520,2013,2,3,30-44,0,.50743294,2
46520,2013,2,5,30-44,0,.61442,5
46520,2013,2,6,30-44,0,1,1
46520,2013,2,7,30-44,0,1,2
46520,2013,3,1,30-44,0,1,1
46520,2013,3,2,30-44,0,0,2
46520,2013,3,3,30-44,.19429386,.28359342,9
46520,2013,3,5,30-44,0,0,2
46520,2013,3,6,30-44,.14948986,.42792374,7
46520,2013,3,7,30-44,0,0,4
46520,2013,4,1,30-44,0,0,1
46520,2013,4,2,30-44,.70823061,0,2
46520,2013,4,3,30-44,.049334105,.51239473,19
46520,2013,4,5,30-44,0,.41425619,2
46520,2013,4,6,30-44,0,.26780698,7
46520,2013,4,7,30-44,.17844854,.63008147,8
46520,2013,2,3,45-64,.085367739,.085367739,13
46520,2013,2,5,45-64,0,0,2
46520,2013,2,6,45-64,.15545501,.53371024,5
46520,2013,2,7,45-64,.47310981,.6785422,4
46520,2013,3,1,45-64,0,0,1
46520,2013,3,2,45-64,0,0,2
46520,2013,3,3,45-64,0,.19106612,19
46520,2013,3,5,45-64,0,.30389425,3
46520,2013,3,6,45-64,.1997564,0,5
46520,2013,3,7,45-64,0,.157263,4
46520,2013,4,1,45-64,0,1,1
46520,2013,4,3,45-64,.26456288,.17064011,35
46520,2013,4,5,45-64,0,.52982187,5
46520,2013,4,6,45-64,.14745072,.3346251,20
46520,2015,2,1,18-29,0,1,1
46520,2015,2,2,18-29,0,0,1
46520,2015,2,5,18-29,0,0,1
46520,2015,2,7,18-29,0,0,1
46520,2015,3,2,18-29,0,1,2
46520,2015,3,3,18-29,0,1,3
46520,2015,3,5,18-29,0,0,2
46520,2015,3,6,18-29,.24532945,.571244,5
46520,2015,4,3,18-29,0,.54159194,4
46520,2015,4,6,18-29,0,1,2
46520,2015,2,2,30-44,0,.3701323,3
46520,2015,2,3,30-44,0,.35008934,5
46520,2015,2,5,30-44,0,.37421128,2
46520,2015,2,7,30-44,0,.46303797,2
46520,2015,3,1,30-44,0,1,1
46520,2015,3,2,30-44,0,0,3
46520,2015,3,3,30-44,0,0,4
46520,2015,3,5,30-44,0,.48607311,4
46520,2015,3,6,30-44,0,.72287363,3
46520,2015,3,7,30-44,0,1,2
46520,2015,4,2,30-44,.16758253,.60062635,4
46520,2015,4,3,30-44,.11669119,.74136239,16
46520,2015,4,5,30-44,0,0,1
46520,2015,4,6,30-44,0,.7762804,9
46520,2015,4,7,30-44,0,.48585343,2
46520,2015,1,2,45-64,0,0,1
46520,2015,1,3,45-64,0,0,3
46520,2015,1,6,45-64,0,0,1
46520,2015,2,1,45-64,0,0,1
46520,2015,2,2,45-64,.19362526,.29710904,3
46520,2015,2,3,45-64,.088975102,.17249499,12
46520,2015,2,5,45-64,0,.34250322,6
46520,2015,2,6,45-64,.19673739,0,5
46520,2015,2,7,45-64,.20778009,.27376959,4
46520,2015,3,2,45-64,0,.42634422,2
46520,2015,3,3,45-64,.16772419,.2907697,17
46520,2015,3,5,45-64,0,0,2
46520,2015,3,6,45-64,0,0,1
46520,2015,3,7,45-64,.21831018,.3538554,4
46520,2015,4,2,45-64,1,0,1
46520,2015,4,3,45-64,.11212119,.3766835,22
46520,2015,4,5,45-64,0,.54802448,2
46520,2015,4,6,45-64,.13659687,.64709783,14
46520,2015,4,7,45-64,.20988266,.58660978,5
46520,2017,2,3,18-29,0,1,3
46520,2017,2,5,18-29,0,1,2
46520,2017,2,6,18-29,0,1,1
46520,2017,3,2,18-29,.57819539,.42180458,2
46520,2017,3,3,18-29,0,.5597353,4
46520,2017,3,5,18-29,0,.57710201,3
46520,2017,3,6,18-29,0,.25128794,4
46520,2017,4,3,18-29,0,1,3
46520,2017,4,5,18-29,0,1,1
46520,2017,4,6,18-29,0,1,5
46520,2017,1,3,30-44,0,0,1
46520,2017,2,2,30-44,0,.42221561,2
46520,2017,2,3,30-44,.19774251,.36647642,5
46520,2017,2,5,30-44,0,0,2
46520,2017,2,6,30-44,.23335519,.76623654,4
46520,2017,2,7,30-44,0,0,1
46520,2017,3,2,30-44,.40972731,.40972731,2
46520,2017,3,3,30-44,0,1,4
46520,2017,3,5,30-44,0,.68496501,3
46520,2017,3,6,30-44,.2753686,.69555545,3
46520,2017,3,7,30-44,0,0,1
46520,2017,4,1,30-44,0,1,1
46520,2017,4,2,30-44,0,1,3
46520,2017,4,3,30-44,.094410896,.60603571,9
46520,2017,4,5,30-44,0,.76351398,3
46520,2017,4,6,30-44,.11557513,.40915456,8
46520,2017,4,7,30-44,0,.73175102,5
46520,2017,1,1,45-64,0,1,1
46520,2017,1,3,45-64,0,0,1
46520,2017,1,5,45-64,0,0,1
46520,2017,2,2,45-64,0,0,2
46520,2017,2,3,45-64,.17404003,.45944092,5
46520,2017,2,5,45-64,0,0,3
46520,2017,2,6,45-64,0,0,1
46520,2017,3,2,45-64,0,1,1
46520,2017,3,3,45-64,0,.22138207,8
46520,2017,3,5,45-64,.24244972,0,4
46520,2017,3,6,45-64,.53936768,.87059593,7
46520,2017,3,7,45-64,.2654852,.17168161,5
46520,2017,4,2,45-64,.4942556,.74637771,3
46520,2017,4,3,45-64,.03410019,.4533194,26
46520,2017,4,5,45-64,0,.64648485,3
46520,2017,4,6,45-64,.18186468,.4140121,16
46520,2017,4,7,45-64,0,.4768419,4
46520,2019,2,2,18-29,0,,1
46520,2019,2,5,18-29,0,,1
46520,2019,2,6,18-29,0,,2
46520,2019,2,7,18-29,0,,1
46520,2019,3,3,18-29,0,,1
46520,2019,3,5,18-29,0,,1
46520,2019,3,6,18-29,.16695042,,5
46520,2019,3,7,18-29,0,,2
46520,2019,4,3,18-29,0,,2
46520,2019,4,6,18-29,0,,2
46520,2019,4,7,18-29,.70080709,,3
46520,2019,1,7,30-44,0,,1
46520,2019,2,3,30-44,.14888179,,7
46520,2019,2,5,30-44,0,,2
46520,2019,2,7,30-44,0,,3
46520,2019,3,1,30-44,0,,1
46520,2019,3,2,30-44,0,,1
46520,2019,3,3,30-44,.18503489,,6
46520,2019,3,5,30-44,.34207425,,2
46520,2019,3,6,30-44,0,,3
46520,2019,3,7,30-44,0,,3
46520,2019,4,1,30-44,0,,2
46520,2019,4,3,30-44,.089944407,,13
46520,2019,4,5,30-44,.24684066,,3
46520,2019,4,6,30-44,.18666576,,5
46520,2019,4,7,30-44,0,,5
46520,2019,1,6,45-64,0,,1
46520,2019,1,7,45-64,1,,1
46520,2019,2,2,45-64,0,,2
46520,2019,2,3,45-64,0,,8
46520,2019,2,5,45-64,0,,1
46520,2019,2,6,45-64,.31944665,,3
46520,2019,2,7,45-64,0,,2
46520,2019,3,2,45-64,0,,2
46520,2019,3,3,45-64,.11128188,,10
46520,2019,3,5,45-64,0,,4
46520,2019,3,6,45-64,0,,3
46520,2019,3,7,45-64,0,,1
46520,2019,4,2,45-64,.29961762,,3
46520,2019,4,3,45-64,.11273143,,21
46520,2019,4,5,45-64,0,,4
46520,2019,4,6,45-64,.19480602,,10
46520,2019,4,7,45-64,.49634621,,4
46520,2021,2,1,18-29,0,,3
46520,2021,2,3,18-29,0,,1
46520,2021,2,7,18-29,0,,2
46520,2021,3,1,18-29,0,,1
46520,2021,3,2,18-29,0,,1
46520,2021,3,3,18-29,0,,2
46520,2021,4,3,18-29,0,,2
46520,2021,4,6,18-29,0,,4
46520,2021,4,7,18-29,0,,1
46520,2021,1,2,30-44,1,,1
46520,2021,1,7,30-44,1,,1
46520,2021,2,2,30-44,0,,3
46520,2021,2,5,30-44,0,,2
46520,2021,2,6,30-44,0,,3
46520,2021,2,7,30-44,0,,1
46520,2021,3,1,30-44,1,,1
46520,2021,3,2,30-44,0,,3
46520,2021,3,3,30-44,0,,1
46520,2021,3,5,30-44,0,,3
46520,2021,3,6,30-44,.19448452,,5
46520,2021,3,7,30-44,0,,1
46520,2021,4,2,30-44,0,,1
46520,2021,4,3,30-44,.17730969,,14
46520,2021,4,5,30-44,0,,2
46520,2021,4,6,30-44,.10453604,,8
46520,2021,4,7,30-44,.60084653,,2
46520,2021,1,3,45-64,0,,1
46520,2021,1,5,45-64,0,,1
46520,2021,2,3,45-64,0,,10
46520,2021,2,5,45-64,0,,1
46520,2021,2,6,45-64,.2839129,,2
46520,2021,2,7,45-64,.33549386,,2
46520,2021,3,3,45-64,.073078796,,9
46520,2021,3,5,45-64,0,,2
46520,2021,3,6,45-64,.32940197,,7
46520,2021,3,7,45-64,0,,2
46520,2021,4,1,45-64,0,,1
46520,2021,4,2,45-64,0,,2
46520,2021,4,3,45-64,.17851363,,21
46520,2021,4,5,45-64,.30467835,,3
46520,2021,4,6,45-64,.14269316,,13
46520,2021,4,7,45-64,0,,3
46520,2023,1,1,18-29,1,,1
46520,2023,1,7,18-29,0,,1
46520,2023,2,2,18-29,0,,2
46520,2023,2,3,18-29,0,,2
46520,2023,2,5,18-29,0,,1
46520,2023,2,6,18-29,0,,1
46520,2023,2,7,18-29,0,,1
46520,2023,3,1,18-29,0,,1
46520,2023,3,6,18-29,0,,3
46520,2023,3,7,18-29,0,,1
46520,2023,4,2,18-29,0,,1
46520,2023,4,3,18-29,0,,2
46520,2023,4,6,18-29,0,,3
46520,2023,4,7,18-29,0,,2
46520,2023,2,2,30-44,.55595952,,2
46520,2023,2,3,30-44,0,,1
46520,2023,2,5,30-44,0,,4
46520,2023,2,6,30-44,0,,2
46520,2023,2,7,30-44,.30543467,,3
46520,2023,3,3,30-44,.13577102,,8
46520,2023,3,7,30-44,0,,1
46520,2023,4,2,30-44,0,,4
46520,2023,4,3,30-44,.074821964,,14
46520,2023,4,5,30-44,0,,2
46520,2023,4,6,30-44,0,,4
46520,2023,4,7,30-44,0,,5
46520,2023,1,6,45-64,0,,1
46520,2023,1,7,45-64,0,,1
46520,2023,2,2,45-64,0,,2
46520,2023,2,3,45-64,0,,4
46520,2023,2,5,45-64,0,,3
46520,2023,2,7,45-64,.18154684,,5
46520,2023,3,2,45-64,0,,1
46520,2023,3,3,45-64,.089822985,,11
46520,2023,3,5,45-64,0,,3
46520,2023,3,6,45-64,0,,6
46520,2023,3,7,45-64,.42308831,,5
46520,2023,4,1,45-64,0,,1
46520,2023,4,3,45-64,.20834684,,24
46520,2023,4,5,45-64,1,,1
46520,2023,4,6,45-64,.38866481,,6
46520,2023,4,7,45-64,.17395316,,6
46540,2013,2,6,18-29,0,0,2
46540,2013,3,6,18-29,0,0,1
46540,2013,1,6,30-44,0,1,1
46540,2013,2,6,30-44,0,0,1
46540,2013,3,6,30-44,0,0,2
46540,2013,4,6,30-44,0,.35031894,3
46540,2013,1,6,45-64,0,0,1
46540,2013,2,6,45-64,0,0,3
46540,2013,3,6,45-64,0,0,2
46540,2013,4,6,45-64,0,0,1
46540,2015,2,6,30-44,0,1,2
46540,2015,2,6,45-64,0,0,1
46540,2015,3,6,45-64,0,0,2
46540,2015,4,6,45-64,0,1,1
46540,2017,2,2,30-44,1,1,1
46540,2017,3,6,30-44,0,0,1
46540,2017,4,6,30-44,0,0,1
46540,2017,1,6,45-64,1,0,1
46540,2017,2,6,45-64,0,1,1
46540,2017,3,6,45-64,0,1,1
46540,2017,4,1,45-64,0,1,1
46540,2017,4,3,45-64,0,1,1
46540,2019,3,6,45-64,0,,2
46540,2019,4,6,45-64,0,,1
46540,2021,2,7,18-29,0,,1
46540,2021,3,6,30-44,1,,1
46540,2021,2,6,45-64,0,,1
46540,2021,4,6,45-64,0,,1
46540,2023,2,6,30-44,0,,1
46540,2023,3,6,30-44,0,,1
46540,2023,2,6,45-64,0,,1
46540,2023,4,6,45-64,0,,1
46660,2013,2,1,18-29,0,,1
46660,2013,3,6,18-29,0,0,1
46660,2013,4,1,18-29,0,1,1
46660,2013,2,1,30-44,0,0,1
46660,2013,3,2,30-44,0,0,1
46660,2013,2,6,45-64,0,0,1
46660,2015,4,6,18-29,0,1,1
46700,2013,2,2,18-29,0,.49095219,2
46700,2013,2,2,30-44,1,0,1
46700,2013,3,2,30-44,0,1,1
46700,2013,3,6,30-44,0,.47704858,2
46700,2013,4,3,30-44,0,1,1
46700,2013,2,3,45-64,0,1,1
46700,2013,2,6,45-64,0,0,1
46700,2013,3,1,45-64,0,0,1
46700,2013,3,6,45-64,0,1,1
46700,2013,4,3,45-64,0,1,1
46700,2013,4,6,45-64,0,1,1
46700,2015,3,6,18-29,0,0,1
46700,2015,3,1,30-44,0,1,1
46700,2015,3,5,30-44,1,1,1
46700,2015,3,6,30-44,0,.35589051,3
46700,2015,3,7,30-44,0,,1
46700,2015,4,6,30-44,0,1,1
46700,2015,3,2,45-64,0,0,1
46700,2015,3,3,45-64,0,0,1
46700,2015,3,6,45-64,0,0,1
46700,2015,4,6,45-64,.43371293,0,2
46700,2017,1,6,18-29,0,1,1
46700,2017,3,3,18-29,0,1,1
46700,2017,3,6,18-29,0,1,1
46700,2017,3,1,30-44,.50059706,.49940294,2
46700,2017,3,6,30-44,0,1,1
46700,2017,4,6,30-44,0,1,1
46700,2017,1,1,45-64,0,0,1
46700,2017,1,3,45-64,0,0,1
46700,2017,2,1,45-64,0,.4587732,2
46700,2017,2,6,45-64,1,0,1
46700,2017,3,3,45-64,0,1,1
46700,2017,4,3,45-64,0,1,1
46700,2017,4,6,45-64,0,.48182353,2
46700,2019,2,2,18-29,0,,1
46700,2019,3,6,18-29,0,,1
46700,2019,3,6,30-44,0,,1
46700,2019,4,2,30-44,0,,1
46700,2019,4,6,30-44,0,,1
46700,2019,1,2,45-64,0,,1
46700,2019,3,6,45-64,0,,1
46700,2019,4,6,45-64,0,,3
46700,2021,4,6,18-29,0,,1
46700,2021,2,1,30-44,0,,1
46700,2021,3,1,30-44,1,,1
46700,2021,3,6,30-44,0,,1
46700,2021,4,1,30-44,0,,1
46700,2021,4,6,30-44,0,,2
46700,2021,3,6,45-64,0,,1
46700,2021,4,3,45-64,0,,1
46700,2023,2,6,18-29,0,,2
46700,2023,2,2,30-44,0,,1
46700,2023,3,6,30-44,0,,1
46700,2023,2,2,45-64,0,,1
46700,2023,2,3,45-64,0,,1
46700,2023,2,6,45-64,0,,1
46700,2023,3,2,45-64,0,,1
46700,2023,3,6,45-64,0,,1
46700,2023,4,3,45-64,0,,1
46700,2023,4,6,45-64,0,,2
47020,2013,2,2,18-29,0,1,1
47020,2013,2,7,18-29,0,0,1
47020,2013,3,6,18-29,0,0,1
47020,2013,1,2,30-44,0,0,1
47020,2013,2,2,30-44,0,1,2
47020,2013,2,6,30-44,0,0,2
47020,2013,3,2,30-44,0,0,1
47020,2013,4,2,30-44,0,1,1
47020,2013,4,6,30-44,0,1,1
47020,2013,2,2,45-64,0,.31610009,3
47020,2013,2,6,45-64,.30728889,0,3
47020,2013,3,2,45-64,0,0,2
47020,2013,3,6,45-64,.49674767,.50325233,2
47020,2013,4,6,45-64,0,0,2
47020,2015,1,2,45-64,0,1,1
47020,2015,2,2,45-64,0,0,1
47020,2015,4,6,45-64,0,1,1
47220,2013,2,2,18-29,0,1,1
47220,2013,3,6,18-29,0,1,1
47220,2013,1,6,45-64,0,,1
47220,2013,2,1,45-64,1,,1
47220,2013,2,6,45-64,0,0,1
47220,2013,3,6,45-64,0,1,1
47220,2015,3,2,18-29,0,1,1
47220,2015,4,6,30-44,0,0,1
47220,2015,2,6,45-64,0,1,1
47220,2015,3,6,45-64,1,1,1
47220,2015,4,6,45-64,0,1,1
47220,2017,1,2,30-44,0,,2
47220,2017,3,1,30-44,0,0,1
47220,2017,2,2,45-64,0,0,1
47220,2017,4,2,45-64,0,0,1
47220,2019,2,6,30-44,0,,2
47220,2019,2,6,45-64,0,,1
47220,2019,3,6,45-64,0,,1
47220,2021,2,2,30-44,0,,1
47220,2021,1,2,45-64,0,,2
47220,2021,2,6,45-64,0,,1
47220,2021,3,6,45-64,0,,1
47220,2021,4,6,45-64,0,,1
47260,2013,2,6,18-29,0,.55874306,3
47260,2013,2,7,18-29,0,0,1
47260,2013,3,1,18-29,0,1,2
47260,2013,3,2,18-29,0,,1
47260,2013,3,6,18-29,0,1,2
47260,2013,3,7,18-29,0,1,1
47260,2013,4,1,18-29,0,.3659153,3
47260,2013,4,6,18-29,0,.846461,7
47260,2013,1,1,30-44,0,,1
47260,2013,2,1,30-44,0,0,5
47260,2013,2,2,30-44,0,1,2
47260,2013,2,6,30-44,0,.35217327,3
47260,2013,3,1,30-44,0,.52529114,4
47260,2013,3,3,30-44,0,0,2
47260,2013,3,6,30-44,.23170121,.23170121,4
47260,2013,4,1,30-44,0,.32719198,7
47260,2013,4,2,30-44,0,.40604207,3
47260,2013,4,6,30-44,.082791738,.35930428,12
47260,2013,1,1,45-64,0,0,2
47260,2013,1,6,45-64,0,0,1
47260,2013,2,1,45-64,0,.54261762,2
47260,2013,2,6,45-64,0,.23796527,8
47260,2013,3,1,45-64,0,0,6
47260,2013,3,2,45-64,0,1,1
47260,2013,3,3,45-64,0,,1
47260,2013,3,4,45-64,0,0,1
47260,2013,3,6,45-64,0,.4100194,5
47260,2013,4,1,45-64,.32898006,.33550996,3
47260,2013,4,2,45-64,0,0,1
47260,2013,4,6,45-64,.13954185,.1308931,8
47260,2015,2,1,18-29,0,0,1
47260,2015,2,6,18-29,0,1,2
47260,2015,3,1,18-29,0,.19157822,4
47260,2015,3,2,18-29,0,0,1
47260,2015,3,6,18-29,.22514096,.55957144,4
47260,2015,4,1,18-29,0,1,1
47260,2015,2,1,30-44,0,.33797184,5
47260,2015,2,6,30-44,0,1,1
47260,2015,3,1,30-44,.37055081,.37055081,3
47260,2015,3,2,30-44,0,1,1
47260,2015,3,6,30-44,0,.43148613,8
47260,2015,4,1,30-44,0,.56509846,2
47260,2015,4,2,30-44,0,0,1
47260,2015,4,6,30-44,.0897104,.68978286,9
47260,2015,1,2,45-64,0,0,1
47260,2015,1,6,45-64,1,0,1
47260,2015,2,1,45-64,0,0,2
47260,2015,2,3,45-64,0,0,1
47260,2015,2,6,45-64,0,.11544957,8
47260,2015,3,1,45-64,0,.46979511,4
47260,2015,3,3,45-64,0,0,1
47260,2015,3,6,45-64,.25026488,.25026488,5
47260,2015,4,3,45-64,0,1,1
47260,2015,4,6,45-64,0,.5093168,11
47260,2015,4,7,45-64,0,0,1
47260,2017,2,1,18-29,0,1,1
47260,2017,2,6,18-29,0,1,1
47260,2017,3,5,18-29,0,0,1
47260,2017,3,6,18-29,0,1,1
47260,2017,4,1,18-29,0,0,1
47260,2017,4,6,18-29,0,.71013534,3
47260,2017,1,2,30-44,0,0,1
47260,2017,2,1,30-44,0,,2
47260,2017,3,1,30-44,0,.44611797,2
47260,2017,3,2,30-44,0,1,1
47260,2017,3,5,30-44,0,1,1
47260,2017,3,6,30-44,.18629476,.6977523,6
47260,2017,3,7,30-44,0,0,1
47260,2017,4,1,30-44,0,1,3
47260,2017,4,2,30-44,0,1,2
47260,2017,4,3,30-44,0,1,1
47260,2017,4,6,30-44,.13629568,.45773876,7
47260,2017,2,1,45-64,0,0,1
47260,2017,2,3,45-64,0,.44784865,2
47260,2017,2,6,45-64,.29444772,.6444422,6
47260,2017,3,1,45-64,0,.45491302,2
47260,2017,3,6,45-64,0,.39832097,10
47260,2017,4,1,45-64,.20522045,.51402164,4
47260,2017,4,3,45-64,0,0,2
47260,2017,4,6,45-64,0,.24691141,8
47260,2019,2,1,18-29,0,,2
47260,2019,2,6,18-29,0,,1
47260,2019,3,6,18-29,.33892205,,3
47260,2019,4,6,18-29,0,,6
47260,2019,1,1,30-44,0,,1
47260,2019,1,6,30-44,0,,1
47260,2019,2,1,30-44,0,,1
47260,2019,2,2,30-44,0,,1
47260,2019,2,6,30-44,0,,1
47260,2019,2,7,30-44,0,,1
47260,2019,3,1,30-44,0,,1
47260,2019,3,2,30-44,0,,1
47260,2019,3,6,30-44,0,,3
47260,2019,4,1,30-44,0,,1
47260,2019,4,2,30-44,1,,1
47260,2019,4,3,30-44,0,,1
47260,2019,4,6,30-44,.14272867,,12
47260,2019,2,1,45-64,0,,2
47260,2019,2,2,45-64,0,,2
47260,2019,2,6,45-64,0,,6
47260,2019,3,1,45-64,0,,3
47260,2019,3,2,45-64,0,,1
47260,2019,3,6,45-64,.25528714,,7
47260,2019,4,1,45-64,0,,1
47260,2019,4,2,45-64,0,,2
47260,2019,4,6,45-64,.2953203,,10
47260,2021,2,1,18-29,0,,2
47260,2021,2,6,18-29,0,,2
47260,2021,3,1,18-29,0,,1
47260,2021,3,6,18-29,0,,5
47260,2021,4,1,18-29,0,,1
47260,2021,4,6,18-29,0,,3
47260,2021,1,1,30-44,0,,1
47260,2021,2,1,30-44,0,,1
47260,2021,3,1,30-44,0,,1
47260,2021,3,6,30-44,.27271685,,4
47260,2021,4,3,30-44,0,,2
47260,2021,4,5,30-44,0,,1
47260,2021,4,6,30-44,.11442208,,8
47260,2021,2,6,45-64,0,,3
47260,2021,3,1,45-64,0,,4
47260,2021,3,6,45-64,.38579813,,5
47260,2021,4,1,45-64,0,,4
47260,2021,4,3,45-64,0,,2
47260,2021,4,6,45-64,.059608277,,13
47260,2023,2,1,18-29,0,,2
47260,2023,2,2,18-29,0,,1
47260,2023,2,4,18-29,0,,1
47260,2023,2,6,18-29,0,,1
47260,2023,2,7,18-29,0,,2
47260,2023,3,6,18-29,0,,1
47260,2023,4,2,18-29,0,,1
47260,2023,4,6,18-29,0,,1
47260,2023,2,1,30-44,0,,1
47260,2023,2,2,30-44,0,,1
47260,2023,2,6,30-44,.42405704,,2
47260,2023,3,6,30-44,0,,6
47260,2023,4,1,30-44,0,,3
47260,2023,4,2,30-44,0,,1
47260,2023,4,6,30-44,.24913999,,12
47260,2023,1,1,45-64,0,,1
47260,2023,2,1,45-64,.6771524,,3
47260,2023,2,6,45-64,0,,4
47260,2023,2,7,45-64,0,,1
47260,2023,3,1,45-64,0,,3
47260,2023,3,2,45-64,0,,1
47260,2023,3,6,45-64,.53746408,,4
47260,2023,4,1,45-64,0,,2
47260,2023,4,3,45-64,.42415994,,2
47260,2023,4,6,45-64,0,,3
47300,2013,1,2,18-29,0,,1
47300,2013,2,2,18-29,0,0,1
47300,2013,3,5,18-29,0,1,1
47300,2013,3,6,18-29,0,1,2
47300,2013,4,2,18-29,0,1,1
47300,2013,4,3,18-29,0,0,1
47300,2013,1,2,30-44,0,0,1
47300,2013,2,2,30-44,0,0,2
47300,2013,2,6,30-44,0,1,1
47300,2013,3,2,30-44,1,0,1
47300,2013,4,2,30-44,0,1,1
47300,2013,4,3,30-44,0,1,1
47300,2013,3,2,45-64,0,1,1
47300,2013,3,6,45-64,0,0,1
47300,2013,4,2,45-64,0,1,1
47300,2013,4,3,45-64,0,0,1
47300,2013,4,6,45-64,.50717801,.49282202,2
47300,2015,3,2,18-29,0,1,1
47300,2015,3,6,18-29,0,,1
47300,2015,4,2,18-29,0,1,1
47300,2015,1,2,30-44,0,0,1
47300,2015,2,2,30-44,0,1,1
47300,2015,3,2,30-44,0,1,1
47300,2015,3,6,30-44,0,1,1
47300,2015,4,2,30-44,0,1,1
47300,2015,1,2,45-64,0,0,7
47300,2015,2,2,45-64,0,0,1
47300,2015,2,6,45-64,0,0,1
47300,2015,3,6,45-64,0,0,1
47300,2015,4,4,45-64,0,1,1
47300,2017,1,2,30-44,0,,2
47300,2017,3,2,30-44,0,1,1
47300,2017,1,2,45-64,0,0,2
47300,2017,2,6,45-64,0,1,1
47300,2019,2,2,18-29,0,,1
47300,2019,2,6,18-29,0,,1
47300,2019,2,2,30-44,0,,1
47300,2019,3,2,30-44,0,,1
47300,2019,4,2,30-44,0,,1
47300,2019,4,6,30-44,0,,1
47300,2019,1,2,45-64,0,,2
47300,2019,2,2,45-64,0,,1
47300,2019,3,6,45-64,0,,1
47300,2021,1,2,18-29,0,,1
47300,2021,3,2,18-29,0,,3
47300,2021,2,2,30-44,0,,1
47300,2021,2,7,30-44,0,,1
47300,2021,3,6,30-44,0,,2
47300,2021,4,2,30-44,1,,1
47300,2021,4,3,30-44,0,,1
47300,2021,2,7,45-64,0,,1
47300,2021,3,6,45-64,0,,1
47300,2021,4,2,45-64,0,,1
47300,2021,4,6,45-64,0,,1
47300,2023,2,2,18-29,0,,1
47300,2023,4,2,18-29,0,,1
47300,2023,2,2,30-44,0,,1
47300,2023,2,6,30-44,0,,2
47300,2023,3,6,30-44,0,,1
47300,2023,3,7,30-44,0,,1
47300,2023,4,2,30-44,0,,1
47300,2023,2,2,45-64,.32266739,,3
47300,2023,2,3,45-64,0,,1
47300,2023,3,2,45-64,0,,1
47300,2023,4,3,45-64,0,,1
47380,2013,3,2,18-29,0,1,1
47380,2013,3,6,18-29,0,0,1
47380,2013,4,6,18-29,0,1,1
47380,2013,2,2,30-44,0,1,2
47380,2013,2,6,30-44,0,0,1
47380,2013,3,1,30-44,0,1,1
47380,2013,1,2,45-64,0,,1
47380,2013,2,6,45-64,0,.67909163,3
47380,2015,2,1,18-29,0,1,1
47380,2015,2,2,18-29,0,,1
47380,2015,3,1,18-29,0,,1
47380,2015,3,2,18-29,0,0,1
47380,2015,3,6,18-29,0,0,1
47380,2015,4,1,18-29,0,1,1
47380,2015,1,2,30-44,0,0,1
47380,2015,2,2,30-44,0,,1
47380,2015,2,6,30-44,0,1,1
47380,2015,3,6,30-44,0,1,2
47380,2015,1,3,45-64,0,0,1
47380,2015,2,6,45-64,0,0,1
47380,2015,3,6,45-64,0,.35063156,3
47380,2015,4,6,45-64,.40852922,1,2
47380,2017,3,2,18-29,0,0,1
47380,2017,3,6,30-44,0,1,2
47380,2017,2,1,45-64,0,,1
47380,2017,4,6,45-64,.2997545,.31179705,3
47380,2019,3,6,18-29,0,,1
47380,2019,4,6,18-29,0,,2
47380,2019,3,6,30-44,0,,2
47380,2019,4,6,30-44,0,,1
47380,2019,2,2,45-64,0,,1
47380,2019,2,6,45-64,1,,1
47380,2019,3,6,45-64,.22754368,,5
47380,2021,2,2,18-29,0,,1
47380,2023,4,6,18-29,0,,1
47380,2023,2,2,30-44,1,,1
47380,2023,2,6,30-44,0,,1
47380,2023,4,2,30-44,0,,1
47380,2023,4,3,30-44,0,,2
47380,2023,2,2,45-64,0,,1
47380,2023,2,3,45-64,0,,1
47380,2023,4,2,45-64,0,,1
47380,2023,4,6,45-64,0,,2
47580,2013,3,2,18-29,0,1,1
47580,2013,1,1,30-44,0,0,1
47580,2013,4,1,30-44,0,1,1
47580,2013,2,6,45-64,0,1,1
47580,2013,3,1,45-64,0,0,1
47580,2013,3,6,45-64,0,0,1
47580,2013,4,1,45-64,0,0,1
47580,2013,4,6,45-64,0,0,1
47580,2015,1,2,18-29,0,,1
47580,2015,2,5,30-44,0,0,1
47580,2015,2,6,30-44,0,1,1
47580,2015,3,6,30-44,0,1,2
47580,2015,2,6,45-64,0,0,1
47580,2015,3,1,45-64,0,1,1
47580,2015,3,6,45-64,0,.6697073,3
47580,2015,4,6,45-64,0,0,2
47580,2017,4,6,18-29,0,1,1
47580,2017,3,6,30-44,0,0,3
47580,2017,4,7,30-44,0,1,1
47580,2017,3,6,45-64,0,.55388415,2
47580,2017,4,3,45-64,0,,1
47580,2019,2,6,18-29,0,,1
47580,2019,3,1,18-29,0,,1
47580,2019,3,2,30-44,0,,1
47580,2019,4,1,45-64,0,,1
47580,2021,3,1,18-29,0,,1
47580,2021,4,2,18-29,0,,1
47580,2021,2,2,30-44,0,,1
47580,2021,3,2,30-44,0,,1
47580,2021,3,6,30-44,0,,2
47580,2021,4,6,30-44,0,,1
47580,2021,3,6,45-64,.5788129,,2
47580,2023,2,6,30-44,0,,1
47580,2023,3,6,30-44,0,,1
47580,2023,4,1,30-44,0,,1
47580,2023,4,2,45-64,0,,1
47900,2013,1,1,18-29,0,,1
47900,2013,1,2,18-29,0,0,2
47900,2013,2,1,18-29,0,0,9
47900,2013,2,2,18-29,0,.26021242,5
47900,2013,2,3,18-29,0,,1
47900,2013,2,6,18-29,0,.63515973,5
47900,2013,3,1,18-29,.20545906,.3999517,11
47900,2013,3,2,18-29,0,.47492495,6
47900,2013,3,3,18-29,0,0,2
47900,2013,3,6,18-29,0,1,5
47900,2013,4,1,18-29,.049802728,.380126,12
47900,2013,4,2,18-29,0,.80777687,8
47900,2013,4,3,18-29,0,.23914981,4
47900,2013,4,6,18-29,.0055347141,.64733577,82
47900,2013,4,7,18-29,0,1,3
47900,2013,1,1,30-44,0,0,3
47900,2013,1,2,30-44,0,.07406342,15
47900,2013,2,1,30-44,0,.41112831,27
47900,2013,2,2,30-44,0,.054749608,11
47900,2013,2,3,30-44,0,0,1
47900,2013,2,6,30-44,.050177529,.33543468,15
47900,2013,3,1,30-44,.1256967,.43215069,27
47900,2013,3,2,30-44,0,.8611719,3
47900,2013,3,3,30-44,0,.38972673,4
47900,2013,3,6,30-44,.23851809,.50203568,9
47900,2013,3,7,30-44,1,1,1
47900,2013,4,1,30-44,.039266985,.52848411,57
47900,2013,4,2,30-44,0,.5845412,14
47900,2013,4,3,30-44,.10866433,.55785871,34
47900,2013,4,6,30-44,.077228934,.50136811,165
47900,2013,4,7,30-44,0,.8848241,5
47900,2013,1,1,45-64,.14325103,0,4
47900,2013,1,2,45-64,.1326158,0,8
47900,2013,1,6,45-64,.40722817,0,3
47900,2013,2,1,45-64,.086097382,.17695881,38
47900,2013,2,2,45-64,0,0,2
47900,2013,2,3,45-64,0,0,1
47900,2013,2,4,45-64,0,0,1
47900,2013,2,6,45-64,.14024553,.048799336,19
47900,2013,3,1,45-64,0,.26598707,29
47900,2013,3,2,45-64,0,.15327892,4
47900,2013,3,3,45-64,0,0,1
47900,2013,3,6,45-64,.075678229,.25322852,41
47900,2013,3,7,45-64,1,0,1
47900,2013,4,1,45-64,.066403553,.27266291,57
47900,2013,4,2,45-64,.1439521,.39959148,9
47900,2013,4,3,45-64,.1846565,.29076642,9
47900,2013,4,4,45-64,0,1,2
47900,2013,4,5,45-64,0,0,1
47900,2013,4,6,45-64,.094395816,.37319949,164
47900,2013,4,7,45-64,0,0,1
47900,2015,1,1,18-29,0,,2
47900,2015,1,2,18-29,0,.24837883,6
47900,2015,2,1,18-29,0,.77463251,12
47900,2015,2,2,18-29,0,0,2
47900,2015,2,6,18-29,0,1,1
47900,2015,3,1,18-29,0,.95182908,5
47900,2015,3,2,18-29,0,1,2
47900,2015,3,3,18-29,,1,0
47900,2015,3,6,18-29,.19088702,.51034486,8
47900,2015,4,1,18-29,.14956501,.90786338,15
47900,2015,4,2,18-29,.10425962,.85072201,7
47900,2015,4,3,18-29,0,.83556789,13
47900,2015,4,4,18-29,0,1,1
47900,2015,4,6,18-29,.088060148,.77179688,81
47900,2015,4,7,18-29,0,0,1
47900,2015,1,1,30-44,0,0,1
47900,2015,1,2,30-44,0,0,9
47900,2015,1,6,30-44,0,0,1
47900,2015,2,1,30-44,.020687429,.46655455,17
47900,2015,2,2,30-44,0,.4761481,8
47900,2015,2,6,30-44,0,.62336016,3
47900,2015,3,1,30-44,0,.48444721,23
47900,2015,3,2,30-44,0,.50524074,7
47900,2015,3,3,30-44,0,0,2
47900,2015,3,6,30-44,0,.67331344,11
47900,2015,3,7,30-44,0,.44000703,2
47900,2015,4,1,30-44,0,.44245997,30
47900,2015,4,2,30-44,.010937734,.52827495,15
47900,2015,4,3,30-44,.016571961,.6064502,20
47900,2015,4,4,30-44,0,1,1
47900,2015,4,6,30-44,.036539409,.59926838,175
47900,2015,4,7,30-44,0,0,2
47900,2015,1,1,45-64,0,0,4
47900,2015,1,2,45-64,0,.059132736,8
47900,2015,1,6,45-64,0,0,2
47900,2015,2,1,45-64,.0084701804,.28520939,32
47900,2015,2,2,45-64,0,0,1
47900,2015,2,6,45-64,.057185706,.17653818,10
47900,2015,2,7,45-64,0,1,1
47900,2015,3,1,45-64,.099014401,.23895226,27
47900,2015,3,2,45-64,0,0,1
47900,2015,3,3,45-64,0,1,1
47900,2015,3,6,45-64,.047711093,.45801678,24
47900,2015,3,7,45-64,0,1,1
47900,2015,4,1,45-64,.16206284,.4808158,44
47900,2015,4,2,45-64,0,.51631755,10
47900,2015,4,3,45-64,.07964731,.080440462,19
47900,2015,4,6,45-64,.092802875,.43105072,145
47900,2015,4,7,45-64,.039372977,1,3
47900,2017,1,2,18-29,0,,1
47900,2017,2,1,18-29,0,.24340147,5
47900,2017,2,2,18-29,0,1,2
47900,2017,3,1,18-29,0,.2765851,8
47900,2017,3,2,18-29,0,,1
47900,2017,3,3,18-29,0,1,1
47900,2017,3,6,18-29,.32627824,.65127176,5
47900,2017,4,1,18-29,.050927345,.40082535,11
47900,2017,4,2,18-29,0,.51130456,11
47900,2017,4,3,18-29,.042712186,.49869254,12
47900,2017,4,5,18-29,0,0,1
47900,2017,4,6,18-29,.0093609337,.87471664,90
47900,2017,4,7,18-29,0,.94435763,4
47900,2017,1,1,30-44,0,.87057137,5
47900,2017,1,2,30-44,0,.22922811,7
47900,2017,2,1,30-44,.033486634,.41011152,16
47900,2017,2,2,30-44,.3706111,.19003797,9
47900,2017,2,3,30-44,0,0,1
47900,2017,2,6,30-44,0,.40142921,2
47900,2017,3,1,30-44,0,.75710469,7
47900,2017,3,2,30-44,0,0,5
47900,2017,3,3,30-44,0,.66042036,4
47900,2017,3,6,30-44,0,.51645207,6
47900,2017,4,1,30-44,.0062037692,.65859574,31
47900,2017,4,2,30-44,.0089061381,.46998811,19
47900,2017,4,3,30-44,.0049167252,.66315424,24
47900,2017,4,6,30-44,.098174036,.66501313,198
47900,2017,4,7,30-44,0,.76001108,6
47900,2017,1,1,45-64,0,1,1
47900,2017,1,2,45-64,.21499102,.44663578,6
47900,2017,1,3,45-64,0,,1
47900,2017,2,1,45-64,.26202285,.49446276,15
47900,2017,2,2,45-64,0,.66776991,4
47900,2017,2,3,45-64,0,0,2
47900,2017,2,6,45-64,.011685029,.19412978,8
47900,2017,3,1,45-64,.092295803,.26655859,13
47900,2017,3,2,45-64,0,0,1
47900,2017,3,3,45-64,0,.93143517,2
47900,2017,3,6,45-64,.1394252,.41017899,16
47900,2017,3,7,45-64,0,1,1
47900,2017,4,1,45-64,.00710272,.47093439,27
47900,2017,4,2,45-64,.22997813,.42055735,7
47900,2017,4,3,45-64,.26038173,.87034339,13
47900,2017,4,4,45-64,0,0,1
47900,2017,4,5,45-64,0,1,1
47900,2017,4,6,45-64,.15585771,.53775728,151
47900,2017,4,7,45-64,0,1,2
47900,2019,1,2,18-29,0,,1
47900,2019,2,1,18-29,0,,4
47900,2019,2,2,18-29,0,,2
47900,2019,2,6,18-29,0,,1
47900,2019,3,1,18-29,.4793095,,2
47900,2019,3,2,18-29,0,,5
47900,2019,3,6,18-29,0,,5
47900,2019,3,7,18-29,0,,2
47900,2019,4,1,18-29,0,,14
47900,2019,4,2,18-29,0,,10
47900,2019,4,3,18-29,0,,7
47900,2019,4,6,18-29,.057633519,,67
47900,2019,4,7,18-29,0,,3
47900,2019,1,1,30-44,0,,1
47900,2019,1,2,30-44,0,,3
47900,2019,1,3,30-44,0,,1
47900,2019,2,1,30-44,0,,4
47900,2019,2,2,30-44,.2940098,,5
47900,2019,2,3,30-44,0,,2
47900,2019,2,6,30-44,0,,4
47900,2019,3,1,30-44,.073797472,,11
47900,2019,3,2,30-44,.24817802,,4
47900,2019,3,3,30-44,0,,1
47900,2019,3,6,30-44,0,,4
47900,2019,3,7,30-44,0,,1
47900,2019,4,1,30-44,.071996354,,31
47900,2019,4,2,30-44,0,,18
47900,2019,4,3,30-44,0,,28
47900,2019,4,6,30-44,.032152433,,158
47900,2019,4,7,30-44,0,,5
47900,2019,1,1,45-64,0,,2
47900,2019,1,2,45-64,0,,3
47900,2019,1,3,45-64,0,,1
47900,2019,2,1,45-64,0,,15
47900,2019,2,2,45-64,0,,1
47900,2019,2,6,45-64,0,,6
47900,2019,2,7,45-64,0,,1
47900,2019,3,1,45-64,.093518674,,18
47900,2019,3,2,45-64,.436474,,3
47900,2019,3,3,45-64,0,,1
47900,2019,3,6,45-64,.23281653,,11
47900,2019,3,7,45-64,0,,1
47900,2019,4,1,45-64,.04933922,,49
47900,2019,4,2,45-64,0,,14
47900,2019,4,3,45-64,.21166512,,13
47900,2019,4,6,45-64,.13111643,,104
47900,2019,4,7,45-64,.069231242,,5
47900,2021,1,2,18-29,0,,1
47900,2021,1,6,18-29,0,,1
47900,2021,2,1,18-29,0,,3
47900,2021,2,2,18-29,0,,3
47900,2021,3,1,18-29,0,,5
47900,2021,3,2,18-29,0,,2
47900,2021,3,3,18-29,0,,1
47900,2021,3,6,18-29,0,,5
47900,2021,4,1,18-29,0,,6
47900,2021,4,2,18-29,0,,4
47900,2021,4,3,18-29,0,,14
47900,2021,4,6,18-29,0,,39
47900,2021,4,7,18-29,0,,1
47900,2021,1,2,30-44,0,,2
47900,2021,2,1,30-44,.01979135,,11
47900,2021,2,2,30-44,0,,2
47900,2021,2,6,30-44,0,,2
47900,2021,2,7,30-44,0,,1
47900,2021,3,1,30-44,0,,6
47900,2021,3,2,30-44,0,,2
47900,2021,3,3,30-44,.49126586,,4
47900,2021,3,6,30-44,0,,7
47900,2021,3,7,30-44,1,,1
47900,2021,4,1,30-44,.019372288,,51
47900,2021,4,2,30-44,.024637284,,14
47900,2021,4,3,30-44,.011826779,,15
47900,2021,4,4,30-44,0,,1
47900,2021,4,6,30-44,.08312653,,159
47900,2021,4,7,30-44,.04746693,,6
47900,2021,1,1,45-64,0,,2
47900,2021,1,2,45-64,0,,8
47900,2021,1,3,45-64,0,,1
47900,2021,2,1,45-64,0,,14
47900,2021,2,2,45-64,0,,2
47900,2021,2,3,45-64,0,,2
47900,2021,2,6,45-64,0,,6
47900,2021,3,1,45-64,.24927683,,16
47900,2021,3,2,45-64,0,,2
47900,2021,3,3,45-64,0,,1
47900,2021,3,6,45-64,.359346,,11
47900,2021,4,1,45-64,.056046914,,43
47900,2021,4,2,45-64,.031173337,,9
47900,2021,4,3,45-64,.17908405,,16
47900,2021,4,5,45-64,0,,1
47900,2021,4,6,45-64,.10109936,,102
47900,2021,4,7,45-64,0,,3
47900,2023,1,2,18-29,0,,1
47900,2023,2,1,18-29,0,,2
47900,2023,2,2,18-29,0,,2
47900,2023,2,6,18-29,0,,2
47900,2023,2,7,18-29,0,,1
47900,2023,3,1,18-29,0,,3
47900,2023,3,2,18-29,0,,3
47900,2023,3,3,18-29,0,,2
47900,2023,3,6,18-29,0,,2
47900,2023,4,1,18-29,0,,10
47900,2023,4,2,18-29,.2025377,,14
47900,2023,4,3,18-29,0,,6
47900,2023,4,6,18-29,0,,60
47900,2023,4,7,18-29,0,,1
47900,2023,1,2,30-44,.95392531,,3
47900,2023,2,1,30-44,.18266578,,8
47900,2023,2,2,30-44,0,,3
47900,2023,2,6,30-44,.038067881,,4
47900,2023,2,7,30-44,0,,1
47900,2023,3,1,30-44,0,,11
47900,2023,3,2,30-44,.46316889,,5
47900,2023,3,3,30-44,0,,1
47900,2023,3,6,30-44,0,,4
47900,2023,4,1,30-44,0,,31
47900,2023,4,2,30-44,.09207654,,21
47900,2023,4,3,30-44,.057724904,,22
47900,2023,4,4,30-44,0,,1
47900,2023,4,6,30-44,.096262455,,148
47900,2023,4,7,30-44,0,,1
47900,2023,1,1,45-64,0,,1
47900,2023,1,2,45-64,.013783582,,8
47900,2023,2,1,45-64,0,,14
47900,2023,2,2,45-64,.033144351,,3
47900,2023,2,3,45-64,0,,1
47900,2023,2,6,45-64,0,,6
47900,2023,3,1,45-64,.26992241,,9
47900,2023,3,2,45-64,.25395548,,4
47900,2023,3,3,45-64,0,,1
47900,2023,3,6,45-64,.0064813718,,9
47900,2023,4,1,45-64,.033366613,,36
47900,2023,4,2,45-64,0,,8
47900,2023,4,3,45-64,.064687349,,16
47900,2023,4,6,45-64,.14482459,,112
47940,2013,2,6,18-29,0,0,1
47940,2013,4,6,18-29,0,.69143164,3
47940,2013,2,6,30-44,0,.24935006,4
47940,2013,3,6,30-44,0,.3824366,5
47940,2013,4,3,30-44,0,0,1
47940,2013,4,6,30-44,0,.2254767,5
47940,2013,2,1,45-64,0,,1
47940,2013,2,6,45-64,0,.31126004,3
47940,2013,3,6,45-64,0,0,4
47940,2013,4,6,45-64,.2127462,.25885481,4
47940,2015,2,6,18-29,0,0,1
47940,2015,3,6,18-29,0,.66636986,5
47940,2015,4,6,18-29,1,1,1
47940,2015,3,6,30-44,0,0,2
47940,2015,4,1,30-44,0,0,1
47940,2015,4,6,30-44,.5,.5,2
47940,2015,2,6,45-64,.39376983,.6062302,2
47940,2015,3,3,45-64,1,1,1
47940,2015,3,6,45-64,.33173802,.33173802,3
47940,2015,4,6,45-64,.27807048,0,4
47940,2017,3,6,18-29,0,1,2
47940,2017,4,2,18-29,0,1,1
47940,2017,4,6,18-29,0,1,4
47940,2017,2,6,30-44,0,1,1
47940,2017,3,6,30-44,0,0,1
47940,2017,4,6,30-44,0,1,5
47940,2017,1,6,45-64,0,1,1
47940,2017,2,6,45-64,0,1,1
47940,2017,3,6,45-64,.61790895,.61790895,2
47940,2017,4,6,45-64,0,0,2
47940,2019,2,2,18-29,0,,1
47940,2019,2,6,18-29,0,,1
47940,2019,2,7,18-29,0,,1
47940,2019,3,6,18-29,0,,1
47940,2019,4,7,18-29,0,,1
47940,2019,1,6,30-44,0,,1
47940,2019,2,1,30-44,0,,1
47940,2019,2,6,30-44,.46404046,,2
47940,2019,3,4,30-44,0,,1
47940,2019,3,6,30-44,0,,3
47940,2019,4,6,30-44,0,,1
47940,2019,2,6,45-64,.2507394,,4
47940,2019,3,6,45-64,0,,2
47940,2019,4,6,45-64,0,,3
47940,2021,3,2,18-29,0,,1
47940,2021,3,6,18-29,0,,1
47940,2021,2,2,30-44,0,,1
47940,2021,2,6,30-44,0,,2
47940,2021,3,6,30-44,0,,2
47940,2021,4,3,30-44,1,,1
47940,2021,4,6,30-44,.47444344,,2
47940,2021,2,6,45-64,0,,2
47940,2021,3,6,45-64,0,,1
47940,2021,4,6,45-64,0,,2
47940,2023,2,2,18-29,0,,1
47940,2023,2,6,18-29,0,,1
47940,2023,2,7,18-29,0,,1
47940,2023,3,2,18-29,0,,1
47940,2023,2,6,30-44,0,,4
47940,2023,3,6,30-44,0,,3
47940,2023,4,3,30-44,0,,2
47940,2023,4,6,30-44,.62320828,,2
47940,2023,2,6,45-64,0,,3
47940,2023,3,6,45-64,0,,6
47940,2023,4,4,45-64,1,,1
47940,2023,4,6,45-64,0,,4
48060,2015,3,7,18-29,0,0,1
48060,2015,1,1,30-44,0,0,1
48060,2015,4,6,30-44,0,1,1
48060,2015,3,6,45-64,0,0,1
48060,2015,4,6,45-64,0,0,1
48060,2017,3,6,18-29,0,1,3
48060,2017,4,1,18-29,,1,0
48060,2017,4,3,18-29,0,1,1
48060,2017,1,6,30-44,0,.50404078,2
48060,2017,2,6,30-44,0,0,1
48060,2017,3,1,30-44,0,1,1
48060,2017,3,6,30-44,0,.66876316,3
48060,2017,4,6,30-44,.26081571,.73584646,4
48060,2017,1,6,45-64,0,0,1
48060,2017,2,6,45-64,0,.63799101,3
48060,2017,3,1,45-64,0,1,1
48060,2017,3,6,45-64,0,,1
48060,2017,4,6,45-64,0,1,1
48060,2019,2,6,18-29,0,,1
48060,2019,2,6,30-44,0,,1
48060,2019,3,3,30-44,0,,1
48060,2019,3,6,30-44,0,,2
48060,2019,4,6,30-44,.48564756,,2
48060,2019,2,6,45-64,.32552552,,3
48060,2019,3,6,45-64,0,,2
48060,2019,4,3,45-64,0,,1
48060,2019,4,6,45-64,0,,2
48060,2021,2,6,18-29,0,,1
48060,2021,3,6,30-44,0,,2
48060,2021,2,6,45-64,1,,1
48060,2021,4,6,45-64,0,,2
48060,2023,2,6,30-44,0,,1
48060,2023,4,6,30-44,0,,1
48060,2023,2,6,45-64,0,,2
48060,2023,4,6,45-64,0,,1
48140,2013,1,3,18-29,0,0,1
48140,2013,4,6,18-29,0,1,2
48140,2013,2,6,30-44,0,0,3
48140,2013,3,6,30-44,0,.54304838,2
48140,2013,4,6,30-44,0,0,2
48140,2013,1,2,45-64,0,0,1
48140,2013,2,6,45-64,.26774481,0,4
48140,2013,3,6,45-64,0,.32919991,6
48140,2013,4,6,45-64,0,.25931802,4
48140,2015,1,6,18-29,0,0,1
48140,2015,2,3,18-29,0,0,1
48140,2015,2,6,18-29,0,0,1
48140,2015,3,6,18-29,0,0,4
48140,2015,2,6,30-44,0,0,1
48140,2015,3,6,30-44,0,0,1
48140,2015,4,6,30-44,0,.40210378,3
48140,2015,1,6,45-64,0,1,1
48140,2015,2,6,45-64,0,.65485114,2
48140,2015,3,6,45-64,0,0,3
48140,2015,4,6,45-64,.34691927,.3247641,3
48140,2017,3,6,18-29,0,0,1
48140,2017,4,6,18-29,0,1,2
48140,2017,2,6,30-44,0,0,1
48140,2017,4,6,30-44,0,.43859425,2
48140,2017,1,3,45-64,0,1,1
48140,2017,2,6,45-64,0,0,2
48140,2017,3,6,45-64,0,0,1
48140,2017,4,6,45-64,0,.4975867,2
48140,2019,2,6,18-29,0,,1
48140,2019,2,6,45-64,.23540716,,4
48140,2019,3,6,45-64,1,,1
48140,2019,4,6,45-64,0,,1
48140,2021,1,6,18-29,0,,1
48140,2021,4,6,18-29,0,,1
48140,2021,3,6,30-44,0,,2
48140,2021,4,6,30-44,0,,1
48140,2021,2,6,45-64,.34202865,,3
48140,2021,4,6,45-64,0,,2
48140,2023,2,6,18-29,1,,1
48140,2023,3,6,18-29,0,,1
48140,2023,2,2,30-44,0,,1
48140,2023,3,6,30-44,0,,1
48140,2023,4,6,30-44,.38744658,,3
48140,2023,2,6,45-64,0,,2
48140,2023,3,2,45-64,0,,1
48140,2023,3,7,45-64,0,,1
48140,2023,4,6,45-64,0,,1
48620,2013,1,1,18-29,0,0,1
48620,2013,1,2,18-29,0,0,1
48620,2013,1,3,18-29,0,1,1
48620,2013,1,6,18-29,0,0,2
48620,2013,2,1,18-29,0,,2
48620,2013,2,3,18-29,,0,0
48620,2013,2,6,18-29,.40735522,.59264475,3
48620,2013,3,2,18-29,0,.34848681,2
48620,2013,3,6,18-29,0,.68493223,3
48620,2013,3,7,18-29,0,,1
48620,2013,4,6,18-29,0,.66226113,5
48620,2013,1,6,30-44,0,0,2
48620,2013,1,7,30-44,0,,1
48620,2013,2,1,30-44,0,0,1
48620,2013,2,6,30-44,.14048401,.35721296,7
48620,2013,3,1,30-44,0,,1
48620,2013,3,2,30-44,0,1,1
48620,2013,3,3,30-44,0,0,1
48620,2013,3,6,30-44,0,.57670408,12
48620,2013,4,3,30-44,0,0,1
48620,2013,4,6,30-44,0,.30714566,6
48620,2013,1,6,45-64,0,0,5
48620,2013,2,1,45-64,0,,1
48620,2013,2,6,45-64,0,.1650039,6
48620,2013,3,1,45-64,0,0,1
48620,2013,3,3,45-64,0,0,1
48620,2013,3,6,45-64,0,.091267757,9
48620,2013,4,6,45-64,.064155698,.13226455,15
48620,2015,3,1,18-29,0,,1
48620,2015,3,2,18-29,1,0,1
48620,2015,3,6,18-29,1,0,1
48620,2015,4,6,18-29,0,1,2
48620,2015,1,2,30-44,0,0,1
48620,2015,2,6,30-44,0,.8176223,5
48620,2015,3,2,30-44,0,.49251965,2
48620,2015,3,6,30-44,.22732668,1,4
48620,2015,4,3,30-44,0,1,1
48620,2015,4,6,30-44,0,.83636045,12
48620,2015,1,2,45-64,0,1,1
48620,2015,1,6,45-64,0,,1
48620,2015,2,1,45-64,0,0,1
48620,2015,2,6,45-64,.51482964,.18313801,6
48620,2015,3,1,45-64,0,0,1
48620,2015,3,2,45-64,1,1,1
48620,2015,3,6,45-64,0,.2497714,9
48620,2015,4,6,45-64,.28588736,.62486011,11
48620,2017,1,1,18-29,0,,1
48620,2017,2,2,18-29,0,.61108017,2
48620,2017,2,6,18-29,0,1,2
48620,2017,2,7,18-29,0,,1
48620,2017,3,1,18-29,0,1,1
48620,2017,3,6,18-29,0,.71071678,3
48620,2017,3,7,18-29,0,1,1
48620,2017,4,6,18-29,0,1,1
48620,2017,1,6,30-44,0,0,1
48620,2017,2,1,30-44,0,1,1
48620,2017,2,2,30-44,0,,1
48620,2017,2,6,30-44,.3418656,.83003241,6
48620,2017,3,1,30-44,0,0,2
48620,2017,3,2,30-44,0,0,1
48620,2017,3,6,30-44,0,1,3
48620,2017,3,7,30-44,0,1,1
48620,2017,4,1,30-44,0,1,1
48620,2017,4,6,30-44,.3626686,1,6
48620,2017,1,2,45-64,0,1,2
48620,2017,2,1,45-64,0,0,1
48620,2017,2,6,45-64,0,0,3
48620,2017,3,1,45-64,.5932703,1,2
48620,2017,3,6,45-64,.23898125,.89215112,8
48620,2017,4,6,45-64,.06909585,.6088267,17
48620,2019,1,6,18-29,0,,1
48620,2019,2,6,18-29,.54987764,,2
48620,2019,3,1,18-29,0,,2
48620,2019,3,2,18-29,0,,3
48620,2019,3,6,18-29,0,,2
48620,2019,4,6,18-29,0,,1
48620,2019,1,1,30-44,0,,2
48620,2019,1,7,30-44,0,,1
48620,2019,2,2,30-44,0,,1
48620,2019,2,3,30-44,0,,1
48620,2019,2,6,30-44,0,,1
48620,2019,3,6,30-44,0,,3
48620,2019,4,6,30-44,.082092881,,12
48620,2019,1,2,45-64,0,,2
48620,2019,2,2,45-64,0,,1
48620,2019,2,6,45-64,.12941022,,8
48620,2019,3,1,45-64,0,,1
48620,2019,3,6,45-64,0,,8
48620,2019,4,6,45-64,.22324716,,10
48620,2021,2,1,18-29,0,,2
48620,2021,2,2,18-29,0,,2
48620,2021,2,3,18-29,0,,1
48620,2021,2,6,18-29,0,,2
48620,2021,3,2,18-29,0,,2
48620,2021,3,3,18-29,0,,1
48620,2021,3,6,18-29,0,,3
48620,2021,4,2,18-29,0,,1
48620,2021,4,4,18-29,0,,1
48620,2021,4,6,18-29,0,,4
48620,2021,1,2,30-44,1,,1
48620,2021,2,1,30-44,0,,1
48620,2021,2,2,30-44,0,,2
48620,2021,2,6,30-44,0,,4
48620,2021,3,1,30-44,0,,1
48620,2021,3,6,30-44,0,,3
48620,2021,4,3,30-44,0,,2
48620,2021,4,6,30-44,0,,8
48620,2021,1,3,45-64,1,,1
48620,2021,1,6,45-64,0,,1
48620,2021,2,6,45-64,0,,4
48620,2021,3,1,45-64,0,,2
48620,2021,3,2,45-64,0,,2
48620,2021,3,3,45-64,0,,1
48620,2021,3,6,45-64,.20414992,,8
48620,2021,4,6,45-64,.38293746,,14
48620,2023,2,6,18-29,0,,2
48620,2023,3,6,18-29,0,,1
48620,2023,4,6,18-29,0,,3
48620,2023,2,2,30-44,0,,1
48620,2023,2,5,30-44,0,,1
48620,2023,2,6,30-44,.15284741,,6
48620,2023,3,2,30-44,0,,2
48620,2023,3,4,30-44,0,,1
48620,2023,3,6,30-44,.2054674,,10
48620,2023,4,3,30-44,1,,1
48620,2023,4,6,30-44,.33392665,,3
48620,2023,1,2,45-64,0,,1
48620,2023,2,1,45-64,0,,1
48620,2023,2,2,45-64,0,,1
48620,2023,2,6,45-64,0,,4
48620,2023,3,6,45-64,0,,5
48620,2023,4,2,45-64,0,,1
48620,2023,4,6,45-64,0,,8
48660,2015,1,6,18-29,0,,1
48660,2015,2,2,18-29,0,0,1
48660,2015,2,6,18-29,0,.46871147,2
48660,2015,3,1,18-29,0,1,1
48660,2015,1,6,30-44,0,1,1
48660,2015,2,6,30-44,0,.36983693,3
48660,2015,4,6,30-44,0,1,3
48660,2015,2,6,45-64,1,0,1
48660,2015,3,2,45-64,0,0,1
48660,2015,3,6,45-64,0,0,1
48660,2017,2,2,18-29,0,0,1
48660,2017,3,6,18-29,0,1,2
48660,2017,2,2,30-44,0,1,1
48660,2017,2,6,30-44,0,1,1
48660,2017,3,1,30-44,0,1,1
48660,2017,3,6,30-44,0,1,1
48660,2017,1,6,45-64,0,,1
48660,2017,4,6,45-64,0,.53083307,2
48660,2019,2,1,30-44,0,,2
48660,2019,4,1,30-44,0,,1
48660,2019,4,6,30-44,.47984281,,2
48660,2019,2,6,45-64,0,,1
48660,2019,3,6,45-64,0,,3
48660,2019,4,2,45-64,1,,1
48660,2019,4,6,45-64,0,,2
48660,2021,2,6,18-29,0,,1
48660,2021,2,2,30-44,0,,1
48660,2021,4,6,30-44,0,,1
48660,2021,2,1,45-64,1,,1
48660,2021,3,1,45-64,0,,1
48660,2021,4,6,45-64,0,,2
48660,2023,3,2,30-44,0,,1
48660,2023,3,6,30-44,0,,1
48660,2023,4,6,30-44,0,,1
48660,2023,1,6,45-64,0,,1
48660,2023,2,2,45-64,0,,1
48660,2023,2,6,45-64,0,,1
48660,2023,3,6,45-64,0,,1
48660,2023,4,6,45-64,1,,1
48700,2015,2,6,18-29,0,0,1
48700,2015,3,6,30-44,0,0,2
48700,2015,4,6,30-44,1,1,1
48700,2015,2,6,45-64,0,0,1
48700,2015,3,6,45-64,0,0,1
48700,2015,4,6,45-64,0,1,1
48700,2017,3,6,18-29,0,1,1
48700,2017,2,1,30-44,0,0,1
48700,2017,3,6,30-44,0,1,1
48700,2017,4,6,30-44,0,1,1
48700,2017,2,4,45-64,0,0,1
48700,2017,2,6,45-64,0,0,2
48700,2017,3,6,45-64,0,0,1
48700,2017,4,6,45-64,0,0,1
48700,2019,2,6,18-29,0,,1
48700,2019,3,6,30-44,0,,1
48700,2019,4,6,30-44,0,,3
48700,2019,2,6,45-64,.28425017,,4
48700,2019,3,6,45-64,0,,3
48700,2019,4,6,45-64,0,,3
48700,2021,2,6,18-29,0,,3
48700,2021,3,1,30-44,0,,1
48700,2021,3,6,30-44,0,,1
48700,2021,4,6,30-44,.29003617,,3
48700,2021,1,6,45-64,0,,1
48700,2021,2,6,45-64,0,,1
48700,2021,3,6,45-64,0,,1
48700,2021,4,6,45-64,0,,3
48700,2023,2,6,18-29,0,,1
48700,2023,1,6,30-44,0,,1
48700,2023,3,6,30-44,0,,1
48700,2023,4,6,30-44,0,,2
48700,2023,2,6,45-64,0,,1
49020,2015,2,6,18-29,0,1,1
49020,2015,2,3,30-44,1,0,1
49020,2015,2,6,30-44,0,1,2
49020,2015,3,6,30-44,.51150668,.24985537,4
49020,2015,4,6,30-44,1,1,1
49020,2015,4,7,30-44,0,1,1
49020,2015,1,6,45-64,0,0,1
49020,2015,2,6,45-64,0,0,1
49020,2015,3,6,45-64,0,1,2
49020,2015,4,2,45-64,0,0,1
49020,2017,3,3,18-29,1,1,1
49020,2017,2,6,30-44,0,0,1
49020,2017,4,6,30-44,0,1,1
49020,2017,3,6,45-64,0,.69290459,3
49020,2017,4,6,45-64,.41584867,0,2
49020,2019,4,6,18-29,.28818229,,3
49020,2019,2,6,30-44,0,,2
49020,2019,4,1,30-44,0,,1
49020,2019,4,6,30-44,0,,1
49020,2019,1,1,45-64,0,,1
49020,2019,2,6,45-64,0,,1
49020,2019,3,6,45-64,0,,1
49020,2019,4,6,45-64,0,,1
49020,2021,2,6,18-29,0,,1
49020,2021,4,2,18-29,0,,1
49020,2021,4,6,18-29,0,,1
49020,2021,2,2,30-44,0,,1
49020,2021,2,6,30-44,0,,2
49020,2021,3,6,30-44,0,,3
49020,2021,1,6,45-64,0,,2
49020,2021,2,6,45-64,0,,1
49020,2021,3,6,45-64,.60935861,,2
49020,2021,4,6,45-64,0,,4
49020,2023,4,6,18-29,0,,1
49020,2023,2,6,30-44,0,,1
49020,2023,4,6,30-44,0,,1
49020,2023,2,1,45-64,0,,1
49020,2023,3,1,45-64,0,,1
49020,2023,4,6,45-64,0,,1
49180,2013,2,1,18-29,0,1,1
49180,2013,2,6,18-29,0,,1
49180,2013,3,1,18-29,0,1,1
49180,2013,1,6,30-44,0,0,1
49180,2013,3,1,30-44,0,0,2
49180,2013,3,6,30-44,0,0,3
49180,2013,3,7,30-44,0,0,1
49180,2013,4,6,30-44,0,0,3
49180,2013,1,6,45-64,1,1,1
49180,2013,2,6,45-64,0,0,2
49180,2013,3,6,45-64,.20614257,.3990351,5
49180,2013,4,6,45-64,0,.48011392,6
49180,2015,2,2,18-29,0,1,1
49180,2015,2,6,18-29,0,0,1
49180,2015,3,5,18-29,0,1,1
49180,2015,4,3,18-29,,,0
49180,2015,4,6,18-29,0,0,2
49180,2015,2,3,30-44,0,0,1
49180,2015,3,6,30-44,0,0,1
49180,2015,2,6,45-64,0,.54636902,4
49180,2015,3,6,45-64,0,0,2
49180,2015,4,1,45-64,0,0,1
49180,2015,4,6,45-64,.31421304,.17797881,6
49180,2017,2,2,18-29,0,0,1
49180,2017,2,6,18-29,0,0,1
49180,2017,4,6,18-29,0,1,1
49180,2017,1,2,30-44,0,0,1
49180,2017,3,1,30-44,0,0,1
49180,2017,3,6,30-44,0,1,1
49180,2017,4,1,30-44,0,1,1
49180,2017,4,6,30-44,0,0,2
49180,2017,1,6,45-64,0,1,1
49180,2017,2,6,45-64,0,.57619053,3
49180,2017,3,1,45-64,0,1,1
49180,2017,3,2,45-64,0,0,1
49180,2017,3,6,45-64,0,.53581864,4
49180,2017,4,6,45-64,.40030503,.65550536,3
49180,2019,1,1,18-29,0,,1
49180,2019,1,2,18-29,0,,1
49180,2019,2,6,18-29,0,,1
49180,2019,3,6,18-29,0,,3
49180,2019,4,6,18-29,0,,1
49180,2019,2,6,30-44,0,,1
49180,2019,3,1,30-44,0,,1
49180,2019,4,6,30-44,0,,3
49180,2019,1,6,45-64,0,,2
49180,2019,2,6,45-64,0,,2
49180,2019,3,6,45-64,0,,2
49180,2019,4,1,45-64,0,,2
49180,2019,4,6,45-64,0,,6
49180,2021,1,2,18-29,0,,1
49180,2021,4,6,18-29,0,,1
49180,2021,3,6,30-44,0,,1
49180,2021,4,6,30-44,0,,1
49180,2021,2,6,45-64,0,,1
49180,2021,3,6,45-64,0,,3
49180,2021,4,6,45-64,0,,2
49180,2023,2,6,18-29,0,,1
49180,2023,3,6,30-44,0,,1
49180,2023,4,1,30-44,0,,1
49180,2023,4,6,30-44,0,,1
49180,2023,2,6,45-64,0,,2
49180,2023,3,1,45-64,0,,1
49180,2023,3,6,45-64,0,,1
49180,2023,4,6,45-64,0,,1
49340,2013,3,6,18-29,0,0,1
49340,2013,4,6,18-29,0,1,2
49340,2013,1,6,30-44,0,0,1
49340,2013,2,1,30-44,0,0,1
49340,2013,2,6,30-44,0,,1
49340,2013,3,2,30-44,0,.56598443,2
49340,2013,4,1,30-44,0,0,1
49340,2013,4,2,30-44,0,1,1
49340,2013,4,6,30-44,0,0,3
49340,2013,1,2,45-64,0,0,1
49340,2013,2,1,45-64,0,0,2
49340,2013,2,3,45-64,0,0,1
49340,2013,2,6,45-64,0,0,4
49340,2013,3,6,45-64,.13582067,.2727958,8
49340,2013,4,1,45-64,0,0,1
49340,2013,4,3,45-64,0,0,2
49340,2013,4,6,45-64,.38079166,.26099738,8
49340,2015,2,2,18-29,0,,1
49340,2015,3,2,18-29,0,0,1
49340,2015,3,6,18-29,0,0,1
49340,2015,4,6,18-29,0,1,1
49340,2015,1,2,30-44,0,0,1
49340,2015,1,6,30-44,0,,1
49340,2015,2,2,30-44,.49207681,1,2
49340,2015,2,6,30-44,0,,1
49340,2015,3,6,30-44,0,1,2
49340,2015,4,3,30-44,0,1,1
49340,2015,4,6,30-44,0,.80132216,4
49340,2015,1,2,45-64,0,0,1
49340,2015,2,6,45-64,.36555883,0,3
49340,2015,3,6,45-64,0,.13922659,8
49340,2015,4,6,45-64,0,0,1
49340,2017,2,2,18-29,0,0,1
49340,2017,2,6,18-29,0,.54537272,4
49340,2017,3,2,18-29,0,0,1
49340,2017,4,6,18-29,0,.64190906,3
49340,2017,1,2,30-44,0,1,1
49340,2017,1,4,30-44,0,1,1
49340,2017,1,6,30-44,0,1,2
49340,2017,2,6,30-44,0,.711878,4
49340,2017,3,2,30-44,0,.54342151,2
49340,2017,3,6,30-44,0,1,3
49340,2017,4,2,30-44,0,0,1
49340,2017,4,3,30-44,0,.69693053,3
49340,2017,4,6,30-44,.064206079,.47311574,14
49340,2017,2,1,45-64,0,0,1
49340,2017,2,3,45-64,0,0,1
49340,2017,2,6,45-64,0,.51525164,4
49340,2017,3,6,45-64,.26299894,.49482223,10
49340,2017,4,2,45-64,0,0,1
49340,2017,4,3,45-64,.49569696,1,2
49340,2017,4,6,45-64,.16362987,.53233153,16
49340,2019,2,6,18-29,0,,2
49340,2019,3,6,18-29,0,,2
49340,2019,4,2,18-29,0,,1
49340,2019,4,6,18-29,0,,2
49340,2019,1,2,30-44,0,,1
49340,2019,1,3,30-44,0,,1
49340,2019,2,2,30-44,0,,1
49340,2019,2,6,30-44,0,,4
49340,2019,3,1,30-44,0,,1
49340,2019,3,2,30-44,0,,1
49340,2019,3,6,30-44,0,,7
49340,2019,4,6,30-44,0,,11
49340,2019,1,2,45-64,0,,1
49340,2019,2,6,45-64,.1810144,,11
49340,2019,3,1,45-64,0,,1
49340,2019,3,2,45-64,0,,2
49340,2019,3,6,45-64,.21641935,,10
49340,2019,4,4,45-64,0,,1
49340,2019,4,6,45-64,0,,10
49340,2021,2,2,18-29,0,,1
49340,2021,3,1,18-29,0,,1
49340,2021,3,6,18-29,0,,1
49340,2021,4,2,18-29,1,,1
49340,2021,4,6,18-29,0,,1
49340,2021,2,2,30-44,0,,1
49340,2021,2,6,30-44,0,,2
49340,2021,3,6,30-44,0,,4
49340,2021,4,3,30-44,0,,3
49340,2021,4,6,30-44,.046390373,,14
49340,2021,1,3,45-64,0,,1
49340,2021,2,3,45-64,0,,1
49340,2021,2,6,45-64,0,,7
49340,2021,3,6,45-64,0,,6
49340,2021,4,3,45-64,0,,1
49340,2021,4,6,45-64,.08608979,,11
49340,2023,3,6,18-29,0,,1
49340,2023,1,3,30-44,0,,1
49340,2023,2,2,30-44,0,,1
49340,2023,2,6,30-44,0,,1
49340,2023,3,6,30-44,0,,3
49340,2023,3,7,30-44,0,,1
49340,2023,4,6,30-44,0,,8
49340,2023,2,6,45-64,.11813837,,8
49340,2023,3,6,45-64,0,,5
49340,2023,4,3,45-64,0,,1
49340,2023,4,6,45-64,0,,7
49420,2013,1,2,18-29,0,0,1
49420,2013,1,6,18-29,0,,1
49420,2013,3,6,18-29,0,1,1
49420,2013,1,2,30-44,0,0,1
49420,2013,2,2,30-44,0,1,1
49420,2013,2,4,30-44,0,,1
49420,2013,2,6,30-44,0,0,1
49420,2013,3,2,30-44,0,0,1
49420,2013,3,6,30-44,0,.43789214,2
49420,2013,1,2,45-64,0,0,1
49420,2013,1,6,45-64,0,0,1
49420,2013,2,2,45-64,0,0,1
49420,2013,2,6,45-64,0,0,1
49420,2013,3,6,45-64,0,.23361936,4
49420,2013,4,6,45-64,1,1,1
49620,2013,2,6,18-29,0,1,1
49620,2013,3,6,18-29,0,0,1
49620,2013,1,6,30-44,0,,1
49620,2013,2,2,30-44,0,1,1
49620,2013,2,6,30-44,.32250264,.33874866,3
49620,2013,3,6,30-44,.3126398,.62527961,3
49620,2013,4,6,30-44,0,.61734694,3
49620,2013,2,6,45-64,.27007979,0,4
49620,2013,3,6,45-64,0,.22252941,4
49620,2013,4,6,45-64,0,0,1
49620,2015,3,6,30-44,0,1,1
49620,2015,4,3,30-44,0,0,1
49620,2015,4,6,30-44,0,.78516108,4
49620,2015,1,2,45-64,0,0,1
49620,2015,2,6,45-64,0,0,1
49620,2015,3,6,45-64,0,0,1
49620,2015,4,6,45-64,0,0,2
49620,2017,2,6,18-29,0,0,1
49620,2017,3,2,18-29,0,0,1
49620,2017,2,6,30-44,0,.3380512,6
49620,2017,3,1,30-44,0,0,1
49620,2017,4,6,30-44,0,.2467639,4
49620,2017,2,6,45-64,0,0,6
49620,2017,3,6,45-64,0,.67436665,3
49620,2017,4,2,45-64,0,0,1
49620,2017,4,6,45-64,0,.72056413,3
49620,2019,2,6,18-29,0,,1
49620,2019,3,6,18-29,0,,1
49620,2019,4,2,18-29,0,,1
49620,2019,4,6,18-29,0,,1
49620,2019,1,1,30-44,0,,1
49620,2019,1,6,30-44,0,,1
49620,2019,2,6,30-44,0,,2
49620,2019,3,1,30-44,0,,1
49620,2019,3,6,30-44,0,,1
49620,2019,1,6,45-64,0,,1
49620,2019,2,2,45-64,0,,1
49620,2019,2,6,45-64,.20408562,,5
49620,2019,3,2,45-64,0,,1
49620,2019,3,6,45-64,0,,2
49620,2019,4,2,45-64,0,,1
49620,2019,4,6,45-64,.20032507,,5
49620,2021,1,1,18-29,0,,1
49620,2021,2,1,18-29,0,,1
49620,2021,2,6,18-29,.38292217,,3
49620,2021,3,2,18-29,0,,1
49620,2021,4,6,18-29,0,,1
49620,2021,1,6,30-44,.4987227,,2
49620,2021,2,1,30-44,0,,1
49620,2021,3,6,30-44,0,,2
49620,2021,4,6,30-44,0,,2
49620,2021,2,6,45-64,0,,2
49620,2021,3,6,45-64,.50326121,,4
49620,2021,4,6,45-64,0,,4
49620,2023,2,6,30-44,0,,1
49620,2023,3,2,30-44,0,,1
49620,2023,4,6,30-44,0,,2
49620,2023,3,1,45-64,0,,1
49620,2023,3,6,45-64,0,,3
49620,2023,4,6,45-64,0,,1
49660,2013,3,6,18-29,0,.35374042,3
49660,2013,1,6,30-44,0,,1
49660,2013,2,6,30-44,.28630722,.24299802,4
49660,2013,3,6,30-44,0,0,3
49660,2013,4,6,30-44,0,0,4
49660,2013,1,1,45-64,0,1,1
49660,2013,1,6,45-64,1,0,1
49660,2013,2,1,45-64,0,0,1
49660,2013,2,6,45-64,0,.28363845,7
49660,2013,3,1,45-64,0,1,1
49660,2013,3,6,45-64,0,0,2
49660,2013,4,6,45-64,0,1,1
49660,2015,1,1,18-29,,,0
49660,2015,2,6,18-29,0,.46319595,2
49660,2015,2,7,18-29,0,0,1
49660,2015,3,1,18-29,0,0,1
49660,2015,1,6,30-44,0,,1
49660,2015,2,6,30-44,0,0,4
49660,2015,3,6,30-44,1,0,1
49660,2015,4,2,30-44,1,,1
49660,2015,4,6,30-44,0,.48558953,2
49660,2015,1,6,45-64,0,0,1
49660,2015,2,1,45-64,0,0,1
49660,2015,2,6,45-64,.11838762,.12580477,8
49660,2015,3,6,45-64,0,.4042564,7
49660,2015,4,6,45-64,.14454238,.15891215,6
49660,2017,2,2,18-29,0,,1
49660,2017,2,6,18-29,0,1,1
49660,2017,3,2,18-29,0,0,1
49660,2017,3,6,18-29,0,,2
49660,2017,4,6,18-29,0,1,1
49660,2017,2,6,30-44,0,0,2
49660,2017,3,1,30-44,0,,1
49660,2017,3,6,30-44,0,1,3
49660,2017,4,6,30-44,0,1,1
49660,2017,1,6,45-64,0,0,1
49660,2017,2,6,45-64,0,0,4
49660,2017,3,6,45-64,1,.33000728,3
49660,2017,4,6,45-64,0,.21834287,4
49660,2019,2,6,18-29,0,,1
49660,2019,3,6,18-29,0,,1
49660,2019,4,6,18-29,0,,2
49660,2019,2,1,30-44,0,,1
49660,2019,2,6,30-44,0,,5
49660,2019,3,6,30-44,0,,1
49660,2019,2,6,45-64,.35161218,,5
49660,2019,3,2,45-64,0,,1
49660,2019,3,6,45-64,.3004587,,6
49660,2019,4,6,45-64,0,,3
49660,2021,1,6,18-29,.53606385,,2
49660,2021,2,1,18-29,0,,1
49660,2021,2,6,18-29,0,,3
49660,2021,3,6,18-29,0,,1
49660,2021,1,2,30-44,0,,1
49660,2021,2,6,30-44,0,,1
49660,2021,3,1,30-44,0,,1
49660,2021,3,6,30-44,0,,2
49660,2021,4,6,30-44,.3497265,,3
49660,2021,2,1,45-64,0,,1
49660,2021,2,6,45-64,0,,4
49660,2021,4,6,45-64,0,,2
49660,2023,1,6,18-29,0,,1
49660,2023,2,1,18-29,0,,1
49660,2023,3,6,18-29,0,,1
49660,2023,4,6,18-29,0,,1
49660,2023,2,6,30-44,0,,3
49660,2023,3,2,30-44,0,,1
49660,2023,3,6,30-44,0,,3
49660,2023,4,6,30-44,0,,4
49660,2023,1,6,45-64,0,,1
49660,2023,2,6,45-64,.19213673,,6
49660,2023,2,7,45-64,0,,1
49660,2023,3,6,45-64,.12672131,,8
49660,2023,4,6,45-64,0,,3
49740,2015,1,2,18-29,1,0,1
49740,2015,3,2,18-29,0,0,2
49740,2015,3,6,18-29,0,0,1
49740,2015,1,2,30-44,0,0,2
49740,2015,2,6,30-44,0,0,1
49740,2015,3,2,30-44,0,.26929083,3
49740,2015,4,2,30-44,0,0,1
49740,2015,1,2,45-64,.21495266,0,8
49740,2015,2,2,45-64,0,0,1
49740,2015,2,6,45-64,0,0,2
49740,2015,3,1,45-64,0,1,1
49740,2015,3,4,45-64,0,0,1
49740,2015,3,6,45-64,.35854742,0,3
49740,2015,4,1,45-64,0,0,1
49740,2015,4,6,45-64,0,0,1
49740,2017,3,2,18-29,0,0,1
49740,2017,2,2,30-44,0,.4249489,2
49740,2017,2,6,30-44,0,1,1
49740,2017,3,2,30-44,0,0,1
49740,2017,4,6,30-44,0,1,1
49740,2017,1,2,45-64,0,.32846391,3
49740,2017,1,6,45-64,0,0,1
49740,2017,2,2,45-64,1,0,1
49740,2017,2,6,45-64,0,1,1
49740,2017,3,6,45-64,0,0,1
49740,2017,4,1,45-64,1,0,1
49740,2019,1,6,18-29,0,,1
49740,2019,3,2,18-29,0,,1
49740,2019,1,2,30-44,0,,1
49740,2019,2,2,30-44,0,,1
49740,2019,3,2,30-44,0,,2
49740,2019,3,6,30-44,0,,1
49740,2019,4,2,30-44,0,,1
49740,2019,1,2,45-64,0,,1
49740,2019,2,2,45-64,0,,1
49740,2019,2,6,45-64,0,,2
49740,2019,3,2,45-64,0,,2
49740,2019,4,2,45-64,0,,1
49740,2019,4,6,45-64,0,,1
49740,2021,2,2,18-29,0,,1
49740,2021,1,2,30-44,0,,1
49740,2021,3,2,30-44,0,,2
49740,2021,3,3,30-44,0,,1
49740,2021,4,2,30-44,0,,2
49740,2021,3,2,45-64,.35960463,,3
49740,2021,4,2,45-64,0,,1
49740,2023,3,2,18-29,0,,1
49740,2023,1,2,30-44,0,,1
49740,2023,2,2,30-44,0,,2
49740,2023,2,4,30-44,0,,1
49740,2023,4,2,30-44,0,,2
49740,2023,1,2,45-64,0,,2
49740,2023,2,2,45-64,0,,1
49740,2023,2,6,45-64,0,,1
49740,2023,3,2,45-64,.49081817,,2
49740,2023,3,6,45-64,0,,3
49740,2023,4,6,45-64,0,,1
