"design","N","rep","K_est","loglik","bic_standard","bic_panel","cf_effect","gamma_weighted","k_selected_bic","k_selected_stable","k_selected_osce","k_selected_consensus"
"Cancellation",2000,1,1,-4391.64030646232,8874.49144243915,8853.00794355294,-1.64398877658708,0.110967647030621,1,5,3,1
"Cancellation",2000,1,2,-4385.24920087291,8960.52096323436,8915.76367388808,5.54630246470495,0.0555791981657005,1,5,3,1
"Cancellation",2000,1,3,-4352.82024473532,8994.47478293324,8926.44370312689,-6.38989051749,0.0493936778387706,1,5,3,1
"Cancellation",2000,1,4,-4317.83490016158,9023.3158257598,8932.01095549338,-2.10910527663369,0.00304945988760322,1,5,3,1
"Cancellation",2000,1,5,-4296.43186430975,9079.3214860302,8964.74282530372,-2.60210157538413,0.0105108939702365,1,5,3,1
"Cancellation",2000,2,1,-4340.31539143095,8771.8416123764,8750.35811349019,5.61204751864557,0.0654105520778951,1,5,3,1
"Cancellation",2000,2,2,-4329.79041554483,8849.60339257821,8804.84610323192,9.03303866721543,0.026552967282218,1,5,3,1
"Cancellation",2000,2,3,-4362.25971499256,9013.35372344772,8945.32264364136,5.55228478442011,0.0111557817427975,1,5,3,1
"Cancellation",2000,2,4,-4381.6867981661,9151.01962176886,9059.71475150244,13.5728684724509,0.0214746387888663,1,5,3,1
"Cancellation",2000,2,5,-4324.59953727153,9135.65683195375,9021.07817122727,16.7805684957072,0.009570979352041,1,5,3,1
"Cancellation",2000,3,1,-4395.78700391599,8882.78483734647,8861.30133846026,3.32934251667138,0.0830128872245622,2,5,2,2
"Cancellation",2000,3,2,-4343.91189397286,8877.84634943427,8833.08906008799,-0.491131772629745,-0.013283730928698,2,5,2,2
"Cancellation",2000,3,3,-4334.77826246542,8958.39081839345,8890.3597385871,-5.21567691769666,0.0454695844032165,2,5,2,2
"Cancellation",2000,3,4,-4308.00468155853,9003.65538855371,8912.3505182873,-1.79308463981608,0.0135071649500248,2,5,2,2
"Cancellation",2000,3,5,-4314.45071291545,9115.3591832416,9000.78052251512,5.3433543338419,0.0262861670826919,2,5,2,2
"Cancellation",2000,4,1,-4362.75119306979,8816.71321565408,8795.22971676787,18.5385515762001,-0.00957552519339431,2,5,4,2
"Cancellation",2000,4,2,-4324.47949911127,8838.9815597111,8794.22427036482,-6.10225576230288,0.0379269574841117,2,5,4,2
"Cancellation",2000,4,3,-4326.70044498772,8942.23518343804,8874.20410363168,10.4895422035818,0.028854894759994,2,5,4,2
"Cancellation",2000,4,4,-4301.37623730122,8990.39850003908,8899.09362977266,2.79377576194249,0.0430164668130577,2,5,4,2
"Cancellation",2000,4,5,-4389.36289602513,9265.18354946095,9150.60488873446,14.2183163147225,0.00991253500859326,2,5,4,2
"Cancellation",2000,5,1,-4314.96395929166,8721.13874809783,8699.65524921161,6.54754553404665,0.115814032408347,1,5,2,1
"Cancellation",2000,5,2,-4362.8874147175,8915.79739092354,8871.04010157726,-8.01501610693765,0.0573894064710794,1,5,2,1
"Cancellation",2000,5,3,-4322.30680140817,8933.44789627893,8865.41681647258,-2.20891064100275,0.0276827160100609,1,5,2,1
"Cancellation",2000,5,4,-4289.90843321688,8967.46289187041,8876.15802160399,9.24291262092458,0.0194009503974477,1,5,2,1
"Cancellation",2000,5,5,-4295.8905783899,9078.23891419049,8963.66025346401,8.08902721943716,0.0315453173179292,1,5,2,1
"Cancellation",2000,6,1,-4355.99619346053,8803.20321643556,8781.71971754934,-5.90588237160859,0.104674656399895,1,4,2,1
"Cancellation",2000,6,2,-4400.63162763366,8991.28581675587,8946.52852740959,5.71036924816307,0.0516396277372866,1,4,2,1
"Cancellation",2000,6,3,-4340.521510405,8969.87731427259,8901.84623446624,7.79196346433196,0.0142296498457197,1,4,2,1
"Cancellation",2000,6,4,-4375.30030399104,9138.24663341873,9046.94176315232,8.56015868771167,-0.0191814656922475,1,4,2,1
"Cancellation",2000,6,5,-4312.43825569241,9111.33426879552,8996.75560806903,10.4034458771859,-0.000501933214584921,1,4,2,1
"Cancellation",2000,7,1,-4402.38868685075,8895.988203216,8874.50470432979,-15.3043397733006,0.0762540079604498,2,5,4,2
"Cancellation",2000,7,2,-4316.19919215891,8822.42094580636,8777.66365646008,2.15493761657836,0.0130833721690249,2,5,4,2
"Cancellation",2000,7,3,-4289.04220433445,8866.9187021315,8798.88762232515,-0.136877125564094,0.0365945661241738,2,5,4,2
"Cancellation",2000,7,4,-4362.24289058372,9112.13180660408,9020.82693633767,11.0200059369457,0.0371404504442374,2,5,4,2
"Cancellation",2000,7,5,-4358.42997313216,9203.31770367502,9088.73904294853,1.61534134282784,0.00807304961132621,2,5,4,2
"Cancellation",2000,8,1,-4263.43972076924,8618.09027105299,8596.60677216677,10.7375601193244,0.0226291180484993,1,5,2,1
"Cancellation",2000,8,2,-4305.42069975684,8800.86396100224,8756.10667165596,20.08920915724,-0.0317920587889736,1,5,2,1
"Cancellation",2000,8,3,-4353.79205035444,8996.41839417149,8928.38731436513,3.21315836936687,0.013660586889878,1,5,2,1
"Cancellation",2000,8,4,-4346.06911742982,9079.78426029628,8988.47939002986,13.2815834580806,0.0240512686640077,1,5,2,1
"Cancellation",2000,8,5,-4325.11858902297,9136.69493545663,9022.11627473014,4.49226707207606,0.0166110354554249,1,5,2,1
"Cancellation",2000,9,1,-4344.87396087476,8780.95875126402,8759.47525237781,-7.79366675686552,0.0781502851261744,1,5,3,1
"Cancellation",2000,9,2,-4336.2868776116,8862.59631671176,8817.83902736547,10.032924141163,0.015980114941275,1,5,3,1
"Cancellation",2000,9,3,-4314.97461199231,8918.78351744722,8850.75243764087,-5.57144222655661,0.0396356886911461,1,5,3,1
"Cancellation",2000,9,4,-4353.71579165943,9095.0776087555,9003.77273848908,3.96460677208021,0.000248205404333014,1,5,3,1
"Cancellation",2000,9,5,-4364.58324494062,9215.62424729193,9101.04558656545,5.18257329547207,0.00475490607948372,1,5,3,1
"Cancellation",2000,10,1,-4347.07944258888,8785.36971469227,8763.88621580605,16.7379972769357,0.00474716236103641,2,5,2,2
"Cancellation",2000,10,2,-4303.72580576854,8797.47417302564,8752.71688367936,12.9737115724348,0.0101569587903966,2,5,2,2
"Cancellation",2000,10,3,-4324.77613136893,8938.38655620045,8870.3554763941,5.70366086044451,0.00550889072549545,2,5,2,2
"Cancellation",2000,10,4,-4334.81086254257,9057.2677505218,8965.96288025538,0.00277314000036782,0.0224227095763799,2,5,2,2
"Cancellation",2000,10,5,-4271.59783923368,9029.65343587804,8915.07477515156,5.1787712462881,0.0148251086735301,2,5,2,2
"Cancellation",2000,11,1,-4475.84210854096,9042.89504659643,9021.41154771022,2.21580272684528,0.0703701227214222,4,5,3,3
"Cancellation",2000,11,2,-4397.01401606198,8984.0505936125,8939.29330426622,8.64116039688657,0.0155776941324029,4,5,3,3
"Cancellation",2000,11,3,-4407.16447399114,9103.16324144489,9035.13216163854,0.747827310555584,0.0350862455213796,4,5,3,3
"Cancellation",2000,11,4,-4299.92137487152,8987.48877517969,8896.18390491327,-11.4232143014125,0.0502629605008465,4,5,3,3
"Cancellation",2000,11,5,-4351.51895657631,9189.49567056331,9074.91700983682,3.76419249390503,-0.00131140388019776,4,5,3,3
"Cancellation",2000,12,1,-4337.82703577797,8766.86490107044,8745.38140218423,18.9829108777745,-0.0134035369361612,1,3,4,1
"Cancellation",2000,12,2,-4358.57906273174,8907.18068695202,8862.42339760574,-5.47364021175347,0.0622522320974444,1,3,4,1
"Cancellation",2000,12,3,-4297.73613128254,8884.30655602767,8816.27547622132,-6.77455319990569,0.0270195679203917,1,3,4,1
"Cancellation",2000,12,4,-4294.98627726658,8977.61857996981,8886.31370970339,3.77833788410237,0.0253609660014179,1,3,4,1
"Cancellation",2000,12,5,-4340.4444868963,9167.34673120329,9052.76807047681,11.0187954276319,0.00728458828317992,1,3,4,1
"Cancellation",2000,13,1,-4425.10148203775,8941.41379359,8919.93029470379,2.68888093753806,0.0916315204716502,2,5,1,1
"Cancellation",2000,13,2,-4318.04114875489,8826.10485899832,8781.34756965204,3.54937474058046,0.0267203327923187,2,5,1,1
"Cancellation",2000,13,3,-4397.42945540803,9083.69320427866,9015.66212447231,14.6344640870436,0.0194896461212867,2,5,1,1
"Cancellation",2000,13,4,-4293.94738529937,8975.54079603538,8884.23592576896,1.46777804976831,0.0535139603764685,2,5,1,1
"Cancellation",2000,13,5,-4281.97213344612,9050.40202430292,8935.82336357644,-2.52920111088007,0.000983061638436163,2,5,1,1
"Cancellation",2000,14,1,-4398.58856741293,8888.38796434037,8866.90446545415,-2.212838646888,0.0657204565918584,2,5,2,2
"Cancellation",2000,14,2,-4338.81231328199,8867.64718805254,8822.88989870625,6.49127926038543,0.0189752472330021,2,5,2,2
"Cancellation",2000,14,3,-4330.8916997764,8950.6176930154,8882.58661320905,10.8532126132591,0.000241776167642819,2,5,2,2
"Cancellation",2000,14,4,-4345.41407571554,9078.47417686773,8987.16930660131,5.82753853972461,0.0216305267708115,2,5,2,2
"Cancellation",2000,14,5,-4312.65084822337,9111.75945385744,8997.18079313095,4.5253349655298,0.0461335730807478,2,5,2,2
"Cancellation",2000,15,1,-4398.11401365436,8887.43885682322,8865.95535793701,22.7496020089903,0.0414971233849237,2,5,2,2
"Cancellation",2000,15,2,-4317.22580814105,8824.47417777066,8779.71688842438,12.2887714594237,0.0024650880931022,2,5,2,2
"Cancellation",2000,15,3,-4337.2688534849,8963.3720004324,8895.34092062605,9.00845202928834,-0.00510226047437282,2,5,2,2
"Cancellation",2000,15,4,-4384.03364940517,9155.71332424698,9064.40845398056,24.2772099779575,-0.00162456874826383,2,5,2,2
"Cancellation",2000,15,5,-4321.07867575724,9128.61510892517,9014.03644819868,15.1703511099932,0.0102107284681699,2,5,2,2
"Cancellation",2000,16,1,-4330.83125775373,8752.87334502196,8731.38984613574,16.897097511175,0.0399726474468453,2,5,3,2
"Cancellation",2000,16,2,-4281.39897812075,8752.82051773004,8708.06322838376,-2.45525193276187,0.0244740240404915,2,5,3,2
"Cancellation",2000,16,3,-4316.57904873586,8921.99239093431,8853.96131112796,13.9902944818672,0.0125258402251562,2,5,3,2
"Cancellation",2000,16,4,-4316.30954695672,9020.26511935008,8928.96024908366,11.3621495587724,0.0072157855403216,2,5,3,2
"Cancellation",2000,16,5,-4331.15892009987,9148.77559761043,9034.19693688394,18.477181090401,0.0166040798442633,2,5,3,2
"Cancellation",2000,17,1,-4296.28570921205,8683.7822479386,8662.29874905239,9.1292635698267,0.00117445839773226,1,5,4,1
"Cancellation",2000,17,2,-4339.76644540553,8869.55545229962,8824.79816295334,3.21561921608,0.000552955214063344,1,5,4,1
"Cancellation",2000,17,3,-4331.12400292044,8951.08229930348,8883.05121949713,-5.14646688023956,0.0137360399359325,1,5,4,1
"Cancellation",2000,17,4,-4304.84889008698,8997.3438056106,8906.03893534418,3.15404912959641,0.0324602192981705,1,5,4,1
"Cancellation",2000,17,5,-4321.94582960636,9130.34941662341,9015.77075589693,5.02580029919962,0.016224319462028,1,5,4,1
"Cancellation",2000,18,1,-4368.63678888246,8828.48440727942,8807.00090839321,-6.47298506836941,0.0850417432569204,3,5,1,1
"Cancellation",2000,18,2,-4341.87206922236,8873.76669993327,8829.00941058698,11.3553491736418,0.0318438009133522,3,5,1,1
"Cancellation",2000,18,3,-4279.10904324441,8847.05237995143,8779.02130014508,14.495676380308,-0.0509395977936788,3,5,1,1
"Cancellation",2000,18,4,-4411.50374867574,9210.65352278813,9119.34865252171,6.04582136410667,0.0218219065722562,3,5,1,1
"Cancellation",2000,18,5,-4291.84152481175,9070.14080703419,8955.56214630771,0.0753721504957588,0.00885514448669175,3,5,1,1
"Cancellation",2000,19,1,-4390.00009762071,8871.21102475592,8849.7275258697,3.43390113259956,-0.0035719134074303,2,5,3,2
"Cancellation",2000,19,2,-4352.11666121959,8894.25588392773,8849.49859458145,19.7274653769423,0.030380896031116,2,5,3,2
"Cancellation",2000,19,3,-4326.44296749278,8941.72022844816,8873.68914864181,-2.03438437779489,0.0390957123623869,2,5,3,2
"Cancellation",2000,19,4,-4343.01056253212,9073.6671505009,8982.36228023448,5.88568839909501,0.0267619024023777,2,5,3,2
"Cancellation",2000,19,5,-4346.09636453314,9178.65048647698,9064.07182575049,-2.9172850562574,0.0177013897382354,2,5,3,2
"Cancellation",2000,20,1,-4325.03522845033,8741.28128641517,8719.79778752896,8.7888508314884,0.058807769532874,1,5,3,1
"Cancellation",2000,20,2,-4374.7311594102,8939.48488030896,8894.72759096268,18.0153048051736,0.0306228877292891,1,5,3,1
"Cancellation",2000,20,3,-4276.46710761039,8841.76850868338,8773.73742887703,6.62479124921713,0.0578560285973403,1,5,3,1
"Cancellation",2000,20,4,-4399.42405248458,9186.49413040581,9095.18926013939,16.4835335463754,-0.00981075931377356,1,5,3,1
"Cancellation",2000,20,5,-4293.28935225206,9073.03646191481,8958.45780118832,-3.13695984130646,0.0435133665972542,1,5,3,1
"Cancellation",2000,21,1,-4257.11478843578,8605.44040638607,8583.95690749986,5.85675405421487,0.0645965518759447,1,5,2,1
"Cancellation",2000,21,2,-4356.27904862971,8902.58065874796,8857.82336940168,9.07895204949937,0.023813550355231,1,5,2,1
"Cancellation",2000,21,3,-4290.88381549325,8870.6019244491,8802.57084464275,12.578584225548,0.0328778222639539,1,5,2,1
"Cancellation",2000,21,4,-4299.55767589963,8986.76137723592,8895.4565069695,-8.34193136511598,0.0404305258245225,1,5,2,1
"Cancellation",2000,21,5,-4308.43534062061,9103.3284386519,8988.74977792542,-3.06218060875367,0.00945983639219879,1,5,2,1
"Cancellation",2000,22,1,-4397.75777499435,8886.72637950321,8865.242880617,-8.10715186583659,0.123825191651259,3,3,3,3
"Cancellation",2000,22,2,-4321.63940485214,8833.30137119282,8788.54408184654,3.5217624679996,0.0631715734943255,3,3,3,3
"Cancellation",2000,22,3,-4264.84761798216,8818.52952942692,8750.49844962057,3.20411574682259,0.0359133654057722,3,3,3,3
"Cancellation",2000,22,4,-4263.53264945644,8914.71132434952,8823.4064540831,8.8012781150412,0.0330003766852025,3,3,3,3
"Cancellation",2000,22,5,-4335.23991188996,9156.93758119062,9042.35892046414,1.55506680953528,0.0119443794710078,3,3,3,3
"Cancellation",2000,23,1,-4338.50014415529,8768.21111782509,8746.72761893888,-7.66468137818102,0.0710699784766702,1,5,3,1
"Cancellation",2000,23,2,-4378.7802065663,8947.58297462115,8902.82568527487,12.3248829633021,0.0364127947177181,1,5,3,1
"Cancellation",2000,23,3,-4349.33305120942,8987.50039588145,8919.4693160751,9.56217516722999,0.000837661397784133,1,5,3,1
"Cancellation",2000,23,4,-4364.22926684888,9116.1045591344,9024.79968886798,-4.22755320964227,0.000484026209075767,1,5,3,1
"Cancellation",2000,23,5,-4364.28239129115,9215.02253999299,9100.44387926651,-0.314854009692419,0.0331025095238619,1,5,3,1
"Cancellation",2000,24,1,-4325.41074654119,8742.03232259689,8720.54882371067,-7.63724825815459,0.0664490109925095,1,4,4,4
"Cancellation",2000,24,2,-4378.46033904427,8946.94323957709,8902.18595023081,1.13530349628827,0.0182358706897678,1,4,4,4
"Cancellation",2000,24,3,-4331.06947396884,8950.97324140028,8882.94216159393,5.07463362501452,0.000875031696118883,1,4,4,4
"Cancellation",2000,24,4,-4351.73153570913,9091.10909685491,8999.80422658849,6.53918737909962,0.0369955296040854,1,4,4,4
"Cancellation",2000,24,5,-4340.50108575752,9167.45992892574,9052.88126819925,1.04662486149212,-0.00524764752911355,1,4,4,4
"Cancellation",2000,25,1,-4305.70028573388,8702.61140098227,8681.12790209606,2.49302907117262,0.0614660223803463,1,5,5,5
"Cancellation",2000,25,2,-4306.99255870718,8804.00767890292,8759.25038955664,15.233421567348,0.0931168411581214,1,5,5,5
"Cancellation",2000,25,3,-4331.09020195416,8951.01469737092,8882.98361756457,-7.55834572526392,0.0307258848796664,1,5,5,5
"Cancellation",2000,25,4,-4350.72442531834,9089.09487607332,8997.7900058069,0.853648815989191,0.00749449872369677,1,5,5,5
"Cancellation",2000,25,5,-4293.50623380727,9073.47022502524,8958.89156429876,4.52091290143004,-0.00378933991020977,1,5,5,5
"Cancellation",2000,26,1,-4332.42208470957,8756.05499893364,8734.57150004743,-0.551388342983972,0.015504535167293,1,5,2,1
"Cancellation",2000,26,2,-4320.16856051903,8830.35968252662,8785.60239318034,7.73728448483058,0.0230276119239535,1,5,2,1
"Cancellation",2000,26,3,-4280.29793297288,8849.43015940837,8781.39907960202,4.36574738521853,0.028789525001878,1,5,2,1
"Cancellation",2000,26,4,-4270.15729231323,8927.9606100631,8836.65573979668,16.5983713231641,-0.0110228329764508,1,5,2,1
"Cancellation",2000,26,5,-4262.44863717874,9011.35503176817,8896.77637104169,9.59009629194299,0.0267946744176497,1,5,2,1
"Cancellation",2000,27,1,-4346.46475528572,8784.14034008595,8762.65684119974,-6.96516366804897,0.0480391992862907,1,5,3,1
"Cancellation",2000,27,2,-4360.92594819201,8911.87445787258,8867.1171685263,6.36427759286459,0.0295174144844448,1,5,3,1
"Cancellation",2000,27,3,-4330.41146928159,8949.65723202578,8881.62615221943,-0.91524340896881,0.0588366544491825,1,5,3,1
"Cancellation",2000,27,4,-4295.16700048701,8977.98002641066,8886.67515614424,1.64348715532553,0.0129557943544928,1,5,3,1
"Cancellation",2000,27,5,-4247.59474320638,8981.64724382345,8867.06858309697,0.948399668895573,0.0419471022166528,1,5,3,1
"Cancellation",2000,28,1,-4298.3640032398,8687.93883599411,8666.4553371079,-1.85354828487124,0.0654755781477528,1,4,3,1
"Cancellation",2000,28,2,-4300.98844910727,8791.9994597031,8747.24217035681,10.8508941531133,-0.0139545405251949,1,4,3,1
"Cancellation",2000,28,3,-4295.24139744086,8879.31708834431,8811.28600853796,8.61002893733777,-0.00988497128532676,1,4,3,1
"Cancellation",2000,28,4,-4269.37090792358,8926.3878412838,8835.08297101738,9.78968826909071,0.0190961097800348,1,4,3,1
"Cancellation",2000,28,5,-4289.85048048081,9066.15871837231,8951.58005764583,-1.81710693314689,0.00927733784630711,1,4,3,1
"Cancellation",2000,29,1,-4286.50782322848,8664.22647597147,8642.74297708526,12.3853194856538,0.0788874092106504,1,3,3,3
"Cancellation",2000,29,2,-4343.94613027803,8877.91482204461,8833.15753269833,2.2430013806309,-0.00244685010709528,1,3,3,3
"Cancellation",2000,29,3,-4392.81722797257,9074.46874940774,9006.43766960139,2.72694409126769,0.0180434011953527,1,3,3,3
"Cancellation",2000,29,4,-4331.71129285122,9051.0686111391,8959.76374087268,13.6518215883126,0.0114166507385569,1,3,3,3
"Cancellation",2000,29,5,-4323.55006834447,9133.55789409963,9018.97923337315,14.7167317678897,0.00434582445030597,1,3,3,3
"Cancellation",2000,30,1,-4308.30239802708,8707.81562556867,8686.33212668246,7.87175602977155,0.0469909603221449,1,5,4,1
"Cancellation",2000,30,2,-4293.99165647224,8778.00587443304,8733.24858508676,7.21150788833771,0.0112121754318457,1,5,4,1
"Cancellation",2000,30,3,-4359.84490218539,9008.52409783339,8940.49301802704,2.6293871779171,0.0273486189586888,1,5,4,1
"Cancellation",2000,30,4,-4263.9407251596,8915.52747575585,8824.22260548943,-8.65559782929414,0.0226912982508748,1,5,4,1
"Cancellation",2000,30,5,-4298.16652971957,9082.79081684984,8968.21215612336,-8.49194287537594,0.0183530336874095,1,5,4,1
"Cancellation",2000,31,1,-4366.53972263766,8824.29027478983,8802.80677590361,21.4346090445509,-0.044921806922174,1,3,4,1
"Cancellation",2000,31,2,-4373.84384037472,8937.71024223798,8892.9529528917,19.7837563208797,0.0257753228153916,1,3,4,1
"Cancellation",2000,31,3,-4369.77673165558,9028.38775677375,8960.3566769674,19.1710110353021,0.00881277250986709,1,3,4,1
"Cancellation",2000,31,4,-4334.55183711818,9056.749699673,8965.44482940658,8.32348541754232,0.0158774999426078,1,3,4,1
"Cancellation",2000,31,5,-4348.98979683867,9184.43735108803,9069.85869036155,10.780466614272,-0.0062829203701084,1,3,4,1
"Cancellation",2000,32,1,-4320.10839339028,8731.42761629507,8709.94411740885,6.27352294620572,-0.0239000492356126,1,5,5,5
"Cancellation",2000,32,2,-4360.00958677586,8910.04173504028,8865.284445694,-1.33412586286237,0.0432079265888693,1,5,5,5
"Cancellation",2000,32,3,-4364.72984174486,9018.29397695232,8950.26289714597,10.9714266822132,-0.0125354340236393,1,5,5,5
"Cancellation",2000,32,4,-4347.03245019057,9081.71092581778,8990.40605555137,0.747516553363964,0.00477028568519725,1,5,5,5
"Cancellation",2000,32,5,-4351.40678254226,9189.27132249521,9074.69266176873,11.3770804532373,-0.0188217908681164,1,5,5,5
"Cancellation",2000,33,1,-4330.82057421942,8752.85197795334,8731.36847906713,7.31480948768265,-0.0154757799511192,1,4,3,1
"Cancellation",2000,33,2,-4329.53165420829,8849.08586990513,8804.32858055884,1.63834373583547,0.0298784568555477,1,4,3,1
"Cancellation",2000,33,3,-4288.60914997919,8866.05259342098,8798.02151361463,6.30930830878393,0.0584761183516119,1,4,3,1
"Cancellation",2000,33,4,-4306.45718989601,9000.56040522867,8909.25553496225,6.65392014491614,0.0496986372599127,1,4,3,1
"Cancellation",2000,33,5,-4343.6908695674,9173.83949654549,9059.260835819,3.95563513216627,0.0214413068268182,1,4,3,1
"Cancellation",2000,34,1,-4342.97872368498,8777.16827688446,8755.68477799825,6.08541742327716,0.0234960050569787,2,3,4,2
"Cancellation",2000,34,2,-4268.57996239589,8727.18248628034,8682.42519693406,8.67674119841892,0.0553758155024095,2,3,4,2
"Cancellation",2000,34,3,-4351.39608754549,8991.62646855358,8923.59538874723,9.63295044461871,-0.0151540177749665,2,3,4,2
"Cancellation",2000,34,4,-4307.47656068649,9002.59914680963,8911.29427654322,16.0307569528544,-0.00608690967668328,2,3,4,2
"Cancellation",2000,34,5,-4313.14563317678,9112.74902376425,8998.17036303776,19.7356507229478,0.0093205044819666,2,3,4,2
"Cancellation",2000,35,1,-4360.36804391013,8811.94691733477,8790.46341844856,7.52919258753307,0.0460502053266596,1,5,3,1
"Cancellation",2000,35,2,-4378.41996617939,8946.86249384732,8902.10520450104,10.6410663130085,0.00862336291877954,1,5,3,1
"Cancellation",2000,35,3,-4385.10854092306,9059.05137530872,8991.02029550237,-9.25040254160399,0.0243028756432101,1,5,3,1
"Cancellation",2000,35,4,-4331.73612701476,9051.11827946618,8959.81340919976,9.15724872255983,-0.000618648305581142,1,5,3,1
"Cancellation",2000,35,5,-4303.89638361149,9094.25052463367,8979.67186390719,6.67857531263863,0.023121025370448,1,5,3,1
"Cancellation",2000,36,1,-4370.83022636164,8832.87128223777,8811.38778335156,13.6578014269894,-0.0140423880447373,2,5,5,5
"Cancellation",2000,36,2,-4326.30956247799,8842.64168644452,8797.88439709824,11.9680819070071,0.0507542226119405,2,5,5,5
"Cancellation",2000,36,3,-4319.50211231203,8927.83851808666,8859.80743828031,-3.90428409325821,0.0646819610338547,2,5,5,5
"Cancellation",2000,36,4,-4354.49066365423,9096.62735274511,9005.3224824787,11.0584549232316,0.00519561870744861,2,5,5,5
"Cancellation",2000,36,5,-4303.03764322415,9092.53304385899,8977.95438313251,-5.11231497168998,-0.0186007439524503,2,5,5,5
"Cancellation",2000,37,1,-4323.04898076187,8737.30879103824,8715.82529215202,5.60571874331188,0.00988322453989372,2,4,3,2
"Cancellation",2000,37,2,-4274.88800429584,8739.79857008022,8695.04128073394,4.48205241597408,0.00959099767900532,2,4,3,2
"Cancellation",2000,37,3,-4278.05080711759,8844.93590769779,8776.90482789144,7.79519506403374,0.0282219079390819,2,4,3,2
"Cancellation",2000,37,4,-4356.9460070791,9101.53803959485,9010.23316932844,8.77348909536063,0.0312464520254212,2,4,3,2
"Cancellation",2000,37,5,-4312.48552094791,9111.42879930651,8996.85013858002,6.24260637566047,0.0197859685997858,2,4,3,2
"Cancellation",2000,38,1,-4297.33965894734,8685.89014740919,8664.40664852298,5.63895375328554,0.0667595558876275,1,5,5,5
"Cancellation",2000,38,2,-4417.10448213654,9024.23152576163,8979.47423641535,23.0610768475956,0.0354773453201186,1,5,5,5
"Cancellation",2000,38,3,-4361.25593032397,9011.34615411054,8943.31507430419,8.01172619714436,0.0126643274203604,1,5,5,5
"Cancellation",2000,38,4,-4386.6629837513,9160.97199293925,9069.66712267283,5.46867928732208,-0.00164723502316377,1,5,5,5
"Cancellation",2000,38,5,-4332.63496496954,9151.72768734978,9037.14902662329,10.7031203758444,0.0331927420742318,1,5,5,5
"Cancellation",2000,39,1,-4264.36071479147,8619.93225909744,8598.44876021122,-1.08753969606983,0.114094787708058,1,5,3,1
"Cancellation",2000,39,2,-4258.37684874396,8706.77625897646,8662.01896963018,-13.356558922509,0.0427797402925579,1,5,3,1
"Cancellation",2000,39,3,-4304.84159670702,8898.51748687663,8830.48640707028,4.13444117167795,0.0262593529601375,1,5,3,1
"Cancellation",2000,39,4,-4347.78310809624,9083.21224162913,8991.90737136271,9.19720448495175,0.0193946781759571,1,5,3,1
"Cancellation",2000,39,5,-4301.89525237635,9090.24826216339,8975.6696014369,-0.195352209498668,0.0282064801003262,1,5,3,1
"Cancellation",2000,40,1,-4309.5469126124,8710.30465473931,8688.82115585309,2.14286196653879,0.0629509686511106,1,5,5,5
"Cancellation",2000,40,2,-4275.97125919534,8741.96507987922,8697.20779053294,11.8746533408269,0.00172108991802238,1,5,5,5
"Cancellation",2000,40,3,-4360.82893717718,9010.49216781696,8942.46108801061,7.29469165805951,0.0106669512870717,1,5,5,5
"Cancellation",2000,40,4,-4308.27807447984,9004.20217439633,8912.89730412991,13.4096128975048,-0.00532577757787208,1,5,5,5
"Cancellation",2000,40,5,-4324.22342489119,9134.90460719308,9020.3259464666,5.76042590283839,-0.000679283698832824,1,5,5,5
"Cancellation",2000,41,1,-4321.22979767402,8733.67042486254,8712.18692597633,7.3549902142819,0.0276554909067125,1,5,4,1
"Cancellation",2000,41,2,-4408.88601633578,9007.7945941601,8963.03730481382,21.0885308617643,0.0589553410583404,1,5,4,1
"Cancellation",2000,41,3,-4331.36599797117,8951.56628940493,8883.53520959858,6.8462242175913,0.0403934705284194,1,5,4,1
"Cancellation",2000,41,4,-4375.81443193707,9139.27488931078,9047.97001904436,9.99950526709761,0.0170561816645214,1,5,4,1
"Cancellation",2000,41,5,-4367.71564324124,9221.88904389317,9107.31038316669,10.0663005530711,0.0283241203933173,1,5,4,1
"Cancellation",2000,42,1,-4427.33280801695,8945.87644554841,8924.3929466622,-3.09727777501441,0.0102948222870308,1,5,3,1
"Cancellation",2000,42,2,-4401.65678524747,8993.33613198349,8948.5788426372,3.60559894433476,0.0208299950396685,1,5,3,1
"Cancellation",2000,42,3,-4353.6994799351,8996.2332533328,8928.20217352645,-9.90338122239356,0.0470320384981507,1,5,3,1
"Cancellation",2000,42,4,-4371.09477030702,9129.83556605068,9038.53069578426,4.4175290205268,0.00130072731062613,1,5,3,1
"Cancellation",2000,42,5,-4311.3989156372,9109.25558868509,8994.67692795861,7.283921623741,-0.005996680074757,1,5,3,1
"Cancellation",2000,43,1,-4318.76729024982,8728.74541001415,8707.26191112793,2.65482652182825,0.086512674443649,1,4,2,1
"Cancellation",2000,43,2,-4435.10986410087,9060.24228969029,9015.48500034401,6.54082630340884,0.0369111130448398,1,4,2,1
"Cancellation",2000,43,3,-4372.68548574305,9034.20526494871,8966.17418514235,4.32810136546988,0.0298583518423077,1,4,2,1
"Cancellation",2000,43,4,-4360.35423499725,9108.35449543115,9017.04962516473,2.37467012784807,0.058511928367791,1,4,2,1
"Cancellation",2000,43,5,-4293.1644510028,9072.78665941629,8958.2079986898,9.11742416556507,0.00541793050237494,1,4,2,1
"Cancellation",2000,44,1,-4391.23723852413,8873.68530656277,8852.20180767655,26.695086901672,0.074340600294436,2,5,4,2
"Cancellation",2000,44,2,-4283.14497022066,8756.31250192987,8711.55521258359,2.45488481627299,0.0337535084927343,2,5,4,2
"Cancellation",2000,44,3,-4365.03643114342,9018.90715574943,8950.87607594308,9.56521191089254,0.0367606237341568,2,5,4,2
"Cancellation",2000,44,4,-4346.78993649586,9081.22589842837,8989.92102816195,20.0677288782823,-0.00302907934314252,2,5,4,2
"Cancellation",2000,44,5,-4353.35062023487,9193.15899788044,9078.58033715396,5.60377239637558,0.0390900826971427,2,5,4,2
"Cancellation",2000,45,1,-4286.87657401137,8664.96397753724,8643.48047865102,3.24814468593423,0.0686013679626717,1,5,3,1
"Cancellation",2000,45,2,-4344.79317944118,8879.60892037091,8834.85163102463,4.91283327595251,0.0160632897082901,1,5,3,1
"Cancellation",2000,45,3,-4321.96382606072,8932.76194558404,8864.73086577769,19.3236903810576,0.0129586185857286,1,5,3,1
"Cancellation",2000,45,4,-4313.48535455337,9014.61673454338,8923.31186427697,4.28403139550268,0.0331845528853195,1,5,3,1
"Cancellation",2000,45,5,-4323.44484920139,9133.34745581347,9018.76879508699,10.3832161321046,-0.012605316422505,1,5,3,1
"Cancellation",2000,46,1,-4317.06666531655,8725.34416014761,8703.86066126139,-0.352400892154342,0.0654124736303029,1,5,4,1
"Cancellation",2000,46,2,-4303.79343321856,8797.60942792568,8752.8521385794,-3.9986051520125,0.0266024860277013,1,5,4,1
"Cancellation",2000,46,3,-4338.58096951009,8965.99623248278,8897.96515267643,4.38548463614539,-0.018381359793219,1,5,4,1
"Cancellation",2000,46,4,-4312.08206198824,9011.81014941312,8920.5052791467,-7.8768707915107,0.029077512178602,1,5,4,1
"Cancellation",2000,46,5,-4384.05276178387,9254.56328097842,9139.98462025194,5.69647667863981,-0.00643575085919273,1,5,4,1
"Cancellation",2000,47,1,-4284.28617860292,8659.78318672034,8638.29968783412,0.496329392907781,0.0638729234327946,1,5,3,1
"Cancellation",2000,47,2,-4284.77674232907,8759.5760461467,8714.81875680041,-7.1157395067952,0.0153252074357579,1,5,3,1
"Cancellation",2000,47,3,-4356.96451738859,9002.76332823979,8934.73224843344,2.66154890525723,0.0117742767530289,1,5,3,1
"Cancellation",2000,47,4,-4313.97078444053,9015.58759431771,8924.28272405129,8.09409616415804,0.0136372797345465,1,5,3,1
"Cancellation",2000,47,5,-4317.55049725722,9121.55875192513,9006.98009119865,5.15600288895002,0.0218113841588646,1,5,3,1
"Cancellation",2000,48,1,-4295.97782239417,8683.16647430284,8661.68297541662,18.2953282750584,0.072336614520118,1,5,3,1
"Cancellation",2000,48,2,-4372.34816624247,8934.71889397349,8889.96160462721,1.6721243632745,0.0323145509383528,1,5,3,1
"Cancellation",2000,48,3,-4339.12807806997,8967.09044960255,8899.05936979619,-0.476695326023214,0.0265329216933622,1,5,3,1
"Cancellation",2000,48,4,-4295.13322622975,8977.91247789615,8886.60760762973,-3.33701310329865,0.0415482591858382,1,5,3,1
"Cancellation",2000,48,5,-4316.01703228467,9118.49182198002,9003.91316125354,-4.69016173813919,0.0311975773712726,1,5,3,1
"Cancellation",2000,49,1,-4352.48934884225,8796.18952719901,8774.70602831279,10.4787246496357,0.0504888382322025,1,5,3,1
"Cancellation",2000,49,2,-4364.19013489087,8918.40283127028,8873.645541924,12.2348296931146,-0.0106361955592914,1,5,3,1
"Cancellation",2000,49,3,-4295.91403449088,8880.66236244437,8812.63128263801,4.40666324009368,0.0241322065865746,1,5,3,1
"Cancellation",2000,49,4,-4344.61410939298,9076.87424422261,8985.56937395619,8.91480492245619,0.0113102117535805,1,5,3,1
"Cancellation",2000,49,5,-4318.78964573958,9124.03704888986,9009.45838816338,6.13968482843429,0.00680911753437584,1,5,3,1
"Cancellation",2000,50,1,-4403.25681876016,8897.72446703482,8876.24096814861,7.45087785678893,0.0104088242623587,2,5,2,2
"Cancellation",2000,50,2,-4298.04680898302,8786.1161794546,8741.35889010831,14.3676971078669,0.0200583182700793,2,5,2,2
"Cancellation",2000,50,3,-4298.54464964663,8885.92359275586,8817.89251294951,17.813770485612,0.0111513803690268,2,5,2,2
"Cancellation",2000,50,4,-4384.64114622594,9156.92831788853,9065.62344762211,12.1738174684334,0.0190680031630337,2,5,2,2
"Cancellation",2000,50,5,-4302.49263993222,9091.44303727513,8976.86437654864,8.1226176501619,0.0505570599352375,2,5,2,2
"Cancellation",2000,51,1,-4355.82141672003,8802.85366295457,8781.37016406835,9.40305845728984,0.0316198527118006,3,5,5,5
"Cancellation",2000,51,2,-4358.53929799124,8907.10115747103,8862.34386812475,8.40089789562702,0.0718708350393775,3,5,5,5
"Cancellation",2000,51,3,-4274.07762047269,8836.98953440798,8768.95845460162,16.8895475002335,0.00337180179988043,3,5,5,5
"Cancellation",2000,51,4,-4305.03430464424,8997.71463472513,8906.40976445871,3.13042192927156,0.0224276955462151,3,5,5,5
"Cancellation",2000,51,5,-4343.72261208694,9173.90298158458,9059.3243208581,0.28679972390964,0.0170954971332171,3,5,5,5
"Cancellation",2000,52,1,-4426.68766683669,8944.58616318789,8923.10266430168,19.9038225047176,-0.0570464877528926,2,5,2,2
"Cancellation",2000,52,2,-4277.32848382942,8744.67952914739,8699.9222398011,10.7636308135755,-0.00992092056443124,2,5,2,2
"Cancellation",2000,52,3,-4361.26587127001,9011.36603600261,8943.33495619626,14.9500355877487,0.0216428913126438,2,5,2,2
"Cancellation",2000,52,4,-4385.6413052011,9158.92863583885,9067.62376557244,10.3612563023,0.0155133546839304,2,5,2,2
"Cancellation",2000,52,5,-4320.60035574046,9127.65846889161,9013.07980816512,3.90002967030163,0.0272364331834381,2,5,2,2
"Cancellation",2000,53,1,-4332.26860655669,8755.74804262789,8734.26454374168,5.80009410785309,0.0240302575315548,1,5,4,1
"Cancellation",2000,53,2,-4343.10527713197,8876.23311575249,8831.47582640621,2.49908477555454,0.0503622370369041,1,5,4,1
"Cancellation",2000,53,3,-4313.84470316131,8916.52369978521,8848.49261997886,13.4256960323882,0.00572202396451037,1,5,4,1
"Cancellation",2000,53,4,-4310.81135085717,9009.26872715098,8917.96385688456,4.44992912270841,-0.014404459213584,1,5,4,1
"Cancellation",2000,53,5,-4283.86384971664,9054.18545684398,8939.60679611749,10.3128114769208,0.0554427870745711,1,5,4,1
"Cancellation",2000,54,1,-4243.55145511643,8578.31373974736,8556.83024086115,7.11037673775979,0.0114503057911204,1,5,1,1
"Cancellation",2000,54,2,-4278.23371128489,8746.48998405832,8701.73269471204,3.48774990580851,0.0757050838363784,1,5,1,1
"Cancellation",2000,54,3,-4320.98702684249,8930.80834714758,8862.77726734123,12.9986256182947,0.00892938010448592,1,5,1,1
"Cancellation",2000,54,4,-4310.6134442972,9008.87291403106,8917.56804376464,-0.0399702431302993,0.0268145778637487,1,5,1,1
"Cancellation",2000,54,5,-4246.56386303997,8979.58548349064,8865.00682276416,0.163785522405987,0.0341508262816468,1,5,1,1
"Cancellation",2000,55,1,-4403.13451173349,8897.47985298148,8875.99635409526,6.30747681149483,0.0952394505489369,2,5,3,2
"Cancellation",2000,55,2,-4335.54813334464,8861.11882817784,8816.36153883155,0.951709966066909,-0.0217748964545495,2,5,3,2
"Cancellation",2000,55,3,-4305.51294725844,8899.86018797948,8831.82910817313,7.43701014353154,0.00307868107150254,2,5,3,2
"Cancellation",2000,55,4,-4296.31055262256,8980.26713068176,8888.96226041534,-9.91480592835257,0.0447872120669333,2,5,3,2
"Cancellation",2000,55,5,-4314.28694105577,9115.03163952223,9000.45297879575,6.625068251138,0.0222229583145121,2,5,3,2
"Cancellation",2000,56,1,-4334.99964480723,8761.21011912897,8739.72662024276,6.35528352538056,0.111329531165613,1,5,3,1
"Cancellation",2000,56,2,-4375.50157534948,8941.02571218751,8896.26842284123,-7.63455456312271,0.0430914476981711,1,5,3,1
"Cancellation",2000,56,3,-4342.69600676838,8974.22630699936,8906.19522719301,10.8517661208509,0.0129529508934832,1,5,3,1
"Cancellation",2000,56,4,-4345.85753990736,9079.36110525136,8988.05623498494,-1.88986148961146,0.0156351378826073,1,5,3,1
"Cancellation",2000,56,5,-4402.60795404684,9291.67366550438,9177.0950047779,2.59066394590778,0.0415478087852475,1,5,3,1
"Cancellation",2000,57,1,-4313.9539773811,8719.1187842767,8697.63528539048,11.3409163129169,0.0398490146593455,1,5,4,1
"Cancellation",2000,57,2,-4330.5419406709,8851.10644283035,8806.34915348407,11.6910422650106,0.0493301796634524,1,5,4,1
"Cancellation",2000,57,3,-4296.09143329399,8881.01716005057,8812.98608024422,-1.99885966594591,-7.11442428868883e-05,1,5,4,1
"Cancellation",2000,57,4,-4341.92211845248,9071.49026234161,8980.18539207519,8.49132186221915,0.0109760705876844,1,5,4,1
"Cancellation",2000,57,5,-4323.77246799988,9134.00269341045,9019.42403268397,9.04456736622251,0.012678892397111,1,5,4,1
"Cancellation",2000,58,1,-4336.09779434976,8763.40641821403,8741.92291932782,15.1703147515763,-0.0206303402563379,1,5,2,1
"Cancellation",2000,58,2,-4321.12800801657,8832.27857752169,8787.52128817541,13.3078332061384,0.000124134792623774,1,5,2,1
"Cancellation",2000,58,3,-4363.70695611817,9016.24820569893,8948.21712589258,15.5961840211364,0.0446190932613198,1,5,2,1
"Cancellation",2000,58,4,-4268.85667146705,8925.35936837074,8834.05449810432,12.7237274372431,0.0138835361692953,1,5,2,1
"Cancellation",2000,58,5,-4282.00031381423,9050.45838503916,8935.87972431268,-3.21259045584733,0.0239873960599818,1,5,2,1
"Cancellation",2000,59,1,-4309.83831415352,8710.88745782154,8689.40395893533,-5.72617621368657,0.0628077610022089,1,5,2,1
"Cancellation",2000,59,2,-4363.50085114608,8917.02426378072,8872.26697443443,13.4222549840831,-0.0232495823153171,1,5,2,1
"Cancellation",2000,59,3,-4310.66502033898,8910.16433414056,8842.13325433421,-4.75039649901507,0.0455176397521477,1,5,2,1
"Cancellation",2000,59,4,-4360.63246322144,9108.91095187952,9017.6060816131,10.742961032425,0.00321964293999034,1,5,2,1
"Cancellation",2000,59,5,-4295.47124062696,9077.40023866462,8962.82157793814,16.4367659661965,0.0187873709212403,1,5,2,1
"Cancellation",2000,60,1,-4339.07344258186,8769.35771467823,8747.87421579202,4.46731603806578,0.0406536249576723,1,5,2,1
"Cancellation",2000,60,2,-4391.7863561524,8973.59527379335,8928.83798444707,3.81581413014148,0.0423902926126467,1,5,2,1
"Cancellation",2000,60,3,-4310.75495995168,8910.34421336596,8842.31313355961,9.11206413537909,-0.0212192041089064,1,5,2,1
"Cancellation",2000,60,4,-4297.16770032543,8981.98142608752,8890.6765558211,-1.79787974508816,0.0675593624862877,1,5,2,1
"Cancellation",2000,60,5,-4293.43745092472,9073.33265926014,8958.75399853366,7.08479880609678,0.0162510707817322,1,5,2,1
"Cancellation",2000,61,1,-4443.37085326905,8977.9525360526,8956.46903716638,12.8760045727218,0.0422075513116943,2,5,2,2
"Cancellation",2000,61,2,-4336.23367396359,8862.48990941572,8817.73262006944,1.18996681963846,0.0305418934094248,2,5,2,2
"Cancellation",2000,61,3,-4326.49253434827,8941.81936215913,8873.78828235278,11.4487174807649,-0.0177563877689941,2,5,2,2
"Cancellation",2000,61,4,-4316.54343407032,9020.73289357729,8929.42802331087,7.4985484762375,0.00515309672973447,2,5,2,2
"Cancellation",2000,61,5,-4318.43028452588,9123.31832646246,9008.73966573597,3.63903505352182,0.022380548105254,2,5,2,2
"Cancellation",2000,62,1,-4294.49363115215,8680.1980918188,8658.71459293258,10.501009599326,-0.0297455304973171,1,4,3,1
"Cancellation",2000,62,2,-4287.19297642245,8764.40851433344,8719.65122498716,8.19131710833796,0.0349187284258535,1,4,3,1
"Cancellation",2000,62,3,-4364.84444554752,9018.52318455764,8950.49210475129,2.0977962589783,0.0264130281421162,1,4,3,1
"Cancellation",2000,62,4,-4278.10669432441,8943.85941408547,8852.55454381905,0.394592499512669,0.0148817473931024,1,4,3,1
"Cancellation",2000,62,5,-4330.31791611874,9147.09358964818,9032.5149289217,16.3192437193951,0.00764529592903449,1,4,3,1
"Cancellation",2000,63,1,-4346.1734346831,8783.55769888071,8762.0741999945,24.1930769689972,0.00737516781282128,2,5,2,2
"Cancellation",2000,63,2,-4304.13407397691,8798.29070944238,8753.53342009609,7.63829490418877,0.0164888349118615,2,5,2,2
"Cancellation",2000,63,3,-4393.11988821252,9075.07406988764,9007.04299008129,4.39020862252851,0.0365812539948616,2,5,2,2
"Cancellation",2000,63,4,-4299.49005592483,8986.62613728631,8895.32126701989,-1.19927974910729,0.0439021004671567,2,5,2,2
"Cancellation",2000,63,5,-4292.40602764549,9071.26981270167,8956.69115197519,9.66063636142926,0.00503055609579508,2,5,2,2
"Cancellation",2000,64,1,-4450.39952849005,8992.00988649461,8970.5263876084,6.22212863757435,0.0515769956314397,3,5,2,2
"Cancellation",2000,64,2,-4319.94275789734,8829.90807728323,8785.15078793695,8.10354271759626,0.0511019163999513,3,5,2,2
"Cancellation",2000,64,3,-4265.49512195823,8819.82453737906,8751.79345757271,-7.82946925271385,0.0226034596487091,3,5,2,2
"Cancellation",2000,64,4,-4276.45645452822,8940.55893449309,8849.25406422667,7.96309470360272,0.00608367264179239,3,5,2,2
"Cancellation",2000,64,5,-4323.04855278129,9132.55486297327,9017.97620224679,4.38920573809915,0.0266357829294406,3,5,2,2
"Cancellation",2000,65,1,-4284.85534384132,8660.92151719715,8639.43801831094,-0.117011942035925,0.0623925178543254,1,4,2,1
"Cancellation",2000,65,2,-4271.2476583692,8732.51787822696,8687.76058888068,15.5959205562715,0.00962924463322842,1,4,2,1
"Cancellation",2000,65,3,-4315.77380417077,8920.38190180413,8852.35082199778,3.43361348121928,-0.00866643025796207,1,4,2,1
"Cancellation",2000,65,4,-4399.11370051071,9185.87342645807,9094.56855619165,3.32892149892084,0.00637099748771567,1,4,2,1
"Cancellation",2000,65,5,-4252.15248652061,8990.76273045191,8876.18406972542,12.180919675998,-0.00770089747674303,1,4,2,1
"Cancellation",2000,66,1,-4337.79294469995,8766.79671891441,8745.31322002819,9.8598448877628,-0.00407927858496366,1,5,1,1
"Cancellation",2000,66,2,-4301.21582202672,8792.45420554199,8747.69691619571,-4.70357233740789,0.065244434916652,1,5,1,1
"Cancellation",2000,66,3,-4339.94831141487,8968.73091629234,8900.69983648599,11.7858021786999,0.0220831093362238,1,5,1,1
"Cancellation",2000,66,4,-4339.38113708976,9066.40829961618,8975.10342934976,-0.963512719328987,0.0370617233370779,1,5,1,1
"Cancellation",2000,66,5,-4285.25018637665,9056.958130164,8942.37946943752,-2.36879411059562,0.00540072564734533,1,5,1,1
"Cancellation",2000,67,1,-4353.98464290089,8799.18011531628,8777.69661643007,8.73638759320574,0.0358609679541728,1,4,3,1
"Cancellation",2000,67,2,-4351.60309832264,8893.22875813383,8848.47146878755,14.9736128016573,0.0171198458807872,1,4,3,1
"Cancellation",2000,67,3,-4359.23292426141,9007.30014198542,8939.26906217907,0.832765798238378,0.00624288464127312,1,4,3,1
"Cancellation",2000,67,4,-4338.50668378985,9064.65939301634,8973.35452274992,2.43528252118406,0.029434287235898,1,4,3,1
"Cancellation",2000,67,5,-4310.41455517721,9107.28686776511,8992.70820703862,15.3476622913651,-0.00234039570530684,1,4,3,1
"Cancellation",2000,68,1,-4389.08203206419,8869.37489364289,8847.89139475667,14.236430899076,0.0489302402538979,2,5,4,2
"Cancellation",2000,68,2,-4318.9761705607,8827.97490260994,8783.21761326366,-6.68535330182461,0.0520384738836592,2,5,4,2
"Cancellation",2000,68,3,-4383.35517470185,9055.5446428663,8987.51356305995,2.71914190093064,0.0158687475560767,2,5,4,2
"Cancellation",2000,68,4,-4372.49590365682,9132.63783275028,9041.33296248387,-8.51590870755545,0.0184765080716311,2,5,4,2
"Cancellation",2000,68,5,-4339.61808937941,9165.69393616951,9051.11527544303,-6.60680586348857,0.00674796691583121,2,5,4,2
"Cancellation",2000,69,1,-4304.57927332017,8700.36937615483,8678.88587726862,30.0441576339321,0.0149069740802894,1,5,2,1
"Cancellation",2000,69,2,-4336.79069247022,8863.603946429,8818.84665708272,16.6302312810628,0.0264745248785675,1,5,2,1
"Cancellation",2000,69,3,-4268.68192099381,8826.19813545021,8758.16705564386,3.04016202473219,-0.0117519628058498,1,5,2,1
"Cancellation",2000,69,4,-4329.11896197623,9045.8839493891,8954.57907912268,6.05970929531212,0.0194585572538699,1,5,2,1
"Cancellation",2000,69,5,-4302.44763709125,9091.3530315932,8976.77437086671,14.3092967764198,0.0135971482621156,1,5,2,1
"Cancellation",2000,70,1,-4288.58610647953,8668.38304247357,8646.89954358736,-1.83648426887112,0.055534208894466,1,5,4,1
"Cancellation",2000,70,2,-4344.35028135026,8878.72312418908,8833.9658348428,18.0680277979266,0.0402469046309627,1,5,4,1
"Cancellation",2000,70,3,-4336.38340176139,8961.60109698538,8893.57001717903,3.03586297657862,0.0499135036320369,1,5,4,1
"Cancellation",2000,70,4,-4303.45473421258,8994.5554938618,8903.25062359538,0.341302835901273,0.035541531335164,1,5,4,1
"Cancellation",2000,70,5,-4380.83352519936,9248.1248078094,9133.54614708292,3.24045541777666,0.0168253616197693,1,5,4,1
"Cancellation",2000,71,1,-4295.19128715161,8681.59340381773,8660.10990493151,-3.99509061054041,0.0216642232197076,1,5,2,1
"Cancellation",2000,71,2,-4285.1006574007,8760.22387628995,8715.46658694367,9.18515169544013,0.0021246497773818,1,5,2,1
"Cancellation",2000,71,3,-4320.90457393428,8930.64344133115,8862.6123615248,17.9950756912089,0.0100278732407312,1,5,2,1
"Cancellation",2000,71,4,-4437.92313260358,9263.49229064381,9172.18742037739,11.5859613627173,0.0116730331060802,1,5,2,1
"Cancellation",2000,71,5,-4304.8070501651,9096.07185774089,8981.49319701441,4.57034361358935,0.0168333790081184,1,5,2,1
"Cancellation",2000,72,1,-4360.09701872654,8811.40486696759,8789.92136808137,4.35135141468376,0.0519374650517621,2,5,3,2
"Cancellation",2000,72,2,-4316.24912699876,8822.52081548608,8777.7635261398,28.8121184832127,0.0299346636594956,2,5,3,2
"Cancellation",2000,72,3,-4360.95350069454,9010.74129485168,8942.71021504533,4.47113727797801,0.0231642701622321,2,5,3,2
"Cancellation",2000,72,4,-4280.03723661369,8947.72049866403,8856.41562839761,16.6628244487077,0.0214449736482971,2,5,3,2
"Cancellation",2000,72,5,-4342.40977753777,9171.27731248623,9056.69865175975,13.3951497172323,0.0255339225752253,2,5,3,2
"Cancellation",2000,73,1,-4389.35481519906,8869.92045991262,8848.43696102641,-5.09561660066166,0.0637648414548204,2,5,4,2
"Cancellation",2000,73,2,-4288.97403888598,8767.97063926051,8723.21334991423,8.70682370857936,-0.00813155332346137,2,5,4,2
"Cancellation",2000,73,3,-4341.50632680452,8971.84694707163,8903.81586726528,-0.313750532787739,0.0441222972654487,2,5,4,2
"Cancellation",2000,73,4,-4345.11764259315,9077.88131062296,8986.57644035654,2.42393930771566,0.0409906207083698,2,5,4,2
"Cancellation",2000,73,5,-4285.73073399145,9057.91922539359,8943.3405646671,-10.3055327312146,0.0227180560274455,2,5,4,2
"Cancellation",2000,74,1,-4366.08424722913,8823.37932397277,8801.89582508656,-11.3342384678399,0.0536730410831668,2,5,2,2
"Cancellation",2000,74,2,-4323.7409451442,8837.50445177695,8792.74716243067,2.73679394131992,0.0299614907155758,2,5,2,2
"Cancellation",2000,74,3,-4313.38350949639,8915.60131245539,8847.57023264904,7.36423976552342,-0.00150323740511114,2,5,2,2
"Cancellation",2000,74,4,-4349.50694807072,9086.65992157808,8995.35505131167,9.52537837494764,0.022111598195551,2,5,2,2
"Cancellation",2000,74,5,-4337.5947680204,9161.64729345149,9047.06863272501,-6.38856571154579,0.0373091317342112,2,5,2,2
"Cancellation",2000,75,1,-4293.08273272235,8677.3762949592,8655.89279607299,17.5451196291674,-0.0345335384998304,1,5,3,1
"Cancellation",2000,75,2,-4337.58905693794,8865.20067536443,8820.44338601815,-8.4628803782833,0.0507269180231431,1,5,3,1
"Cancellation",2000,75,3,-4273.25929673907,8835.35288694074,8767.32180713439,-4.87409662247767,0.0193841428273731,1,5,3,1
"Cancellation",2000,75,4,-4357.83015005706,9103.30632555077,9012.00145528435,10.0523936629271,0.0521256991017181,1,5,3,1
"Cancellation",2000,75,5,-4316.98531129709,9120.42838000487,9005.84971927839,2.33235059634412,0.0112775816756789,1,5,3,1
"Cancellation",2000,76,1,-4351.17648120866,8793.56379193182,8772.0802930456,-7.83613489514196,0.135521127480591,2,5,5,5
"Cancellation",2000,76,2,-4291.35928321719,8772.74112792292,8727.98383857664,10.1174520153193,-0.0411050962438485,2,5,5,5
"Cancellation",2000,76,3,-4340.66516730148,8970.16462806557,8902.13354825921,5.23017861973255,0.030584977715855,2,5,5,5
"Cancellation",2000,76,4,-4350.69200539767,9089.03003623199,8997.72516596557,-3.30741366166873,0.0460895876586071,2,5,5,5
"Cancellation",2000,76,5,-4355.61342249534,9197.68460240137,9083.10594167488,3.1150010656826,0.0485834146918911,2,5,5,5
"Cancellation",2000,77,1,-4350.61298907684,8792.43680766819,8770.95330878198,13.3097547185522,0.0113917708851164,1,5,4,1
"Cancellation",2000,77,2,-4356.66649962013,8903.35556072882,8858.59827138254,8.04657190327699,-0.0306537278994126,1,5,4,1
"Cancellation",2000,77,3,-4335.32222868654,8959.47875083568,8891.44767102933,-3.24273903820227,0.0200237595426203,1,5,4,1
"Cancellation",2000,77,4,-4299.53581057398,8986.71764658461,8895.4127763182,19.8376818217921,-0.00681050694562128,1,5,4,1
"Cancellation",2000,77,5,-4369.43401384382,9225.32578509834,9110.74712437185,6.74246931285346,-0.00435760999770848,1,5,4,1
"Cancellation",2000,78,1,-4283.96263372027,8659.13609695504,8637.65259806882,9.96839342514686,0.0314956739170323,1,5,1,1
"Cancellation",2000,78,2,-4365.75131773363,8921.52519695581,8876.76790760953,7.76045323406625,0.0018542416407613,1,5,1,1
"Cancellation",2000,78,3,-4286.70273057491,8862.23975461243,8794.20867480608,-4.3159047028197,0.0276303583055391,1,5,1,1
"Cancellation",2000,78,4,-4381.71938198073,9151.0847893981,9059.77991913168,5.88802915050011,0.00615332957663129,1,5,1,1
"Cancellation",2000,78,5,-4299.76534373686,9085.98844488441,8971.40978415793,16.3196592705071,-0.00729171845918831,1,5,1,1
"Cancellation",2000,79,1,-4327.05871783548,8745.32826518547,8723.84476629925,2.54491002592102,0.0217757709653437,1,3,4,1
"Cancellation",2000,79,2,-4359.48077158665,8908.98410466185,8864.22681531557,2.61686877444759,0.00564729415078362,1,3,4,1
"Cancellation",2000,79,3,-4288.98050427374,8866.79530201008,8798.76422220373,3.30977212306531,0.0382284117140156,1,3,4,1
"Cancellation",2000,79,4,-4318.88245991043,9025.41094525751,8934.10607499109,13.5774647410645,-0.010311726150557,1,3,4,1
"Cancellation",2000,79,5,-4327.11873173922,9140.69522088914,9026.11656016266,10.4570833114059,0.00380421356996721,1,3,4,1
"Cancellation",2000,80,1,-4345.59929808294,8782.40942568038,8760.92592679417,15.8602648820347,0.0479808585768497,1,4,2,1
"Cancellation",2000,80,2,-4356.88824879281,8903.79905907417,8859.04176972789,17.4476916727646,0.00408492944622632,1,4,2,1
"Cancellation",2000,80,3,-4322.77988273506,8934.39405893272,8866.36297912636,9.03823626116384,0.0185060675633167,1,4,2,1
"Cancellation",2000,80,4,-4379.29053811331,9146.22710166326,9054.92223139684,10.9898845698567,0.00286827999105298,1,4,2,1
"Cancellation",2000,80,5,-4272.92044195056,9032.29864131181,8917.71998058533,11.9306276138279,-0.0150242153242854,1,4,2,1
"Cancellation",2000,81,1,-4322.76621042001,8736.74325035453,8715.25975146832,18.6856739323512,0.0145243860887309,1,3,3,3
"Cancellation",2000,81,2,-4348.93668176084,8887.89592501023,8843.13863566395,3.97331310982635,0.0662142432598443,1,3,3,3
"Cancellation",2000,81,3,-4291.7472445767,8872.32878261601,8804.29770280966,4.83551088816287,0.0149227993975683,1,3,3,3
"Cancellation",2000,81,4,-4299.40456148572,8986.45514840809,8895.15027814167,8.03190188269539,0.0219590002951347,1,3,3,3
"Cancellation",2000,81,5,-4273.12868973514,9032.71513688097,8918.13647615448,-0.280281260025885,0.0188063363260006,1,3,3,3
"Cancellation",2000,82,1,-4317.66044901369,8726.53172754188,8705.04822865567,15.69849315188,0.0643288079903816,1,5,2,1
"Cancellation",2000,82,2,-4413.71018991393,9017.44294131641,8972.68565197013,14.2809775405489,0.0640303391969216,1,5,2,1
"Cancellation",2000,82,3,-4310.63481890211,8910.10393126683,8842.07285146048,-7.63774602238494,0.0373988159479284,1,5,2,1
"Cancellation",2000,82,4,-4338.49746766416,9064.64096076497,8973.33609049855,1.2809018797973,0.0288735975820093,1,5,2,1
"Cancellation",2000,82,5,-4285.41054264459,9057.27884269986,8942.70018197338,2.13450502341132,-0.00173688060158137,1,5,2,1
"Cancellation",2000,83,1,-4228.39655376961,8548.00393705372,8526.52043816751,-3.26286550167158,0.0829720358318453,1,4,1,1
"Cancellation",2000,83,2,-4325.29922608069,8840.62101364993,8795.86372430364,18.0789384566776,0.0461847944230545,1,4,1,1
"Cancellation",2000,83,3,-4251.26264044152,8791.35957434563,8723.32849453928,3.00972740593202,0.00684767657853945,1,4,1,1
"Cancellation",2000,83,4,-4275.4071124513,8938.46025033925,8847.15538007283,4.28204278152911,0.0257192581079433,1,4,1,1
"Cancellation",2000,83,5,-4281.34790309623,9049.15356360316,8934.57490287668,-8.49621967306047,0.0617911259349318,1,4,1,1
"Cancellation",2000,84,1,-4373.24335419121,8837.69753789693,8816.21403901072,12.839884647434,0.00239923752544309,2,5,3,2
"Cancellation",2000,84,2,-4267.46113361374,8724.94482871603,8680.18753936975,-0.995626455225138,0.0734853527814428,2,5,3,2
"Cancellation",2000,84,3,-4355.32541981411,8999.48513309083,8931.45405328447,11.2289705555035,0.00465972974286841,2,5,3,2
"Cancellation",2000,84,4,-4345.75743623284,9079.16089790233,8987.85602763591,2.43891162529486,0.00678303629176533,2,5,3,2
"Cancellation",2000,84,5,-4337.39904160449,9161.25584061966,9046.67717989318,6.78510152086572,0.0243554656079753,2,5,3,2
"Cancellation",2000,85,1,-4291.80069268694,8674.81221488839,8653.32871600218,8.14363918586791,0.0452994904521928,1,5,4,1
"Cancellation",2000,85,2,-4335.14013808649,8860.30283766152,8815.54554831524,-17.8005449662284,0.0700218072138918,1,5,4,1
"Cancellation",2000,85,3,-4358.76982170769,9006.37393687799,8938.34285707164,13.3123082470812,0.0112044247339377,1,5,4,1
"Cancellation",2000,85,4,-4265.75014979953,8919.1463250357,8827.84145476928,15.9720134423321,-0.0181409709782755,1,5,4,1
"Cancellation",2000,85,5,-4310.04008089751,9106.53791920571,8991.95925847923,5.21165117164959,0.0319364256171214,1,5,4,1
"Cancellation",2000,86,1,-4371.43508918393,8834.08100788236,8812.59750899614,-5.16206019951357,0.0936685424311493,1,5,4,1
"Cancellation",2000,86,2,-4372.91967636512,8935.86191421879,8891.1046248725,5.3734571016914,0.0315027558288461,1,5,4,1
"Cancellation",2000,86,3,-4356.51536331673,9001.86502009605,8933.8339402897,10.2928255090781,0.0283632647427151,1,5,4,1
"Cancellation",2000,86,4,-4312.09916643075,9011.84435829815,8920.53948803173,15.8055425887302,0.0322487338862062,1,5,4,1
"Cancellation",2000,86,5,-4366.19575476406,9218.84926693881,9104.27060621233,8.78205455462525,0.0203283455895217,1,5,4,1
"Cancellation",2000,87,1,-4345.49432171786,8782.19947295021,8760.715974064,-3.36327549741623,0.0914431463792326,1,5,3,1
"Cancellation",2000,87,2,-4320.80288528102,8831.6283320506,8786.87104270432,15.1479146676254,0.0117191989972399,1,5,3,1
"Cancellation",2000,87,3,-4344.34364650474,8977.52158647208,8909.49050666573,6.9012848553524,0.0186063500962319,1,5,3,1
"Cancellation",2000,87,4,-4345.03146457975,9077.70895459615,8986.40408432973,16.9424705304861,0.00431363879564981,1,5,3,1
"Cancellation",2000,87,5,-4338.58488900725,9163.62753542518,9049.0488746987,-0.493475856630954,0.0237319875649801,1,5,3,1
"Cancellation",2000,88,1,-4288.82641209341,8668.86365370133,8647.38015481512,7.70162134380333,0.0607910447681548,1,5,3,1
"Cancellation",2000,88,2,-4328.72545555412,8847.47347259679,8802.71618325051,-8.82829457110779,0.0422697794910469,1,5,3,1
"Cancellation",2000,88,3,-4381.74993104406,9052.33415555072,8984.30307574436,0.718973319383608,0.02830086866378,1,5,3,1
"Cancellation",2000,88,4,-4322.06175535641,9031.76953614946,8940.46466588304,-8.95577456217442,0.0325737951397489,1,5,3,1
"Cancellation",2000,88,5,-4319.53036094396,9125.51847929861,9010.93981857212,1.64575933929325,0.0480508027627858,1,5,3,1
"Cancellation",2000,89,1,-4239.40831577975,8570.027461074,8548.54396218779,-5.965024156808,0.0254469652473265,1,5,5,5
"Cancellation",2000,89,2,-4371.37601339685,8932.77458828224,8888.01729893596,5.26774972290924,0.0284744487007037,1,5,5,5
"Cancellation",2000,89,3,-4342.6409222898,8974.11613804219,8906.08505823584,-2.29266782923646,0.054641465713208,1,5,5,5
"Cancellation",2000,89,4,-4347.45749231945,9082.56101007555,8991.25613980914,0.568084541700095,0.0341442976697959,1,5,5,5
"Cancellation",2000,89,5,-4389.34405155245,9265.14586051559,9150.5671997891,6.38238128486611,0.031882328925207,1,5,5,5
"Cancellation",2000,90,1,-4312.40424819556,8716.01932590563,8694.53582701941,1.67325989246669,0.0520047558944962,1,5,4,1
"Cancellation",2000,90,2,-4360.97715079231,8911.97686307317,8867.21957372689,19.8106554785473,0.0244444814669948,1,5,4,1
"Cancellation",2000,90,3,-4361.47726899719,9011.78883145698,8943.75775165063,9.12696386999725,0.0300316195856537,1,5,4,1
"Cancellation",2000,90,4,-4355.31755370571,9098.28113284807,9006.97626258165,13.4521740029216,0.0231146208140872,1,5,4,1
"Cancellation",2000,90,5,-4374.47322858051,9235.40421457172,9120.82555384524,15.1921439172723,0.020746176658654,1,5,4,1
"Cancellation",2000,91,1,-4295.38234614068,8681.97552179586,8660.49202290965,7.73122104185323,0.0168923883132155,1,5,2,1
"Cancellation",2000,91,2,-4307.36615735486,8804.75487619827,8759.99758685199,6.78607332263688,0.0248087264882967,1,5,2,1
"Cancellation",2000,91,3,-4360.35957487126,9009.55344320512,8941.52236339876,2.13957554024881,0.0133117962793647,1,5,2,1
"Cancellation",2000,91,4,-4234.26211230604,8856.17025004872,8764.86537978231,-6.17740236543227,0.0427397058436392,1,5,2,1
"Cancellation",2000,91,5,-4282.82517166092,9052.10810073253,8937.52944000604,-1.53270450611255,0.0193140668510487,1,5,2,1
"Cancellation",2000,92,1,-4291.43256070787,8674.07595093024,8652.59245204403,13.9998749681031,0.0523835081128941,1,5,3,1
"Cancellation",2000,92,2,-4396.17493738058,8982.3724362497,8937.61514690342,12.6831781739779,0.0465690120248269,1,5,3,1
"Cancellation",2000,92,3,-4300.86845787382,8890.57120921024,8822.54012940389,14.7658510617516,0.0308406637561561,1,5,3,1
"Cancellation",2000,92,4,-4369.76440738958,9127.1748402158,9035.86996994938,19.8968574896065,-0.0256157553355067,1,5,3,1
"Cancellation",2000,92,5,-4287.19440221628,9060.84656184326,8946.26790111677,6.72807493745256,0.0105694379850139,1,5,3,1
"Cancellation",2000,93,1,-4292.79810467127,8676.80703885704,8655.32353997082,13.7932024459221,0.0266936808087966,1,5,2,1
"Cancellation",2000,93,2,-4329.65473594402,8849.33203337658,8804.5747440303,18.3696017318474,0.0356384453462062,1,5,2,1
"Cancellation",2000,93,3,-4327.70252039775,8944.23933425809,8876.20825445174,15.6124980854548,0.0191998824733298,1,5,2,1
"Cancellation",2000,93,4,-4393.70480475236,9175.05563494136,9083.75076467494,21.3191164880249,-0.0249688737954666,1,5,2,1
"Cancellation",2000,93,5,-4296.05815820033,9078.57407381135,8963.99541308487,12.6927080726649,0.0293195763966448,1,5,2,1
"Cancellation",2000,94,1,-4353.78968342688,8798.79019636827,8777.30669748205,16.9875416179144,0.0907701633966576,1,3,2,1
"Cancellation",2000,94,2,-4343.98473346072,8877.99202840998,8833.2347390637,4.53187813628374,0.0434515842284873,1,3,2,1
"Cancellation",2000,94,3,-4355.39186233289,8999.61801812838,8931.58693832203,6.3238238700175,0.0316812223102408,1,3,2,1
"Cancellation",2000,94,4,-4393.44826202156,9174.54254947977,9083.23767921335,26.4866503726409,0.000338278703883735,1,3,2,1
"Cancellation",2000,94,5,-4350.68894642702,9187.83565026474,9073.25698953826,5.84336778544783,0.00821407586349294,1,3,2,1
"Cancellation",2000,95,1,-4299.02744941769,8689.26572834989,8667.78222946367,6.43097924829668,0.0123627093326362,1,4,4,4
"Cancellation",2000,95,2,-4261.48130756148,8712.98517661151,8668.22788726522,-0.180142188701065,0.069464018005781,1,4,4,4
"Cancellation",2000,95,3,-4285.52109296976,8859.87647940211,8791.84539959576,6.00462950280601,0.0260385447755038,1,4,4,4
"Cancellation",2000,95,4,-4334.69175208465,9057.02952960595,8965.72465933953,5.04392301899393,-0.00814199096329877,1,4,4,4
"Cancellation",2000,95,5,-4356.15629055691,9198.77033852452,9084.19167779804,2.71047928260791,0.0218874232976045,1,4,4,4
"Cancellation",2000,96,1,-4427.41941301197,8946.04965553845,8924.56615665223,13.321944821551,0.00447461333708222,2,4,4,4
"Cancellation",2000,96,2,-4310.15056687436,8810.32369523728,8765.56640589099,20.1347850263229,0.0167108553413826,2,4,4,4
"Cancellation",2000,96,3,-4317.41027264893,8923.65483876046,8855.62375895411,15.4812253984771,0.0172167754976709,2,4,4,4
"Cancellation",2000,96,4,-4334.66907002118,9056.984165479,8965.67929521258,14.0463759838043,0.0423895935928957,2,4,4,4
"Cancellation",2000,96,5,-4358.76449549228,9203.98674839525,9089.40808766877,9.28234673663821,0.0151889099952837,2,4,4,4
"Cancellation",2000,97,1,-4274.72887347493,8640.66857646436,8619.18507757815,9.64998880024286,0.00136731315660244,1,4,2,1
"Cancellation",2000,97,2,-4311.62154577298,8813.26565303451,8768.50836368823,6.90964480807351,0.0927493567306472,1,4,2,1
"Cancellation",2000,97,3,-4318.85222994452,8926.53875335164,8858.50767354529,11.6114080413523,0.0119264367608899,1,4,2,1
"Cancellation",2000,97,4,-4333.99791943456,9055.64186430577,8964.33699403935,11.8781511532962,0.0112938158209417,1,4,2,1
"Cancellation",2000,97,5,-4328.76069677707,9143.97915096483,9029.40049023834,5.11198074325285,-0.00194354260489212,1,4,2,1
"Cancellation",2000,98,1,-4293.53258863143,8678.27600677737,8656.79250789115,14.6512737852104,0.0121263565931221,1,5,2,1
"Cancellation",2000,98,2,-4345.71681489977,8881.45619128809,8836.69890194181,20.9730600371421,0.0175191030167753,1,5,2,1
"Cancellation",2000,98,3,-4331.88556356423,8952.60542059106,8884.5743407847,8.2462715131819,-0.00535226393919183,1,5,2,1
"Cancellation",2000,98,4,-4320.3790631295,9028.40415169564,8937.09928142922,12.6275963269467,-0.00743011078816437,1,5,2,1
"Cancellation",2000,98,5,-4377.07523427206,9240.60822595482,9126.02956522833,7.41250542361398,0.00442579322484295,1,5,2,1
"Cancellation",2000,99,1,-4340.33037615199,8771.87158181848,8750.38808293227,13.180202720275,-0.048368466916217,1,3,2,1
"Cancellation",2000,99,2,-4379.00879838419,8948.04015825694,8903.28286891066,5.10491306099315,0.0355262607627205,1,3,2,1
"Cancellation",2000,99,3,-4320.7919923551,8930.41827817281,8862.38719836646,5.94413816006923,-0.00592417987010246,1,3,2,1
"Cancellation",2000,99,4,-4283.10001249295,8953.84605042255,8862.54118015613,3.63707992282624,0.01059566937716,1,3,2,1
"Cancellation",2000,99,5,-4323.76981349171,9133.99738439411,9019.41872366762,1.71017127681267,0.03559666676129,1,3,2,1
"Cancellation",2000,100,1,-4305.56006657029,8702.33096265508,8680.84746376886,-4.89911482993831,0.0768342608417114,2,3,2,2
"Cancellation",2000,100,2,-4266.65601367354,8723.33458883562,8678.57729948934,-4.09245544745346,0.0376098470803022,2,3,2,2
"Cancellation",2000,100,3,-4359.36592188588,9007.56613723435,8939.535057428,-2.41321552883231,0.0384227752587825,2,3,2,2
"Cancellation",2000,100,4,-4380.71190369063,9149.0698328179,9057.76496255148,12.8686354014638,0.00328952617055082,2,3,2,2
"Cancellation",2000,100,5,-4323.30622914236,9133.0702156954,9018.49155496892,8.00842853816625,0.00708886540040918,2,3,2,2
"Cancellation",2000,101,1,-4285.48475333224,8662.18033617898,8640.69683729276,4.87357476943507,0.0309414784745391,1,5,3,1
"Cancellation",2000,101,2,-4338.82059157346,8867.66374463546,8822.90645528918,10.8874439097522,0.0327101261219047,1,5,3,1
"Cancellation",2000,101,3,-4269.29878323533,8827.43185993327,8759.40078012692,2.0157947163098,0.0284156469639221,1,5,3,1
"Cancellation",2000,101,4,-4264.23681100758,8916.11964745181,8824.81477718539,-3.98863153909455,0.0158011858376675,1,5,3,1
"Cancellation",2000,101,5,-4317.6735932918,9121.80494399429,9007.22628326781,1.99384789963415,0.0330855586774436,1,5,3,1
"Cancellation",2000,102,1,-4351.49470659323,8794.20024270096,8772.71674381475,3.7396969948548,0.0381785364423971,1,5,2,1
"Cancellation",2000,102,2,-4327.3544614771,8844.73148444275,8799.97419509647,11.7171263856537,0.0145306133243501,1,5,2,1
"Cancellation",2000,102,3,-4353.04461379289,8994.92352104837,8926.89244124202,5.17144427788287,0.0152825506263921,1,5,2,1
"Cancellation",2000,102,4,-4357.60315924513,9102.8523439269,9011.54747366048,10.3488501161522,-0.0110122852369908,1,5,2,1
"Cancellation",2000,102,5,-4293.70225310953,9073.86226362975,8959.28360290327,3.77873880661762,0.00198123198118853,1,5,2,1
"Cancellation",2000,103,1,-4307.43008182198,8706.07099315846,8684.58749427225,3.00261992966141,0.0367195104355807,1,3,4,1
"Cancellation",2000,103,2,-4419.4965101116,9029.01558171176,8984.25829236548,11.8988689136685,0.00612255671437295,1,3,4,1
"Cancellation",2000,103,3,-4346.68637973266,8982.20705292792,8914.17597312157,10.4217148162135,0.037433779028743,1,3,4,1
"Cancellation",2000,103,4,-4357.10773877721,9101.86150299107,9010.55663272465,5.942604908956,0.0370997136394929,1,3,4,1
"Cancellation",2000,103,5,-4361.98630856097,9210.43037453264,9095.85171380616,16.3908721421579,0.00302526819548453,1,3,4,1
"Cancellation",2000,104,1,-4332.18289654453,8755.57662260357,8734.09312371735,9.08032884100613,0.0628061871046777,1,5,3,1
"Cancellation",2000,104,2,-4353.4320558661,8896.88667322075,8852.12938387447,10.3785004033478,0.0704926381638467,1,5,3,1
"Cancellation",2000,104,3,-4349.79079871281,8988.41589088821,8920.38481108186,18.6793590730167,0.00511897925950515,1,5,3,1
"Cancellation",2000,104,4,-4358.55144053387,9104.74890650438,9013.44403623796,9.34850071217276,0.0227028304388173,1,5,3,1
"Cancellation",2000,104,5,-4355.59485678659,9197.64747098387,9083.06881025739,15.4815975707225,0.00747562186118349,1,5,3,1
"Cancellation",2000,105,1,-4320.71641925654,8732.64366802759,8711.16016914137,19.5399147117206,0.00281698688528039,1,5,2,1
"Cancellation",2000,105,2,-4383.60131199284,8957.22518547422,8912.46789612794,1.69243467265387,0.0183484466100844,1,5,2,1
"Cancellation",2000,105,3,-4251.7810627715,8792.39641900559,8724.36533919924,-1.50280440207649,0.0265053887690255,1,5,2,1
"Cancellation",2000,105,4,-4389.31950977163,9166.28504497992,9074.9801747135,14.3541890691755,0.0122419955804622,1,5,2,1
"Cancellation",2000,105,5,-4271.76510152801,9029.98796046671,8915.40929974023,3.73143309143712,0.0277536547460208,1,5,2,1
"Cancellation",2000,106,1,-4335.58173777548,8762.37430506547,8740.89080617926,16.0392506738853,-0.000227556849849328,1,5,2,1
"Cancellation",2000,106,2,-4315.17969521931,8820.38195192716,8775.62466258088,13.3975520261936,0.0471883946584801,1,5,2,1
"Cancellation",2000,106,3,-4294.85429580069,8878.54288506398,8810.51180525763,2.44121365197226,0.0208350420272589,1,5,2,1
"Cancellation",2000,106,4,-4312.16333634979,9011.97269813623,8920.66782786981,15.0177076825774,0.0114479721841771,1,5,2,1
"Cancellation",2000,106,5,-4332.29644736979,9151.05065215028,9036.4719914238,1.25054771172358,0.0233531252578822,1,5,2,1
"Cancellation",2000,107,1,-4347.95880165168,8787.12843281787,8765.64493393165,15.4156571992681,0.0704803529505016,1,5,4,1
"Cancellation",2000,107,2,-4311.84247429885,8813.70751008626,8768.95022073998,13.9145243127411,0.0324175943870053,1,5,4,1
"Cancellation",2000,107,3,-4273.15862738142,8835.15154822543,8767.12046841908,6.30986587095854,0.0351812135312065,1,5,4,1
"Cancellation",2000,107,4,-4292.12416571131,8971.89435685927,8880.58948659285,21.3266208398502,0.0433736555525769,1,5,4,1
"Cancellation",2000,107,5,-4324.72590695138,9135.90957131345,9021.33091058697,22.9318146217031,-0.0152960816317997,1,5,4,1
"Cancellation",2000,108,1,-4390.22779257992,8871.66641467434,8850.18291578812,13.4173227238351,0.0504539496229821,1,5,4,1
"Cancellation",2000,108,2,-4384.19289501557,8958.40835151969,8913.65106217341,3.83615719156951,0.0495735577578283,1,5,4,1
"Cancellation",2000,108,3,-4357.76765053723,9004.36959453705,8936.3385147307,-6.95273897592394,0.0321899521273675,1,5,4,1
"Cancellation",2000,108,4,-4296.37177175457,8980.38956894579,8889.08469867937,3.19615924205167,0.040053011733088,1,5,4,1
"Cancellation",2000,108,5,-4357.99966252208,9202.45708245484,9087.87842172836,6.28127624793965,0.0245077749333206,1,5,4,1
"Cancellation",2000,109,1,-4298.07272312201,8687.35627575852,8665.87277687231,7.41177331929068,0.0717951579527097,1,5,4,1
"Cancellation",2000,109,2,-4304.66057023596,8799.34370196047,8754.58641261419,4.04261906250392,0.0397030383203357,1,5,4,1
"Cancellation",2000,109,3,-4338.01659329827,8964.86748005914,8896.83640025279,6.21561750035054,0.0305867908904016,1,5,4,1
"Cancellation",2000,109,4,-4348.92745981518,9085.50094506701,8994.19607480059,15.441329599041,0.0156624781371149,1,5,4,1
"Cancellation",2000,109,5,-4343.20228005334,9172.86231751738,9058.2836567909,-0.349207985726601,-0.00409934701041161,1,5,4,1
"Cancellation",2000,110,1,-4350.64222324271,8792.49527599992,8771.01177711371,11.1437945475244,0.044670658443509,2,5,3,2
"Cancellation",2000,110,2,-4264.44657771198,8718.91571691252,8674.15842756624,-0.100435774534224,0.0488285336824604,2,5,3,2
"Cancellation",2000,110,3,-4420.74634163594,9130.32697673447,9062.29589692812,16.4147011401701,9.2478579773468e-05,2,5,3,2
"Cancellation",2000,110,4,-4287.71259592023,8963.07121727711,8871.76634701069,4.97489333766377,0.000456000437767009,2,5,3,2
"Cancellation",2000,110,5,-4336.97143132118,9160.40062005305,9045.82195932656,2.70116613485428,0.0177594244817284,2,5,3,2
"Cancellation",2000,111,1,-4349.35489667984,8789.92062287418,8768.43712398797,16.2452695473895,0.0560240700834664,1,5,3,1
"Cancellation",2000,111,2,-4311.61028995981,8813.24314140817,8768.48585206189,25.5897491549457,-0.0218662819070142,1,5,3,1
"Cancellation",2000,111,3,-4309.05304592412,8906.94038531083,8838.90930550448,7.3467999805623,0.0071032000370376,1,5,3,1
"Cancellation",2000,111,4,-4374.85279302443,9137.35161148551,9046.04674121909,3.2459760423531,0.0169829600454855,1,5,3,1
"Cancellation",2000,111,5,-4311.62689419013,9109.71154579096,8995.13288506448,9.74191132388248,0.0351280333775448,1,5,3,1
"Cancellation",2000,112,1,-4294.62738586904,8680.46560125259,8658.98210236638,5.07249372242957,0.0712590686077715,1,5,2,1
"Cancellation",2000,112,2,-4300.38226224978,8790.78708598811,8746.02979664182,-11.7750430970579,0.0597676670999795,1,5,2,1
"Cancellation",2000,112,3,-4288.42390396473,8865.68210139205,8797.6510215857,-0.568148678028356,0.0430086278044557,1,5,2,1
"Cancellation",2000,112,4,-4329.01105420156,9045.66813383976,8954.36326357334,2.59987941463683,0.00491220595993147,1,5,2,1
"Cancellation",2000,112,5,-4332.09294991735,9150.64365724539,9036.06499651891,13.0949470538547,-4.91682590450815e-05,1,5,2,1
"Cancellation",2000,113,1,-4456.03590979482,9003.28264910415,8981.79915021793,7.27066378926651,-0.00183874264952929,2,4,2,2
"Cancellation",2000,113,2,-4332.12877897396,8854.28011943648,8809.5228300902,-7.35427937396094,0.0421723233540996,2,4,2,2
"Cancellation",2000,113,3,-4314.28310890004,8917.40051126268,8849.36943145633,5.79055120426063,0.0354115981140179,2,4,2,2
"Cancellation",2000,113,4,-4336.64014683267,9060.92631910199,8969.62144883557,4.27652016301444,-0.00114715127828192,2,4,2,2
"Cancellation",2000,113,5,-4362.18598861631,9210.82973464331,9096.25107391683,12.3127698625476,0.0140884897114153,2,4,2,2
"Cancellation",2000,114,1,-4261.88642829214,8614.98368609878,8593.50018721256,-2.90323982285919,-0.0104527903909712,1,3,4,1
"Cancellation",2000,114,2,-4378.26700285652,8946.55656720159,8901.79927785531,4.9915185682938,0.0247671704153302,1,3,4,1
"Cancellation",2000,114,3,-4321.12822360929,8931.09074068118,8863.05966087483,5.15731125863813,0.0320329942492831,1,3,4,1
"Cancellation",2000,114,4,-4369.71532761794,9127.07668067253,9035.77181040611,1.64258255681862,0.0007250730996388,1,3,4,1
"Cancellation",2000,114,5,-4316.28092056733,9119.01959854535,9004.44093781887,-1.37531796699025,0.0452323721422282,1,3,4,1
"Cancellation",2000,115,1,-4361.28520905089,8813.78124761629,8792.29774873007,12.0430977338304,0.039480636501501,3,5,4,3
"Cancellation",2000,115,2,-4353.84161585481,8897.70579319816,8852.94850385188,7.15686923735424,0.0463026255007317,3,5,4,3
"Cancellation",2000,115,3,-4284.2032449264,8857.2407833154,8789.20970350905,3.44627821489125,0.045122203162612,3,5,4,3
"Cancellation",2000,115,4,-4311.03774864516,9009.72152272698,8918.41665246056,14.8755201123946,0.0054590139227819,3,5,4,3
"Cancellation",2000,115,5,-4335.75434461305,9157.96644663679,9043.38778591031,6.13095350150353,0.00386327502889446,3,5,4,3
"Cancellation",2000,116,1,-4312.0663912631,8715.3436120407,8693.86011315449,10.6143637061447,-0.0144654336371566,1,5,3,1
"Cancellation",2000,116,2,-4317.00105615684,8824.02467380222,8779.26738445594,16.8949607911109,0.0465679810761855,1,5,3,1
"Cancellation",2000,116,3,-4327.60619418541,8944.04668183343,8876.01560202708,4.89739035968173,0.0601261712867139,1,5,3,1
"Cancellation",2000,116,4,-4288.34672730986,8964.33948005636,8873.03460978995,11.0029305116412,0.0535433443259752,1,5,3,1
"Cancellation",2000,116,5,-4324.82319376772,9136.10414494613,9021.52548421965,2.85707396255153,0.0154770180559399,1,5,3,1
"Cancellation",2000,117,1,-4347.80281923228,8786.81646797906,8765.33296909285,-3.30861909136099,0.0830505307180039,1,3,3,3
"Cancellation",2000,117,2,-4344.57409535295,8879.17075219444,8834.41346284816,-2.11407438593961,0.038219560020094,1,3,3,3
"Cancellation",2000,117,3,-4349.07723005685,8986.98875357629,8918.95767376994,-1.06238514239153,0.0376237722041001,1,3,3,3
"Cancellation",2000,117,4,-4336.40875570312,9060.46353684289,8969.15866657647,0.181253203844369,0.0484878894848337,1,3,3,3
"Cancellation",2000,117,5,-4331.59004485536,9149.63784712142,9035.05918639494,4.28870909236397,0.00566186783207409,1,3,3,3
"Cancellation",2000,118,1,-4401.40079430363,8894.01241812177,8872.52891923555,1.2899150602969,0.0669276757846303,2,5,4,2
"Cancellation",2000,118,2,-4342.12474127788,8874.27204404431,8829.51475469803,-0.94427348142438,0.0405913676960204,2,5,4,2
"Cancellation",2000,118,3,-4406.00105032882,9100.83639412024,9032.80531431389,7.64888292386996,0.0447279833314297,2,5,4,2
"Cancellation",2000,118,4,-4365.77249528729,9119.19101601122,9027.8861457448,12.258490124885,-0.00221370396840128,2,5,4,2
"Cancellation",2000,118,5,-4335.15311149824,9156.76398040718,9042.1853196807,7.93884611308732,0.00161399332925431,2,5,4,2
"Cancellation",2000,119,1,-4362.77981703817,8816.77046359085,8795.28696470463,15.471819412196,0.000205311791176145,1,5,3,1
"Cancellation",2000,119,2,-4363.7830147004,8917.58859088936,8872.83130154308,0.660286861192982,0.0066901587930322,1,5,3,1
"Cancellation",2000,119,3,-4329.83907745868,8948.51244837995,8880.4813685736,-2.72272125502186,0.0535711806986202,1,5,3,1
"Cancellation",2000,119,4,-4371.18007184607,9130.00616912878,9038.70129886236,4.91923459963561,0.00353103102298841,1,5,3,1
"Cancellation",2000,119,5,-4350.28609009727,9187.02993760522,9072.45127687874,3.84374720439096,-0.00106380322419994,1,5,3,1
"Cancellation",2000,120,1,-4352.80949366528,8796.82981684506,8775.34631795885,13.9100133238541,0.0531014003676488,3,4,4,4
"Cancellation",2000,120,2,-4397.65009753013,8985.32275654881,8940.56546720253,7.80231829784027,0.0346372621774643,3,4,4,4
"Cancellation",2000,120,3,-4266.28353377896,8821.40136102053,8753.37028121417,-0.632813486391393,0.0469950631432079,3,4,4,4
"Cancellation",2000,120,4,-4354.244189177,9096.13440379065,9004.82953352423,-2.0209374508395,0.0336946286756147,3,4,4,4
"Cancellation",2000,120,5,-4328.39505485041,9143.24786711151,9028.66920638502,13.0074104997624,0.0267798898157322,3,4,4,4
"Cancellation",2000,121,1,-4354.76453145581,8800.73989242613,8779.25639353991,7.79065160433249,-0.00954619857031345,1,5,3,1
"Cancellation",2000,121,2,-4376.42938006763,8942.8813216238,8898.12403227752,10.7810522800185,0.0248461644450808,1,5,3,1
"Cancellation",2000,121,3,-4319.30376472499,8927.44182291258,8859.41074310623,5.2941596267864,0.014600400111202,1,5,3,1
"Cancellation",2000,121,4,-4362.67114525875,9112.98831595414,9021.68344568773,-5.50133717336207,0.0207649928494381,1,5,3,1
"Cancellation",2000,121,5,-4389.34275659408,9265.14327059885,9150.56460987237,5.18281181798787,0.00909974298673703,1,5,3,1
"Cancellation",2000,122,1,-4314.38025184662,8719.97133320775,8698.48783432154,10.9708565336452,-0.0318095506731925,1,5,1,1
"Cancellation",2000,122,2,-4362.70443402381,8915.43142953617,8870.67414018989,13.3040032472912,0.0196220764650013,1,5,1,1
"Cancellation",2000,122,3,-4321.03191152278,8930.89811650816,8862.86703670181,17.6629543904284,-0.0209715987235714,1,5,1,1
"Cancellation",2000,122,4,-4325.34082600445,9038.32767744555,8947.02280717913,0.0328743692714216,0.0207570527801367,1,5,1,1
"Cancellation",2000,122,5,-4288.71166530202,9063.88108801474,8949.30242728825,-1.8275866807954,0.00356944112598646,1,5,1,1
"Cancellation",2000,123,1,-4364.66699031531,8820.54481014513,8799.06131125891,-2.11768116470503,0.0347710869932322,1,5,5,5
"Cancellation",2000,123,2,-4364.42045975313,8918.86348099481,8874.10619164853,5.47583064235886,0.0120949689200638,1,5,5,5
"Cancellation",2000,123,3,-4372.97073352667,9034.77576051594,8966.74468070959,-3.29638939757355,0.0304066914766625,1,5,5,5
"Cancellation",2000,123,4,-4328.84738330922,9045.3407920551,8954.03592178868,0.924099684104912,0.0196416296764107,1,5,5,5
"Cancellation",2000,123,5,-4358.24539724655,9202.9485519038,9088.36989117731,8.53386032654654,0.0217271038417848,1,5,5,5
"Cancellation",2000,124,1,-4366.66380867889,8824.53844687229,8803.05494798607,-8.21381756451779,0.00424347309563157,2,5,3,2
"Cancellation",2000,124,2,-4263.58008404252,8717.18272957359,8672.4254402273,8.11616419287018,0.0383970251892734,2,5,3,2
"Cancellation",2000,124,3,-4314.65131164353,8918.13691674966,8850.1058369433,26.9973169821348,0.0270147011852946,2,5,3,2
"Cancellation",2000,124,4,-4357.57633546959,9102.79869637582,9011.4938261094,7.16511710523746,0.0180732561983616,2,5,3,2
"Cancellation",2000,124,5,-4282.86779736628,9052.19335214325,8937.61469141677,0.65764055480086,0.0258037283836599,2,5,3,2
"Cancellation",2000,125,1,-4373.40515933809,8838.02114819068,8816.53764930447,-1.98624218056066,0.123828569648644,3,4,2,2
"Cancellation",2000,125,2,-4342.41095345328,8874.84446839511,8830.08717904883,-3.77546189517074,0.0648308568770522,3,4,2,2
"Cancellation",2000,125,3,-4281.12855052831,8851.09139451921,8783.06031471286,-7.05113865813153,0.0587539265429483,3,4,2,2
"Cancellation",2000,125,4,-4282.32085677291,8952.28773898247,8860.98286871605,-7.51900123608798,0.0275154001019058,3,4,2,2
"Cancellation",2000,125,5,-4313.89172442576,9114.24120626222,8999.66254553573,3.9727378341157,0.0295286352700537,3,4,2,2
"Cancellation",2000,126,1,-4408.84652348226,8908.90387647902,8887.42037759281,9.7408675841576,-0.0348013122589039,2,5,5,5
"Cancellation",2000,126,2,-4334.24858924424,8858.51973997704,8813.76245063076,8.5102927465531,0.0195216358697097,2,5,5,5
"Cancellation",2000,126,3,-4330.93268491851,8950.69966329961,8882.66858349326,3.10243224247414,0.0509191247093349,2,5,5,5
"Cancellation",2000,126,4,-4329.94680312587,9047.53963168839,8956.23476142198,-5.24179915571626,0.0269761397823828,2,5,5,5
"Cancellation",2000,126,5,-4363.85350684813,9214.16477110695,9099.58611038046,16.910201831534,0.00750926602795513,2,5,5,5
"Cancellation",2000,127,1,-4272.03765669345,8635.2861429014,8613.80264401519,-1.22882993290738,0.0201912610004953,1,5,2,1
"Cancellation",2000,127,2,-4369.63232102827,8929.28720354508,8884.5299141988,9.70906695223375,0.042443498110936,1,5,2,1
"Cancellation",2000,127,3,-4349.55949685386,8987.95328717032,8919.92220736397,-5.39423251599538,0.0389915274547315,1,5,2,1
"Cancellation",2000,127,4,-4324.80925441713,9037.26453427091,8945.95966400449,12.7056710988942,0.0514187731309063,1,5,2,1
"Cancellation",2000,127,5,-4288.30170562061,9063.06116865192,8948.48250792543,-1.95827014613359,0.0241375731076078,1,5,2,1
"Cancellation",2000,128,1,-4347.73040672112,8786.67164295675,8765.18814407053,-1.52022824968291,0.0515233542624308,2,5,3,2
"Cancellation",2000,128,2,-4277.2813558153,8744.58527311915,8699.82798377287,5.12078780572031,0.0149732615970737,2,5,3,2
"Cancellation",2000,128,3,-4289.91776992152,8868.66983330564,8800.63875349929,-6.01902838364145,0.0193824375298222,2,5,3,2
"Cancellation",2000,128,4,-4335.7227669725,9059.09155938166,8967.78668911524,2.32748424986438,0.0184683314842853,2,5,3,2
"Cancellation",2000,128,5,-4301.36949419146,9089.19674579362,8974.61808506714,-0.488552618012294,0.0293635822963621,2,5,3,2
"Cancellation",2000,129,1,-4301.89139859452,8694.99362670355,8673.51012781733,-0.0177207521616071,-0.00981269784680177,1,5,4,1
"Cancellation",2000,129,2,-4389.58316961796,8969.18890072447,8924.43161137818,15.129567463662,0.0265418354515504,1,5,4,1
"Cancellation",2000,129,3,-4282.72904240082,8854.29237826424,8786.26129845789,-3.51269253445823,0.0425382043537094,1,5,4,1
"Cancellation",2000,129,4,-4351.64698931422,9090.94000406508,8999.63513379866,7.24645265002158,0.0213547126798432,1,5,4,1
"Cancellation",2000,129,5,-4369.68826320611,9225.83428382292,9111.25562309644,3.49840943520028,0.0193424389827283,1,5,4,1
"Cancellation",2000,130,1,-4302.38339219044,8695.97761389539,8674.49411500917,0.184969638351743,0.0295356882533915,1,5,4,1
"Cancellation",2000,130,2,-4342.69642588513,8875.41541325881,8830.65812391253,18.0084391048879,0.0470545229116542,1,5,4,1
"Cancellation",2000,130,3,-4384.10216339959,9057.03862026178,8989.00754045543,-2.04777771261645,0.0595842964458564,1,5,4,1
"Cancellation",2000,130,4,-4341.00685894803,9069.6597433327,8978.35487306628,7.03074414866248,0.00920998664058072,1,5,4,1
"Cancellation",2000,130,5,-4290.18902137371,9066.83580015812,8952.25713943164,2.37789921634543,0.0208345255874709,1,5,4,1
"Cancellation",2000,131,1,-4306.79092530055,8704.7926801156,8683.30918122938,-0.193507119523712,-0.0217495836618864,1,5,5,5
"Cancellation",2000,131,2,-4359.20564415531,8908.43384979917,8863.67656045289,18.6754478679763,0.00978553369758856,1,5,5,5
"Cancellation",2000,131,3,-4359.88552550926,9008.60534448111,8940.57426467476,1.76917895269556,0.0357795743381317,1,5,5,5
"Cancellation",2000,131,4,-4245.53560121455,8878.71722786575,8787.41235759933,10.5603146640873,-0.0100286474027724,1,5,5,5
"Cancellation",2000,131,5,-4349.07340455502,9184.60456652074,9070.02590579426,4.88011572591696,0.0389060327545642,1,5,5,5
"Cancellation",2000,132,1,-4248.35042177299,8587.91167306049,8566.42817417427,13.4163473470442,-0.0216731762242741,1,5,3,1
"Cancellation",2000,132,2,-4427.82145765534,9045.66547679923,9000.90818745295,10.977112283226,0.0362013804888342,1,5,3,1
"Cancellation",2000,132,3,-4361.56473323432,9011.96375993123,8943.93268012488,-4.13091272013783,0.0477079072126256,1,5,3,1
"Cancellation",2000,132,4,-4278.5961922623,8944.83840996125,8853.53353969483,0.317607197862103,-0.0027855139212229,1,5,3,1
"Cancellation",2000,132,5,-4354.28409921604,9195.02595584278,9080.44729511629,-2.23018970231414,0.0271036520840133,1,5,3,1
"Cancellation",2000,133,1,-4311.32494955256,8713.86072861962,8692.3772297334,2.29095371204701,0.0330920652266396,1,3,3,3
"Cancellation",2000,133,2,-4394.63879270317,8979.30014689489,8934.54285754861,17.0837028296754,0.0326993267975985,1,3,3,3
"Cancellation",2000,133,3,-4316.60919991149,8922.05269328558,8854.02161347922,15.2239129357588,0.00637862657394272,1,3,3,3
"Cancellation",2000,133,4,-4298.05884962478,8983.7637246862,8892.45885441978,5.14319838560175,0.0484583094945655,1,3,3,3
"Cancellation",2000,133,5,-4325.19816113876,9136.85407968822,9022.27541896173,-0.901778381587754,0.0328445017253216,1,3,3,3
"Cancellation",2000,134,1,-4333.06809168638,8757.34701288726,8735.86351400104,11.7679445911978,0.034807710315965,1,4,2,1
"Cancellation",2000,134,2,-4325.03990155722,8840.102364603,8795.34507525672,1.65190075362829,0.00895238722813927,1,4,2,1
"Cancellation",2000,134,3,-4342.74245708131,8974.31920762522,8906.28812781887,7.28542458351427,0.0369625812679758,1,4,2,1
"Cancellation",2000,134,4,-4338.06473420528,9063.77549384721,8972.47062358079,8.2035908260728,0.0157201735531798,1,4,2,1
"Cancellation",2000,134,5,-4322.74648791,9131.95073323069,9017.37207250421,-0.781789199573728,0.0076076336069248,1,4,2,1
"Cancellation",2000,135,1,-4295.47528746509,8682.16140444468,8660.67790555847,3.96070592817156,0.0545267307052726,1,5,4,1
"Cancellation",2000,135,2,-4264.89195032862,8719.80646214579,8675.0491727995,-6.24660567347619,0.0633903224540929,1,5,4,1
"Cancellation",2000,135,3,-4387.08534236413,9063.00497819086,8994.97389838451,-2.27550640776214,0.0167299072949075,1,5,4,1
"Cancellation",2000,135,4,-4351.97998298157,9091.6059913998,9000.30112113338,7.06428871860005,0.045981819059552,1,5,4,1
"Cancellation",2000,135,5,-4305.63221018887,9097.72217778844,8983.14351706195,5.66296146095782,0.021605679276278,1,5,4,1
"Cancellation",2000,136,1,-4392.71746327683,8876.64575606817,8855.16225718195,3.0361915739767,0.0198180926001846,2,5,1,1
"Cancellation",2000,136,2,-4285.23545003005,8760.49346154866,8715.73617220237,-1.24048935496216,0.00860786021078991,2,5,1,1
"Cancellation",2000,136,3,-4400.54535781928,9089.92500910115,9021.8939292948,20.962246190078,0.0232508831020719,2,5,1,1
"Cancellation",2000,136,4,-4338.97467128082,9065.59536799829,8974.29049773187,-2.5042279772545,-0.00911158362040584,2,5,1,1
"Cancellation",2000,136,5,-4271.95167434039,9030.36110609148,8915.782445365,19.1628500355325,-0.00308865395739671,2,5,1,1
"Cancellation",2000,137,1,-4399.9675789731,8891.14598746071,8869.6624885745,12.6130478143935,0.10051020412936,3,4,1,1
"Cancellation",2000,137,2,-4341.22328244579,8872.46912638014,8827.71183703385,4.76508387928865,0.0353414982664775,3,4,1,1
"Cancellation",2000,137,3,-4279.08905445467,8847.01240237194,8778.98132256559,14.0266579155596,-0.0505707282317013,3,4,1,1
"Cancellation",2000,137,4,-4415.37850481903,9218.40303507472,9127.0981648083,13.2137909119069,0.0152758977281902,3,4,1,1
"Cancellation",2000,137,5,-4332.42742686542,9151.31261114152,9036.73395041504,1.93844167867894,0.0779479950439791,3,4,1,1
"Cancellation",2000,138,1,-4323.86468874978,8738.94020701407,8717.45670812786,10.157491981291,0.00416521477576695,1,5,3,1
"Cancellation",2000,138,2,-4405.81871671727,9001.65999492309,8956.9027055768,20.0037208395045,0.0317181156636705,1,5,3,1
"Cancellation",2000,138,3,-4330.13981971219,8949.11393288698,8881.08285308063,16.3245113731942,0.016910337447976,1,5,3,1
"Cancellation",2000,138,4,-4311.74615833553,9011.13834210771,8919.83347184129,7.02236412238731,0.00889953980005569,1,5,3,1
"Cancellation",2000,138,5,-4304.09102913823,9094.63981568716,8980.06115496068,12.0281026717657,0.0209480952217263,1,5,3,1
"Cancellation",2000,139,1,-4351.13045106683,8793.47173164816,8771.98823276194,7.99513528615129,0.0304969981450485,1,5,2,1
"Cancellation",2000,139,2,-4375.62917619825,8941.28091388506,8896.52362453878,10.5914235673112,0.0712039738161521,1,5,2,1
"Cancellation",2000,139,3,-4280.50586614969,8849.84602576198,8781.81494595563,6.40274320581395,0.0536358490857348,1,5,2,1
"Cancellation",2000,139,4,-4348.2664176912,9084.17886081905,8992.87399055263,10.8464234175866,0.00356828956915332,1,5,2,1
"Cancellation",2000,139,5,-4281.04147193865,9048.54070128799,8933.9620405615,4.74129398772498,0.00799819574839981,1,5,2,1
"Cancellation",2000,140,1,-4279.59839622937,8650.40762197324,8628.92412308702,-0.121007355338246,0.0459251424738542,1,5,2,1
"Cancellation",2000,140,2,-4320.63738771472,8831.297336918,8786.54004757172,10.5020208599659,0.0456241370086184,1,5,2,1
"Cancellation",2000,140,3,-4345.22103173144,8979.27635692549,8911.24527711914,3.82161942913006,0.0230062086859935,1,5,2,1
"Cancellation",2000,140,4,-4324.89852985005,9037.44308513675,8946.13821487033,23.6603793412098,0.010426258354968,1,5,2,1
"Cancellation",2000,140,5,-4240.97286138398,8968.40348017865,8853.82481945217,15.4862486895497,0.0183565309566138,1,5,2,1
"Cancellation",2000,141,1,-4330.56124137599,8752.33331226649,8730.84981338027,11.8236776591081,-0.0126461389055598,1,5,4,1
"Cancellation",2000,141,2,-4293.92209642654,8777.86675434162,8733.10946499534,16.402349139067,0.00271960769433096,1,5,4,1
"Cancellation",2000,141,3,-4295.11960186379,8879.07349719018,8811.04241738383,-1.95442285222953,-0.00329893813198614,1,5,4,1
"Cancellation",2000,141,4,-4301.62402426806,8990.89407397277,8899.58920370635,10.4381399872597,0.0187280387750244,1,5,4,1
"Cancellation",2000,141,5,-4271.6155002988,9029.68875800829,8915.11009728181,-0.764898590517626,0.0234576953278176,1,5,4,1
"Cancellation",2000,142,1,-4300.8546160269,8692.9200615683,8671.43656268208,5.04877318998205,0.0688187635445409,1,3,4,1
"Cancellation",2000,142,2,-4341.26484395138,8872.55224939131,8827.79496004503,6.63712195156531,0.000676276441242361,1,3,4,1
"Cancellation",2000,142,3,-4335.06792073032,8958.97013492324,8890.93905511689,6.07569432284722,0.0142033786190286,1,3,4,1
"Cancellation",2000,142,4,-4375.46660867396,9138.57924278456,9047.27437251815,20.3968758796929,0.0336723905125699,1,3,4,1
"Cancellation",2000,142,5,-4293.04806763012,9072.55389267093,8957.97523194445,2.47060425452883,0.0494430474803425,1,3,4,1
"Cancellation",2000,143,1,-4259.56183416599,8610.33449784648,8588.85099896027,-3.83308171154382,-0.0413472798821291,1,5,2,1
"Cancellation",2000,143,2,-4313.80149076641,8817.62554302137,8772.86825367509,2.01939186891848,0.0243789780880969,1,5,2,1
"Cancellation",2000,143,3,-4346.1009085131,8981.0361104888,8913.00503068245,18.4628029138535,-0.00978121266591182,1,5,2,1
"Cancellation",2000,143,4,-4344.56108819644,9076.76820182952,8985.4633315631,-3.00986179426204,0.0335398260483682,1,5,2,1
"Cancellation",2000,143,5,-4332.45416672868,9151.36609086805,9036.78743014157,11.8256283564231,0.0135501545967697,1,5,2,1
"Cancellation",2000,144,1,-4385.49418673383,8862.19920298217,8840.71570409595,2.10284384118449,0.0448906761910177,2,5,5,5
"Cancellation",2000,144,2,-4278.04570562209,8746.11397273272,8701.35668338644,-1.13022210734638,0.0691184851370547,2,5,5,5
"Cancellation",2000,144,3,-4379.13162591092,9047.09754528444,8979.06646547809,7.63344796022477,0.0112065044886899,2,5,5,5
"Cancellation",2000,144,4,-4293.74656707316,8975.13915958297,8883.83428931655,11.9526166201238,0.0467718929502056,2,5,5,5
"Cancellation",2000,144,5,-4338.64694668679,9163.75165078427,9049.17299005779,4.7361559889156,0.0156567334996379,2,5,5,5
"Cancellation",2000,145,1,-4333.37062152755,8757.95207256959,8736.46857368338,2.29393213957727,0.0947857318473578,1,4,4,4
"Cancellation",2000,145,2,-4331.26138415626,8852.54532980106,8807.78804045478,12.1062112312376,-0.00557162095247265,1,4,4,4
"Cancellation",2000,145,3,-4271.12715487048,8831.08860320356,8763.05752339721,6.0326879942304,0.0323936476445146,1,4,4,4
"Cancellation",2000,145,4,-4359.17702345446,9106.00007234556,9014.69520207914,4.23620645809009,0.00256747725227594,1,4,4,4
"Cancellation",2000,145,5,-4335.91545386635,9158.28866514339,9043.71000441691,12.3023633496497,0.0140250963234898,1,4,4,4
"Cancellation",2000,146,1,-4333.30632067051,8757.82347085552,8736.33997196931,0.664466617864201,0.0718373538672932,1,5,4,1
"Cancellation",2000,146,2,-4322.93600470535,8835.89457089925,8791.13728155296,6.48776171710746,0.0336012964614798,1,5,4,1
"Cancellation",2000,146,3,-4326.54366430206,8941.92162206671,8873.89054226036,21.8917220795092,0.0087936621460443,1,5,4,1
"Cancellation",2000,146,4,-4377.22784066843,9142.10170677351,9050.79683650709,17.7187179932013,-0.00483398134541388,1,5,4,1
"Cancellation",2000,146,5,-4370.88913986013,9228.23603713095,9113.65737640447,8.18835282794011,0.00252676930585361,1,5,4,1
"Cancellation",2000,147,1,-4362.04948523489,8815.30979998428,8793.82630109806,11.1217229162806,-0.018536633734017,1,5,2,1
"Cancellation",2000,147,2,-4414.76630303995,9019.55516756846,8974.79787822218,-2.6931461397143,-0.0126428554539656,1,5,2,1
"Cancellation",2000,147,3,-4348.16440722326,8985.16310790913,8917.13202810278,9.40822641841565,0.0262992464857998,1,5,2,1
"Cancellation",2000,147,4,-4321.98687486035,9031.61977515734,8940.31490489092,-4.40345979241539,0.0317203740841133,1,5,2,1
"Cancellation",2000,147,5,-4357.71997723554,9201.89771188178,9087.3190511553,5.73365757974631,0.0102408191590896,1,5,2,1
"Cancellation",2000,148,1,-4372.25458519495,8835.7199999044,8814.23650101819,4.5359601521826,0.0466644684393914,1,5,3,1
"Cancellation",2000,148,2,-4370.0244612834,8930.07148405534,8885.31419470906,16.0291077435425,0.0286587114344875,1,5,3,1
"Cancellation",2000,148,3,-4300.45594365304,8889.74618076867,8821.71510096232,13.2672692738604,0.0169823241690566,1,5,3,1
"Cancellation",2000,148,4,-4349.12569611006,9085.89741765677,8994.59254739036,2.60339287788095,0.00455437919805235,1,5,3,1
"Cancellation",2000,148,5,-4346.12125256579,9178.70026254228,9064.1216018158,1.09638268504241,0.00862913537024099,1,5,3,1
"Cancellation",2000,149,1,-4398.18238642701,8887.57560236853,8866.09210348231,1.4553439962641,0.0279998284905894,2,5,4,2
"Cancellation",2000,149,2,-4340.36652315962,8870.75560780779,8825.99831846151,14.4518145412819,0.0335301906956365,2,5,4,2
"Cancellation",2000,149,3,-4369.94285551578,9028.72000449416,8960.68892468781,-0.845251267621529,0.0268001823498819,2,5,4,2
"Cancellation",2000,149,4,-4335.96214998762,9059.57032541189,8968.26545514547,10.928205000468,0.0185464260422769,2,5,4,2
"Cancellation",2000,149,5,-4347.30052055063,9181.05879851195,9066.48013778546,-10.7746071951282,0.0274590828909861,2,5,4,2
"Cancellation",2000,150,1,-4387.25672603119,8865.72428157689,8844.24078269067,-3.82026006296197,0.0550475380743141,1,5,5,5
"Cancellation",2000,150,2,-4371.90100054705,8933.82456258266,8889.06727323638,-9.56648373584003,0.0707312757784134,1,5,5,5
"Cancellation",2000,150,3,-4367.30422669851,9023.44274685961,8955.41166705326,2.34637468978159,0.0221115571536889,1,5,5,5
"Cancellation",2000,150,4,-4337.55461445606,9062.75525434878,8971.45038408236,4.46230134455344,0.0148702230891563,1,5,5,5
"Cancellation",2000,150,5,-4397.55266592037,9281.56308925143,9166.98442852494,6.58781190756916,0.017221480817838,1,5,5,5
"Cancellation",2000,151,1,-4357.9538960329,8807.1186215803,8785.63512269408,-4.05469411505112,0.0877279990091983,2,5,2,2
"Cancellation",2000,151,2,-4266.05283730522,8722.128236099,8677.37094675272,8.28305160347382,0.0844104959928517,2,5,2,2
"Cancellation",2000,151,3,-4389.75364431568,9068.34158209397,9000.31050228762,3.24552438475909,0.0355104169108166,2,5,2,2
"Cancellation",2000,151,4,-4312.47668062329,9012.59938668323,8921.29451641681,-1.31276391391929,0.0193405797865092,2,5,2,2
"Cancellation",2000,151,5,-4351.27803325721,9189.01382392512,9074.43516319864,21.4554008638809,-0.00995667973691883,2,5,2,2
"Cancellation",2000,152,1,-4381.05086975256,8853.31256901962,8831.82907013341,18.2471556806992,0.0334068050259067,1,5,4,1
"Cancellation",2000,152,2,-4344.05948919486,8878.14153987827,8833.38425053199,-2.74101248070638,0.0777806423007961,1,5,4,1
"Cancellation",2000,152,3,-4402.88442102986,9094.60313552232,9026.57205571597,5.36053660084725,0.0366306609093931,1,5,4,1
"Cancellation",2000,152,4,-4323.25813039892,9034.16228623449,8942.85741596807,9.5346457007026,0.0143734599883383,1,5,4,1
"Cancellation",2000,152,5,-4328.55476814055,9143.56729369179,9028.9886329653,1.24050817472029,0.0206531929080997,1,5,4,1
"Cancellation",2000,153,1,-4316.4491160617,8724.10906163791,8702.62556275169,3.81974605777327,0.0268624339299221,1,4,2,1
"Cancellation",2000,153,2,-4394.45007422202,8978.92270993259,8934.16542058631,14.6906673619596,-0.014129346076183,1,4,2,1
"Cancellation",2000,153,3,-4340.99096185054,8970.81621716369,8902.78513735734,7.76678120727271,0.0260881499704345,1,4,2,1
"Cancellation",2000,153,4,-4350.10407937166,9087.85418417997,8996.54931391355,8.74061540147102,0.0306609391675032,1,4,2,1
"Cancellation",2000,153,5,-4317.79555586744,9122.04886914558,9007.4702084191,5.26349795116527,0.00399277729008873,1,4,2,1
"Cancellation",2000,154,1,-4331.18317610888,8753.57718173226,8732.09368284604,-5.05158481018252,0.0601469907017289,1,3,2,1
"Cancellation",2000,154,2,-4321.55017616576,8833.12291382007,8788.36562447379,-1.54671250168333,0.0765018649551879,1,3,2,1
"Cancellation",2000,154,3,-4316.46559630343,8921.76548606946,8853.73440626311,-1.72431347595289,0.0152508992532774,1,3,2,1
"Cancellation",2000,154,4,-4394.12235969624,9175.89074482913,9084.58587456271,9.37898527232905,0.0217079465976942,1,3,2,1
"Cancellation",2000,154,5,-4300.05833606588,9086.57442954245,8971.99576881596,10.233970332061,0.0224590534253212,1,3,2,1
"Cancellation",2000,155,1,-4278.9678177271,8649.1464649687,8627.66296608248,-3.5401510365305,0.0801857567434747,1,5,3,1
"Cancellation",2000,155,2,-4313.90123150229,8817.82502449313,8773.06773514684,3.9214538453651,0.0503666275972847,1,5,3,1
"Cancellation",2000,155,3,-4279.32783811495,8847.4899696925,8779.45888988615,-1.16996081143947,0.0320724565273127,1,5,3,1
"Cancellation",2000,155,4,-4377.57278603702,9142.79159751068,9051.48672724426,1.11156817300039,0.0380267981995995,1,5,3,1
"Cancellation",2000,155,5,-4331.81219341513,9150.08214424095,9035.50348351447,5.80764983406559,0.0345938442331746,1,5,3,1
"Cancellation",2000,156,1,-4257.57562671686,8606.36208294822,8584.878584062,-1.30230645577639,-0.0171484439020833,1,5,5,5
"Cancellation",2000,156,2,-4388.71160979279,8967.44578107413,8922.68849172785,-3.41369386889308,0.0397386485494916,1,5,5,5
"Cancellation",2000,156,3,-4332.68388478333,8954.20206302926,8886.17098322291,13.7032472302529,0.0273858564215226,1,5,5,5
"Cancellation",2000,156,4,-4333.73751948516,9055.12106440697,8963.81619414056,4.47507267268893,0.0380365570653003,1,5,5,5
"Cancellation",2000,156,5,-4334.46122635856,9155.38021012782,9040.80154940134,8.68060050945974,0.00952118138042292,1,5,5,5
"Cancellation",2000,157,1,-4359.00821368564,8809.22725688578,8787.74375799956,6.74507216990574,-0.00945913699944302,1,4,4,4
"Cancellation",2000,157,2,-4332.76134636983,8855.54525422822,8810.78796488194,-0.667080039080659,0.0209889290979699,1,4,4,4
"Cancellation",2000,157,3,-4359.21446124471,9007.26321595202,8939.23213614567,8.12798586364495,0.0223845852650036,1,4,4,4
"Cancellation",2000,157,4,-4353.83464265965,9095.31531075594,9004.01044048952,9.19896787337272,0.0307245796091382,1,4,4,4
"Cancellation",2000,157,5,-4323.97532683921,9134.40841108911,9019.82975036262,0.0660551702112178,0.000781191982753978,1,4,4,4
"Cancellation",2000,158,1,-4309.47726751094,8710.16536453638,8688.68186565016,3.42676591724143,0.0705151937839769,1,5,5,5
"Cancellation",2000,158,2,-4361.28451038483,8912.5915822582,8867.83429291192,-4.53624713747847,0.0935406164546524,1,5,5,5
"Cancellation",2000,158,3,-4372.01120700332,9032.85670746924,8964.82562766289,1.61743838818112,0.0211577787128505,1,5,5,5
"Cancellation",2000,158,4,-4305.00930581476,8997.66463706617,8906.35976679975,-7.96320844861421,0.0186741784326917,1,5,5,5
"Cancellation",2000,158,5,-4349.33988639351,9185.13753019771,9070.55886947122,3.3402442554591,0.0166922423481098,1,5,5,5
"Cancellation",2000,159,1,-4326.42475717988,8744.06034387427,8722.57684498805,-4.46461212695788,0.0993073406479465,1,5,3,1
"Cancellation",2000,159,2,-4354.80217229291,8899.62690607438,8854.8696167281,-2.8922294584315,0.0778605270373168,1,5,3,1
"Cancellation",2000,159,3,-4356.85073326008,9002.53575998276,8934.50468017641,-5.11627016854043,0.0473659311598815,1,5,3,1
"Cancellation",2000,159,4,-4365.36640940487,9118.37884424638,9027.07397397996,2.74020101678319,0.00850957584387849,1,5,3,1
"Cancellation",2000,159,5,-4364.9547249479,9216.36720730649,9101.78854658001,0.328394671261608,0.00316930130668141,1,5,3,1
"Cancellation",2000,160,1,-4412.66344741162,8916.53772433774,8895.05422545152,-3.53939394841161,0.0821178007237322,3,5,3,3
"Cancellation",2000,160,2,-4382.2026977465,8954.42795698155,8909.67066763526,-9.20871375546682,0.0431862128316947,3,5,3,3
"Cancellation",2000,160,3,-4292.04855678408,8872.93140703075,8804.9003272244,-11.99992984963,0.0512355959943601,3,5,3,3
"Cancellation",2000,160,4,-4391.23500943334,9170.11604430333,9078.81117403691,-2.88298655917527,0.0282968115763385,3,5,3,3
"Cancellation",2000,160,5,-4278.49983352917,9043.45742446903,8928.87876374255,12.8388777778895,0.0221676440081577,3,5,3,3
"Cancellation",2000,161,1,-4327.96772637538,8747.14628226526,8725.66278337905,3.05408237680979,0.144943395456001,1,5,3,1
"Cancellation",2000,161,2,-4329.38431596825,8848.79119342506,8804.03390407877,3.10314405395083,0.0537669093296442,1,5,3,1
"Cancellation",2000,161,3,-4372.71575075717,9034.26579497694,8966.23471517059,-0.0312035563605722,0.0328721669336596,1,5,3,1
"Cancellation",2000,161,4,-4316.67752831568,9021.001082068,8929.69621180158,2.86786597879938,0.0197786489590615,1,5,3,1
"Cancellation",2000,161,5,-4317.87353059983,9122.20481861036,9007.62615788388,-0.497245395938799,0.0213624169370066,1,5,3,1
"Cancellation",2000,162,1,-4487.85723750983,9066.92530453417,9045.44180564796,-8.06393201963766,0.0591203420226931,4,5,3,3
"Cancellation",2000,162,2,-4347.19881603282,8884.42019355419,8839.66290420791,11.8692696462293,0.0281233250327768,4,5,3,3
"Cancellation",2000,162,3,-4358.73447013655,9006.30323373569,8938.27215392934,1.19197631748862,0.0157458947506104,4,5,3,3
"Cancellation",2000,162,4,-4263.90337846445,8915.45278236555,8824.14791209913,-9.47865898395599,0.0236263236523069,4,5,3,3
"Cancellation",2000,162,5,-4322.06986485495,9130.59748712058,9016.0188263941,-8.25104550494103,0.00285410233107994,4,5,3,3
"Cancellation",2000,163,1,-4397.93994902779,8887.09072757008,8865.60722868386,19.2590240305885,0.00524511112481482,2,5,3,2
"Cancellation",2000,163,2,-4345.53146706866,8881.08549562588,8836.3282062796,-1.58268139922392,0.0439420190713727,2,5,3,2
"Cancellation",2000,163,3,-4386.84847401627,9062.53124149515,8994.50016168879,12.6332463394644,0.00724948143479995,2,5,3,2
"Cancellation",2000,163,4,-4309.29282527853,9006.2316759937,8914.92680572728,3.71918232555852,0.00652797985737058,2,5,3,2
"Cancellation",2000,163,5,-4321.36897008135,9129.19569757338,9014.6170368469,12.5174084792165,-0.00877392745541244,2,5,3,2
"Cancellation",2000,164,1,-4313.01985706433,8717.25054364316,8695.76704475694,-7.65483559663423,0.0936579579579267,1,3,2,1
"Cancellation",2000,164,2,-4345.1717146916,8880.36599087176,8835.60870152547,-5.0742830772985,0.0373749222138881,1,3,2,1
"Cancellation",2000,164,3,-4336.00851572489,8960.85132491238,8892.82024510603,-4.25926753254336,0.0406598790209092,1,3,2,1
"Cancellation",2000,164,4,-4415.48929628413,9218.62461800491,9127.31974773849,4.49513949520422,0.0268534831535583,1,3,2,1
"Cancellation",2000,164,5,-4292.32087426632,9071.09950594334,8956.52084521686,-2.70100708426664,-0.00528047621966827,1,3,2,1
"Cancellation",2000,165,1,-4298.42678852503,8688.06440656457,8666.58090767835,10.943882886573,0.0738273309077364,1,3,2,1
"Cancellation",2000,165,2,-4378.66864066197,8947.35984281249,8902.60255346621,3.60103947926723,0.0448500463027015,1,3,2,1
"Cancellation",2000,165,3,-4333.17747673353,8955.18924692967,8887.15816712331,4.37576338523364,0.0290332865656589,1,3,2,1
"Cancellation",2000,165,4,-4269.26393748227,8926.1739004012,8834.86903013478,1.98915878639686,0.000158304349972702,1,3,2,1
"Cancellation",2000,165,5,-4323.63374297876,9133.72524336821,9019.14658264173,3.31724191245096,0.0244052523260811,1,3,2,1
"Cancellation",2000,166,1,-4365.03526385806,8821.28135723062,8799.79785834441,5.75383512604713,0.0840023406471553,2,5,2,2
"Cancellation",2000,166,2,-4308.90885747751,8807.84027644357,8763.08298709729,-1.65730474390665,0.0720679015769518,2,5,2,2
"Cancellation",2000,166,3,-4350.77943723693,8990.39316793646,8922.3620881301,6.35250519479743,0.0112225104408744,2,5,2,2
"Cancellation",2000,166,4,-4351.62207847637,9090.89018238939,8999.58531212297,11.2617135941196,0.014682705095153,2,5,2,2
"Cancellation",2000,166,5,-4291.41250213161,9069.28276167391,8954.70410094743,-7.82835317602941,0.0378903600149055,2,5,2,2
"Cancellation",2000,167,1,-4377.93419230059,8847.07921411568,8825.59571522947,9.09509525202302,-0.0102142684091911,1,5,4,1
"Cancellation",2000,167,2,-4365.22358071914,8920.46972292683,8875.71243358055,12.6362947857833,0.0400674891373403,1,5,4,1
"Cancellation",2000,167,3,-4373.61811496514,9036.07052339288,8968.03944358653,10.0214326612559,0.014571496628136,1,5,4,1
"Cancellation",2000,167,4,-4358.94620416706,9105.53843377076,9014.23356350435,3.58991804565122,0.0201166754163567,1,5,4,1
"Cancellation",2000,167,5,-4376.49285742025,9239.44347225119,9124.86481152471,19.1265978681821,0.0104575576459122,1,5,4,1
"Cancellation",2000,168,1,-4382.22731694445,8855.66546340341,8834.18196451719,-5.40033077261739,0.0589134384948667,2,3,3,3
"Cancellation",2000,168,2,-4334.53695119013,8859.09646386881,8814.33917452253,1.55658140713452,0.0407783590255513,2,3,3,3
"Cancellation",2000,168,3,-4359.20422018311,9007.24273382881,8939.21165402246,0.895781491744404,0.0283515585885771,2,3,3,3
"Cancellation",2000,168,4,-4395.88892549505,9179.42387642675,9088.11900616033,5.61843150933964,0.0109988169826238,2,3,3,3
"Cancellation",2000,168,5,-4306.0615587967,9098.5808750041,8984.00221427761,-0.566306033716663,0.00580256594982365,2,3,3,3
"Cancellation",2000,169,1,-4421.90710434966,8935.02503821382,8913.54153932761,6.94754723620943,0.00507821547858504,4,4,3,4
"Cancellation",2000,169,2,-4386.30420594976,8962.63097338808,8917.87368404179,3.4484704353679,0.0126178579291921,4,4,3,4
"Cancellation",2000,169,3,-4388.04462752738,9064.92354851736,8996.89246871101,7.55885594630238,0.0270647027372869,4,4,3,4
"Cancellation",2000,169,4,-4290.1721443061,8967.99031404884,8876.68544378243,7.86347627974576,0.0371915386269665,4,4,3,4
"Cancellation",2000,169,5,-4342.64502389462,9171.74780519994,9057.16914447345,10.4971711186253,0.0118887460391561,4,4,3,4
"Cancellation",2000,170,1,-4352.82551018443,8796.86184988337,8775.37835099715,13.425816554045,-0.0574042654051305,1,3,3,3
"Cancellation",2000,170,2,-4315.71354584671,8821.44965318197,8776.69236383569,17.3876734225034,0.0277565319347719,1,3,3,3
"Cancellation",2000,170,3,-4278.72709022011,8846.28847390282,8778.25739409647,18.0410249372544,0.0145290340312126,1,3,3,3
"Cancellation",2000,170,4,-4341.52432085349,9070.69466714363,8979.38979687721,14.4945922890227,0.0270719732712998,1,3,3,3
"Cancellation",2000,170,5,-4305.65899844329,9097.77575429727,8983.19709357078,16.8517427539604,-0.0214668753325004,1,3,3,3
"Cancellation",2000,171,1,-4316.12341368631,8723.45765688713,8701.97415800092,7.6661749994875,-0.0170649397838632,1,5,2,1
"Cancellation",2000,171,2,-4319.75868635878,8829.53993420612,8784.78264485984,3.85041786444661,0.0258411569583276,1,5,2,1
"Cancellation",2000,171,3,-4340.92220905398,8970.67871157055,8902.6476317642,17.7016741825331,0.0150076859639552,1,5,2,1
"Cancellation",2000,171,4,-4300.39914830608,8988.44432204881,8897.1394517824,12.5546177065183,0.0243796957199664,1,5,2,1
"Cancellation",2000,171,5,-4260.85026096723,9008.15827934516,8893.57961861868,4.4726732841398,0.00304422330405395,1,5,2,1
"Cancellation",2000,172,1,-4284.9096278815,8661.03008527751,8639.54658639129,2.14262596955479,0.0657480616665636,1,3,4,1
"Cancellation",2000,172,2,-4328.73747209455,8847.49750567766,8802.74021633138,3.02794063826911,0.0348366197074554,1,3,4,1
"Cancellation",2000,172,3,-4345.10450237148,8979.04329820557,8911.01221839922,2.90667485688214,0.0277003207771127,1,3,4,1
"Cancellation",2000,172,4,-4274.78813403181,8937.22229350028,8845.91742323386,6.14971040864399,0.00202923028060313,1,3,4,1
"Cancellation",2000,172,5,-4373.55555934428,9233.56887609924,9118.99021537276,1.09832476106839,0.0237329285583894,1,3,4,1
"Cancellation",2000,173,1,-4383.20840837604,8857.62764626659,8836.14414738037,8.2370014633723,0.0244225063713673,2,5,2,2
"Cancellation",2000,173,2,-4318.35242531653,8826.72741212161,8781.97012277533,8.96682376564816,0.00642337069715135,2,5,2,2
"Cancellation",2000,173,3,-4391.72605208857,9072.28639763973,9004.25531783338,3.80284091938294,0.00817569388752187,2,5,2,2
"Cancellation",2000,173,4,-4324.76966959796,9037.18536463258,8945.88049436616,16.9169987910736,0.0422588630885454,2,5,2,2
"Cancellation",2000,173,5,-4302.69021740632,9091.83819222334,8977.25953149685,11.1828752777644,0.0256638784167214,2,5,2,2
"Cancellation",2000,174,1,-4324.94169113329,8741.09421178108,8719.61071289486,5.91109689298013,0.0171226552077419,1,5,5,5
"Cancellation",2000,174,2,-4345.56553149136,8881.15362447126,8836.39633512498,-8.92362292311192,0.0159017355416348,1,5,5,5
"Cancellation",2000,174,3,-4320.67756118124,8930.18941582508,8862.15833601873,5.30590917934399,0.0132811676307845,1,5,5,5
"Cancellation",2000,174,4,-4371.80925302871,9131.26453149406,9039.95966122764,7.92784611549589,0.0121523188563142,1,5,5,5
"Cancellation",2000,174,5,-4360.0396786914,9206.5371147935,9091.95845406702,8.45002792629055,0.00176213237747949,1,5,5,5
"Cancellation",2000,175,1,-4320.2401746748,8731.69117886411,8710.2076799779,15.3141002333501,0.0384790186793647,1,5,2,1
"Cancellation",2000,175,2,-4284.46348942127,8758.94954033109,8714.19225098481,17.1722402863059,-0.0283144196935083,1,5,2,1
"Cancellation",2000,175,3,-4370.77112435989,9030.37654218238,8962.34546237602,9.20795151272637,0.019645991939898,1,5,2,1
"Cancellation",2000,175,4,-4390.10316426261,9167.85235396188,9076.54748369546,15.3584088237618,0.0167319062633383,1,5,2,1
"Cancellation",2000,175,5,-4364.13940236424,9214.73656213916,9100.15790141268,18.3705861833007,-0.0113803613106117,1,5,2,1
"Cancellation",2000,176,1,-4340.83053286647,8772.87189524745,8751.38839636124,5.02169141586492,0.117836575045185,2,5,3,2
"Cancellation",2000,176,2,-4302.09679753525,8794.21615655906,8749.45886721277,-2.75867150909907,0.0527785285484173,2,5,3,2
"Cancellation",2000,176,3,-4332.97941134186,8954.79311614631,8886.76203633996,-5.47994374027462,0.0561752582556306,2,5,3,2
"Cancellation",2000,176,4,-4317.74660620674,9023.13923785013,8931.83436758371,12.9556173726315,0.0130105447969107,2,5,3,2
"Cancellation",2000,176,5,-4342.91684908628,9172.29145558325,9057.71279485677,12.9160040663271,0.0121579369441769,2,5,3,2
"Cancellation",2000,177,1,-4254.93323760753,8601.07730472956,8579.59380584335,8.03794813815678,0.0246636967183403,1,5,2,1
"Cancellation",2000,177,2,-4337.95700992329,8865.93658133514,8821.17929198886,7.33468290910484,0.0628006102248344,1,5,2,1
"Cancellation",2000,177,3,-4339.95387553682,8968.74204453625,8900.7109647299,-1.18654013378622,0.0164544564555329,1,5,2,1
"Cancellation",2000,177,4,-4271.77412090491,8931.19426724647,8839.88939698005,-4.26520672664671,0.00674542165334487,1,5,2,1
"Cancellation",2000,177,5,-4257.30588726411,9001.06953193892,8886.49087121244,-1.00033013568914,0.0171811859276721,1,5,2,1
"Cancellation",2000,178,1,-4323.17724683049,8737.56532317548,8716.08182428927,-1.40718237793306,0.0200340296414835,1,5,4,1
"Cancellation",2000,178,2,-4320.93459384174,8831.89174917203,8787.13445982575,0.886907394906709,0.0454726816890405,1,5,4,1
"Cancellation",2000,178,3,-4328.22142125708,8945.27713597676,8877.24605617041,10.0912736631513,0.00302945739930274,1,5,4,1
"Cancellation",2000,178,4,-4391.51752734552,9170.68108012768,9079.37620986126,4.30957078060088,0.0104891398923936,1,5,4,1
"Cancellation",2000,178,5,-4354.5076751978,9195.47310780629,9080.89444707981,-4.61881643946326,0.0206529963923855,1,5,4,1
"Cancellation",2000,179,1,-4388.37561802424,8867.96206556298,8846.47856667676,6.26796401178159,0.0278191261899238,2,4,4,4
"Cancellation",2000,179,2,-4328.30512214097,8846.6328057705,8801.87551642421,17.0510780993771,-0.0203060960029761,2,4,4,4
"Cancellation",2000,179,3,-4304.72231608551,8898.27892563362,8830.24784582727,2.02254723868423,-0.00288165683955011,2,4,4,4
"Cancellation",2000,179,4,-4373.88872260003,9135.42347063671,9044.11860037029,1.31755055149659,0.0341208407554349,2,4,4,4
"Cancellation",2000,179,5,-4339.85883667534,9166.17543076138,9051.5967700349,9.69155660245611,-0.00168190320639908,2,4,4,4
"Cancellation",2000,180,1,-4318.51884125611,8728.24851202673,8706.76501314052,-0.150256450551408,0.0630335510324806,1,5,3,1
"Cancellation",2000,180,2,-4386.81187203786,8963.64630556428,8918.889016218,7.04607801332735,0.055522898909495,1,5,3,1
"Cancellation",2000,180,3,-4336.12542140077,8961.08513626414,8893.05405645779,20.0457251308829,0.0185685325609987,1,5,3,1
"Cancellation",2000,180,4,-4307.08700611602,9001.82003766868,8910.51516740226,10.3027139100464,-0.0346552321877617,1,5,3,1
"Cancellation",2000,180,5,-4319.17751140355,9124.81278021779,9010.23411949131,6.21794721617785,-0.00325710738444533,1,5,3,1
"Cancellation",2000,181,1,-4346.07521614306,8783.36126180063,8761.87776291442,7.8908009110779,-0.017827639259673,1,5,1,1
"Cancellation",2000,181,2,-4390.98881369059,8972.00018886973,8927.24289952345,1.66411409366016,0.0284140348851208,1,5,1,1
"Cancellation",2000,181,3,-4371.64727426571,9032.12884199402,8964.09776218767,16.7669485037552,0.0163230489283574,1,5,1,1
"Cancellation",2000,181,4,-4314.88815964699,9017.42234473063,8926.11747446421,8.56374597093661,0.0293919879706843,1,5,1,1
"Cancellation",2000,181,5,-4306.7197834111,9099.89732423289,8985.31866350641,-4.67110757319815,0.0424541361453315,1,5,1,1
"Cancellation",2000,182,1,-4389.03037250695,8869.2715745284,8847.78807564218,4.26674574148981,0.0731003798679012,2,4,2,2
"Cancellation",2000,182,2,-4313.28559038407,8816.59374225669,8771.8364529104,0.6793404233104,0.0937578712852718,2,4,2,2
"Cancellation",2000,182,3,-4291.02290674457,8870.88010695173,8802.84902714538,7.52514953981432,0.019287674164463,2,4,2,2
"Cancellation",2000,182,4,-4344.16831552093,9075.98265647851,8984.67778621209,7.90189715628256,0.0450015633121911,2,4,2,2
"Cancellation",2000,182,5,-4429.54453635013,9345.54683011096,9230.96816938447,9.81667308712116,0.0244784701579323,2,4,2,2
"Cancellation",2000,183,1,-4349.33295346916,8789.87673645283,8768.39323756662,8.98498461002068,0.00874415107580137,1,5,3,1
"Cancellation",2000,183,2,-4403.2216697783,8996.46590104515,8951.70861169887,3.78425249636936,0.0242179877759068,1,5,3,1
"Cancellation",2000,183,3,-4362.33751082591,9013.50931511442,8945.47823530807,6.34033449871043,0.0163064425779242,1,5,3,1
"Cancellation",2000,183,4,-4321.2220466258,9030.09011868826,8938.78524842184,9.76783068154114,0.00484953914556843,1,5,3,1
"Cancellation",2000,183,5,-4385.11262863613,9256.68301468295,9142.10435395647,1.80056908625308,0.00928154803684722,1,5,3,1
"Cancellation",2000,184,1,-4365.52643023522,8822.26368998494,8800.78019109872,5.60285591125374,0.077746008506734,1,5,2,1
"Cancellation",2000,184,2,-4391.89612680492,8973.81481509838,8929.0575257521,17.7715762797641,0.0356021938223763,1,5,2,1
"Cancellation",2000,184,3,-4383.7812415516,9056.3967765658,8988.36569675945,15.5517464183645,0.00345028486637305,1,5,2,1
"Cancellation",2000,184,4,-4379.38382612739,9146.41367769143,9055.10880742501,1.57774694108649,0.0375870614007846,1,5,2,1
"Cancellation",2000,184,5,-4307.7369361665,9101.93162974369,8987.35296901721,16.873296859446,0.035796586368756,1,5,2,1
"Cancellation",2000,185,1,-4345.11733338734,8781.44549628918,8759.96199740297,-12.7306415884431,0.0742281671144168,1,5,4,1
"Cancellation",2000,185,2,-4316.21051041247,8822.44358231349,8777.6862929672,0.377988359900602,0.0685701608648041,1,5,4,1
"Cancellation",2000,185,3,-4354.0725858694,8996.97946520141,8928.94838539506,-1.81061152572441,0.0003160527758949,1,5,4,1
"Cancellation",2000,185,4,-4369.5451401799,9126.73630579645,9035.43143553003,5.75574638521897,0.00355040149178192,1,5,4,1
"Cancellation",2000,185,5,-4343.41067406271,9173.27910553612,9058.70044480964,3.44284095687821,0.0109244385460087,1,5,4,1
"Cancellation",2000,186,1,-4375.64496803613,8842.50076558677,8821.01726670056,-4.22045968426708,0.074040262314435,1,3,3,3
"Cancellation",2000,186,2,-4381.96113832102,8953.9448381306,8909.18754878432,5.7763169237253,0.0338526842238987,1,3,3,3
"Cancellation",2000,186,3,-4354.82966140646,8998.49361627552,8930.46253646917,5.95569476085984,-0.0272998735904182,1,3,3,3
"Cancellation",2000,186,4,-4287.35246687521,8962.35095918707,8871.04608892065,-3.51526196222781,0.00421438193039756,1,3,3,3
"Cancellation",2000,186,5,-4365.12241388447,9216.70258517963,9102.12392445315,1.93890299166189,0.0315885811358607,1,3,3,3
"Cancellation",2000,187,1,-4324.07062410487,8739.35207772425,8717.86857883804,-5.89004059711029,0.0416995037900097,1,4,4,4
"Cancellation",2000,187,2,-4362.28400457015,8914.59057062886,8869.83328128258,-4.34474417726797,0.025771781765169,1,4,4,4
"Cancellation",2000,187,3,-4323.02202190588,8934.87833727437,8866.84725746801,9.77118008416145,-0.00257522528398105,1,4,4,4
"Cancellation",2000,187,4,-4323.60454912809,9034.85512369282,8943.5502534264,11.3918422447071,0.0473507396477122,1,4,4,4
"Cancellation",2000,187,5,-4335.02266490036,9156.5030872114,9041.92442648492,-8.23871473231387,0.0065186291909147,1,4,4,4
"Cancellation",2000,188,1,-4286.40207523006,8664.01497997463,8642.53148108842,11.0745389434682,0.0464614811143921,1,5,4,1
"Cancellation",2000,188,2,-4312.19374892985,8814.41005934825,8769.65277000197,5.17213226172858,0.0285046355812919,1,5,4,1
"Cancellation",2000,188,3,-4297.41342217272,8883.66113780805,8815.63005800169,9.81766840595019,0.0419294895571457,1,5,4,1
"Cancellation",2000,188,4,-4334.26246950511,9056.17096444686,8964.86609418044,13.8072893423156,0.0185255058291555,1,5,4,1
"Cancellation",2000,188,5,-4345.56808929933,9177.59393600935,9063.01527528286,8.44562136117399,0.0158219011796679,1,5,4,1
"Cancellation",2000,189,1,-4402.40416715218,8896.01916381886,8874.53566493265,2.32262236896136,0.0396918839448832,4,5,3,3
"Cancellation",2000,189,2,-4371.02313705921,8932.06883560696,8887.31154626068,14.4292507784575,0.0321842927555216,4,5,3,3
"Cancellation",2000,189,3,-4364.38799892042,9017.61029130345,8949.5792114971,5.95895257169931,0.027008968969549,4,5,3,3
"Cancellation",2000,189,4,-4272.29812673369,8932.24227890402,8840.93740863761,2.68360710950355,-0.0118675141997132,4,5,3,3
"Cancellation",2000,189,5,-4301.73870937104,9089.93517615278,8975.3565154263,6.17439683661754,0.00501855206226762,4,5,3,3
"Cancellation",2000,190,1,-4373.8156920227,8838.84221355991,8817.3587146737,15.5842942944331,0.0923432188624445,2,4,4,4
"Cancellation",2000,190,2,-4321.50860122255,8833.03976393366,8788.28247458738,19.3688838327349,0.0128558342839535,2,4,4,4
"Cancellation",2000,190,3,-4358.9348879837,9006.70406943,8938.67298962365,14.8533822950183,0.0149276051116907,2,4,4,4
"Cancellation",2000,190,4,-4345.87453220073,9079.39508983811,8988.0902195717,15.5418020324737,0.00907370742881834,2,4,4,4
"Cancellation",2000,190,5,-4350.19500619234,9186.84776979538,9072.2691090689,15.8991730125331,0.0241995496073565,2,4,4,4
"Cancellation",2000,191,1,-4346.25793967552,8783.72670886555,8762.24320997933,-1.68414627924455,0.0991143811504752,1,4,4,4
"Cancellation",2000,191,2,-4400.23954615658,8990.5016538017,8945.74436445542,10.7330460632504,0.0360749062117345,1,4,4,4
"Cancellation",2000,191,3,-4337.92044175315,8964.6751769689,8896.64409716255,7.12202064834348,0.0200115083609943,1,4,4,4
"Cancellation",2000,191,4,-4329.42686829796,9046.49976203257,8955.19489176615,6.24483609620988,0.0357411283658715,1,4,4,4
"Cancellation",2000,191,5,-4326.32486289245,9139.10748319559,9024.52882246911,5.15696740251642,0.0287755120965409,1,4,4,4
"Cancellation",2000,192,1,-4285.1276422196,8661.46611395371,8639.98261506749,6.27810828163649,-0.00139886189274329,1,5,4,1
"Cancellation",2000,192,2,-4283.1081623031,8756.23888609476,8711.48159674848,4.75451495971683,0.0512766886943396,1,5,4,1
"Cancellation",2000,192,3,-4311.61963037267,8912.07355420793,8844.04247440158,18.8611039298643,0.0101203279907983,1,5,4,1
"Cancellation",2000,192,4,-4344.74237067897,9077.13076679458,8985.82589652816,-0.170391035372854,0.0258052963900366,1,5,4,1
"Cancellation",2000,192,5,-4287.10280172729,9060.66336086527,8946.08470013878,6.95679584664058,0.0215311488059892,1,5,4,1
"Cancellation",2000,193,1,-4278.17904061061,8647.56891073573,8626.08541184952,1.3696433386565,0.101359494897228,1,5,3,1
"Cancellation",2000,193,2,-4302.58437171407,8795.19130491669,8750.43401557041,4.36921773087986,0.028431449548474,1,5,3,1
"Cancellation",2000,193,3,-4359.388200377,9007.61069421661,8939.57961441026,-4.2730243965305,0.0788079670036815,1,5,3,1
"Cancellation",2000,193,4,-4314.89500763721,9017.43604071107,8926.13117044465,-0.10085939706487,0.0388049205850212,1,5,3,1
"Cancellation",2000,193,5,-4320.99073247548,9128.43922236165,9013.86056163517,0.339642887940543,0.0385833467581948,1,5,3,1
"Cancellation",2000,194,1,-4367.93233562479,8827.07550076408,8805.59200187786,-11.6866010932993,0.112489016135767,2,3,2,2
"Cancellation",2000,194,2,-4309.77466945535,8809.57190039925,8764.81461105296,3.454243010105,0.0260078538593105,2,3,2,2
"Cancellation",2000,194,3,-4336.63989111479,8962.11407569218,8894.08299588583,4.78590238845243,0.0227369151742725,2,3,2,2
"Cancellation",2000,194,4,-4342.33915361055,9072.32433265776,8981.01946239134,-0.016362281326916,0.0204015579236011,2,3,2,2
"Cancellation",2000,194,5,-4308.49393758179,9103.44563257428,8988.8669718478,-4.75186088341351,0.0452436803923463,2,3,2,2
"Cancellation",2000,195,1,-4287.71827229558,8666.64737410567,8645.16387521945,3.61815566451113,0.0285059479803023,1,5,2,1
"Cancellation",2000,195,2,-4369.2114864779,8928.44553444435,8883.68824509807,-4.5767075111994,0.0604540384056428,1,5,2,1
"Cancellation",2000,195,3,-4364.94904223239,9018.73237792738,8950.70129812103,14.3716449719454,-0.018940727396471,1,5,2,1
"Cancellation",2000,195,4,-4322.17030417088,9031.98663377841,8940.68176351199,7.60038017271312,0.0043881628962372,1,5,2,1
"Cancellation",2000,195,5,-4368.93975660786,9224.33727062641,9109.75860989993,8.65832753017794,-0.00225865309518251,1,5,2,1
"Cancellation",2000,196,1,-4274.8959703755,8641.00277026551,8619.5192713793,-18.5854407870662,0.089481756614794,1,5,3,1
"Cancellation",2000,196,2,-4388.97898752871,8967.98053654597,8923.22324719969,2.01701476980574,0.0754091806643524,1,5,3,1
"Cancellation",2000,196,3,-4342.48285430243,8973.80000206745,8905.7689222611,7.27349435106065,0.0507053683134926,1,5,3,1
"Cancellation",2000,196,4,-4283.70930474458,8955.06463492581,8863.75976465939,-1.25897373015043,0.0347019430406358,1,5,3,1
"Cancellation",2000,196,5,-4320.71442249332,9127.88660239733,9013.30794167085,8.65800489029215,0.0318042521840242,1,5,3,1
"Cancellation",2000,197,1,-4288.76027648911,8668.73138249272,8647.24788360651,-3.81694309266189,0.0379839301150568,1,5,4,1
"Cancellation",2000,197,2,-4332.09189178731,8854.20634506317,8809.44905571688,14.1330178344721,-0.00393977388119094,1,5,4,1
"Cancellation",2000,197,3,-4248.92189214921,8786.67807776102,8718.64699795467,4.91919147804071,0.00422065294498346,1,5,4,1
"Cancellation",2000,197,4,-4327.78897021612,9043.22396586889,8951.91909560247,7.1518124935536,0.00521062567784937,1,5,4,1
"Cancellation",2000,197,5,-4317.63206311164,9121.72188363397,9007.14322290748,-0.533396732280228,0.0217721100720776,1,5,4,1
"Cancellation",2000,198,1,-4269.01587973011,8629.24258897472,8607.75909008851,-10.9948271281996,0.0605457967284398,1,4,3,1
"Cancellation",2000,198,2,-4341.74315336275,8873.50886821406,8828.75157886778,-5.63007498845117,0.0581783767726321,1,4,3,1
"Cancellation",2000,198,3,-4311.14130717319,8911.11690780898,8843.08582800263,0.888897208157494,0.0154935477613539,1,4,3,1
"Cancellation",2000,198,4,-4292.2795115484,8972.20504853344,8880.90017826702,-0.269354294332438,0.0139978155832272,1,4,3,1
"Cancellation",2000,198,5,-4339.38396524693,9165.22568790456,9050.64702717807,5.39896383433214,0.0267010225148277,1,4,3,1
"Cancellation",2000,199,1,-4316.63049643318,8724.47182238087,8702.98832349466,2.58916754417412,0.113547124166094,2,4,3,2
"Cancellation",2000,199,2,-4271.36167232872,8732.74590614599,8687.98861679971,-7.26320312406289,0.0437582492576487,2,4,3,2
"Cancellation",2000,199,3,-4274.45775472605,8837.74980291471,8769.71872310836,1.87577995234031,0.00933040503178999,2,4,3,2
"Cancellation",2000,199,4,-4289.33057539783,8966.30717623231,8875.00230596589,1.40090806886363,-0.00965390419786896,2,4,3,2
"Cancellation",2000,199,5,-4331.3351485512,9149.12805451309,9034.54939378661,-9.9218020269666,0.0285781647446951,2,4,3,2
"Cancellation",2000,200,1,-4311.45267223936,8714.11617399323,8692.63267510701,-5.21828139552196,0.0217787391215603,1,3,4,1
"Cancellation",2000,200,2,-4381.97565640826,8953.97387430508,8909.2165849588,3.2189712171249,0.0057503050725026,1,3,4,1
"Cancellation",2000,200,3,-4303.41992594989,8895.67414536238,8827.64306555603,2.73581865830656,0.0133601223837171,1,3,4,1
"Cancellation",2000,200,4,-4329.91566419705,9047.47735383074,8956.17248356432,6.06965096568126,0.0146722351742519,1,3,4,1
"Cancellation",2000,200,5,-4322.8458301416,9132.14941769389,9017.57075696741,-0.0551999762087645,0.0198850432034484,1,3,4,1
"Cancellation",10000,1,1,-21553.5494416893,43217.6229678423,43181.0482062814,4.37105731675229,0.0268221692531749,2,5,2,2
"Cancellation",10000,1,2,-21460.1122933455,43150.4830959904,43074.2856760718,-0.255585050755494,-0.0108443331709209,2,5,2,2
"Cancellation",10000,1,3,-21619.6054529309,43589.2038399969,43473.3837617206,17.4018700567543,0.00909606735645147,2,5,2,2
"Cancellation",10000,1,4,-21794.0204024554,44057.7681638817,43902.3254272477,4.41995462215871,0.0202119189056746,2,5,2,2
"Cancellation",10000,1,5,-21720.9875905662,44031.4369649389,43836.3715699473,1.38683621209688,0.00909982957360703,2,5,2,2
"Cancellation",10000,2,1,-21901.3754482767,43913.2749810171,43876.7002194562,2.88871112493884,0.0394005596997264,4,5,5,5
"Cancellation",10000,2,2,-21807.6044350699,43845.4673794392,43769.2699595206,7.22477838928441,0.0365067656251877,4,5,5,5
"Cancellation",10000,2,3,-21825.5390202014,44001.0709745379,43885.2508962616,4.31654769010554,-0.00565351023446954,4,5,5,5
"Cancellation",10000,2,4,-21578.9508514202,43627.6290618113,43472.1863251774,6.53804548426144,0.0333159694675534,4,5,5,5
"Cancellation",10000,2,5,-21842.2915881535,44274.0449601135,44078.9795651219,2.53347819106375,0.0369503854490957,4,5,5,5
"Cancellation",10000,3,1,-21842.8399105133,43796.2039054904,43759.6291439295,14.4115252784307,-0.00974537844794456,4,5,3,3
"Cancellation",10000,3,2,-21692.9976567897,43616.2538228788,43540.0564029602,-0.087989610241002,0.0203957282026093,4,5,3,3
"Cancellation",10000,3,3,-21735.6894667965,43821.3718677281,43705.5517894518,6.27752479135281,-0.0310741533366166,4,5,3,3
"Cancellation",10000,3,4,-21426.0048183414,43321.7369956536,43166.2942590197,1.60390240870132,0.030076732652793,4,5,3,3
"Cancellation",10000,3,5,-21675.6521226724,43940.7660291513,43745.7006341597,8.48516322038164,0.0262517061989298,4,5,3,3
"Cancellation",10000,4,1,-21919.5041552047,43949.5323948731,43912.9576333121,5.1907766204146,0.0787827852621196,2,5,3,2
"Cancellation",10000,4,2,-21607.0999706562,43444.4584506118,43368.2610306932,-4.55091598704705,0.0214826353144282,2,5,3,2
"Cancellation",10000,4,3,-21732.2523917739,43814.4977176828,43698.6776394065,0.251719885235538,0.0249922697648967,2,5,3,2
"Cancellation",10000,4,4,-21816.43539337,44102.5981457107,43947.1554090768,16.1706062361711,-0.00390915944909045,2,5,3,2
"Cancellation",10000,4,5,-21820.0298480644,44229.5214799353,44034.4560849437,17.223967972171,0.038729567415678,2,5,3,2
"Cancellation",10000,5,1,-21867.6447357257,43845.8135559151,43809.2387943542,-1.56038852121777,0.130540535438436,2,5,5,5
"Cancellation",10000,5,2,-21614.3270308406,43458.9125709805,43382.7151510619,10.691744322138,0.0244450626815217,2,5,5,5
"Cancellation",10000,5,3,-21804.9075400944,43959.8080143239,43843.9879360476,0.332843937791031,0.0317214739054665,2,5,5,5
"Cancellation",10000,5,4,-21609.320285561,43688.3679300928,43532.9251934588,8.35383655380022,0.0331325323389216,2,5,5,5
"Cancellation",10000,5,5,-21741.8422837992,44073.1463514049,43878.0809564133,-1.28844093112771,0.0182969442543569,2,5,5,5
"Cancellation",10000,6,1,-21578.2401012389,43267.0042869416,43230.4295253806,-3.71311983053165,0.0673353583426782,4,4,4,4
"Cancellation",10000,6,2,-21636.2288982604,43502.7163058201,43426.5188859015,8.84969456028715,0.0181665382059744,4,4,4,4
"Cancellation",10000,6,3,-21506.2864663945,43362.5658669241,43246.7457886479,2.9721522189946,0.0480294179418187,4,4,4,4
"Cancellation",10000,6,4,-21351.4635718284,43172.6545026276,43017.2117659937,2.64666870742839,0.0155351543435327,4,4,4,4
"Cancellation",10000,6,5,-21699.993262756,43989.4483093185,43794.3829143269,2.40209292554122,0.018290649713672,4,4,4,4
"Cancellation",10000,7,1,-21584.9697049011,43280.463494266,43243.8887327051,-10.677158760141,0.0914243401009595,1,5,4,1
"Cancellation",10000,7,2,-22088.20672677,44406.6719628394,44330.4745429208,21.8941365541944,0.0175380751214755,1,5,4,1
"Cancellation",10000,7,3,-21543.9134164814,43437.819767098,43321.9996888217,0.272269166267217,0.0334909218325028,1,5,4,1
"Cancellation",10000,7,4,-21817.6220005949,44104.9713601605,43949.5286235266,6.44360488911948,0.0268030134399738,1,5,4,1
"Cancellation",10000,7,5,-21902.1625996255,44393.7869830576,44198.721588066,8.56306717641826,0.00107266292761318,1,5,4,1
"Cancellation",10000,8,1,-21666.9875263165,43444.4991370968,43407.9243755359,0.310710766035655,0.0293646400136922,1,3,4,1
"Cancellation",10000,8,2,-21628.9000966224,43488.0587025442,43411.8612826256,2.49673981052019,0.0189256175276665,1,3,4,1
"Cancellation",10000,8,3,-21871.6539581624,44093.3008504599,43977.4807721836,3.46688504177156,0.0242700999417156,1,3,4,1
"Cancellation",10000,8,4,-21755.7684214607,43981.2642018921,43825.8214652582,15.6166526721594,0.0251860547611112,1,3,4,1
"Cancellation",10000,8,5,-21717.529586065,44024.5209559366,43829.455560945,1.47592303698717,0.00621240231994572,1,3,4,1
"Cancellation",10000,9,1,-21569.3064584517,43249.1370013672,43212.5622398063,14.4607687099471,-0.0163688814767522,1,5,3,1
"Cancellation",10000,9,2,-21670.7537193464,43571.7659479922,43495.5685280736,-1.51349237447087,0.00141381622632062,1,5,3,1
"Cancellation",10000,9,3,-21711.4968454329,43772.9866250009,43657.1665467246,1.03343966559567,0.0383362471093454,1,5,3,1
"Cancellation",10000,9,4,-21858.5814389606,44186.8902368921,44031.4475002581,16.2156787366062,0.00338489079642172,1,5,3,1
"Cancellation",10000,9,5,-21626.568889295,43842.5995623965,43647.5341674049,0.298422272803508,0.00104260584575368,1,5,3,1
"Cancellation",10000,10,1,-21658.0981614056,43426.720407275,43390.1456457141,-8.58493977064851,0.0676230686786376,3,5,3,3
"Cancellation",10000,10,2,-21882.0299494459,43994.3184081912,43918.1209882726,15.4160397013561,0.0159689098089315,3,5,3,3
"Cancellation",10000,10,3,-21465.5092451661,43281.0114244673,43165.191346191,9.76130809193011,0.0256270338875437,3,5,3,3
"Cancellation",10000,10,4,-21701.2735742134,43872.2745073975,43716.8317707636,4.21019260170775,0.0354219855447366,3,5,3,3
"Cancellation",10000,10,5,-21565.1784008794,43719.8185855653,43524.7531905737,-5.26101518714554,0.0566187183736779,3,5,3,3
"Cancellation",10000,11,1,-21577.9551594724,43266.4344034085,43229.8596418476,13.0952168394839,0.00817128621013598,2,5,3,2
"Cancellation",10000,11,2,-21468.8923355754,43168.0431804502,43091.8457605316,10.8715362769648,0.017601665501759,2,5,3,2
"Cancellation",10000,11,3,-21886.625821755,44123.2445776451,44007.4244993688,13.7636572008694,0.00167422891942777,2,5,3,2
"Cancellation",10000,11,4,-21516.900443792,43503.5282465547,43348.0855099208,7.56785842523082,0.0283075793681598,2,5,3,2
"Cancellation",10000,11,5,-21595.3737258184,43780.2092354433,43585.1438404517,-5.18156689540905,0.0378604611107389,2,5,3,2
"Cancellation",10000,12,1,-21577.8409398882,43266.2059642401,43229.6312026791,-13.4567466226037,0.123561410001518,4,3,3,3
"Cancellation",10000,12,2,-21726.667616116,43683.5937415314,43607.3963216128,7.41477938109116,0.073177718192925,4,3,3,3
"Cancellation",10000,12,3,-21565.8113153047,43481.6155647445,43365.7954864682,9.10873001850841,0.0329695186847075,4,3,3,3
"Cancellation",10000,12,4,-21374.2592839586,43218.2459268879,43062.803190254,11.0819182602974,0.0258436180022582,4,3,3,3
"Cancellation",10000,12,5,-21658.2556209786,43905.9730257636,43710.907630772,5.41991408810549,0.00600412036927564,4,3,3,3
"Cancellation",10000,13,1,-21737.530475879,43585.5850362216,43549.0102746607,12.2576190890228,0.0153621240080463,4,5,1,1
"Cancellation",10000,13,2,-22009.324961233,44248.9084317654,44172.7110118468,4.27972260444109,0.0515958471487342,4,5,1,1
"Cancellation",10000,13,3,-21862.1037436532,44074.2004214415,43958.3803431652,-1.29517930800731,0.0406980956843229,4,5,1,1
"Cancellation",10000,13,4,-21367.6117597822,43204.9508785351,43049.5081419012,6.60460970685322,-0.019838966454228,4,5,1,1
"Cancellation",10000,13,5,-21412.6769179545,43414.8156197155,43219.7502247239,13.9770402948507,0.0054811824017846,4,5,1,1
"Cancellation",10000,14,1,-21832.7162214733,43775.9565274104,43739.3817658495,14.8900009102458,0.0205902953364417,2,5,3,2
"Cancellation",10000,14,2,-21488.6995633071,43207.6576359137,43131.4602159951,-2.46168148040777,0.0669019103212153,2,5,3,2
"Cancellation",10000,14,3,-21498.4313037506,43346.8555416362,43231.03546336,1.33860098969415,0.0450901798522573,2,5,3,2
"Cancellation",10000,14,4,-21659.0927816708,43787.9129223124,43632.4701856784,5.62982420342812,0.0360484294983233,2,5,3,2
"Cancellation",10000,14,5,-21726.4767318821,44042.4152475707,43847.3498525791,8.92968301761855,0.0181697319241918,2,5,3,2
"Cancellation",10000,15,1,-22282.9624798823,44676.4490442284,44639.8742826674,8.23382475912039,0.11437449312501,4,5,5,5
"Cancellation",10000,15,2,-21801.6035366271,43833.4655825536,43757.268162635,0.573774115444478,0.0510850597812449,4,5,5,5
"Cancellation",10000,15,3,-21740.8375595534,43831.6680532419,43715.8479749656,2.82493273553387,0.0230215621752016,4,5,5,5
"Cancellation",10000,15,4,-21550.8754914062,43571.4783417832,43416.0356051492,5.31267968118097,0.0143011125787473,4,5,5,5
"Cancellation",10000,15,5,-21568.8323912348,43727.1265662761,43532.0611712845,3.64056449253806,0.0165108944974327,4,5,5,5
"Cancellation",10000,16,1,-22120.1515670823,44350.8272186283,44314.2524570674,5.4997257412472,0.0389976230105975,3,4,2,2
"Cancellation",10000,16,2,-21743.8366184527,43717.9317462048,43641.7343262862,6.70667844844657,0.015834504081693,3,4,2,2
"Cancellation",10000,16,3,-21368.37793869,43086.748811515,42970.9287332388,0.858088986114994,0.0336489901938179,3,4,2,2
"Cancellation",10000,16,4,-21765.3151074544,44000.3575738795,43844.9148372456,-0.097854350270087,0.0105278230560165,3,4,2,2
"Cancellation",10000,16,5,-21323.5415482375,43236.5448802814,43041.4794852898,-10.0727401458533,0.0267583021727769,3,4,2,2
"Cancellation",10000,17,1,-21285.5205292464,42681.5651429565,42644.9903813956,18.7364519619408,-0.00791766744684977,1,5,4,1
"Cancellation",10000,17,2,-21298.193054366,42826.6446180314,42750.4471981128,-0.786659313586885,0.0224588063360514,1,5,4,1
"Cancellation",10000,17,3,-21501.1058350433,43352.2046042217,43236.3845259455,17.0003305995375,0.00697610548209564,1,5,4,1
"Cancellation",10000,17,4,-21549.1118779547,43567.9511148801,43412.5083782462,-3.50524752198749,0.0316274702618563,1,5,4,1
"Cancellation",10000,17,5,-21485.700871298,43560.8635264025,43365.7981314109,-9.04829730078581,0.0232459879681733,1,5,4,1
"Cancellation",10000,18,1,-21525.905774643,43162.3356337496,43125.7608721887,-4.23511402766683,0.0473386095226568,3,5,3,3
"Cancellation",10000,18,2,-21761.5599445937,43753.3783984868,43677.1809785682,3.12485085364744,0.0503327926184289,3,5,3,3
"Cancellation",10000,18,3,-21254.0754652584,42858.1438646519,42742.3237863756,-6.16005497585753,0.0373733962425498,3,5,3,3
"Cancellation",10000,18,4,-21523.0515421797,43515.8304433301,43360.3877066962,1.05418082008682,0.0245887146498136,3,5,3,3
"Cancellation",10000,18,5,-21778.8000775913,44147.0619389892,43951.9965439976,6.66270351136379,0.0175360210192003,3,5,3,3
"Cancellation",10000,19,1,-21505.686346855,43121.8967781738,43085.3220166129,-3.90401228182475,0.0616198109508183,1,5,4,1
"Cancellation",10000,19,2,-21831.0773322617,43892.4131738228,43816.2157539042,3.45756250080814,0.0235880386251076,1,5,4,1
"Cancellation",10000,19,3,-21603.9203096366,43557.8335534083,43442.013475132,-4.47589786108882,0.0396865848692897,1,5,4,1
"Cancellation",10000,19,4,-21582.3727105337,43634.4727800381,43479.0300434042,7.16578291130396,0.0141293470970357,1,5,4,1
"Cancellation",10000,19,5,-21483.7913944594,43557.0445727254,43361.9791777338,3.83200760712638,0.0173178708463784,1,5,4,1
"Cancellation",10000,20,1,-21476.1155887645,43062.7552619927,43026.1805004318,-1.58786835779842,0.0704772483638286,1,3,4,1
"Cancellation",10000,20,2,-21631.963761913,43494.1860331255,43417.9886132069,3.07525459644588,0.0174120597350906,1,3,4,1
"Cancellation",10000,20,3,-21886.1557250234,44122.3043841818,44006.4843059056,3.40634171209168,0.00405841773194418,1,3,4,1
"Cancellation",10000,20,4,-21462.702658034,43395.1326750388,43239.6899384049,20.8524465431924,0.027018164339404,1,3,4,1
"Cancellation",10000,20,5,-21729.094331579,44047.6504469644,43852.5850519728,3.26921350396822,0.0263823214179702,1,3,4,1
"Cancellation",10000,21,1,-21410.0311958526,42930.5864761688,42894.0117146079,12.6662823395877,0.0405262625602568,1,5,3,1
"Cancellation",10000,21,2,-21619.78599884,43469.8305069793,43393.6330870607,14.9034961493149,0.0104259062671728,1,5,3,1
"Cancellation",10000,21,3,-21552.3062462859,43454.6054267069,43338.7853484306,9.02578308798716,0.0261987943796379,1,5,3,1
"Cancellation",10000,21,4,-21948.6986762229,44367.1247114165,44211.6819747826,4.64637220452835,0.00773865653220279,1,5,3,1
"Cancellation",10000,21,5,-21350.6333158741,43290.7284155547,43095.6630205631,3.63281855737069,0.028905572577354,1,5,3,1
"Cancellation",10000,22,1,-21792.7499199715,43696.0239244067,43659.4491628458,11.2373354662692,0.0267052354513923,3,5,5,5
"Cancellation",10000,22,2,-21682.3120968984,43594.8827030961,43518.6852831775,1.96994310782652,0.0784638301981954,3,5,5,5
"Cancellation",10000,22,3,-21562.895866165,43475.7846664651,43359.9645881889,16.4444517766835,0.0371170967869405,3,5,5,5
"Cancellation",10000,22,4,-21668.2256983185,43806.1787556078,43650.7360189739,4.24073358144257,0.0335264283148486,3,5,5,5
"Cancellation",10000,22,5,-21660.4264063129,43910.3145964323,43715.2492014407,6.42400969509303,0.0162356396654511,3,5,5,5
"Cancellation",10000,23,1,-21413.6780003824,42937.8800852285,42901.3053236675,11.1879377600891,0.0473437234438498,1,5,2,1
"Cancellation",10000,23,2,-21513.5129267742,43257.2843628478,43181.0869429292,1.05809412629921,0.0204652935997799,1,5,2,1
"Cancellation",10000,23,3,-21727.7672230076,43805.5273801503,43689.707301874,8.88141125707171,0.0237526756981075,1,5,2,1
"Cancellation",10000,23,4,-21623.0292515493,43715.7858620693,43560.3431254354,2.65913660143126,0.00603102701014042,1,5,2,1
"Cancellation",10000,23,5,-21762.5129521439,44114.4876880943,43919.4222931027,4.87286395325207,0.0141470716088056,1,5,2,1
"Cancellation",10000,24,1,-22007.3707630524,44125.2656105686,44088.6908490077,2.30755769091941,0.0932596204085809,2,5,3,2
"Cancellation",10000,24,2,-21508.5504658786,43247.3594410566,43171.1620211381,6.71260296970169,0.0325895305157059,2,5,3,2
"Cancellation",10000,24,3,-21632.2315875692,43614.4561092736,43498.6360309973,3.1205134799752,0.0340313962902074,2,5,3,2
"Cancellation",10000,24,4,-21612.2493723062,43694.2261035831,43538.7833669492,6.03865666892575,0.0531782741503937,2,5,3,2
"Cancellation",10000,24,5,-21615.7962118046,43821.0542074156,43625.988812424,0.968377871156801,0.0386427948934374,2,5,3,2
"Cancellation",10000,25,1,-21440.3180907342,42991.1602659321,42954.5855043712,4.12758170243601,0.0708029227541098,1,5,2,1
"Cancellation",10000,25,2,-21705.4306613905,43641.1198320804,43564.9224121618,5.50749125649969,0.0611331219918259,1,5,2,1
"Cancellation",10000,25,3,-21475.0233045602,43300.0395432555,43184.2194649793,9.47643614215143,0.0174446266362555,1,5,2,1
"Cancellation",10000,25,4,-21577.3427586369,43624.4128762445,43468.9701396106,2.82320804465069,0.030005844617856,1,5,2,1
"Cancellation",10000,25,5,-21799.4665042082,44188.3947922228,43993.3293972313,-3.2673256086307,0.0180502556932975,1,5,2,1
"Cancellation",10000,26,1,-21390.3080620786,42891.140208621,42854.5654470601,1.96804728703517,0.0519618926294493,1,5,4,1
"Cancellation",10000,26,2,-21646.8130562248,43523.884621749,43447.6872018304,16.3661039937325,0.0403072761709596,1,5,4,1
"Cancellation",10000,26,3,-21654.7296756475,43659.45228543,43543.6322071538,8.18081484623212,0.0248379930484829,1,5,4,1
"Cancellation",10000,26,4,-21474.12288124,43417.9731214508,43262.5303848168,10.7292024215984,0.0128833316401746,1,5,4,1
"Cancellation",10000,26,5,-21497.2694144286,43584.0006126636,43388.935217672,3.07087065134086,0.00806365773434594,1,5,4,1
"Cancellation",10000,27,1,-21452.3371906168,43015.1984656972,42978.6237041363,7.19656126825651,0.0252800291006203,2,5,3,2
"Cancellation",10000,27,2,-21316.6372864701,42863.5330822395,42787.3356623209,5.40961004277128,0.00230918849216569,2,5,3,2
"Cancellation",10000,27,3,-21467.2791347594,43284.5512036539,43168.7311253777,9.02154679764734,0.00468436334380224,2,5,3,2
"Cancellation",10000,27,4,-21619.5042173834,43708.7357937377,43553.2930571037,-2.23005317465324,0.0546311432055276,2,5,3,2
"Cancellation",10000,27,5,-21548.4142967406,43686.2903772876,43491.224982296,-2.20857684601555,0.0136210261332013,2,5,3,2
"Cancellation",10000,28,1,-21896.4220768515,43903.3682381667,43866.7934766058,14.4245402159973,0.0260541318645965,4,5,2,2
"Cancellation",10000,28,2,-21892.866493347,44015.9914959935,43939.7940760749,17.0589623435451,0.0201213257866665,4,5,2,2
"Cancellation",10000,28,3,-21831.6074612455,44013.2078566261,43897.3877783498,8.53386876070169,0.00951652089935627,4,5,2,2
"Cancellation",10000,28,4,-21168.9686610762,42807.6646811232,42652.2219444893,2.82044338384217,0.0402913887808064,4,5,2,2
"Cancellation",10000,28,5,-21800.9124376564,44191.2866591192,43996.2212641276,13.1220152792379,-0.0043502828284857,4,5,2,2
"Cancellation",10000,29,1,-22183.8522902485,44478.2286649607,44441.6539033997,2.33403303901105,0.0801500727180079,4,5,4,4
"Cancellation",10000,29,2,-21647.4553499976,43525.1692092947,43448.9717893761,-0.508818853450808,0.0318144889186853,4,5,4,4
"Cancellation",10000,29,3,-21751.3583646666,43852.7096634682,43736.889585192,13.5062133093268,0.0154026977154386,4,5,4,4
"Cancellation",10000,29,4,-21528.0712865774,43525.8699321256,43370.4271954916,2.59246490131916,0.0129916551953484,4,5,4,4
"Cancellation",10000,29,5,-21941.1725689916,44471.8069217896,44276.741526798,11.2369198574504,-0.00351000961693408,4,5,4,4
"Cancellation",10000,30,1,-21404.3670732598,42919.2582309834,42882.6834694225,-2.25664871042417,0.0697271243250836,1,5,4,1
"Cancellation",10000,30,2,-21494.0509620682,43218.3604334357,43142.1630135171,2.49644324369143,0.0352955147624163,1,5,4,1
"Cancellation",10000,30,3,-21544.2742344491,43438.5414030333,43322.721324757,5.21540146874428,0.0497828975366943,1,5,4,1
"Cancellation",10000,30,4,-21666.275314962,43802.2779888947,43646.8352522608,-3.40436449665353,-0.00597681236281402,1,5,4,1
"Cancellation",10000,30,5,-21934.5528167065,44458.5674172195,44263.5020222279,7.15447411879107,0.0116328940357183,1,5,4,1
"Cancellation",10000,31,1,-21507.9901443983,43126.5043732604,43089.9296116994,-3.19588213911671,0.0493849332869779,1,5,3,1
"Cancellation",10000,31,2,-21832.9855179299,43896.2295451592,43820.0321252406,-0.586249712336043,0.0488366286169509,1,5,3,1
"Cancellation",10000,31,3,-21538.0875255349,43426.167985205,43310.3479069287,-2.82288572175022,0.0233361474833534,1,5,3,1
"Cancellation",10000,31,4,-21998.6300223386,44466.9874036479,44311.544667014,11.2876189025619,-0.00129712250276252,1,5,3,1
"Cancellation",10000,31,5,-21979.0455968678,44547.552977542,44352.4875825504,11.4998437794237,0.0281143423428646,1,5,3,1
"Cancellation",10000,32,1,-21491.0726707442,43092.669425952,43056.0946643911,7.45209087328299,0.0263723211607726,1,5,3,1
"Cancellation",10000,32,2,-21850.1392771267,43930.5370635527,43854.3396436341,14.2067493407804,-0.0116423070751258,1,5,3,1
"Cancellation",10000,32,3,-21630.0004301682,43609.9937944714,43494.1737161952,-1.02709744596107,0.0187197217169686,1,5,3,1
"Cancellation",10000,32,4,-21823.7167988246,44117.1609566201,43961.7182199861,6.03769244950497,0.00103174829670217,1,5,3,1
"Cancellation",10000,32,5,-21578.819462929,43747.1007096645,43552.0353146729,8.42823878258064,-0.00249303091061985,1,5,3,1
"Cancellation",10000,33,1,-21544.6871614825,43199.8984074287,43163.3236458678,3.84778311740628,0.0707524201412023,1,5,5,5
"Cancellation",10000,33,2,-21708.7787429236,43647.8159951465,43571.6185752279,9.37060517130003,0.0388549298642036,1,5,5,5
"Cancellation",10000,33,3,-21558.0089758579,43466.010885851,43350.1908075747,1.29692280997264,0.0155121502499423,1,5,5,5
"Cancellation",10000,33,4,-22017.2629164507,44504.2531918722,44348.8104552383,21.7081131002144,-0.0132689355818634,1,5,5,5
"Cancellation",10000,33,5,-21602.246040528,43793.9538648625,43598.8884698709,8.93681400480604,0.012217451843541,1,5,5,5
"Cancellation",10000,34,1,-21417.4424683498,42945.4090211634,42908.8342596024,1.20337653432002,0.0905613824922653,1,5,4,1
"Cancellation",10000,34,2,-22044.3507199825,44318.9599492644,44242.7625293458,16.0002534668817,0.0721887138260173,1,5,4,1
"Cancellation",10000,34,3,-21527.6979670973,43405.3888683296,43289.5687900534,-8.04575241626063,0.0411682326410465,1,5,4,1
"Cancellation",10000,34,4,-21887.2398194949,44244.2069979605,44088.7642613266,5.76823259662175,0.0093557828029909,1,5,4,1
"Cancellation",10000,34,5,-21490.8511815911,43571.1641469886,43376.098751997,-0.323105943789846,0.031682036937461,1,5,4,1
"Cancellation",10000,35,1,-21739.8956330899,43590.3153506436,43553.7405890827,11.2024928841017,0.0584968013803321,3,3,3,3
"Cancellation",10000,35,2,-21383.5493077378,42997.357124775,42921.1597048564,3.21932741001618,0.0172389735274799,3,3,3,3
"Cancellation",10000,35,3,-21240.8373877081,42831.6677095513,42715.847631275,1.68632949027671,0.00065475932045,3,3,3,3
"Cancellation",10000,35,4,-21778.7524699434,44027.2322988577,43871.7895622237,10.1596167328297,0.0129014072389784,3,3,3,3
"Cancellation",10000,35,5,-21448.5689913567,43486.5997665198,43291.5343715282,8.96803203264879,0.019260986913833,3,3,3,3
"Cancellation",10000,36,1,-21606.1810199357,43322.886124335,43286.3113627741,18.0855921361237,-0.0575980264087877,1,5,4,1
"Cancellation",10000,36,2,-21777.9746603636,43786.2078300265,43710.0104101079,10.6193968451349,-0.007930644721138,1,5,4,1
"Cancellation",10000,36,3,-21781.152896207,43912.2987265492,43796.4786482729,-7.7917859215864,0.0378013705963907,1,5,4,1
"Cancellation",10000,36,4,-21579.7232635045,43629.1738859798,43473.7311493458,12.5152259830223,-0.0128988050285916,1,5,4,1
"Cancellation",10000,36,5,-21605.1773840565,43799.8165519195,43604.7511569279,11.506229434478,0.0265032716814041,1,5,4,1
"Cancellation",10000,37,1,-21451.0650602728,43012.6542050094,42976.0794434484,-2.87580167490236,0.100246903680951,2,5,3,2
"Cancellation",10000,37,2,-21394.5481731657,43019.3548556308,42943.1574357122,8.54066510179264,0.0168954766114341,2,5,3,2
"Cancellation",10000,37,3,-21597.9336027218,43545.8601395788,43430.0400613025,6.02706787580999,0.00919634145526507,2,5,3,2
"Cancellation",10000,37,4,-21468.2958508777,43406.3190607263,43250.8763240923,13.7627367788507,0.00250411422543837,2,5,3,2
"Cancellation",10000,37,5,-21307.9200325454,43205.3018488972,43010.2364539056,0.199649745163898,0.00482116761338338,2,5,3,2
"Cancellation",10000,38,1,-21831.4069759011,43773.3380362658,43736.7632747049,8.66087063268344,0.0517640409581763,3,4,3,3
"Cancellation",10000,38,2,-21824.6400955366,43879.5387003725,43803.3412804539,-5.1245180071161,0.0286100061485231,3,4,3,3
"Cancellation",10000,38,3,-21713.2238460717,43776.4406262784,43660.6205480022,2.90290025141357,0.0189854094539963,3,4,3,3
"Cancellation",10000,38,4,-21769.4914384299,44008.7102358306,43853.2674991966,2.43693915913073,0.0321259072728902,3,4,3,3
"Cancellation",10000,38,5,-21686.7221885669,43962.9061609403,43767.8407659487,12.9380076366688,-0.00678380407117919,3,4,3,3
"Cancellation",10000,39,1,-21534.0470212448,43178.6181269534,43142.0433653924,13.0761316005037,0.0531266332395433,1,5,2,1
"Cancellation",10000,39,2,-21668.6622458681,43567.5830010355,43491.385581117,6.98381279555176,0.0879672494774276,1,5,2,1
"Cancellation",10000,39,3,-21712.8550916743,43775.7031174838,43659.8830392075,-1.79144241484992,0.0171119685270873,1,5,2,1
"Cancellation",10000,39,4,-21803.5423340003,44076.8120269714,43921.3692903375,13.7882120701536,0.0204214816066308,1,5,2,1
"Cancellation",10000,39,5,-21523.6588797775,43636.7795433614,43441.7141483698,5.91376758238318,0.0228540090474161,1,5,2,1
"Cancellation",10000,40,1,-22015.0821870029,44140.6884584696,44104.1136969087,7.48557647736659,0.0236024168360647,5,5,4,5
"Cancellation",10000,40,2,-21932.444305354,44095.1471200074,44018.9497000888,10.9699767166851,0.0150719967506338,5,5,4,5
"Cancellation",10000,40,3,-21926.3015696624,44202.59607346,44086.7759951837,0.0121266118412637,0.0186747362312331,5,5,4,5
"Cancellation",10000,40,4,-21669.2790224301,43808.2854038309,43652.842667197,10.9442804584368,0.0247864171240153,5,5,4,5
"Cancellation",10000,40,5,-21609.9604123124,43809.3826084312,43614.3172134397,5.18951761265573,-0.00643132356958787,5,5,4,5
"Cancellation",10000,41,1,-21271.4232875602,42653.3706595842,42616.7958980233,-2.12251307700771,0.0264497172753926,1,4,2,1
"Cancellation",10000,41,2,-21682.5934645075,43595.4454383144,43519.2480183958,6.69744188217216,0.0252144078013789,1,4,2,1
"Cancellation",10000,41,3,-21816.2458924668,43982.4847190686,43866.6646407924,-1.93014219601214,0.027124262149841,1,4,2,1
"Cancellation",10000,41,4,-21598.4303933717,43666.5881457142,43511.1454090803,-3.46594860985057,-0.00198998344136372,1,4,2,1
"Cancellation",10000,41,5,-21607.8117298478,43805.0852435021,43610.0198485105,17.9640119798413,0.0189030843418194,1,4,2,1
"Cancellation",10000,42,1,-21340.8705404429,42792.2651653496,42755.6904037887,-5.44662095931119,0.0313437224826492,1,5,2,1
"Cancellation",10000,42,2,-21887.0229762072,44004.3044617137,43928.1070417951,9.70320033686466,0.0189771295547075,1,5,2,1
"Cancellation",10000,42,3,-21663.453245213,43676.8994245611,43561.0793462848,5.71276125526736,0.0770524715860088,1,5,2,1
"Cancellation",10000,42,4,-21843.4095513839,44156.5464617385,44001.1037251046,9.15774667152009,0.0281562273536815,1,5,2,1
"Cancellation",10000,42,5,-21446.9514289715,43483.3646417495,43288.299246758,5.58027862854043,0.0355029368576993,1,5,2,1
"Cancellation",10000,43,1,-21661.0267557096,43432.5775958829,43396.0028343219,6.63412260946399,0.0590014001247229,1,5,3,1
"Cancellation",10000,43,2,-21641.7679709196,43513.7944511387,43437.5970312201,-1.36415312041742,0.0343005980318349,1,5,3,1
"Cancellation",10000,43,3,-21757.9447920921,43865.8825183192,43750.062440043,-4.17468263616683,0.0447752144426057,1,5,3,1
"Cancellation",10000,43,4,-21598.9042967118,43667.5359523943,43512.0932157604,-10.0153108991181,0.029121839063373,1,5,3,1
"Cancellation",10000,43,5,-21854.4929809626,44298.4477457316,44103.38235074,15.6804675164126,0.0302931538504368,1,5,3,1
"Cancellation",10000,44,1,-21775.1473332063,43660.8187508764,43624.2439893154,-0.215851889445763,0.0669245077703751,2,5,3,2
"Cancellation",10000,44,2,-21275.2215491374,42780.7016075742,42704.5041876556,5.4015432240858,0.0515900180452193,2,5,3,2
"Cancellation",10000,44,3,-21610.0964265029,43570.185787141,43454.3657088647,18.8162215163813,0.0130833287472854,2,5,3,2
"Cancellation",10000,44,4,-21819.4987462707,44108.7248515123,43953.2821148783,-0.347264176590323,-0.00255312542852882,2,5,3,2
"Cancellation",10000,44,5,-21663.3284885886,43916.1187609837,43721.0533659921,0.407958077684528,0.00161294797320153,2,5,3,2
"Cancellation",10000,45,1,-21621.1847550791,43352.8935946218,43316.3188330609,4.24373635843499,0.00909836573792047,4,3,2,2
"Cancellation",10000,45,2,-21643.966898735,43518.1923067693,43441.9948868507,12.2740002430904,0.037132042744025,4,3,2,2
"Cancellation",10000,45,3,-21752.371498421,43854.7359309771,43738.9158527008,13.659671885694,0.0218982526845092,4,3,2,2
"Cancellation",10000,45,4,-21383.912660572,43237.5526801148,43082.1099434809,1.36692172680342,0.0261471933417624,4,3,2,2
"Cancellation",10000,45,5,-21543.4419582774,43676.3457003612,43481.2803053696,0.99921277880685,0.0243135755692916,4,3,2,2
"Cancellation",10000,46,1,-21457.6048565439,43025.7337975515,42989.1590359906,-5.86883103257083,0.0452437880795878,1,5,2,1
"Cancellation",10000,46,2,-22127.7611359766,44485.7807812526,44409.583361334,14.1291183757244,0.0618597476955368,1,5,2,1
"Cancellation",10000,46,3,-21660.0426484041,43670.0782309433,43554.2581526671,18.5126404153184,-0.000898056180645579,1,5,2,1
"Cancellation",10000,46,4,-21879.4676229351,44228.6626048409,44073.219868207,5.74020272830444,0.0209728384560938,1,5,2,1
"Cancellation",10000,46,5,-21823.6486771448,44236.759138096,44041.6937431044,-7.05753098792447,0.00212258863416312,1,5,2,1
"Cancellation",10000,47,1,-21582.4820021631,43275.4880887899,43238.913327229,8.84080060022319,0.0366982919772144,1,5,4,1
"Cancellation",10000,47,2,-21891.8988795187,44014.0562683368,43937.8588484182,1.975126230368,0.0919696663223019,1,5,4,1
"Cancellation",10000,47,3,-21852.6038999835,44055.2007341022,43939.3806558259,6.73895725539237,0.000269110151897157,1,5,4,1
"Cancellation",10000,47,4,-21701.4548117351,43872.6369824409,43717.194245807,-0.343357734047252,-0.00202926934685694,1,5,4,1
"Cancellation",10000,47,5,-21880.5315432408,44350.5248702881,44155.4594752965,2.889768603968,0.0256376691639336,1,5,4,1
"Cancellation",10000,48,1,-21854.0069418343,43818.5379681323,43781.9632065713,8.55858830413522,0.0166320774807002,3,5,2,2
"Cancellation",10000,48,2,-21645.9524572974,43522.1634238941,43445.9660039755,10.0753514516334,0.0571598432629898,3,5,2,2
"Cancellation",10000,48,3,-21560.2175294855,43470.4279931061,43354.6079148299,19.5591091847701,0.0180413112337383,3,5,2,2
"Cancellation",10000,48,4,-21715.0800099827,43899.8873789361,43744.4446423022,-4.57774600751483,0.0196750745104615,3,5,2,2
"Cancellation",10000,48,5,-21898.1308882904,44385.7235603873,44190.6581653957,7.65012385538015,0.0162446649093464,3,5,2,2
"Cancellation",10000,49,1,-21650.9888553711,43412.5017952059,43375.9270336449,3.98766889494335,0.0885920676032227,4,5,1,1
"Cancellation",10000,49,2,-21424.4537743336,43079.1660579667,43002.9686380481,-6.76911997119383,0.0571419417063893,4,5,1,1
"Cancellation",10000,49,3,-21378.7239303428,43107.4407948206,42991.6207165444,9.13204245264474,0.0277446760694323,4,5,1,1
"Cancellation",10000,49,4,-21201.8837087516,42873.4947764739,42718.05203984,12.349422672763,0.0555671377581425,4,5,1,1
"Cancellation",10000,49,5,-21694.810455157,43979.0826941204,43784.0172991288,10.8386830590248,0.0245783760910563,4,5,1,1
"Cancellation",10000,50,1,-21791.3506009536,43693.2252863709,43656.65052481,-13.212088336356,0.129228414989104,4,3,3,3
"Cancellation",10000,50,2,-21806.387429154,43843.0333676074,43766.8359476888,4.91729774985604,0.00174685454232301,4,3,3,3
"Cancellation",10000,50,3,-21676.0018895257,43701.9967131864,43586.1766349102,6.42728685923196,-0.00423371984712815,4,3,3,3
"Cancellation",10000,50,4,-21510.7697962534,43491.2669514777,43335.8242148437,16.6713901677948,0.00102014847936555,4,3,3,3
"Cancellation",10000,50,5,-21660.4805290354,43910.4228418772,43715.3574468856,15.689869510863,0.0156124488955416,4,3,3,3
"Cancellation",10000,51,1,-21660.2608959537,43431.0458763712,43394.4711148103,19.1588151891794,0.00417013668703036,4,5,2,2
"Cancellation",10000,51,2,-21630.722682015,43491.7038733294,43415.5064534108,3.69810766889827,0.0444361357216622,4,5,2,2
"Cancellation",10000,51,3,-21868.4164403738,44086.8258148827,43971.0057366064,12.1854727156383,0.0518575355757898,4,5,2,2
"Cancellation",10000,51,4,-21506.3783068897,43482.4839727502,43327.0412361163,15.3132433750666,-0.0107150338179376,4,5,2,2
"Cancellation",10000,51,5,-21649.2332560458,43887.928295898,43692.8629009064,1.87463848332533,0.006213306742046,4,5,2,2
"Cancellation",10000,52,1,-21723.8761992778,43558.2764830194,43521.7017214585,9.09428011194074,0.0463391563011949,1,5,4,1
"Cancellation",10000,52,2,-21818.3655267571,43866.9895628135,43790.7921428949,2.34653120939275,0.046830402400403,1,5,4,1
"Cancellation",10000,52,3,-21819.7267523988,43989.4464389326,43873.6263606564,5.06793815319669,0.0118152243467575,1,5,4,1
"Cancellation",10000,52,4,-21855.7456160151,44181.218591001,44025.7758543671,16.9201795253167,-0.0072081173346967,1,5,4,1
"Cancellation",10000,52,5,-21874.2479777464,44337.9577392992,44142.8923443076,3.13960170257463,0.0292384678910554,1,5,4,1
"Cancellation",10000,53,1,-21952.478112963,44015.4803103897,43978.9055488288,22.3741833720865,-0.0103945414171049,2,5,3,2
"Cancellation",10000,53,2,-21714.0494954348,43658.3575001689,43582.1600802503,8.26343284200536,0.0134953648665818,2,5,3,2
"Cancellation",10000,53,3,-21829.7095375585,44009.412009252,43893.5919309758,-2.23180775733989,-0.00658492324004629,2,5,3,2
"Cancellation",10000,53,4,-21925.7272080619,44321.1817750945,44165.7390384606,1.70152372090884,0.0173885713061123,2,5,3,2
"Cancellation",10000,53,5,-21643.7047723903,43876.8713285871,43681.8059335955,-5.34562702971908,0.0153215293205808,2,5,3,2
"Cancellation",10000,54,1,-21591.3275348979,43293.1791542595,43256.6043926986,6.92678193857952,0.0232813560323366,2,3,1,1
"Cancellation",10000,54,2,-21449.1154153192,43128.4893399378,43052.2919200192,12.4800746781189,0.00185522941017233,2,3,1,1
"Cancellation",10000,54,3,-21472.151492534,43294.295919203,43178.4758409268,12.2519485312613,0.00358377599621303,2,3,1,1
"Cancellation",10000,54,4,-21451.2065001821,43372.140359335,43216.6976227011,4.81863818535234,0.0159676810429974,2,3,1,1
"Cancellation",10000,54,5,-21873.7390274316,44336.9398386697,44141.8744436781,0.112809205905423,-0.00323437203757828,2,3,1,1
"Cancellation",10000,55,1,-21691.1547410734,43492.8335666105,43456.2588050495,3.99893092082286,-0.000722337686756248,2,5,3,2
"Cancellation",10000,55,2,-21180.7080034256,42591.6745161505,42515.4770962319,3.4829283486917,-0.010982445220581,2,5,3,2
"Cancellation",10000,55,3,-21722.0354618046,43794.0638577443,43678.2437794681,8.3101341963237,0.00724557167933206,2,5,3,2
"Cancellation",10000,55,4,-21565.0991639864,43599.9256869435,43444.4829503096,15.9673784633386,0.0125243100032272,2,5,3,2
"Cancellation",10000,55,5,-21696.5425759719,43982.5469357503,43787.4815407588,16.075446582942,0.0162793343834144,2,5,3,2
"Cancellation",10000,56,1,-21738.7865506035,43588.0971856707,43551.5224241098,1.75895618534407,0.0500016018701537,1,5,3,1
"Cancellation",10000,56,2,-21818.0269716599,43866.3124526192,43790.1150327006,2.37383714348615,0.00623778138935184,1,5,3,1
"Cancellation",10000,56,3,-21787.7401840972,43925.4733023296,43809.6532240533,5.36996056319235,0.00900592821327635,1,5,3,1
"Cancellation",10000,56,4,-21632.2605651778,43734.2484893264,43578.8057526925,19.6992014703249,0.0271477872010369,1,5,3,1
"Cancellation",10000,56,5,-21682.1466871128,43953.755158032,43758.6897630404,-3.51236030836466,0.0120480402098213,1,5,3,1
"Cancellation",10000,57,1,-21731.4815400001,43573.487164464,43536.9124029031,11.3852575999482,0.0428988334362571,5,5,2,5
"Cancellation",10000,57,2,-21632.538409255,43495.3353278094,43419.1379078908,17.8132348000006,-0.00447735386372345,5,5,2,5
"Cancellation",10000,57,3,-21873.7440475846,44097.4810293042,43981.660951028,11.727244461171,0.00706211375717902,5,5,2,5
"Cancellation",10000,57,4,-21728.8606924801,43927.448743931,43772.006007297,7.52253181716897,-0.0145472830347402,5,5,2,5
"Cancellation",10000,57,5,-21303.2097215118,43195.8812268301,43000.8158318386,16.9919045060234,0.0255796702381947,5,5,2,5
"Cancellation",10000,58,1,-21232.719887741,42575.9638599458,42539.3890983848,10.2875619400045,0.0173850630683796,1,5,1,1
"Cancellation",10000,58,2,-21775.6331734026,43781.5248561045,43705.3274361859,8.6924811280281,0.027991486633903,1,5,1,1
"Cancellation",10000,58,3,-21631.6154486016,43613.2238313384,43497.4037530621,4.00122048884491,0.00979835840662115,1,5,1,1
"Cancellation",10000,58,4,-21733.7148065658,43937.1569721023,43781.7142354684,-1.05968735258451,-0.00529565653252514,1,5,1,1
"Cancellation",10000,58,5,-21420.2637847753,43429.9893533571,43234.9239583655,4.60804362554115,0.0304037357238441,1,5,1,1
"Cancellation",10000,59,1,-21825.644194046,43761.8124725556,43725.2377109947,22.4405816599366,0.00218347552108083,2,5,3,2
"Cancellation",10000,59,2,-21737.5300775679,43705.3186644352,43629.1212445166,0.314265363019014,0.0484731642751488,2,5,3,2
"Cancellation",10000,59,3,-21837.674395737,44025.3417256091,43909.5216473329,11.2439444715483,0.0343825950815158,2,5,3,2
"Cancellation",10000,59,4,-21837.5337940571,44144.794947085,43989.3522104511,2.43312698974184,0.0247525476473668,2,5,3,2
"Cancellation",10000,59,5,-21819.847609747,44229.1570033005,44034.0916083089,8.50417050182544,0.00901114444965255,2,5,3,2
"Cancellation",10000,60,1,-21558.6820535104,43227.8881914845,43191.3134299236,1.97475033472243,0.037385719155663,1,5,3,1
"Cancellation",10000,60,2,-21679.0529226466,43588.3643545926,43512.166934674,-2.84624540370262,0.0295435355332336,1,5,3,1
"Cancellation",10000,60,3,-21731.455197463,43812.9033290611,43697.0832507848,5.94198805294286,0.0143571889208445,1,5,3,1
"Cancellation",10000,60,4,-21649.0846721867,43767.8967033442,43612.4539667103,12.8877499373205,-0.00685617350415449,1,5,3,1
"Cancellation",10000,60,5,-21719.8323425058,44029.1264688181,43834.0610738265,10.19701271047,0.0344236610074154,1,5,3,1
"Cancellation",10000,61,1,-21827.4454588536,43765.4150021709,43728.84024061,18.6621996687228,0.029621795024588,3,3,1,3
"Cancellation",10000,61,2,-21582.6374181327,43395.5333455647,43319.3359256461,3.79731241639315,0.0310712857913608,3,3,1,3
"Cancellation",10000,61,3,-21404.8144402372,43159.6218146095,43043.8017363333,2.64773161638886,0.0218632998425858,3,3,1,3
"Cancellation",10000,61,4,-21704.6476174145,43879.0225937997,43723.5798571658,-3.81351838118136,0.024475083967789,3,3,1,3
"Cancellation",10000,61,5,-21358.1563737238,43305.7745312541,43110.7091362625,5.79076833936505,0.00711892707508232,3,3,1,3
"Cancellation",10000,62,1,-21567.6725811307,43245.8692467251,43209.2944851642,-3.33203453412731,0.0609085402129934,2,4,3,2
"Cancellation",10000,62,2,-21461.0062720552,43152.2710534097,43076.0736334911,11.4591835350815,0.0653219777141498,2,4,3,2
"Cancellation",10000,62,3,-21511.7050494018,43373.4030329388,43257.5829546625,1.40835860193962,-0.00714938311145801,2,4,3,2
"Cancellation",10000,62,4,-21573.7577593634,43617.2428776976,43461.8001410636,0.833183921067007,0.0254636778319928,2,4,3,2
"Cancellation",10000,62,5,-21674.5175288983,43938.4968416031,43743.4314466115,3.89470056804297,-6.29652548608152e-05,2,4,3,2
"Cancellation",10000,63,1,-22223.6708783357,44557.8658411351,44521.2910795742,-0.140268450423372,0.123599300765225,4,5,2,2
"Cancellation",10000,63,2,-21612.9682539295,43456.1950171585,43379.9975972399,6.03011879689283,0.052303641112712,4,5,2,2
"Cancellation",10000,63,3,-21762.3605214051,43874.7139769452,43758.8938986689,18.050318983054,-0.00585814462729832,4,5,2,2
"Cancellation",10000,63,4,-21289.3751937147,43048.4777464002,42893.0350097662,7.48542049813964,-0.0180409574234267,4,5,2,2
"Cancellation",10000,63,5,-21365.7269855781,43320.9157549626,43125.850359971,5.88608023558161,0.0375733012708924,4,5,2,2
"Cancellation",10000,64,1,-21580.1700232064,43270.8641308765,43234.2893693155,3.6988561680549,0.0649050492653678,1,5,2,1
"Cancellation",10000,64,2,-21685.6046355052,43601.4677803098,43525.2703603912,4.44674745914549,0.010116131514975,1,5,2,1
"Cancellation",10000,64,3,-21579.1239802147,43508.2408945645,43392.4208162883,-6.73592881281284,-0.00121198119691583,1,5,2,1
"Cancellation",10000,64,4,-21467.2146214571,43404.156601885,43248.7138652511,4.61907189616606,0.0136315148875286,1,5,2,1
"Cancellation",10000,64,5,-21426.2017797205,43441.8653432475,43246.7999482559,5.16537614964279,0.0281909095988063,1,5,2,1
"Cancellation",10000,65,1,-21542.2240044595,43194.9720933826,43158.3973318217,-10.7474762805396,0.0975967492967635,1,5,3,1
"Cancellation",10000,65,2,-21571.3909243466,43373.0403579925,43296.8429380739,8.77928005286657,0.0337118196739172,1,5,3,1
"Cancellation",10000,65,3,-21600.4592159599,43550.9113660549,43435.0912877786,14.561546836605,-0.00168018580103621,1,5,3,1
"Cancellation",10000,65,4,-21641.7316696765,43753.1906983238,43597.7479616899,6.56774646369452,0.0263650917097267,1,5,3,1
"Cancellation",10000,65,5,-21454.9566005624,43499.3749849313,43304.3095899397,1.30056278967916,0.040882387664005,1,5,3,1
"Cancellation",10000,66,1,-21842.6881834724,43795.9004514086,43759.3256898477,16.7008449193397,-0.0423446835079124,5,5,1,5
"Cancellation",10000,66,2,-21473.5472788122,43177.3530669238,43101.1556470052,-1.65007161489215,0.0621472637762338,5,5,1,5
"Cancellation",10000,66,3,-21477.7004736406,43305.3938814163,43189.57380314,3.64075316196125,-0.00127343721617055,5,5,1,5
"Cancellation",10000,66,4,-22064.9591299684,44599.6456189075,44444.2028822736,13.204169028659,0.0214895563929284,5,5,1,5
"Cancellation",10000,66,5,-21347.4537083199,43284.3692004463,43089.3038054547,3.0558691188764,0.038198888221571,5,5,1,5
"Cancellation",10000,67,1,-22439.7992666394,44990.1226177425,44953.5478561816,14.0971132879282,0.0524286699853854,5,5,2,5
"Cancellation",10000,67,2,-21872.9510397372,43976.1605887738,43899.9631688553,-0.409720040929553,0.0267113539168238,5,5,2,5
"Cancellation",10000,67,3,-21760.9907829624,43871.9745000599,43756.1544217837,6.49815971656666,0.0169562320122858,5,5,2,5
"Cancellation",10000,67,4,-21685.3634572741,43840.454273519,43685.0115368851,11.3431069572536,0.0228288030406243,5,5,2,5
"Cancellation",10000,67,5,-21645.2044755766,43879.8707349597,43684.8053399681,9.91963823101944,-0.000723278195982121,5,5,2,5
"Cancellation",10000,68,1,-21865.9845897427,43842.4932639491,43805.9185023882,-7.75780611890533,0.0149578606497871,2,5,4,2
"Cancellation",10000,68,2,-21503.1021971825,43236.4629036643,43160.2654837457,-2.95886788924458,0.0627821766937716,2,5,4,2
"Cancellation",10000,68,3,-21578.9366476091,43507.8662293533,43392.046151077,4.68683443671929,0.0372127708608013,2,5,4,2
"Cancellation",10000,68,4,-21980.7370953977,44431.2015497663,44275.7588131323,2.33922721912858,0.0174673367184739,2,5,4,2
"Cancellation",10000,68,5,-21862.8302153233,44315.122214453,44120.0568194614,14.9482418563249,-0.0153669897152487,2,5,4,2
"Cancellation",10000,69,1,-21603.8187278982,43318.1615402602,43281.5867786992,7.7576539877279,0.0506238934190002,1,3,3,3
"Cancellation",10000,69,2,-21773.4197043954,43777.0979180901,43700.9004981715,5.15278581550483,0.0579921422550414,1,3,3,3
"Cancellation",10000,69,3,-21781.0804297828,43912.1537937008,43796.3337154245,3.48080353108444,-0.00103008585498075,1,3,3,3
"Cancellation",10000,69,4,-21521.6690035307,43513.0653660322,43357.6226293983,5.98690972996102,0.0279584070652541,1,3,3,3
"Cancellation",10000,69,5,-21633.1897979917,43855.8413797899,43660.7759847984,-2.34491453158323,0.00721646736083429,1,3,3,3
"Cancellation",10000,70,1,-21798.1634927307,43706.8510699252,43670.2763083643,13.4192188680387,0.0221623795653367,2,5,4,2
"Cancellation",10000,70,2,-21461.389100046,43153.0367093915,43076.8392894729,-7.05539991461824,0.0147378991025103,2,5,4,2
"Cancellation",10000,70,3,-21573.2590724443,43496.5110790237,43380.6910007474,-2.5371399420258,0.00274085500322258,2,5,4,2
"Cancellation",10000,70,4,-21538.3889632266,43546.5052854241,43391.0625487902,1.16497408901868,0.00442902905395093,2,5,4,2
"Cancellation",10000,70,5,-21460.5483537533,43510.5584913131,43315.4930963215,6.15718677754865,-7.81904264145435e-05,2,5,4,2
"Cancellation",10000,71,1,-21711.9511041031,43534.42629267,43497.8515311091,21.5957598978697,-0.0179778301359528,3,3,1,3
"Cancellation",10000,71,2,-21561.985648377,43354.2298060534,43278.0323861348,6.6641726406557,0.0235271420045191,3,3,1,3
"Cancellation",10000,71,3,-21433.6661285698,43217.3251912748,43101.5051129985,5.48967088485774,0.0446289519712412,3,3,1,3
"Cancellation",10000,71,4,-21615.4563114151,43700.6399818011,43545.1972451672,7.21329005419358,0.00414154784103986,3,3,1,3
"Cancellation",10000,71,5,-21594.4448851555,43778.3515541175,43583.2861591259,0.973322966664488,0.044340928578885,3,3,1,3
"Cancellation",10000,72,1,-21929.5106232465,43969.5453309568,43932.9705693959,-2.84956740648667,0.0402487908499298,5,3,3,3
"Cancellation",10000,72,2,-22122.742866424,44475.7442421475,44399.5468222289,9.03952592568367,0.0130903915916698,5,3,3,3
"Cancellation",10000,72,3,-21717.1884126794,43784.3697594939,43668.5496812176,7.54142806423243,0.0511613162279591,5,3,3,3
"Cancellation",10000,72,4,-21595.667067227,43661.0614934247,43505.6187567908,3.95444209673369,0.00485528907027971,5,3,3,3
"Cancellation",10000,72,5,-21417.9141535899,43425.2900909862,43230.2246959947,-3.15460198295296,0.0389178099850424,5,3,3,3
"Cancellation",10000,73,1,-21705.8322531444,43522.1885907526,43485.6138291916,14.5653132430745,-0.0181829621327422,5,5,1,5
"Cancellation",10000,73,2,-21844.9664086573,43920.191326614,43843.9939066954,2.77548064436403,0.0560350560902327,5,5,1,5
"Cancellation",10000,73,3,-21859.9563693598,44069.9056728547,43954.0855945785,10.7826569988333,0.0236500612333888,5,5,1,5
"Cancellation",10000,73,4,-21799.7903327262,44069.3080244233,43913.8652877893,7.59517867302301,0.011335894073716,5,5,1,5
"Cancellation",10000,73,5,-21501.7570361839,43592.9758561742,43397.9104611827,11.7285786315115,0.00949019946730572,5,5,1,5
"Cancellation",10000,74,1,-21703.1538118381,43516.83170814,43480.2569465791,1.41359077620434,0.0917546352984078,1,5,2,1
"Cancellation",10000,74,2,-21789.70927959,43809.6770684793,43733.4796485607,-0.786350953688458,0.0457512590221449,1,5,2,1
"Cancellation",10000,74,3,-21767.1910260067,43884.3749861486,43768.5549078723,1.59416458940319,0.0271620652287636,1,5,2,1
"Cancellation",10000,74,4,-21632.6358550357,43734.9990690421,43579.5563324082,15.4144461313565,0.00177326203239252,1,5,2,1
"Cancellation",10000,74,5,-21645.1724953908,43879.8067745881,43684.7413795965,7.10076887878667,0.00385409833051666,1,5,2,1
"Cancellation",10000,75,1,-21869.949916531,43850.4239175257,43813.8491559648,-7.42468135156431,0.0390321927652578,2,5,2,2
"Cancellation",10000,75,2,-21141.2971090632,42512.8527274258,42436.6553075072,12.5096073611316,0.0289753900206243,2,5,2,2
"Cancellation",10000,75,3,-21791.4368725251,43932.8666791852,43817.046600909,18.4436644792887,0.023405000212207,2,5,2,2
"Cancellation",10000,75,4,-21936.9193728167,44343.5661046042,44188.1233679703,-2.18846692970855,0.0131096411194696,2,5,2,2
"Cancellation",10000,75,5,-21580.0050520463,43749.4718878991,43554.4064929075,11.7587239978223,0.00952837378058414,2,5,2,2
"Cancellation",10000,76,1,-21202.8109783545,42516.1460411726,42479.5712796117,-3.84294097729616,0.0320084424377771,1,5,5,5
"Cancellation",10000,76,2,-21781.4104868077,43793.0794829149,43716.8820629963,10.3352512848469,0.0293003856501174,1,5,5,5
"Cancellation",10000,76,3,-21740.018303612,43830.029541359,43714.2094630828,-2.12405794515973,0.0480346253385019,1,5,5,5
"Cancellation",10000,76,4,-21865.8473789192,44201.4221168093,44045.9793801753,10.5536961484901,0.0227173978744897,1,5,5,5
"Cancellation",10000,76,5,-21651.9967300898,43893.4552439861,43698.3898489945,15.7738647595231,0.0323748244172851,1,5,5,5
"Cancellation",10000,77,1,-21759.4864136495,43629.4969117628,43592.9221502018,14.1336759323108,0.0412789638695676,2,5,3,2
"Cancellation",10000,77,2,-21393.8134281722,43017.8853656438,42941.6879457252,0.303087864313019,0.0102071702437849,2,5,3,2
"Cancellation",10000,77,3,-21468.7585878806,43287.5101098964,43171.6900316201,7.18676031579128,0.0380099742736854,2,5,3,2
"Cancellation",10000,77,4,-21829.8936770143,44129.5147129994,43974.0719763654,10.0594802350334,0.0282258499381115,2,5,3,2
"Cancellation",10000,77,5,-21613.4412551732,43816.344294153,43621.2788991614,1.21745407092742,0.0389995685091775,2,5,3,2
"Cancellation",10000,78,1,-21792.6216554898,43695.7673954433,43659.1926338824,13.6591842777393,0.0389493931355514,3,5,4,3
"Cancellation",10000,78,2,-22003.0415295557,44236.3415684108,44160.1441484922,3.36089544641386,0.0209191101816555,3,5,4,3
"Cancellation",10000,78,3,-21366.8118368428,43083.6166078207,42967.7965295445,-4.59454371285617,0.0502552475031132,3,5,4,3
"Cancellation",10000,78,4,-21699.674278998,43869.0759169668,43713.6331803329,11.3571474486518,0.0275328734218176,3,5,4,3
"Cancellation",10000,78,5,-21693.7465513495,43976.9548865056,43781.889491514,3.80250846458178,0.000451863332721703,3,5,4,3
"Cancellation",10000,79,1,-21822.5690901522,43755.6622647682,43719.0875032073,6.92045235052669,0.154584312750248,5,5,1,5
"Cancellation",10000,79,2,-21448.3797592731,43127.0180278455,43050.8206079269,1.73686938362363,0.0387632168729752,5,5,1,5
"Cancellation",10000,79,3,-21773.5923556313,43897.1776453976,43781.3575671214,12.3788098814765,0.0328062732670089,5,5,1,5
"Cancellation",10000,79,4,-21689.5240275954,43848.7754141616,43693.3326775276,-4.29718725209173,0.0369115525433098,5,5,1,5
"Cancellation",10000,79,5,-21197.0630388175,42983.5878614415,42788.52246645,17.133123829254,0.00110207896418796,5,5,1,5
"Cancellation",10000,80,1,-21511.8175869176,43134.1592582989,43097.584496738,9.1091601151651,0.0834334473595639,1,5,4,1
"Cancellation",10000,80,2,-21574.7048742781,43379.6682578555,43303.4708379369,0.460022207043085,0.015035729192871,1,5,4,1
"Cancellation",10000,80,3,-21833.9806306933,44017.9541955216,43902.1341172454,2.86566249965043,0.050092830116993,1,5,4,1
"Cancellation",10000,80,4,-21873.7646755761,44217.256710123,44061.8139734891,12.8960714149686,0.00157619710802641,1,5,4,1
"Cancellation",10000,80,5,-21723.262761709,44035.9873072246,43840.921912233,13.265014030646,0.00663140684239975,1,5,4,1
"Cancellation",10000,81,1,-21711.4420537088,43533.4081918813,43496.8334303204,-5.50399166324626,0.101590487677427,2,5,3,2
"Cancellation",10000,81,2,-21540.2884874664,43310.8354842323,43234.6380643137,9.7471293948278,0.0462538179331149,2,5,3,2
"Cancellation",10000,81,3,-21672.8837300746,43695.7603942842,43579.940316008,5.25018150113771,0.0217126925861839,2,5,3,2
"Cancellation",10000,81,4,-21783.7176195416,44037.1625980541,43881.7198614202,0.890163933083714,0.0445082679775028,2,5,3,2
"Cancellation",10000,81,5,-21613.6222465614,43816.7062769293,43621.6408819377,0.252448364200822,0.0286971724290599,2,5,3,2
"Cancellation",10000,82,1,-21674.2682657809,43459.0606160256,43422.4858544647,3.50864547008991,0.119997249581389,3,4,3,3
"Cancellation",10000,82,2,-21653.7924858962,43537.8434810919,43461.6460611733,-1.67162804697857,0.0232704026677366,3,4,3,3
"Cancellation",10000,82,3,-21458.101448793,43266.195831721,43150.3757534448,4.35756595571024,0.0334932194678663,3,4,3,3
"Cancellation",10000,82,4,-21637.7809490058,43745.2892569824,43589.8465203485,5.5404111276712,0.0345620665023409,3,4,3,3
"Cancellation",10000,82,5,-21816.8315554431,44223.1248946926,44028.059499701,5.92992034092553,0.00656864111902161,3,4,3,3
"Cancellation",10000,83,1,-21329.9815866506,42770.4872577649,42733.912496204,3.38428616103567,0.0582583565015872,5,5,2,5
"Cancellation",10000,83,2,-21500.2323229913,43230.723155282,43154.5257353634,-0.14652894642247,0.0199670476139498,5,5,2,5
"Cancellation",10000,83,3,-21791.8528331209,43933.6986003769,43817.8785221007,10.6460221372109,0.0171694838717534,5,5,2,5
"Cancellation",10000,83,4,-21793.7426204714,44057.2125999135,43901.7698632796,3.76901634236607,0.0351961178230449,5,5,2,5
"Cancellation",10000,83,5,-21150.7621985106,42890.9861808276,42695.920785836,-1.35944116839288,0.0152271102844819,5,5,2,5
"Cancellation",10000,84,1,-21695.7686700185,43502.0614245007,43465.4866629398,-2.21780517457157,0.10225205049521,3,5,2,2
"Cancellation",10000,84,2,-21527.8206027248,43285.8997147489,43209.7022948303,11.5847796656474,0.021911372957607,3,5,2,2
"Cancellation",10000,84,3,-21438.7806053988,43227.5541449326,43111.7340666564,-3.32373324957831,0.0557058717149334,3,5,2,2
"Cancellation",10000,84,4,-21615.7411352945,43701.2096295599,43545.766892926,8.16782891525762,0.0161291155635889,3,5,2,2
"Cancellation",10000,84,5,-21488.3802241855,43566.2222321774,43371.1568371858,-1.97257600621795,0.0127049356922752,3,5,2,2
"Cancellation",10000,85,1,-22029.3580754413,44169.2402353463,44132.6654737854,0.662870924547866,0.0891398287658169,4,5,2,2
"Cancellation",10000,85,2,-21743.6918870011,43717.6422833016,43641.444863383,-5.70447096307957,0.0364792041446355,4,5,2,2
"Cancellation",10000,85,3,-21736.996942339,43823.9868188131,43708.1667405369,4.56492103100672,0.0291444900117362,4,5,2,2
"Cancellation",10000,85,4,-21545.0989515356,43559.925262042,43404.4825254081,2.04200113456003,0.00121804551484418,4,5,2,2
"Cancellation",10000,85,5,-21596.9176535338,43783.2970908741,43588.2316958825,3.47099111510487,0.00246929871445421,4,5,2,2
"Cancellation",10000,86,1,-21598.4686288555,43307.4613421747,43270.8865806138,-3.16398307045846,0.0772959631614709,4,5,4,4
"Cancellation",10000,86,2,-21709.9899842356,43650.2384777706,43574.041057852,8.68001559468538,0.0157731519712669,4,5,4,4
"Cancellation",10000,86,3,-21514.3351524236,43378.6632389823,43262.843160706,10.7225963766333,-0.00100182529297817,4,5,4,4
"Cancellation",10000,86,4,-21237.7883197765,42945.3039985237,42789.8612618898,6.4099993072791,0.0214717734350872,4,5,4,4
"Cancellation",10000,86,5,-21451.6564165077,43492.7746168219,43297.7092218303,-1.65599404513674,0.0391568039069805,4,5,4,4
"Cancellation",10000,87,1,-21759.3562820128,43629.2366484892,43592.6618869283,7.99105137850615,0.0328071863774628,3,5,5,5
"Cancellation",10000,87,2,-22119.3198807097,44468.8982707187,44392.7008508001,7.91148883396718,0.0166704869606,3,5,5,5
"Cancellation",10000,87,3,-21403.332633241,43156.6582006172,43040.8381223409,12.7084214591751,-0.000937218260786185,3,5,5,5
"Cancellation",10000,87,4,-21607.0735684804,43683.8744959316,43528.4317592977,3.51381122060758,0.00134748722769177,3,5,5,5
"Cancellation",10000,87,5,-21732.0278405271,44053.5174648606,43858.452069869,-1.92091382455223,0.0209791516867602,3,5,5,5
"Cancellation",10000,88,1,-21643.8206840532,43398.1654525701,43361.5906910091,11.957504555196,0.0380417459727795,5,3,4,3
"Cancellation",10000,88,2,-21682.2659300145,43594.7903693284,43518.5929494098,6.53801170959314,0.0612308276355966,5,3,4,3
"Cancellation",10000,88,3,-21856.5504817953,44063.0938977257,43947.2738194495,8.25284909008718,0.014669187001891,5,3,4,3
"Cancellation",10000,88,4,-21657.3593187402,43784.4459964511,43629.0032598172,9.74891207327615,-0.00145611162722376,5,3,4,3
"Cancellation",10000,88,5,-21458.3611093478,43506.184002502,43311.1186075104,-5.66159293337215,-0.00788219677321125,5,3,4,3
"Cancellation",10000,89,1,-21673.5502277776,43457.624540019,43421.0497784581,-4.9386135613021,0.0857111548247174,5,5,4,5
"Cancellation",10000,89,2,-21700.9376977476,43632.1339047946,43555.936484876,18.8844521198257,0.00359705389154172,5,5,4,5
"Cancellation",10000,89,3,-21727.950124377,43805.8931828891,43690.0731046128,9.61459058499358,0.0272551799186421,5,5,4,5
"Cancellation",10000,89,4,-21656.7988375113,43783.3250339934,43627.8822973595,-1.3959816868047,0.0300993264300802,5,5,4,5
"Cancellation",10000,89,5,-21485.5045319835,43560.4708477734,43365.4054527818,0.185713224851369,0.0558817068300915,5,5,4,5
"Cancellation",10000,90,1,-21798.2940707357,43707.1122259351,43670.5374643741,-1.69653730415617,0.11857431719267,2,5,5,5
"Cancellation",10000,90,2,-21576.4838139486,43383.2261371966,43307.028717278,10.6904204244849,0.0156081294371988,2,5,5,5
"Cancellation",10000,90,3,-21844.9477828197,44039.8884997745,43924.0684214983,0.566273418925944,0.00617804372614329,2,5,5,5
"Cancellation",10000,90,4,-21725.8807794737,43921.4889179183,43766.0461812843,10.0436702483718,0.0304879305858355,2,5,5,5
"Cancellation",10000,90,5,-21981.3629206526,44552.1876251117,44357.1222301201,-0.410264790895542,0.013540436703517,2,5,5,5
"Cancellation",10000,91,1,-21690.5805289104,43491.6851422846,43455.1103807236,0.553387721631928,0.0564701990661629,3,5,3,3
"Cancellation",10000,91,2,-21890.3516856947,44010.9618806889,43934.7644607703,6.32684435545108,0.0170269836194893,3,5,3,3
"Cancellation",10000,91,3,-21546.1960514758,43442.3850370868,43326.5649588105,1.59156118561258,0.00195481825154483,3,5,3,3
"Cancellation",10000,91,4,-21582.4898622604,43634.7070834917,43479.2643468577,9.45221290227841,0.0426347629659152,3,5,3,3
"Cancellation",10000,91,5,-21694.6056099756,43978.6730037576,43783.607608766,5.99107587360134,0.00252124242457542,3,5,3,3
"Cancellation",10000,92,1,-22116.6138956362,44343.7518757362,44307.1771141752,12.0427345145923,-0.0141456715742966,2,5,4,2
"Cancellation",10000,92,2,-21554.6222090863,43339.5029274719,43263.3055075534,-0.326924820632697,0.0295565269791232,2,5,4,2
"Cancellation",10000,92,3,-21736.3918244733,43822.7765830816,43706.9565048054,5.92960439596711,-0.0147325852670436,2,5,4,2
"Cancellation",10000,92,4,-21665.4423323503,43800.6120236715,43645.1692870375,15.0498315251636,0.0332791779518895,2,5,4,2
"Cancellation",10000,92,5,-21705.4999059795,44000.4615957654,43805.3962007738,8.70421015923028,0.0140721416576265,2,5,4,2
"Cancellation",10000,93,1,-21804.6043572933,43719.7327990504,43683.1580374895,23.3166317073843,0.0183952735330781,5,5,3,5
"Cancellation",10000,93,2,-21774.2585494239,43778.7756081471,43702.5781882285,14.2138140227932,0.0580319552792264,5,5,3,5
"Cancellation",10000,93,3,-21867.5198800394,44085.0326942139,43969.2126159377,5.63695709582322,-0.000720408444097584,5,5,3,5
"Cancellation",10000,93,4,-21913.358215636,44296.4437902427,44141.0010536088,9.64482526122056,0.00399255853941809,5,5,3,5
"Cancellation",10000,93,5,-21587.3073536,43764.0764910066,43569.011096015,10.76901209575,0.0217254948716831,5,5,3,5
"Cancellation",10000,94,1,-21695.9724579212,43502.4690003061,43465.8942387452,2.76200612871298,0.00952617828080185,2,5,4,2
"Cancellation",10000,94,2,-21560.8250586083,43351.908626516,43275.7112065974,6.40672316880423,0.00428123662885059,2,5,4,2
"Cancellation",10000,94,3,-21638.5111524055,43627.015238946,43511.1951606697,10.7776343245532,0.017026642506795,2,5,4,2
"Cancellation",10000,94,4,-21924.3411495903,44318.4096581513,44162.9669215174,16.9555015565883,-0.00240065493706443,2,5,4,2
"Cancellation",10000,94,5,-21446.2684473991,43481.9986786047,43286.9332836131,11.8932630862332,0.0143368764562488,2,5,4,2
"Cancellation",10000,95,1,-21628.0694476151,43366.6629796939,43330.088218133,10.5876340563444,0.0880283392045285,2,5,4,2
"Cancellation",10000,95,2,-21582.951210836,43396.1609309714,43319.9635110528,4.11408350909866,0.0117235399947926,2,5,4,2
"Cancellation",10000,95,3,-21814.3513858784,43978.695705892,43862.8756276157,11.7195241549074,0.012654595319891,2,5,4,2
"Cancellation",10000,95,4,-21677.3692416101,43824.465842191,43669.0231055571,9.66229060713268,0.0146099588654164,2,5,4,2
"Cancellation",10000,95,5,-21852.1024141145,44293.6666120354,44098.6012170438,4.11866463830527,0.0208097972499956,2,5,4,2
"Cancellation",10000,96,1,-21807.6283344513,43725.7807533664,43689.2059918054,12.46144360488,0.0593730539358635,5,5,2,5
"Cancellation",10000,96,2,-22049.8819479884,44330.0224052763,44253.8249853577,-4.29024907043319,0.0506633354330318,5,5,2,5
"Cancellation",10000,96,3,-21779.1019012229,43908.196736581,43792.3766583047,9.00143401648502,-0.00305916940844738,5,5,2,5
"Cancellation",10000,96,4,-22161.5798451995,44792.8870493698,44637.4443127358,21.6572850394326,0.0286800679342692,5,5,2,5
"Cancellation",10000,96,5,-21480.651621105,43550.7650260165,43355.699631025,5.81474249978095,0.0562239864813157,5,5,2,5
"Cancellation",10000,97,1,-22336.5071916398,44783.5384677432,44746.9637061823,28.1193523714335,0.0116530532950582,2,4,4,4
"Cancellation",10000,97,2,-21245.8922067848,42722.0429228689,42645.8455029504,-6.82979781024799,0.0330807253044695,2,4,4,4
"Cancellation",10000,97,3,-21624.2842152362,43598.5613646075,43482.7412863313,1.40693793013432,-0.0119556873780606,2,4,4,4
"Cancellation",10000,97,4,-21472.0709279438,43413.8692148584,43258.4264782244,2.38837089481641,0.0105922253880388,2,4,4,4
"Cancellation",10000,97,5,-21911.9836582746,44413.4291003556,44218.363705364,7.64448192822344,0.0369137417661279,2,4,4,4
"Cancellation",10000,98,1,-21962.3008010821,44035.1256866278,43998.5509250669,4.04625194825795,0.0742998944966097,5,5,1,5
"Cancellation",10000,98,2,-21674.2572953772,43578.7731000538,43502.5756801352,0.0541218590347078,0.0395181884592773,5,5,1,5
"Cancellation",10000,98,3,-21476.0272529589,43302.047440053,43186.2273617767,-8.18098548855269,0.000138673957739359,5,5,1,5
"Cancellation",10000,98,4,-21626.71374578,43723.1548505308,43567.7121138969,0.229147243258117,-0.0048515458754659,5,5,1,5
"Cancellation",10000,98,5,-21196.4426845527,42982.3471529119,42787.2817579203,3.07689095474318,0.0309218611667054,5,5,1,5
"Cancellation",10000,99,1,-21680.5801822944,43471.6844490525,43435.1096874916,-1.16111050163376,0.0653644483181419,1,5,3,1
"Cancellation",10000,99,2,-21814.7996907178,43859.857890735,43783.6604708164,16.1281551231172,0.0400853125088415,1,5,3,1
"Cancellation",10000,99,3,-21726.4495582461,43802.8920506273,43687.0719723511,4.77199346414785,0.024773400634524,1,5,3,1
"Cancellation",10000,99,4,-21638.1045204141,43745.9363997991,43590.4936631651,14.1615845697257,0.0335261628360046,1,5,3,1
"Cancellation",10000,99,5,-21889.9027158166,44369.2672154398,44174.2018204482,1.98346038084468,0.052605743611036,1,5,3,1
"Cancellation",10000,100,1,-21617.8553771563,43346.2348387764,43309.6600772155,-6.54701757998443,0.0626150177858692,3,5,5,5
"Cancellation",10000,100,2,-21617.1369824405,43464.5324741805,43388.3350542619,-0.791759605106652,0.0504346696755591,3,5,5,5
"Cancellation",10000,100,3,-21322.4551699488,42994.9032740326,42879.0831957564,-5.40013218546876,0.00731220207464253,3,5,5,5
"Cancellation",10000,100,4,-21803.1555272742,44076.0384135191,43920.5956768852,4.11768182137981,0.0114413152245383,3,5,5,5
"Cancellation",10000,100,5,-21835.9956458103,44261.453075427,44066.3876804355,0.867143782371224,0.0121251628021129,3,5,5,5
"Cancellation",50000,1,1,-107249.707206926,214629.251753265,214576.329689533,8.38235028373138,-0.00222338234677624,1,3,3,3
"Cancellation",50000,1,2,-107640.638813722,215551.772084554,215441.517785113,-5.06426134075894,0.0441877988185881,1,3,3,3
"Cancellation",50000,1,3,-108336.46590558,217084.083385967,216916.496850816,-3.61700673690722,0.0524561894211594,1,3,3,3
"Cancellation",50000,1,4,-108261.745582999,217075.299858503,216850.381087643,6.34615823779412,0.0159092814085318,1,3,3,3
"Cancellation",50000,1,5,-108107.899553898,216908.264917998,216626.013911428,9.16299118014332,0.0208400740593906,1,3,3,3
"Cancellation",50000,2,1,-107828.727786356,215787.292912125,215734.370848393,-1.48301007221901,0.0846402287391301,1,5,3,1
"Cancellation",50000,2,2,-108042.2577845,216355.01002611,216244.755726668,11.0800633457398,0.00981810626454214,1,5,3,1
"Cancellation",50000,2,3,-108250.977241643,216913.106058093,216745.519522942,14.993979710403,0.0335197925235023,1,5,3,1
"Cancellation",50000,2,4,-108939.275097749,218430.358888003,218205.440117143,10.1514367604587,0.0270645991607821,1,5,3,1
"Cancellation",50000,2,5,-107774.947079498,216242.359969198,215960.108962628,4.37773371089158,0.0228935533547541,1,5,3,1
"Cancellation",50000,3,1,-108023.55925448,216176.955848373,216124.033784641,-1.03031020651672,0.0889802472320715,2,5,2,2
"Cancellation",50000,3,2,-106959.341386528,214189.177230167,214078.922930726,2.80645753633612,0.0204887432330243,2,5,2,2
"Cancellation",50000,3,3,-108867.737966614,218146.627508036,217979.040972885,23.1126929031966,0.0123684402615848,2,5,2,2
"Cancellation",50000,3,4,-109288.59827263,219129.005237766,218904.086466906,3.95199449386836,0.0118255788252151,2,5,2,2
"Cancellation",50000,3,5,-108225.680415758,217143.826641718,216861.575635148,5.09695257550062,0.0185854900152772,2,5,2,2
"Cancellation",50000,4,1,-109321.396431634,218772.630202681,218719.708138949,11.0531310497191,0.0249038207430788,3,5,3,3
"Cancellation",50000,4,2,-109068.668745588,218407.831948286,218297.577648845,12.9245524700769,0.0168124850207124,3,5,3,3
"Cancellation",50000,4,3,-108946.692914046,218304.5374029,218136.950867749,8.30829453704142,-0.000225815414596717,3,5,3,3
"Cancellation",50000,4,4,-109283.499627744,219118.807947992,218893.889177132,17.48972814152,0.0144196404023519,3,5,3,3
"Cancellation",50000,4,5,-109143.12838874,218978.722587682,218696.471581113,7.08883907153543,0.0165220424017964,3,5,3,3
"Cancellation",50000,5,1,-109361.127270072,218852.091879556,218799.169815824,3.15499057409396,0.073743020981144,2,5,5,5
"Cancellation",50000,5,2,-106992.518355174,214255.531167458,214145.276868016,-4.47053739816198,0.0541458813926117,2,5,5,5
"Cancellation",50000,5,3,-107945.451574018,216302.054722844,216134.468187693,-2.06199078635158,0.0259362083211518,2,5,5,5
"Cancellation",50000,5,4,-110098.537320974,220748.883334453,220523.964563593,8.68664669641431,0.00172284363394922,2,5,5,5
"Cancellation",50000,5,5,-108881.658559363,218455.782928928,218173.531922358,6.45055974807713,0.0214105571254402,2,5,5,5
"Cancellation",50000,6,1,-109490.274604226,219110.386547866,219057.464484134,7.45377194541945,0.0511073109474346,3,5,3,3
"Cancellation",50000,6,2,-109837.263643664,219945.021744439,219834.767444998,8.25672715652586,0.050055249726537,3,5,3,3
"Cancellation",50000,6,3,-107600.316589005,215611.784752817,215444.198217666,-5.15612070483007,0.0311032575990379,3,5,3,3
"Cancellation",50000,6,4,-108212.531325787,216976.871344079,216751.952573219,11.6016498226841,0.0200894586764929,3,5,3,3
"Cancellation",50000,6,5,-108168.840780126,217030.147370455,216747.896363885,3.74334118187256,0.00409708631621207,3,5,3,3
"Cancellation",50000,7,1,-107404.024409328,214937.886158068,214884.964094336,-2.30950953208391,0.0376628029018221,3,4,2,2
"Cancellation",50000,7,2,-109038.454746685,218347.403950481,218237.14965104,-0.823260272797225,0.0727884555170762,3,4,2,2
"Cancellation",50000,7,3,-107267.375231486,214945.902037779,214778.315502629,4.97567427076444,0.0488195403889331,3,4,2,2
"Cancellation",50000,7,4,-108545.539465325,217642.887623155,217417.968852294,4.93772399153737,0.0113959966135617,3,4,2,2
"Cancellation",50000,7,5,-107698.728042908,216089.921896019,215807.670889449,6.90975024411019,0.0243379616335249,3,4,2,2
"Cancellation",50000,8,1,-107734.26650027,215598.370339952,215545.44827622,4.51978129031805,0.0325553164172304,3,3,3,3
"Cancellation",50000,8,2,-108890.506300378,218051.507057867,217941.252758426,6.84314481712364,0.02268244218891,3,3,3,3
"Cancellation",50000,8,3,-107573.226590056,215557.60475492,215390.018219769,5.28422320926445,0.0292077384352155,3,3,3,3
"Cancellation",50000,8,4,-107845.244560794,216242.297814094,216017.379043234,18.3214008390087,-0.0013247202369981,3,3,3,3
"Cancellation",50000,8,5,-108013.724213507,216719.914237217,216437.663230647,3.73843360825487,0.0173356772142421,3,3,3,3
"Cancellation",50000,9,1,-108817.287122249,217764.41158391,217711.489520178,2.28565989659474,0.0724142402974065,3,3,3,3
"Cancellation",50000,9,2,-109076.354966904,218423.204390919,218312.950091478,0.920835964218988,0.0320258483002357,3,3,3,3
"Cancellation",50000,9,3,-106401.885280407,213214.922135621,213047.33560047,1.25174755724404,0.00445148767214632,3,3,3,3
"Cancellation",50000,9,4,-107943.93082225,216439.670337004,216214.751566144,5.47155797636937,0.0179114965225898,3,3,3,3
"Cancellation",50000,9,5,-108706.565696239,218105.59720268,217823.346196111,8.69802757149101,0.0216937395179707,3,3,3,3
"Cancellation",50000,10,1,-107902.714759133,215935.266857679,215882.344793947,7.50533620986119,-0.0182125873932354,1,5,4,1
"Cancellation",50000,10,2,-109187.367590073,218645.229637256,218534.975337815,8.62428250504287,0.0220221874590483,1,5,4,1
"Cancellation",50000,10,3,-109545.588257095,219502.328088997,219334.741553846,0.00469146420655599,0.043874821383614,1,5,4,1
"Cancellation",50000,10,4,-109740.578252886,220032.965198276,219808.046427416,9.45971061349415,0.00173524043067043,1,5,4,1
"Cancellation",50000,10,5,-108359.888819031,217412.243448264,217129.992441694,9.0194033784774,0.0184891801991325,1,5,4,1
"Cancellation",50000,11,1,-107843.406402154,215816.650143721,215763.728079989,2.93671224436266,0.102048433943859,1,5,5,5
"Cancellation",50000,11,2,-109139.807738008,218550.109933126,218439.855633685,-1.73611139455126,0.0418015893125598,1,5,5,5
"Cancellation",50000,11,3,-110082.47130162,220576.094178047,220408.507642897,9.51336704421371,-0.0185575669951634,1,5,5,5
"Cancellation",50000,11,4,-108758.299040755,218068.406774015,217843.488003155,7.06233398449019,0.00691161147203821,1,5,5,5
"Cancellation",50000,11,5,-109329.54944843,219351.564707062,219069.313700492,9.27228343625819,0.014490550283737,1,5,5,5
"Cancellation",50000,12,1,-107743.347886153,215616.533111718,215563.611047986,1.63570730286029,0.0633848202532889,1,4,4,4
"Cancellation",50000,12,2,-109153.057252251,218576.608961612,218466.35466217,9.28934484390853,0.0472062533619151,1,4,4,4
"Cancellation",50000,12,3,-107835.632066984,216082.415708775,215914.829173624,11.9980183630461,-0.0119954850509528,1,4,4,4
"Cancellation",50000,12,4,-108748.540689702,218048.89007191,217823.97130105,13.9768918581467,-0.000518679165987471,1,4,4,4
"Cancellation",50000,12,5,-109078.836049322,218850.137908846,218567.886902276,10.1140051358353,0.0420688026333597,1,4,4,4
"Cancellation",50000,13,1,-109266.990037841,218663.817415095,218610.895351363,4.17883180594135,0.0709367064336796,2,5,5,5
"Cancellation",50000,13,2,-108093.209477316,216456.913411742,216346.6591123,1.10605910890363,0.0141208659391206,2,5,5,5
"Cancellation",50000,13,3,-108082.031408411,216575.21439163,216407.62785648,4.55288352336354,0.029925668241165,2,5,5,5
"Cancellation",50000,13,4,-109903.879487282,220359.56766707,220134.648896209,7.13237161518958,0.0052417482114384,2,5,5,5
"Cancellation",50000,13,5,-108898.55285174,218489.571513682,218207.320507112,1.41478769351018,0.0338072725181732,2,5,5,5
"Cancellation",50000,14,1,-108429.302314313,216988.441968039,216935.519904307,4.70902290767028,0.125524066956535,3,5,5,5
"Cancellation",50000,14,2,-109150.485709314,218571.465875738,218461.211576297,12.5494448446405,0.0201792974681108,3,5,5,5
"Cancellation",50000,14,3,-107823.412912801,216057.977400409,215890.390865258,-12.0979774072315,0.00613546937183276,3,5,5,5
"Cancellation",50000,14,4,-108435.929931861,217423.668556227,217198.749785366,6.30031788079931,0.0232219694500601,3,5,5,5
"Cancellation",50000,14,5,-109089.242818464,218870.951447131,218588.700440562,7.25341200613123,0.0119063678130449,3,5,5,5
"Cancellation",50000,15,1,-108021.811982975,216173.461305364,216120.539241632,2.71644598001682,0.0655250619973914,5,4,4,4
"Cancellation",50000,15,2,-108679.575021301,217629.644499712,217519.390200271,-10.2850808744985,0.0638404098342576,5,4,4,4
"Cancellation",50000,15,3,-109062.320419754,218535.792414315,218368.205879164,4.15289225478183,0.0275539572209855,5,4,4,4
"Cancellation",50000,15,4,-108909.755611392,218371.319915289,218146.401144429,5.98465606653444,0.0232666624518975,5,4,4,4
"Cancellation",50000,15,5,-107485.870550937,215664.206912077,215381.955905507,4.99831455539424,0.00523849535424558,5,4,4,4
"Cancellation",50000,16,1,-108421.606340716,216973.050020844,216920.127957113,5.62885909141821,0.0561080665091223,3,4,3,3
"Cancellation",50000,16,2,-109771.107868425,219812.71019396,219702.455894518,0.624048675919777,0.0415423708302268,3,4,3,3
"Cancellation",50000,16,3,-107613.774356848,215638.700288504,215471.113753353,12.3685757497876,0.0288303186525251,3,4,3,3
"Cancellation",50000,16,4,-108935.925671631,218423.660035766,218198.741264906,12.4408916503495,0.0103801586343962,3,4,3,3
"Cancellation",50000,16,5,-108376.341485891,217445.148781985,217162.897775415,6.95977016397683,0.0191289216697957,3,4,3,3
"Cancellation",50000,17,1,-107433.959920419,214997.75718025,214944.835116518,-2.29414395470818,0.0816690135071612,1,4,3,1
"Cancellation",50000,17,2,-107520.120831811,215310.736120733,215200.481821292,3.64290319279673,0.0665799478337299,1,4,3,1
"Cancellation",50000,17,3,-108211.942955352,216835.037485513,216667.450950362,7.44091501252927,0.039233286665198,1,4,3,1
"Cancellation",50000,17,4,-108584.756107443,217721.32090739,217496.40213653,8.74008983215696,0.00802869753711454,1,4,3,1
"Cancellation",50000,17,5,-108443.028236337,217578.522282877,217296.271276307,13.8957051677736,0.0138079883212107,1,4,3,1
"Cancellation",50000,18,1,-107995.831787925,216121.500915262,216068.57885153,13.7790601989457,0.0412305288432912,3,5,2,2
"Cancellation",50000,18,2,-108393.553703533,217057.601864177,216947.347564735,1.08340288905442,-0.00268367046554005,3,5,2,2
"Cancellation",50000,18,3,-106778.646640074,213968.444854956,213800.858319805,8.77800051028651,0.0368025797220388,3,5,2,2
"Cancellation",50000,18,4,-110189.247230156,220930.303152816,220705.384381956,23.8502792251595,0.0232630533233397,3,5,2,2
"Cancellation",50000,18,5,-108801.787436354,218296.04068291,218013.789676341,-1.76993631187502,0.00848148912752974,3,5,2,2
"Cancellation",50000,19,1,-110499.053453867,221127.944247147,221075.022183415,11.6053383829699,0.0797744200087884,2,5,5,5
"Cancellation",50000,19,2,-107807.650969467,215885.796396045,215775.542096604,5.98515736621765,0.0591793356065524,2,5,5,5
"Cancellation",50000,19,3,-109708.30780636,219827.767187527,219660.180652376,3.56880613472779,0.020752124098039,2,5,5,5
"Cancellation",50000,19,4,-109009.408224845,218570.625142196,218345.706371335,8.88603068277471,-0.010064896058759,2,5,5,5
"Cancellation",50000,19,5,-107977.200891619,216646.867593439,216364.61658687,14.3231385854466,0.0250791682705783,2,5,5,5
"Cancellation",50000,20,1,-107593.934387301,215317.706114015,215264.784050283,3.37489901949786,0.0233603721093221,1,3,4,1
"Cancellation",50000,20,2,-110596.480356872,221463.455170855,221353.200871414,8.0661437784646,0.0668226874628837,1,3,4,1
"Cancellation",50000,20,3,-108817.356823269,218045.865221346,217878.278686196,9.08522417055845,0.0282930275361588,1,3,4,1
"Cancellation",50000,20,4,-109408.085646199,219367.979984902,219143.061214042,2.05808331939475,0.0278758497241262,1,3,4,1
"Cancellation",50000,20,5,-108292.105756368,217276.677322938,216994.426316369,-1.06264452787233,0.0282875171644419,1,3,4,1
"Same-Sign",2000,1,1,-4288.58077950665,8668.3723885278,8646.88888964158,-5.45999447421822,0.059787490230081,1,4,4,4
"Same-Sign",2000,1,2,-4394.61516124631,8979.25288398117,8934.49559463489,-2.41572210717984,0.0444272372051494,1,4,4,4
"Same-Sign",2000,1,3,-4333.0496578909,8954.93360924441,8886.90252943806,3.0917857694763,-0.00872719495926239,1,4,4,4
"Same-Sign",2000,1,4,-4334.04889525662,9055.74381594989,8964.43894568347,1.31688356988693,0.0378291938580734,1,4,4,4
"Same-Sign",2000,1,5,-4283.2525731765,9052.9629037637,8938.38424303721,11.0761062467609,-0.0229310516007177,1,4,4,4
"Same-Sign",2000,2,1,-4282.69913265957,8656.60909483365,8635.12559594743,-14.4269577981391,0.0748450514498959,1,5,3,1
"Same-Sign",2000,2,2,-4362.74596787603,8915.51449724062,8870.75720789434,2.27470148481291,0.073025547952584,1,5,3,1
"Same-Sign",2000,2,3,-4363.90003729888,9016.63436806037,8948.60328825401,-3.70866550186561,0.0352668646976818,1,5,3,1
"Same-Sign",2000,2,4,-4311.64340486065,9010.93283515795,8919.62796489154,1.625418414594,0.0266646343041846,1,5,3,1
"Same-Sign",2000,2,5,-4331.61365373051,9149.6850648717,9035.10640414522,-0.535738854981581,0.0556127821330677,1,5,3,1
"Same-Sign",2000,3,1,-4310.74899401911,8712.70881755272,8691.22531866651,18.3771440773462,0.0444396761241015,1,5,2,1
"Same-Sign",2000,3,2,-4351.70873465725,8893.44003080305,8848.68274145677,-5.17390293415014,0.0151879702034481,1,5,2,1
"Same-Sign",2000,3,3,-4318.38773722122,8925.60976790504,8857.57868809869,17.7861116637145,0.0172457267032027,1,5,2,1
"Same-Sign",2000,3,4,-4393.63406704019,9174.91415951703,9083.60928925062,3.41255096777518,0.00541398277356237,1,5,2,1
"Same-Sign",2000,3,5,-4322.90442552652,9132.26660846373,9017.68794773724,2.15405195309408,0.0300390163961348,1,5,2,1
"Same-Sign",2000,4,1,-4323.15761404031,8737.52605759512,8716.0425587089,1.75080432924911,0.0437782435277035,1,5,3,1
"Same-Sign",2000,4,2,-4302.67254360404,8795.36764869664,8750.61035935036,-3.28855305144237,0.0323872508487928,1,5,3,1
"Same-Sign",2000,4,3,-4357.73449855003,9004.30329056266,8936.2722107563,6.63273330381544,0.0243670972214439,1,5,3,1
"Same-Sign",2000,4,4,-4370.75596011706,9129.15794567077,9037.85307540435,15.4113510391634,-0.012899736307996,1,5,3,1
"Same-Sign",2000,4,5,-4320.52640310594,9127.51056362257,9012.93190289609,0.541431339567337,0.0424214911993952,1,5,3,1
"Same-Sign",2000,5,1,-4357.92832717552,8807.06748386555,8785.58398497933,0.605222502870427,0.11546651223851,3,5,5,5
"Same-Sign",2000,5,2,-4308.15055769523,8806.32367687901,8761.56638753273,5.2492212761091,0.0527137720211272,3,5,5,5
"Same-Sign",2000,5,3,-4234.57409644703,8757.98248635665,8689.9514065503,0.823644995380329,0.0204336113651483,3,5,5,5
"Same-Sign",2000,5,4,-4291.59332900315,8970.83268344295,8879.52781317654,-9.63443056921927,0.069076942414411,3,5,5,5
"Same-Sign",2000,5,5,-4351.28207597382,9189.02190935834,9074.44324863186,-10.6445128666576,0.0643417085244095,3,5,5,5
"Same-Sign",2000,6,1,-4272.36419891523,8635.93922734496,8614.45572845875,-0.278629211321132,0.123685484972812,1,5,3,1
"Same-Sign",2000,6,2,-4288.20572247278,8766.43400643411,8721.67671708782,8.38782912260526,0.041520295118708,1,5,3,1
"Same-Sign",2000,6,3,-4350.01661856649,8988.86753059557,8920.83645078922,-10.54519543638,0.033071110489908,1,5,3,1
"Same-Sign",2000,6,4,-4311.03313583065,9009.71229709794,8918.40742683152,-4.6708297070673,0.0321687997232466,1,5,3,1
"Same-Sign",2000,6,5,-4324.1067157312,9134.67118887309,9020.09252814661,13.6697412041948,0.0304452149125246,1,5,3,1
"Same-Sign",2000,7,1,-4258.83422187586,8608.87927326623,8587.39577438001,-11.3340641676045,0.114761831685118,1,5,4,1
"Same-Sign",2000,7,2,-4336.22012131467,8862.46280411789,8817.70551477161,-5.81598735340626,0.0250816376097181,1,5,4,1
"Same-Sign",2000,7,3,-4274.20555818035,8837.24540982331,8769.21433001696,9.23723488776791,0.0259444368676911,1,5,4,1
"Same-Sign",2000,7,4,-4262.23343355942,8912.11289255548,8820.80802228907,2.26430884016684,0.0397904002369674,1,5,4,1
"Same-Sign",2000,7,5,-4306.96555611449,9100.38886963967,8985.81020891318,0.663677671545653,0.022996362206735,1,5,4,1
"Same-Sign",2000,8,1,-4315.16270538297,8721.53624028044,8700.05274139422,1.22801319324178,0.0519595028157422,1,5,3,1
"Same-Sign",2000,8,2,-4355.08446328094,8900.19148805044,8855.43419870416,0.0495194595778167,0.0679134199632011,1,5,3,1
"Same-Sign",2000,8,3,-4334.87875068639,8958.59179483539,8890.56071502904,8.01352053352046,0.00810829518667583,1,5,3,1
"Same-Sign",2000,8,4,-4316.03358106934,9019.71318757533,8928.40831730891,13.7674233896459,0.0211568908480607,1,5,3,1
"Same-Sign",2000,8,5,-4310.92288980901,9108.3035370287,8993.72487630222,6.5151310616091,0.00234689698089842,1,5,3,1
"Same-Sign",2000,9,1,-4367.05380131248,8825.31843213947,8803.83493325325,6.48671759169914,0.0109579362247595,2,5,4,2
"Same-Sign",2000,9,2,-4289.95209867707,8769.92675884268,8725.1694694964,-5.52125942750508,0.0804541095656683,2,5,4,2
"Same-Sign",2000,9,3,-4381.80505603971,9052.44440554203,8984.41332573568,15.4918513695424,0.0348394078089549,2,5,4,2
"Same-Sign",2000,9,4,-4354.35126528461,9096.34855600587,9005.04368573946,7.48950349512525,0.016059604220434,2,5,4,2
"Same-Sign",2000,9,5,-4315.4961860449,9117.45012950049,9002.871468774,5.64084296474598,0.0275271770074182,2,5,4,2
"Same-Sign",2000,10,1,-4423.66956912564,8938.54996776579,8917.06646887957,6.00429918028032,0.0151261978964988,2,5,3,2
"Same-Sign",2000,10,2,-4333.31576860311,8856.65409869477,8811.89680934849,16.7991753721401,-0.0039761585623057,2,5,3,2
"Same-Sign",2000,10,3,-4359.66095290477,9008.15619927214,8940.12511946579,1.09527022791563,0.0211686032677448,2,5,3,2
"Same-Sign",2000,10,4,-4356.58532480336,9100.81667504337,9009.51180477695,4.11303840987355,0.00516190459297485,2,5,3,2
"Same-Sign",2000,10,5,-4307.73570626239,9101.92916993547,8987.35050920898,7.06200904955323,-0.0155238045234957,2,5,3,2
"Same-Sign",2000,11,1,-4347.08894468883,8785.38871889217,8763.90522000596,-0.137870035551937,0.091502285394671,2,5,3,2
"Same-Sign",2000,11,2,-4255.57255464991,8701.16767078838,8656.41038144209,4.1189630184105,0.0222826119298702,2,5,3,2
"Same-Sign",2000,11,3,-4356.68195490674,9002.19820327608,8934.16712346973,10.1011375811191,0.0326064003001771,2,5,3,2
"Same-Sign",2000,11,4,-4322.67675552928,9032.99953649521,8941.69466622879,-7.52164512407213,0.0321600297558718,2,5,3,2
"Same-Sign",2000,11,5,-4323.05904851526,9132.57585444122,9017.99719371474,0.251427367555467,0.0241245543262465,2,5,3,2
"Same-Sign",2000,12,1,-4370.12128670905,8831.45340293261,8809.96990404639,3.66855426581265,0.0907921550446436,1,5,2,1
"Same-Sign",2000,12,2,-4363.6048797181,8917.23232092475,8872.47503157847,9.39401656496641,0.0102217730620637,1,5,2,1
"Same-Sign",2000,12,3,-4320.52316064056,8929.88061474372,8861.84953493736,5.79823449393246,0.0456238825748532,1,5,2,1
"Same-Sign",2000,12,4,-4382.40549737159,9152.45702017983,9061.15214991341,11.5841454634954,0.00835354710436633,1,5,2,1
"Same-Sign",2000,12,5,-4310.21993310365,9106.89762361798,8992.3189628915,-0.721481360620248,0.032090673525536,1,5,2,1
"Same-Sign",2000,13,1,-4427.64432562791,8946.49948077032,8925.0159818841,11.7131627908318,0.101569680236935,3,5,2,2
"Same-Sign",2000,13,2,-4328.59869552911,8847.21995254677,8802.46266320049,16.5945424084167,0.0274707367180432,3,5,2,2
"Same-Sign",2000,13,3,-4287.03205894694,8862.89841135649,8794.86733155014,5.83893855423007,0.0519354575490235,3,5,2,2
"Same-Sign",2000,13,4,-4336.65492539464,9060.95587622592,8969.6510059595,7.90538164931357,0.0244362208542662,3,5,2,2
"Same-Sign",2000,13,5,-4292.90533863631,9072.26843468332,8957.68977395683,-1.69982720606214,0.0522313150886171,3,5,2,2
"Same-Sign",2000,14,1,-4289.03197432465,8669.2747781638,8647.79127927759,2.38004067796638,-0.000670635642224301,1,4,4,4
"Same-Sign",2000,14,2,-4428.25066025576,9046.52388200007,9001.76659265379,6.63809315223689,0.0385007218730575,1,4,4,4
"Same-Sign",2000,14,3,-4337.1128982274,8963.0600899174,8895.02901011105,1.70819955217668,0.0244150501275256,1,4,4,4
"Same-Sign",2000,14,4,-4368.91857984203,9125.4831851207,9034.17831485428,2.18087086691594,0.0255419817130285,1,4,4,4
"Same-Sign",2000,14,5,-4362.96492105755,9212.38759952578,9097.8089387993,3.77760531947198,0.00474035889054735,1,4,4,4
"Same-Sign",2000,15,1,-4320.24660545768,8731.70404042986,8710.22054154365,8.17731204960957,0.0576888428318481,1,4,2,1
"Same-Sign",2000,15,2,-4316.67725060537,8823.3770626993,8778.61977335302,-3.40382118588975,0.0479504105255774,1,4,2,1
"Same-Sign",2000,15,3,-4361.68399788752,9012.20228923765,8944.1712094313,8.3039202320485,0.0381499461029806,1,4,2,1
"Same-Sign",2000,15,4,-4288.23810466984,8964.12223477632,8872.8173645099,8.21803804897342,0.0545325360612612,1,4,2,1
"Same-Sign",2000,15,5,-4298.32474908632,9083.10725558334,8968.52859485686,10.5658148937213,0.0280687812961155,1,4,2,1
"Same-Sign",2000,16,1,-4338.30345949177,8767.81774849805,8746.33424961183,1.89165452495482,0.0748759261799298,1,4,3,1
"Same-Sign",2000,16,2,-4350.97867105801,8891.97990360457,8847.22261425828,-2.68648847567216,0.0378925153435521,1,4,3,1
"Same-Sign",2000,16,3,-4373.27239704702,9035.37908755663,8967.34800775028,12.4843715399816,0.0298324872065401,1,4,3,1
"Same-Sign",2000,16,4,-4384.98364157438,9157.61330858541,9066.30843831899,12.907663320616,0.0273824019668516,1,4,3,1
"Same-Sign",2000,16,5,-4328.5471749132,9143.55210723709,9028.97344651061,-2.71204826711775,0.0462780811916801,1,4,3,1
"Same-Sign",2000,17,1,-4348.84335510964,8788.89753973379,8767.41404084758,7.76012619712769,0.0809326731809705,1,5,2,1
"Same-Sign",2000,17,2,-4346.91200895953,8883.8465794076,8839.08929006132,16.7423376199682,0.0343849041146249,1,5,2,1
"Same-Sign",2000,17,3,-4366.28341418592,9021.40112183444,8953.37004202809,-1.30979925845567,0.0130821126160111,1,5,2,1
"Same-Sign",2000,17,4,-4346.84340172586,9081.33282888837,8990.02795862195,3.56125231906156,0.0228791765484171,1,5,2,1
"Same-Sign",2000,17,5,-4311.35344491949,9109.16464724966,8994.58598652318,-6.22506358912466,0.00398003170315734,1,5,2,1
"Same-Sign",2000,18,1,-4318.4492523571,8728.1093342287,8706.62583534248,6.43220198217107,0.0440064374435037,1,5,4,1
"Same-Sign",2000,18,2,-4320.87946445733,8831.78149040321,8787.02420105692,17.8524918000742,-0.0139720535026978,1,5,4,1
"Same-Sign",2000,18,3,-4319.68602314409,8928.20633975077,8860.17525994442,3.62018191735958,0.0373601944238622,1,5,4,1
"Same-Sign",2000,18,4,-4334.33304256607,9056.3121105688,8965.00724030238,18.2413907847989,0.0318569538689146,1,5,4,1
"Same-Sign",2000,18,5,-4355.54671842197,9197.55119425462,9082.97253352814,11.790046797268,0.0153651155195727,1,5,4,1
"Same-Sign",2000,19,1,-4303.6364109351,8698.4836513847,8677.00015249848,-3.272769378483,0.118324039165844,1,5,3,1
"Same-Sign",2000,19,2,-4403.75383191505,8997.53022531865,8952.77293597237,4.86644107210391,0.0104905426537292,1,5,3,1
"Same-Sign",2000,19,3,-4347.57537053638,8983.98503453537,8915.95395472902,18.7191155320436,0.0338715750274715,1,5,3,1
"Same-Sign",2000,19,4,-4399.07476322445,9185.79555188554,9094.49068161913,5.6684248860501,0.0100555401114807,1,5,3,1
"Same-Sign",2000,19,5,-4319.13115132316,9124.72006005701,9010.14139933053,5.27084261637459,0.0261382349629131,1,5,3,1
"Same-Sign",2000,20,1,-4297.98977278398,8687.19037508245,8665.70687619624,-8.94041565488925,0.0945216929288741,1,4,4,4
"Same-Sign",2000,20,2,-4288.00073889436,8766.02403927728,8721.266749931,-0.189936881083581,0.065370596945469,1,4,4,4
"Same-Sign",2000,20,3,-4304.81581826148,8898.46592998555,8830.4348501792,3.72225599196874,0.0391704681214328,1,4,4,4
"Same-Sign",2000,20,4,-4242.79980503549,8873.24563550763,8781.94076524121,2.69260889884427,0.0272583449718385,1,4,4,4
"Same-Sign",2000,20,5,-4304.74022412459,9095.93820565987,8981.35954493338,4.190078405789,0.0153284009478274,1,4,4,4
"Same-Sign",2000,21,1,-4302.50387109463,8696.21857170376,8674.73507281754,25.496906812754,-0.0350170357495872,1,5,4,1
"Same-Sign",2000,21,2,-4315.54546864019,8821.11349876893,8776.35620942265,5.15461435637223,0.0431930766170961,1,5,4,1
"Same-Sign",2000,21,3,-4342.82950814006,8974.49330974271,8906.46222993636,11.3884420495626,0.0285823621449568,1,5,4,1
"Same-Sign",2000,21,4,-4393.50613678532,9174.65829900729,9083.35342874087,14.1570793370485,0.0157553813805476,1,5,4,1
"Same-Sign",2000,21,5,-4359.62026687662,9205.69829116392,9091.11963043744,1.18298750819175,0.0229775908103198,1,5,4,1
"Same-Sign",2000,22,1,-4274.45744013167,8640.12570977785,8618.64221089163,1.61594564863303,0.0647492282374417,1,5,1,1
"Same-Sign",2000,22,2,-4299.28400306041,8788.59056760937,8743.83327826309,10.887649260689,0.0257119489004033,1,5,1,1
"Same-Sign",2000,22,3,-4281.93252392952,8852.69934132165,8784.6682615153,-4.0122371327523,0.0386253544277384,1,5,1,1
"Same-Sign",2000,22,4,-4323.59506369328,9034.8361528232,8943.53128255678,3.715540738357,0.0326039396939327,1,5,1,1
"Same-Sign",2000,22,5,-4274.4320659253,9035.32188926129,8920.74322853481,-1.76419133215843,0.0137629015941086,1,5,1,1
"Same-Sign",2000,23,1,-4315.23725883783,8721.68534719017,8700.20184830395,-5.56565256392638,0.0794593805781155,1,5,3,1
"Same-Sign",2000,23,2,-4289.71672133437,8769.4560041573,8724.69871481102,-7.37006731408058,0.0502353084658561,1,5,3,1
"Same-Sign",2000,23,3,-4321.85747802616,8932.54924951492,8864.51816970857,1.39529769460637,0.00809197828242903,1,5,3,1
"Same-Sign",2000,23,4,-4288.58429487377,8964.8146151842,8873.50974491778,-0.798781084824382,0.0361227640838791,1,5,3,1
"Same-Sign",2000,23,5,-4351.77315761775,9190.00407264619,9075.42541191971,15.6489846351022,0.0246522398525234,1,5,3,1
"Same-Sign",2000,24,1,-4337.87861684095,8766.96806319641,8745.48456431019,-5.51509422557706,0.0775810339982302,1,5,4,1
"Same-Sign",2000,24,2,-4393.85230944586,8977.72718038028,8932.96989103399,-2.59890347557462,0.0682114069920796,1,5,4,1
"Same-Sign",2000,24,3,-4313.49687894899,8915.82805136058,8847.79697155422,1.41286489689281,0.0143753547328906,1,5,4,1
"Same-Sign",2000,24,4,-4293.89590416405,8975.43783376475,8884.13296349833,-3.17125950813801,0.0229843682486977,1,5,4,1
"Same-Sign",2000,24,5,-4350.03131894386,9186.52039529842,9071.94173457194,-2.5105041732849,0.00935056337865104,1,5,4,1
"Same-Sign",2000,25,1,-4343.38113328208,8777.97309607866,8756.48959719244,-6.34373376032846,0.129429590143626,1,5,2,1
"Same-Sign",2000,25,2,-4361.84160228957,8913.70576606768,8868.9484767214,2.93149139154786,0.0695136312488094,1,5,2,1
"Same-Sign",2000,25,3,-4291.83723617871,8872.50876582001,8804.47768601366,-8.22443821460944,0.0435780167066913,1,5,2,1
"Same-Sign",2000,25,4,-4349.50330408119,9086.65263359903,8995.34776333261,-6.12304058224996,0.033324318700556,1,5,2,1
"Same-Sign",2000,25,5,-4288.77195054821,9064.00165850711,8949.42299778063,-0.875094913139902,0.00875612703581385,1,5,2,1
"Same-Sign",2000,26,1,-4344.25939482839,8779.72961917129,8758.24612028507,-1.95325199989854,0.0123242478165007,1,5,4,1
"Same-Sign",2000,26,2,-4382.65183022945,8955.32622194745,8910.56893260116,16.4677116487546,0.0805367940482362,1,5,4,1
"Same-Sign",2000,26,3,-4347.87554185488,8984.58537717236,8916.55429736601,8.80823658571343,0.0252019132788219,1,5,4,1
"Same-Sign",2000,26,4,-4359.43816064694,9106.52234673052,9015.2174764641,2.2225310961359,0.0184585361943163,1,5,4,1
"Same-Sign",2000,26,5,-4372.85007899411,9232.15791539892,9117.57925467244,3.36040994896328,0.0123648217468224,1,5,4,1
"Same-Sign",2000,27,1,-4350.75244467788,8792.71571887027,8771.23221998406,-4.02838087051881,0.0659675451031523,1,3,4,1
"Same-Sign",2000,27,2,-4326.38971472986,8842.80199094827,8798.04470160199,1.60683087122791,0.00792725004596327,1,3,4,1
"Same-Sign",2000,27,3,-4355.61083331277,9000.05596008814,8932.02488028179,0.399306858009718,0.0404383318604754,1,3,4,1
"Same-Sign",2000,27,4,-4364.14131026337,9115.92864596338,9024.62377569696,9.94085920871188,0.00446033100688483,1,3,4,1
"Same-Sign",2000,27,5,-4302.20037571747,9090.85850884564,8976.27984811916,7.20236352658302,0.00632608688307899,1,3,4,1
"Same-Sign",2000,28,1,-4264.80545853247,8620.82174657944,8599.33824769322,3.51888367671255,0.0675780779373107,1,3,5,1
"Same-Sign",2000,28,2,-4348.32268517156,8886.66793183168,8841.91064248539,9.84116321882732,0.0355996942341739,1,3,5,1
"Same-Sign",2000,28,3,-4400.84275257644,9090.51979861548,9022.48871880913,10.1846053293012,0.02781764308371,1,3,5,1
"Same-Sign",2000,28,4,-4280.86545839032,8949.37694221728,8858.07207195086,7.24729783979548,0.0147872687635333,1,3,5,1
"Same-Sign",2000,28,5,-4349.25847742702,9184.97471226474,9070.39605153826,4.28460623348937,0.0247891237130689,1,3,5,1
"Same-Sign",2000,29,1,-4372.22337064801,8835.65757081052,8814.17407192431,1.18266040172824,0.13332013223575,2,5,5,5
"Same-Sign",2000,29,2,-4331.16475420147,8852.35206989149,8807.59478054521,-5.61589069519718,0.0365202813455945,2,5,5,5
"Same-Sign",2000,29,3,-4333.17194914482,8955.17819175224,8887.14711194589,6.33057349680662,0.0444395102638143,2,5,5,5
"Same-Sign",2000,29,4,-4344.75839615799,9077.16281775262,8985.8579474862,-6.97173420310125,0.040479363163006,2,5,5,5
"Same-Sign",2000,29,5,-4388.22218539333,9262.90212819735,9148.32346747087,7.30705286318698,0.0254847931833648,2,5,5,5
"Same-Sign",2000,30,1,-4400.90178301657,8893.01439554764,8871.53089666142,-1.66775707051594,0.113883277318007,3,5,3,3
"Same-Sign",2000,30,2,-4333.81937955308,8857.66132059472,8812.90403124843,5.94758250704181,0.0312879934010095,3,5,3,3
"Same-Sign",2000,30,3,-4267.2548564793,8823.3440064212,8755.31292661484,11.1614694682943,0.00381041876171923,3,5,3,3
"Same-Sign",2000,30,4,-4349.17139682856,9085.98881909376,8994.68394882734,1.52617788513107,0.0228243744209809,3,5,3,3
"Same-Sign",2000,30,5,-4314.97875590234,9116.41526921536,9001.83660848888,-0.682736580702666,0.0292314649911616,3,5,3,3
"Same-Sign",2000,31,1,-4274.8027573405,8640.8163441955,8619.33284530929,1.12911255440772,0.116349819985053,1,5,4,1
"Same-Sign",2000,31,2,-4358.57451362579,8907.17158874014,8862.41429939386,-6.62024803030616,0.0177843534470739,1,5,4,1
"Same-Sign",2000,31,3,-4307.09950822258,8903.03330990775,8835.0022301014,2.76731238541834,0.0320481542990415,1,5,4,1
"Same-Sign",2000,31,4,-4306.77493370328,9001.19589284322,8909.8910225768,0.242856259954415,0.0499376005141838,1,5,4,1
"Same-Sign",2000,31,5,-4352.54274596478,9191.54324934025,9076.96458861377,-7.97773175308155,0.0300843391137549,1,5,4,1
"Same-Sign",2000,32,1,-4300.73178934039,8692.67440819528,8671.19090930907,-3.93274658322518,0.0628870220461419,1,5,2,1
"Same-Sign",2000,32,2,-4396.66033020571,8983.34322189998,8938.58593255369,3.41553095271114,0.0185555230304901,1,5,2,1
"Same-Sign",2000,32,3,-4316.04415743988,8920.92260834237,8852.89152853602,-1.0002903187034,0.00818878492897262,1,5,2,1
"Same-Sign",2000,32,4,-4314.37843350066,9016.40289243796,8925.09802217154,-3.36239830026266,0.0217670127887153,1,5,2,1
"Same-Sign",2000,32,5,-4327.67456170177,9141.80688081422,9027.22822008774,-4.49023494633287,0.00686074043800144,1,5,2,1
"Same-Sign",2000,33,1,-4260.09003351122,8611.39089653694,8589.90739765073,-0.395674811153192,0.0627036840929192,1,5,1,1
"Same-Sign",2000,33,2,-4280.29843223487,8750.6194259583,8705.86213661201,-1.74035926958919,0.0605069766918933,1,5,1,1
"Same-Sign",2000,33,3,-4314.56571869152,8917.96573084563,8849.93465103928,-11.4637865384766,0.0474259302177812,1,5,1,1
"Same-Sign",2000,33,4,-4360.37152440146,9108.38907423957,9017.08420397316,7.81320614254741,0.0156673751361538,1,5,1,1
"Same-Sign",2000,33,5,-4268.16562272442,9022.78900285954,8908.21034213305,7.12514615932705,0.0177628269516032,1,5,1,1
"Same-Sign",2000,34,1,-4369.01116776053,8829.23316503556,8807.74966614934,17.1142911813929,-0.00913148804654105,1,4,5,1
"Same-Sign",2000,34,2,-4346.71330629289,8883.44917407434,8838.69188472805,7.28804480867005,0.0400178846439139,1,4,5,1
"Same-Sign",2000,34,3,-4361.18269098253,9011.19967542765,8943.1685956213,-0.0583505863621393,0.0359600503902032,1,4,5,1
"Same-Sign",2000,34,4,-4356.46671297124,9100.57945137912,9009.2745811127,1.92530653352137,0.0599798472142412,1,4,5,1
"Same-Sign",2000,34,5,-4371.17525964626,9228.80827670321,9114.22961597673,3.21897386858128,0.033488467944776,1,4,5,1
"Same-Sign",2000,35,1,-4261.16602040306,8613.54287032062,8592.05937143441,11.8195376105725,-0.00282733869394427,1,5,1,1
"Same-Sign",2000,35,2,-4336.25899036625,8862.54054222106,8817.78325287477,5.65307898562659,0.0369967483954014,1,5,1,1
"Same-Sign",2000,35,3,-4302.2573339869,8893.3489614364,8825.31788163005,8.7851677605762,0.0206049816859422,1,5,1,1
"Same-Sign",2000,35,4,-4349.55308910662,9086.75220364988,8995.44733338346,3.5293705087858,0.0270803477500136,1,5,1,1
"Same-Sign",2000,35,5,-4270.28746545777,9027.03268832623,8912.45402759975,-6.1093422377804,0.0369788018448478,1,5,1,1
"Same-Sign",2000,36,1,-4301.63016358495,8694.47115668441,8672.9876577982,8.4479815094854,0.0992946681934263,1,3,4,1
"Same-Sign",2000,36,2,-4388.41248016198,8966.84752181251,8922.09023246622,8.87321746081987,-0.00988466376590468,1,3,4,1
"Same-Sign",2000,36,3,-4275.79725020779,8840.42879387817,8772.39771407182,9.68175300941329,-0.00479885204680968,1,3,4,1
"Same-Sign",2000,36,4,-4312.82033207761,9013.28668959186,8921.98181932544,-5.49406849371452,0.0302529794808902,1,3,4,1
"Same-Sign",2000,36,5,-4306.60479974104,9099.66735689277,8985.08869616629,-1.77677070604154,-0.0105029809785784,1,3,4,1
"Same-Sign",2000,37,1,-4322.84409256152,8736.89901463753,8715.41551575132,-2.27699069892047,0.0862055597447478,1,4,3,1
"Same-Sign",2000,37,2,-4391.54759170435,8973.11774489726,8928.36045555098,5.71907908895948,0.0499618982997119,1,4,3,1
"Same-Sign",2000,37,3,-4362.89429808976,9014.62288964212,8946.59180983577,10.8590115639087,0.0343190748790905,1,4,3,1
"Same-Sign",2000,37,4,-4362.86946279993,9113.3849510365,9022.08008077008,12.7420612884821,0.00856065283198931,1,4,3,1
"Same-Sign",2000,37,5,-4253.41168665389,8993.28113071846,8878.70246999198,4.41524650245315,0.0228934469109321,1,4,3,1
"Same-Sign",2000,38,1,-4339.17476810534,8769.56036572519,8748.07686683897,16.562429675417,-0.0655852635106537,2,5,3,2
"Same-Sign",2000,38,2,-4287.95516996809,8765.93290142473,8721.17561207845,-0.010979917754988,0.0310626005410068,2,5,3,2
"Same-Sign",2000,38,3,-4337.54031441289,8963.91492228838,8895.88384248202,13.4869174933979,-0.00119523261909629,2,5,3,2
"Same-Sign",2000,38,4,-4309.62418377254,9006.89439298172,8915.5895227153,4.23994505028885,0.0312950083574331,2,5,3,2
"Same-Sign",2000,38,5,-4320.54472751781,9127.54721244632,9012.96855171984,1.89088784921451,0.0179435401841159,2,5,3,2
"Same-Sign",2000,39,1,-4309.84109545962,8710.89302043374,8689.40952154753,12.6221632649686,0.00390241791224595,1,5,4,1
"Same-Sign",2000,39,2,-4277.43391399326,8744.89038947507,8700.13310012878,3.96304572662152,0.019690975197993,1,5,4,1
"Same-Sign",2000,39,3,-4380.18411889029,9049.20253124318,8981.17145143683,14.5470210244939,0.00406457719053729,1,5,4,1
"Same-Sign",2000,39,4,-4269.06442397832,8925.77487339328,8834.47000312686,-8.42914100969855,0.0450606134568825,1,5,4,1
"Same-Sign",2000,39,5,-4251.10140173993,8988.66056089056,8874.08190016407,4.99801843908605,0.0222972347601028,1,5,4,1
"Same-Sign",2000,40,1,-4380.8057150116,8852.8222595377,8831.33876065148,4.31033731925066,0.13766229988116,3,3,2,3
"Same-Sign",2000,40,2,-4444.33581276404,9078.69418701663,9033.93689767034,-2.60100295103004,0.059314791610568,3,3,2,3
"Same-Sign",2000,40,3,-4272.53137281947,8833.89703910154,8765.86595929519,-2.74662316132407,-0.0204875887631208,3,3,2,3
"Same-Sign",2000,40,4,-4323.48059131703,9034.6072080707,8943.30233780429,1.1993247395545,-0.00109995666989789,3,3,2,3
"Same-Sign",2000,40,5,-4284.74999418114,9055.95774577297,8941.37908504649,8.79479027691639,0.0147512441626379,3,3,2,3
"Same-Sign",2000,41,1,-4378.96442156902,8849.13967265254,8827.65617376633,-3.97265100893346,0.0352706430141361,2,5,1,1
"Same-Sign",2000,41,2,-4262.79099164934,8715.60454478723,8670.84725544094,14.4053398674569,0.0304573906693077,2,5,1,1
"Same-Sign",2000,41,3,-4382.61975438949,9054.07380224157,8986.04272243522,21.3891646093059,0.00638697603876457,2,5,1,1
"Same-Sign",2000,41,4,-4280.74237129382,8949.13076802429,8857.82589775787,4.57511434439557,0.0219348542465579,2,5,1,1
"Same-Sign",2000,41,5,-4295.88526516274,9078.22828773618,8963.6496270097,-3.85984421107362,0.0396841965539403,2,5,1,1
"Same-Sign",2000,42,1,-4270.22267321222,8631.65617593894,8610.17267705272,-3.78097924896261,0.0817224608096346,1,5,3,1
"Same-Sign",2000,42,2,-4438.46576518828,9066.95409186511,9022.19680251883,13.0006646779192,0.0577880734120368,1,5,3,1
"Same-Sign",2000,42,3,-4311.01071950374,8910.85573247009,8842.82465266374,5.95350253944688,0.0450471938715944,1,5,3,1
"Same-Sign",2000,42,4,-4396.83395847491,9181.31394238646,9090.00907212004,9.22051332193095,0.0299678994579396,1,5,3,1
"Same-Sign",2000,42,5,-4281.99285167588,9050.44346076245,8935.86480003596,9.24325712952404,0.0461629032334668,1,5,3,1
"Same-Sign",2000,43,1,-4372.23257732317,8835.67598416084,8814.19248527462,-10.4226182613936,0.0472239481823316,2,5,2,2
"Same-Sign",2000,43,2,-4327.34370442224,8844.70997033304,8799.95268098676,10.1684733339702,0.0812490000939142,2,5,2,2
"Same-Sign",2000,43,3,-4346.58868949676,8982.01167245612,8913.98059264977,4.43638825637505,0.0505830668236979,2,5,2,2
"Same-Sign",2000,43,4,-4370.89845248344,9129.44293040353,9038.13806013711,19.5952597611719,0.00916086717095265,2,5,2,2
"Same-Sign",2000,43,5,-4259.15367173544,9004.76510088158,8890.18644015509,-2.80863029146915,0.0475469948853736,2,5,2,2
"Same-Sign",2000,44,1,-4245.31436315696,8581.83955582843,8560.35605694221,1.18430248412406,0.00634971133192378,1,5,4,1
"Same-Sign",2000,44,2,-4357.7740634655,8905.57068841955,8860.81339907327,3.12246657217745,0.0334424740355119,1,5,4,1
"Same-Sign",2000,44,3,-4273.19569198855,8835.2256774397,8767.19459763335,-3.55784592675376,0.0562075804426111,1,5,4,1
"Same-Sign",2000,44,4,-4321.99606387819,9031.63815319304,8940.33328292662,5.28423286059071,0.00308427151921779,1,5,4,1
"Same-Sign",2000,44,5,-4318.10430930068,9122.66637601206,9008.08771528558,8.04167645663616,0.023945611814718,1,5,4,1
"Same-Sign",2000,45,1,-4439.40239879779,8970.01562711008,8948.53212822386,0.912524483687635,0.0773244880678815,3,5,4,3
"Same-Sign",2000,45,2,-4386.22638789848,8962.47533728552,8917.71804793923,-8.43029349507081,0.0210819721492336,3,5,4,3
"Same-Sign",2000,45,3,-4317.71792948707,8924.27015243673,8856.23907263038,8.43662513169189,0.0195216497721901,3,5,4,3
"Same-Sign",2000,45,4,-4348.06934848043,9083.7847223975,8992.47985213108,3.19534770987299,0.0240638086720031,3,5,4,3
"Same-Sign",2000,45,5,-4352.07978564372,9190.61732869814,9076.03866797166,3.47861728076988,0.0181082233565292,3,5,4,3
"Same-Sign",2000,46,1,-4416.03085992696,8923.27254936842,8901.78905048221,15.0536780309881,0.0550312125241054,2,4,2,2
"Same-Sign",2000,46,2,-4305.92795448519,8801.87847045893,8757.12118111265,-1.12962311557205,0.0434780975258192,2,4,2,2
"Same-Sign",2000,46,3,-4322.2083210686,8933.2509355998,8865.21985579345,9.20458111340608,0.00650517398822157,2,4,2,2
"Same-Sign",2000,46,4,-4339.59700427467,9066.84003398599,8975.53516371957,9.528511839724,0.0180275220192572,2,4,2,2
"Same-Sign",2000,46,5,-4306.12121402917,9098.70018546903,8984.12152474255,12.0196244386095,-0.016652013190862,2,4,2,2
"Same-Sign",2000,47,1,-4296.12636025362,8683.46355002174,8661.98005113552,3.96225216009861,0.065217697495398,1,3,4,1
"Same-Sign",2000,47,2,-4307.64060313098,8805.30376775052,8760.54647840424,9.10020738383251,0.0424579392531798,1,3,4,1
"Same-Sign",2000,47,3,-4265.93070949339,8820.69571244938,8752.66463264303,10.6741480897128,-0.00123531264487446,1,3,4,1
"Same-Sign",2000,47,4,-4318.21565053106,9024.07732649876,8932.77245623234,-4.91543805679125,0.0408359388266351,1,3,4,1
"Same-Sign",2000,47,5,-4335.24486272051,9156.94748285171,9042.36882212523,-2.3531041641223,0.0153053626029401,1,3,4,1
"Same-Sign",2000,48,1,-4311.03184170865,8713.27451293181,8691.7910140456,21.2880373626223,-0.0269193457623073,1,5,2,1
"Same-Sign",2000,48,2,-4348.22146343761,8886.46548836376,8841.70819901748,13.2485159296891,0.0341481463617028,1,5,2,1
"Same-Sign",2000,48,3,-4333.11695604624,8955.06820555508,8887.03712574873,-8.85619917670203,0.0196810711586136,1,5,2,1
"Same-Sign",2000,48,4,-4297.6344463838,8982.91491820425,8891.61004793783,-2.46214895865261,0.0275314256511073,1,5,2,1
"Same-Sign",2000,48,5,-4315.36727131812,9117.19230004693,9002.61363932044,1.77652714589702,0.0255724368699789,1,5,2,1
"Same-Sign",2000,49,1,-4378.78212789599,8848.77508530649,8827.29158642028,6.4920629448016,0.0751481033703279,2,3,3,3
"Same-Sign",2000,49,2,-4294.2393401262,8778.50124174095,8733.74395239467,-7.31624654667719,0.0699399523687225,2,3,3,3
"Same-Sign",2000,49,3,-4279.94696496171,8848.72822338601,8780.69714357966,-6.37260088821049,0.0802644113953378,2,3,3,3
"Same-Sign",2000,49,4,-4346.87905689515,9081.40413922695,8990.09926896053,0.683004036507627,0.0552849137087185,2,3,3,3
"Same-Sign",2000,49,5,-4316.27050622157,9118.99876985383,9004.42010912735,-8.63377892986384,0.0033033760658108,2,3,3,3
"Same-Sign",2000,50,1,-4327.72704814539,8746.66492580529,8725.18142691907,16.197803885695,0.105908325100146,1,5,3,1
"Same-Sign",2000,50,2,-4328.92187428232,8847.8663100532,8803.10902070692,20.3007639393481,0.0262287575897788,1,5,3,1
"Same-Sign",2000,50,3,-4312.74189597097,8914.31808540454,8846.28700559819,16.4218266003403,0.0374313399955863,1,5,3,1
"Same-Sign",2000,50,4,-4338.44523466367,9064.53649476398,8973.23162449756,13.6671965615171,0.0335054206721523,1,5,3,1
"Same-Sign",2000,50,5,-4337.71888095669,9161.89551932407,9047.31685859759,8.59717389110596,0.0298716971199772,1,5,3,1
"Same-Sign",2000,51,1,-4362.11816251141,8815.44715453732,8793.96365565111,17.3646447891396,-0.0481780339602268,3,4,3,3
"Same-Sign",2000,51,2,-4454.29237031683,9098.60730212221,9053.85001277593,-5.83018337902664,0.0775315855925381,3,4,3,3
"Same-Sign",2000,51,3,-4286.19652397444,8861.22734141148,8793.19626160513,2.70215271431685,0.0354583634532236,3,4,3,3
"Same-Sign",2000,51,4,-4309.10604391046,9005.85811325757,8914.55324299115,1.84026269966135,0.0267489273543401,3,4,3,3
"Same-Sign",2000,51,5,-4370.80433794579,9228.06643330227,9113.48777257579,5.78594219815009,0.0291644831535491,3,4,3,3
"Same-Sign",2000,52,1,-4330.8506603043,8752.9121501231,8731.42865123689,3.89977222352125,0.101620407760463,2,5,3,2
"Same-Sign",2000,52,2,-4265.09906937835,8720.22070024525,8675.46341089897,7.25859686476366,0.0523046795195214,2,5,3,2
"Same-Sign",2000,52,3,-4341.61819516597,8972.07068379454,8904.03960398819,-0.609230249446821,0.0396964204818553,2,5,3,2
"Same-Sign",2000,52,4,-4337.54169822182,9062.7294218803,8971.42455161388,-7.2889531245675,0.034891059131297,2,5,3,2
"Same-Sign",2000,52,5,-4311.83896767263,9110.13569275596,8995.55703202948,1.5700523348104,0.0653713258265809,2,5,3,2
"Same-Sign",2000,53,1,-4396.51935793751,8884.24954538953,8862.76604650331,1.33049397678116,0.0345847378664041,2,3,3,3
"Same-Sign",2000,53,2,-4321.33702430905,8832.69661010665,8787.93932076037,3.65191733210454,0.0528810517182921,2,3,3,3
"Same-Sign",2000,53,3,-4346.06667631247,8980.96764608753,8912.93656628118,3.50692997127944,0.0418193135761685,2,3,3,3
"Same-Sign",2000,53,4,-4332.39030355048,9052.4266325376,8961.12176227118,4.65215866426369,-0.000764763829202926,2,3,3,3
"Same-Sign",2000,53,5,-4351.34315362921,9189.14406466912,9074.56540394263,5.687042677948,0.0325951291596117,2,3,3,3
"Same-Sign",2000,54,1,-4364.87337392138,8820.95757735727,8799.47407847106,3.62229100433151,0.104528110051689,2,3,2,2
"Same-Sign",2000,54,2,-4240.82933239316,8671.68122627486,8626.92393692858,8.48050066140414,-0.0248572181321357,2,3,2,2
"Same-Sign",2000,54,3,-4311.58515762254,8912.00460870768,8843.97352890133,8.12617574564215,0.028558956366485,2,3,2,2
"Same-Sign",2000,54,4,-4348.63519931418,9084.916424065,8993.61155379858,4.93617595682684,0.00623933590845799,2,3,2,2
"Same-Sign",2000,54,5,-4325.55174348227,9137.56124437523,9022.98258364875,5.9222609655476,0.0169722390196837,2,3,2,2
"Same-Sign",2000,55,1,-4337.78705248452,8766.78493448354,8745.30143559733,9.7579200835498,0.07570634186953,1,5,1,1
"Same-Sign",2000,55,2,-4309.88103407308,8809.78462963471,8765.02734028843,7.67697488331628,0.0856064696427526,1,5,1,1
"Same-Sign",2000,55,3,-4320.85017819425,8930.5346498511,8862.50357004475,-2.94402794561755,0.0247913229718805,1,5,1,1
"Same-Sign",2000,55,4,-4331.49808746298,9050.6422003626,8959.33733009618,3.0837830380922,0.0198098533374372,1,5,1,1
"Same-Sign",2000,55,5,-4293.31800105705,9073.09375952479,8958.51509879831,2.77034141441102,0.00780588427972916,1,5,1,1
"Same-Sign",2000,56,1,-4294.46982015079,8680.15046981608,8658.66697092987,4.52106901125254,0.0608991406938576,1,5,4,1
"Same-Sign",2000,56,2,-4326.15330168355,8842.32916485565,8797.57187550937,-7.50403047134363,0.0607128893341059,1,5,4,1
"Same-Sign",2000,56,3,-4283.99995113596,8856.83419573452,8788.80311592817,-2.36711060910584,0.0669705345835534,1,5,4,1
"Same-Sign",2000,56,4,-4351.23030206957,9090.10662957578,8998.80175930936,4.6419443401744,0.0291024499381345,1,5,4,1
"Same-Sign",2000,56,5,-4395.5130980817,9277.48395357409,9162.9052928476,9.48882112050712,0.0100549475223721,1,5,4,1
"Same-Sign",2000,57,1,-4327.98942434829,8747.18967821109,8725.70617932487,-3.13069581873707,0.0525749512602224,1,3,4,1
"Same-Sign",2000,57,2,-4357.63987364668,8905.30230878192,8860.54501943564,-1.86391527369255,0.0428834177752949,1,3,4,1
"Same-Sign",2000,57,3,-4361.74477813694,9012.32384973648,8944.29276993013,-1.0279606035715,0.0551661404493715,1,3,4,1
"Same-Sign",2000,57,4,-4243.9544327532,8875.55489094304,8784.25002067662,-6.17791275121953,0.0483532998770796,1,3,4,1
"Same-Sign",2000,57,5,-4346.88552030797,9180.22879802664,9065.65013730015,7.73208131742996,0.0189849971613831,1,3,4,1
"Same-Sign",2000,58,1,-4324.44787854564,8740.10658660578,8718.62308771956,-6.79090672143526,0.0610760878572614,1,5,2,1
"Same-Sign",2000,58,2,-4339.17358797994,8868.36973744844,8823.61244810216,4.34941560503579,0.0426997992603032,1,5,2,1
"Same-Sign",2000,58,3,-4353.10272469545,8995.03974285349,8927.00866304714,-2.94022079287919,0.00572668756093366,1,5,2,1
"Same-Sign",2000,58,4,-4366.39754501939,9120.44111547542,9029.136245209,8.664735751813,0.00464578593941622,1,5,2,1
"Same-Sign",2000,58,5,-4288.84067397195,9064.1391053546,8949.56044462812,-2.70521441604959,0.0393430751208688,1,5,2,1
"Same-Sign",2000,59,1,-4337.53369805701,8766.27822562853,8744.79472674232,9.38169630242566,0.0696325971006343,1,5,4,1
"Same-Sign",2000,59,2,-4418.01175560004,9026.04607268863,8981.28878334235,8.61783416963242,0.0360248064249568,1,5,4,1
"Same-Sign",2000,59,3,-4320.09936783788,8929.03302913835,8861.001949332,2.40801910914399,0.0113342538938189,1,5,4,1
"Same-Sign",2000,59,4,-4323.35341072879,9034.35284689423,8943.04797662781,10.002819546362,0.0267204855015543,1,5,4,1
"Same-Sign",2000,59,5,-4317.91722079548,9122.29219900166,9007.71353827518,1.10423834745778,0.0194640238306311,1,5,4,1
"Same-Sign",2000,60,1,-4387.78231449688,8866.77545850826,8845.29195962205,-6.18366049476452,0.139262467162579,1,3,3,3
"Same-Sign",2000,60,2,-4357.83627843244,8905.69511835344,8860.93782900716,11.1293812132184,0.0214380439041057,1,3,3,3
"Same-Sign",2000,60,3,-4317.31911551281,8923.47252448822,8855.44144468187,11.5140412018581,0.00414855432739859,1,3,3,3
"Same-Sign",2000,60,4,-4376.4236516254,9140.49332868744,9049.18845842102,12.6239875399392,0.00920496308718851,1,3,3,3
"Same-Sign",2000,60,5,-4308.33255680098,9103.12287101265,8988.54421028616,2.07045071239406,0.0406118395073266,1,3,3,3
"Same-Sign",2000,61,1,-4333.69599083837,8758.60281119123,8737.11931230502,6.72527628143704,0.0499594484820767,1,4,2,1
"Same-Sign",2000,61,2,-4306.45504291846,8802.93264732546,8758.17535797918,-1.99511127529365,0.0611676140233882,1,4,2,1
"Same-Sign",2000,61,3,-4380.18997702226,9049.21424750713,8981.18316770078,0.132312387806624,0.0344685130050824,1,4,2,1
"Same-Sign",2000,61,4,-4332.84424776372,9053.33452096408,8962.02965069766,-1.23770640717001,0.0184766616839936,1,4,2,1
"Same-Sign",2000,61,5,-4367.46707748963,9221.39191238996,9106.81325166347,6.75799975801498,0.0106666891107043,1,4,2,1
"Same-Sign",2000,62,1,-4302.84760460392,8696.90603872234,8675.42253983612,6.16560538464812,0.00318058877879834,1,5,3,1
"Same-Sign",2000,62,2,-4305.16816337166,8800.35888823187,8755.60159888559,-9.57892830716141,0.0452837716255401,1,5,3,1
"Same-Sign",2000,62,3,-4316.74329498904,8922.32088344069,8854.28980363434,11.9432997678968,0.042929409537753,1,5,3,1
"Same-Sign",2000,62,4,-4381.46863702376,9150.58329948417,9059.27842921775,6.75911497806061,0.0247913090467562,1,5,3,1
"Same-Sign",2000,62,5,-4339.26684385591,9164.99144512251,9050.41278439603,-0.215160706486531,0.0165427686162177,1,5,3,1
"Same-Sign",2000,63,1,-4295.92217755352,8683.05518462155,8661.57168573534,-1.85895404939352,0.0930108507219406,1,5,4,1
"Same-Sign",2000,63,2,-4281.28811342447,8752.5987883375,8707.84149899121,-4.84578395922624,0.0713347457358667,1,5,4,1
"Same-Sign",2000,63,3,-4330.00180304011,8948.83789954281,8880.80681973646,15.3526173502642,0.0288465360616468,1,5,4,1
"Same-Sign",2000,63,4,-4307.00321608441,9001.65245760547,8910.34758733905,-2.40672005448053,0.0119538016125036,1,5,4,1
"Same-Sign",2000,63,5,-4314.21163950462,9114.88103641993,9000.30237569345,4.67409180960602,0.0324392130001155,1,5,4,1
"Same-Sign",2000,64,1,-4291.93566831695,8675.0821661484,8653.59866726219,-7.24739696886162,0.107706977030675,1,5,2,1
"Same-Sign",2000,64,2,-4324.23565943143,8838.49388035141,8793.73659100512,9.14315463795246,-0.0191968642655707,1,5,2,1
"Same-Sign",2000,64,3,-4330.32414975842,8949.48259297944,8881.45151317309,-4.32343144156054,0.0465445942278279,1,5,2,1
"Same-Sign",2000,64,4,-4254.15036955367,8895.94676454398,8804.64189427756,-0.576804878839069,0.0189280587509153,1,5,2,1
"Same-Sign",2000,64,5,-4302.94055190759,9092.33886122587,8977.76020049938,7.48755539458937,0.0449702834288044,1,5,2,1
"Same-Sign",2000,65,1,-4321.23508404276,8733.68099760002,8712.1974987138,13.2575910270312,-0.0174035918523891,1,5,3,1
"Same-Sign",2000,65,2,-4374.56638857258,8939.15533863371,8894.39804928742,0.34823595285751,0.0211134473840948,1,5,3,1
"Same-Sign",2000,65,3,-4249.96354046022,8788.76137438304,8720.73029457669,8.45314020726645,0.0678268243062709,1,5,3,1
"Same-Sign",2000,65,4,-4282.85400563014,8953.35403669692,8862.0491664305,-1.6664145720572,0.0388277767506066,1,5,3,1
"Same-Sign",2000,65,5,-4277.2312200157,9040.9201974421,8926.34153671561,0.021943491891744,0.0437808025619059,1,5,3,1
"Same-Sign",2000,66,1,-4348.18945116621,8787.58973184693,8766.10623296071,-13.3216925292153,0.0866432328666618,1,4,3,1
"Same-Sign",2000,66,2,-4387.49010128993,8965.00276406841,8920.24547472212,11.4272642827565,0.0527727103265758,1,4,3,1
"Same-Sign",2000,66,3,-4367.0039485723,9022.8421906072,8954.81111080085,2.56859885747172,0.0529031681350996,1,4,3,1
"Same-Sign",2000,66,4,-4327.03561768215,9041.71726080095,8950.41239053453,2.05945701673475,0.0194463401013845,1,4,3,1
"Same-Sign",2000,66,5,-4268.89621681533,9024.25019104136,8909.67153031488,-2.27588993757314,5.73943425481863e-05,1,4,3,1
"Same-Sign",2000,67,1,-4307.52597683692,8706.26278318835,8684.77928430213,-4.97325247729506,0.106207021686789,1,3,3,3
"Same-Sign",2000,67,2,-4328.92928448637,8847.88113046129,8803.123841115,-3.50709074370851,0.0533450941703093,1,3,3,3
"Same-Sign",2000,67,3,-4372.22076015015,9033.2758137629,8965.24473395655,-3.72859649057051,0.0446576007959721,1,3,3,3
"Same-Sign",2000,67,4,-4372.09074640081,9131.82751823827,9040.52264797185,7.19316529604798,0.0263052802733884,1,3,3,3
"Same-Sign",2000,67,5,-4277.65803822159,9041.77383385387,8927.19517312738,-1.86815639847846,0.0320310491182626,1,3,3,3
"Same-Sign",2000,68,1,-4352.83905492883,8796.88893937217,8775.40544048595,-4.52663235765307,0.0532032483228283,1,5,4,1
"Same-Sign",2000,68,2,-4345.03186187618,8880.08628524092,8835.32899589463,0.338831290117549,0.0996596263377555,1,5,4,1
"Same-Sign",2000,68,3,-4357.78408442444,9004.40246231148,8936.37138250513,17.0554593978572,0.00834039235671691,1,5,4,1
"Same-Sign",2000,68,4,-4311.24682178471,9010.13966900606,8918.83479873964,-0.116165129622594,0.0382364164614464,1,5,4,1
"Same-Sign",2000,68,5,-4376.76922573887,9239.99620888842,9125.41754816194,0.860074421293336,0.014543655624054,1,5,4,1
"Same-Sign",2000,69,1,-4343.97935592271,8779.16954135993,8757.68604247371,8.89981337855978,0.121428333904189,2,5,2,2
"Same-Sign",2000,69,2,-4293.19730686605,8776.41717522066,8731.65988587438,17.4405505414445,-0.00303736443862491,2,5,2,2
"Same-Sign",2000,69,3,-4353.01697271512,8994.86823889284,8926.83715908649,2.85091935165537,0.043848992468811,2,5,2,2
"Same-Sign",2000,69,4,-4275.82787861115,8939.30178265895,8847.99691239253,5.74197408208405,0.0384109567972267,2,5,2,2
"Same-Sign",2000,69,5,-4308.14171499909,9102.74118740886,8988.16252668238,4.18035360734692,0.0180136554929153,2,5,2,2
"Same-Sign",2000,70,1,-4323.84122534552,8738.89328020554,8717.40978131932,10.3394493995565,0.0472870143008784,2,4,3,2
"Same-Sign",2000,70,2,-4280.22444396385,8750.47144941625,8705.71416006997,10.688245844386,-0.0161862886949756,2,4,3,2
"Same-Sign",2000,70,3,-4329.63750758033,8948.10930862325,8880.0782288169,2.98935110781025,0.0472838982849433,2,4,3,2
"Same-Sign",2000,70,4,-4340.85770380282,9069.36143304229,8978.05656277587,4.37985067505531,0.0423585577457366,2,4,3,2
"Same-Sign",2000,70,5,-4339.53417190851,9165.52610122771,9050.94744050122,2.67352668643491,0.0512177414378053,2,4,3,2
"Same-Sign",2000,71,1,-4284.40982259063,8660.03047469576,8638.54697580955,-1.74983262077854,0.0573756490132461,1,5,4,1
"Same-Sign",2000,71,2,-4311.66580669845,8813.35417488545,8768.59688553917,4.2808862014095,0.03184175049802,1,5,4,1
"Same-Sign",2000,71,3,-4371.49269747455,9031.81968841169,8963.78860860534,0.884865655246265,0.0409853814899988,1,5,4,1
"Same-Sign",2000,71,4,-4318.38397123934,9024.41396791533,8933.10909764892,-9.17510534536107,0.00267232282518827,1,5,4,1
"Same-Sign",2000,71,5,-4360.76238012165,9207.982517654,9093.40385692752,-7.36131103648441,0.0227798792202981,1,5,4,1
"Same-Sign",2000,72,1,-4319.29230191681,8729.79543334812,8708.3119344619,18.827322907978,0.00325274464536054,1,5,3,1
"Same-Sign",2000,72,2,-4283.10499163089,8756.23254475034,8711.47525540406,5.36701224963466,-0.00648567362545911,1,5,3,1
"Same-Sign",2000,72,3,-4319.94863737457,8928.73156821175,8860.70048840539,20.1547601023282,0.0100055247356571,1,5,3,1
"Same-Sign",2000,72,4,-4297.08499729343,8981.8160200235,8890.51114975708,10.6748022013434,0.0608342011148481,1,5,3,1
"Same-Sign",2000,72,5,-4346.81480060683,9180.08735862436,9065.50869789788,0.605890047833496,0.0231644505984819,1,5,3,1
"Same-Sign",2000,73,1,-4341.37499900537,8773.96082752525,8752.47732863904,-11.8648957169171,0.098877135166867,1,5,2,1
"Same-Sign",2000,73,2,-4389.20556721999,8968.43369592853,8923.67640658225,3.52092386900637,0.0278208173715411,1,5,2,1
"Same-Sign",2000,73,3,-4329.61493235429,8948.06415817118,8880.03307836483,-3.59087814786016,0.0248266180441663,1,5,2,1
"Same-Sign",2000,73,4,-4345.17889753873,9078.00382051411,8986.69895024769,0.961687908731788,0.0125191574293733,1,5,2,1
"Same-Sign",2000,73,5,-4324.23207675698,9134.92191092465,9020.34325019816,-3.56057344698598,0.0154304594256882,1,5,2,1
"Same-Sign",2000,74,1,-4279.31688060647,8649.84459072745,8628.36109184123,-7.09999941319352,0.0854060783029814,1,4,2,1
"Same-Sign",2000,74,2,-4289.5191219225,8769.06080533355,8724.30351598727,-1.59520154836696,0.0550512965531637,1,4,2,1
"Same-Sign",2000,74,3,-4338.02697383702,8964.88824113664,8896.85716133029,4.61276121089606,-0.00845813844080149,1,4,2,1
"Same-Sign",2000,74,4,-4384.53674360019,9156.71951263702,9065.4146423706,4.85516990559035,0.0202414844640234,1,4,2,1
"Same-Sign",2000,74,5,-4303.49900482884,9093.45576706838,8978.8771063419,0.993985598881803,0.0433538278407488,1,4,2,1
"Same-Sign",2000,75,1,-4311.1277891626,8713.46640783971,8691.98290895349,0.360464153847092,0.0872932689116876,1,3,5,1
"Same-Sign",2000,75,2,-4302.0312424813,8794.08504645115,8749.32775710487,8.29123027687991,0.0675649242901601,1,3,5,1
"Same-Sign",2000,75,3,-4345.91009467232,8980.65448280725,8912.6234030009,8.00995797751395,0.0478823079561602,1,3,5,1
"Same-Sign",2000,75,4,-4265.9241643702,8919.49435417704,8828.18948391063,-3.52951500627929,0.0400607767548032,1,3,5,1
"Same-Sign",2000,75,5,-4362.98660096267,9212.43095933603,9097.85229860954,7.42936447505617,0.0136854774130128,1,3,5,1
"Same-Sign",2000,76,1,-4357.07913137622,8805.36909226695,8783.88559338073,-0.776368032612848,0.1033714413606,1,5,3,1
"Same-Sign",2000,76,2,-4398.93315588063,8987.8888732498,8943.13158390352,6.40357251084481,0.0471692967130407,1,5,3,1
"Same-Sign",2000,76,3,-4398.99048591475,9086.81526529209,9018.78418548574,-2.22324252453881,0.0309645797622707,1,5,3,1
"Same-Sign",2000,76,4,-4341.03160062229,9069.70922668123,8978.40435641481,15.8061904695403,0.0240111913713851,1,5,3,1
"Same-Sign",2000,76,5,-4344.88804997351,9176.23385735771,9061.65519663123,13.3569033427668,0.00312431662454608,1,5,3,1
"Same-Sign",2000,77,1,-4313.59927454309,8718.40937860069,8696.92587971447,6.04624297264044,0.00541424153009502,1,5,3,1
"Same-Sign",2000,77,2,-4337.02306311957,8864.06868772769,8819.31139838141,6.0672593419479,-0.0394056568797434,1,5,3,1
"Same-Sign",2000,77,3,-4294.73964397794,8878.31358141848,8810.28250161213,0.00963218524732142,0.0429200304715695,1,5,3,1
"Same-Sign",2000,77,4,-4340.15033322269,9067.94669188203,8976.64182161561,10.1408352188563,0.00940639762838512,1,5,3,1
"Same-Sign",2000,77,5,-4330.72082572761,9147.89940886592,9033.32074813944,4.90030823193983,-0.000342377297600314,1,5,3,1
"Same-Sign",2000,78,1,-4347.16456268184,8785.53995487818,8764.05645599197,9.30061814991903,0.0367661236278576,2,5,1,1
"Same-Sign",2000,78,2,-4290.48775987531,8770.99808123916,8726.24079189288,-6.90549586108721,0.0326115069948175,2,5,1,1
"Same-Sign",2000,78,3,-4294.11593170631,8877.06615687522,8809.03507706887,2.93102876720313,0.0382168096293911,2,5,1,1
"Same-Sign",2000,78,4,-4403.6112901345,9194.86860570564,9103.56373543922,8.8661853270315,0.021834850314732,2,5,1,1
"Same-Sign",2000,78,5,-4298.45380202682,9083.36536146432,8968.78670073784,-1.76475158030071,0.0357863364561095,2,5,1,1
"Same-Sign",2000,79,1,-4395.00207446038,8881.21497843527,8859.73147954905,-18.6621427292254,0.128626954046763,2,3,3,3
"Same-Sign",2000,79,2,-4332.37353084224,8854.76962317304,8810.01233382675,0.59573586774761,0.0253799594708122,2,3,3,3
"Same-Sign",2000,79,3,-4326.34845042907,8941.53119432075,8873.5001145144,-0.16983404877241,0.0486843323727032,2,3,3,3
"Same-Sign",2000,79,4,-4334.33613986341,9056.31830516347,8965.01343489705,4.86029373816378,0.0206356047450152,2,3,3,3
"Same-Sign",2000,79,5,-4351.15670121378,9188.77115983825,9074.19249911176,-4.23403015737608,0.00916491919884214,2,3,3,3
"Same-Sign",2000,80,1,-4383.63129039913,8858.47341031276,8836.98991142655,-4.25844614396609,0.109671913566992,2,4,4,4
"Same-Sign",2000,80,2,-4295.9978054082,8782.01817230495,8737.26088295867,-5.66033015915897,0.0259803979131449,2,4,4,4
"Same-Sign",2000,80,3,-4443.89335273091,9176.62099892441,9108.58991911806,-0.569530049984502,0.0280095255600883,2,4,4,4
"Same-Sign",2000,80,4,-4293.21273684349,8974.07149912364,8882.76662885722,1.17389514665713,0.0193293714588092,2,4,4,4
"Same-Sign",2000,80,5,-4300.38216776498,9087.22209294066,8972.64343221418,0.418712898411622,0.021641244145273,2,4,4,4
"Same-Sign",2000,81,1,-4397.91889310505,8887.0486157246,8865.56511683838,9.95765642375049,-0.00744268407992056,3,4,4,4
"Same-Sign",2000,81,2,-4372.00429431214,8934.03115011282,8889.27386076654,18.4462185721433,-0.0101596076525232,3,4,4,4
"Same-Sign",2000,81,3,-4319.61885044423,8928.07199435107,8860.04091454472,-2.19729736057498,0.0285966872193315,3,4,4,4
"Same-Sign",2000,81,4,-4318.88100298502,9025.40803140669,8934.10316114027,-3.08662335590238,0.0579449499417124,3,4,4,4
"Same-Sign",2000,81,5,-4329.04763786262,9144.55303313594,9029.97437240945,5.08408013067445,0.0298459461096582,3,4,4,4
"Same-Sign",2000,82,1,-4305.19743906786,8701.60570765023,8680.12220876401,1.70198941849544,0.0715692563941566,1,5,3,1
"Same-Sign",2000,82,2,-4361.9447382253,8913.91203793916,8869.15474859288,-6.62534471620104,0.0738255226717487,1,5,3,1
"Same-Sign",2000,82,3,-4304.63390479094,8898.10210304448,8830.07102323812,3.79004385053568,0.0410156558144683,1,5,3,1
"Same-Sign",2000,82,4,-4330.61761650457,9048.88125844579,8957.57638817937,-2.90199575818395,0.0382660416068159,1,5,3,1
"Same-Sign",2000,82,5,-4333.3467600404,9153.1512774915,9038.57261676501,-5.26067805519424,0.0353284767885531,1,5,3,1
"Same-Sign",2000,83,1,-4277.74556943636,8646.70196838723,8625.21846950101,-8.45283852205489,0.100510998900372,1,5,3,1
"Same-Sign",2000,83,2,-4331.37997772859,8852.78251694573,8808.02522759945,2.04796196085213,0.0467076311338623,1,5,3,1
"Same-Sign",2000,83,3,-4317.65192444913,8924.13814236087,8856.10706255452,-0.31827121822706,0.0709694410923029,1,5,3,1
"Same-Sign",2000,83,4,-4299.18466669011,8986.01535881687,8894.71048855045,6.68551370835726,0.0200282632322341,1,5,3,1
"Same-Sign",2000,83,5,-4349.95445989907,9186.36667720884,9071.78801648235,3.2155826296358,0.0306667434686821,1,5,3,1
"Same-Sign",2000,84,1,-4267.29993865604,8625.81070682658,8604.32720794037,-14.7708280450659,0.0952995140139891,1,5,5,5
"Same-Sign",2000,84,2,-4326.856764394,8843.73609027655,8798.97880093027,-5.34851456645966,0.0284190183201553,1,5,5,5
"Same-Sign",2000,84,3,-4328.11007567838,8945.05444481936,8877.02336501301,5.70254831511578,0.0116544468247284,1,5,5,5
"Same-Sign",2000,84,4,-4339.04758181344,9065.74118906354,8974.43631879712,-2.42721316811944,0.0533731247136965,1,5,5,5
"Same-Sign",2000,84,5,-4324.08310185787,9134.62396112643,9020.04530039994,2.38751019674126,0.0353817476833686,1,5,5,5
"Same-Sign",2000,85,1,-4357.88157728688,8806.97398408826,8785.49048520204,8.20600588230478,0.0638968262779238,1,5,4,1
"Same-Sign",2000,85,2,-4324.39937157544,8838.82130463943,8794.06401529315,8.14335842127627,0.0318549357293183,1,5,4,1
"Same-Sign",2000,85,3,-4384.72578313066,9058.28585972392,8990.25477991756,-4.04982602767792,0.0483326527685279,1,5,4,1
"Same-Sign",2000,85,4,-4253.90189089233,8895.4498072213,8804.14493695488,4.35968850310224,0.0277326978714333,1,5,4,1
"Same-Sign",2000,85,5,-4309.20880421378,9104.87536583826,8990.29670511177,0.132455718972044,0.0358198502467022,1,5,4,1
"Same-Sign",2000,86,1,-4382.0292480991,8855.26932571271,8833.7858268265,15.3098299217741,0.100251693902976,2,4,5,2
"Same-Sign",2000,86,2,-4298.32121964425,8786.66500077706,8741.90771143078,-1.03213065708317,0.0586317495528694,2,4,5,2
"Same-Sign",2000,86,3,-4336.08777209757,8961.00983765775,8892.9787578514,1.12831440709479,0.052974215338375,2,4,5,2
"Same-Sign",2000,86,4,-4306.4732936348,9000.59261270624,8909.28774243983,1.01356503072097,-0.000543062938016893,2,4,5,2
"Same-Sign",2000,86,5,-4370.25145769624,9226.96067280318,9112.3820120767,-2.23281657519778,0.0295828017471749,2,4,5,2
"Same-Sign",2000,87,1,-4281.50654925812,8654.22392803075,8632.74042914453,8.41279312861848,-0.0313321372214691,1,4,3,1
"Same-Sign",2000,87,2,-4299.61769728915,8789.25795606685,8744.50066672057,11.050486639229,0.0307784010230603,1,4,3,1
"Same-Sign",2000,87,3,-4345.0303142494,8978.8949219614,8910.86384215505,5.49057683466905,0.0589873908113012,1,4,3,1
"Same-Sign",2000,87,4,-4324.85410130378,9037.3542280442,8946.04935777779,6.95883902623134,-0.00709259871814462,1,4,3,1
"Same-Sign",2000,87,5,-4330.03836531684,9146.53448804436,9031.95582731788,0.253461213267101,0.035410424371284,1,4,3,1
"Same-Sign",2000,88,1,-4326.57184016353,8744.35450984156,8722.87101095535,11.1112519318764,0.00644969772845521,2,5,2,2
"Same-Sign",2000,88,2,-4268.6813911351,8727.38534375874,8682.62805441246,-4.70358840951111,0.0708647244224924,2,5,2,2
"Same-Sign",2000,88,3,-4318.79988652136,8926.43406650532,8858.40298669897,-1.74782369578087,0.0182731187928962,2,5,2,2
"Same-Sign",2000,88,4,-4321.74758177001,9031.14118897667,8939.83631871025,4.30429000950178,0.0330373627214244,2,5,2,2
"Same-Sign",2000,88,5,-4277.33906017949,9041.13587776968,8926.55721704319,6.01831822979022,0.0390608184448632,2,5,2,2
"Same-Sign",2000,89,1,-4339.52218836212,8770.25520623875,8748.77170735254,22.4013704430203,-0.0477616379323338,1,5,3,1
"Same-Sign",2000,89,2,-4362.94716551047,8915.91689250949,8871.1596031632,7.49587895009142,0.0430073076510094,1,5,3,1
"Same-Sign",2000,89,3,-4338.37278153023,8965.57985652306,8897.54877671671,9.81014579072137,-0.00596467362688875,1,5,3,1
"Same-Sign",2000,89,4,-4377.46779962957,9142.58162469579,9051.27675442938,-3.90272722676096,0.0460939587143361,1,5,3,1
"Same-Sign",2000,89,5,-4312.49556967313,9111.44889675695,8996.87023603047,2.4559773879493,0.0376214294387525,1,5,3,1
"Same-Sign",2000,90,1,-4377.73503284492,8846.68089520434,8825.19739631813,7.38251863435773,0.0441255651527617,1,3,2,1
"Same-Sign",2000,90,2,-4359.31598795775,8908.65453740404,8863.89724805776,3.23352369988287,0.0537932689137191,1,3,2,1
"Same-Sign",2000,90,3,-4336.49441844399,8961.82313035058,8893.79205054423,4.65098719602963,0.0362195021867459,1,3,2,1
"Same-Sign",2000,90,4,-4371.08751617795,9129.82105779254,9038.51618752613,-1.12364417385301,0.00989316377431979,1,3,2,1
"Same-Sign",2000,90,5,-4292.58292327477,9071.62360396022,8957.04494323374,-2.62601351159101,0.0787011764941073,1,3,2,1
"Same-Sign",2000,91,1,-4360.08340352172,8811.37763655795,8789.89413767173,-2.73149786322246,0.0725064691449274,1,5,3,1
"Same-Sign",2000,91,2,-4332.87276185815,8855.76808520485,8811.01079585856,1.36943628451168,0.0758793928431203,1,5,3,1
"Same-Sign",2000,91,3,-4345.46368668189,8979.76166682638,8911.73058702003,16.3682848312549,0.00663886781976611,1,5,3,1
"Same-Sign",2000,91,4,-4350.69747265602,9089.04097074869,8997.73610048227,3.43085256112857,0.00786538078955978,1,5,3,1
"Same-Sign",2000,91,5,-4312.36752380852,9111.19280502773,8996.61414430125,13.9728462615953,0.0131755637399407,1,5,3,1
"Same-Sign",2000,92,1,-4325.12326180544,8741.45735312538,8719.97385423917,-2.9670657262035,0.0842033932841841,1,5,2,1
"Same-Sign",2000,92,2,-4333.11724642992,8856.25705434839,8811.49976500211,-2.0670804055201,0.0678516751225933,1,5,2,1
"Same-Sign",2000,92,3,-4372.40899241719,9033.65227829699,8965.62119849064,5.06225064554066,0.0321016619084172,1,5,2,1
"Same-Sign",2000,92,4,-4359.21484978904,9106.07572501473,9014.77085474831,-2.05165188909689,0.0384756044714034,1,5,2,1
"Same-Sign",2000,92,5,-4300.56203749551,9087.58183240171,8973.00317167523,-2.8664407928398,0.0110092450292584,1,5,2,1
"Same-Sign",2000,93,1,-4339.58891354397,8770.38865660245,8748.90515771624,15.4188427204885,-0.00355346764030978,1,5,2,1
"Same-Sign",2000,93,2,-4413.96203897255,9017.94663943366,8973.18935008738,-6.92293792268895,0.0406790599079239,1,5,2,1
"Same-Sign",2000,93,3,-4356.7297245256,9002.2937425138,8934.26266270745,-9.81325885118823,0.031141651773434,1,5,2,1
"Same-Sign",2000,93,4,-4259.63491615712,8906.91585775088,8815.61098748446,-0.699506603437491,0.0363531140480394,1,5,2,1
"Same-Sign",2000,93,5,-4279.07287907877,9044.60351556822,8930.02485484174,2.06554160068827,0.0147561767370569,1,5,2,1
"Same-Sign",2000,94,1,-4345.43774240061,8782.08631431572,8760.60281542951,-9.96389668206433,0.0967886463539702,2,4,4,4
"Same-Sign",2000,94,2,-4298.90765635014,8787.83787418884,8743.08058484255,12.6775439757251,0.0127891399640362,2,4,4,4
"Same-Sign",2000,94,3,-4341.67679014553,8972.18787375366,8904.15679394731,5.26334388899605,0.0471238234514748,2,4,4,4
"Same-Sign",2000,94,4,-4360.16020354908,9107.96643253481,9016.66156226839,3.92694462801037,0.0250475930431813,2,4,4,4
"Same-Sign",2000,94,5,-4400.65687316012,9287.77150373092,9173.19284300444,-9.73341405965847,0.0224895380524313,2,4,4,4
"Same-Sign",2000,95,1,-4387.85373596935,8866.9183014532,8845.43480256699,10.2801496246759,-0.0110085272744144,2,5,4,2
"Same-Sign",2000,95,2,-4328.85113562355,8847.72483273565,8802.96754338936,-7.47633335471542,0.037699776589288,2,5,4,2
"Same-Sign",2000,95,3,-4302.86353713878,8894.56136774015,8826.5302879338,6.4793522400041,0.0443081166533274,2,5,4,2
"Same-Sign",2000,95,4,-4310.55840893728,9008.76284331121,8917.45797304479,2.28187297800454,0.0153592773926847,2,5,4,2
"Same-Sign",2000,95,5,-4313.21986641956,9112.89749024981,8998.31882952332,-4.67094150546308,0.012529791501531,2,5,4,2
"Same-Sign",2000,96,1,-4304.90212153925,8701.015072593,8679.53157370678,-3.97777989699876,0.0852517213976012,1,3,4,1
"Same-Sign",2000,96,2,-4335.52561801666,8861.07379752188,8816.3165081756,0.576949363223545,0.0571784744882213,1,3,4,1
"Same-Sign",2000,96,3,-4314.68704239813,8918.20837825886,8850.17729845251,-1.36961272630028,0.0232481729470893,1,3,4,1
"Same-Sign",2000,96,4,-4362.67873471156,9113.00349485977,9021.69862459335,1.38589314792357,-0.00473481060486956,1,3,4,1
"Same-Sign",2000,96,5,-4352.66095013144,9191.77965767357,9077.20099694709,18.2724534748073,0.00266507134806472,1,3,4,1
"Same-Sign",2000,97,1,-4291.46429365399,8674.13941682249,8652.65591793628,-10.0429249119281,0.125169945543864,1,3,2,1
"Same-Sign",2000,97,2,-4364.24071032352,8918.5039821356,8873.74669278932,5.72166533453244,0.0685731218025902,1,3,2,1
"Same-Sign",2000,97,3,-4327.27337904891,8943.38105156043,8875.34997175407,3.98331644460392,0.0311207965013477,1,3,2,1
"Same-Sign",2000,97,4,-4347.98535140781,9083.61672825226,8992.31185798584,-0.637310572591697,0.0508121520337574,1,3,2,1
"Same-Sign",2000,97,5,-4277.46595001992,9041.38965745054,8926.81099672405,9.14715707249938,0.0270842249393439,1,3,2,1
"Same-Sign",2000,98,1,-4304.06989246565,8699.3506144458,8677.86711555959,-2.65703270316743,0.0856619407208567,1,3,3,3
"Same-Sign",2000,98,2,-4353.34107504497,8896.70471157848,8851.9474222322,-9.45624588384675,0.0564760749292138,1,3,3,3
"Same-Sign",2000,98,3,-4319.0439597972,8926.922213057,8858.89113325065,-10.9100601533616,0.0270635635047409,1,3,3,3
"Same-Sign",2000,98,4,-4374.01833599695,9135.68269743055,9044.37782716413,2.61493604243404,0.00389015167592339,1,3,3,3
"Same-Sign",2000,98,5,-4279.80337700929,9046.06451142927,8931.48585070278,3.9689410347278,0.0152526270777929,1,3,3,3
"Same-Sign",2000,99,1,-4325.30023986641,8741.81130924733,8720.32781036112,0.969719934827478,0.0817887508290927,1,5,3,1
"Same-Sign",2000,99,2,-4361.94921218599,8913.92098586053,8869.16369651425,-3.29966924635671,0.0317698384349204,1,5,3,1
"Same-Sign",2000,99,3,-4309.80833794446,8908.45096935152,8840.41988954517,-7.88233943879606,0.0473236174557243,1,5,3,1
"Same-Sign",2000,99,4,-4337.5432619486,9062.73254933385,8971.42767906744,2.88656903614957,0.00979073410932571,1,5,3,1
"Same-Sign",2000,99,5,-4313.34279632515,9113.14335006099,8998.56468933451,2.18284666079551,0.0295445652098007,1,5,3,1
"Same-Sign",2000,100,1,-4333.82383310325,8758.858495721,8737.37499683479,3.18178466025215,0.11236566135357,1,5,4,1
"Same-Sign",2000,100,2,-4347.21244530579,8884.44745210014,8839.69016275386,-7.74821758088832,0.0511651723597728,1,5,4,1
"Same-Sign",2000,100,3,-4308.60460612122,8906.04350570504,8838.01242589869,5.98747507934073,0.0269800462767841,1,5,4,1
"Same-Sign",2000,100,4,-4290.728444794,8969.10291502465,8877.79804475823,-2.82541886241302,0.0354208228027466,1,5,4,1
"Same-Sign",2000,100,5,-4312.48152111738,9111.42079964546,8996.84213891897,-0.206974311592487,0.0160964475683152,1,5,4,1
"Same-Sign",2000,101,1,-4280.94280726697,8653.09644404845,8631.61294516223,17.6076101943369,-0.0536113543091464,1,5,5,5
"Same-Sign",2000,101,2,-4353.61537194551,8897.25330537958,8852.49601603329,3.48306364763714,0.0482003949778504,1,5,5,5
"Same-Sign",2000,101,3,-4351.85783442071,8992.54996230401,8924.51888249766,9.76089386462988,0.0486609352231415,1,5,5,5
"Same-Sign",2000,101,4,-4326.94213102976,9041.53028749616,8950.22541722974,-0.275883489964171,0.0371289686022544,1,5,5,5
"Same-Sign",2000,101,5,-4362.23026871158,9210.91829483385,9096.33963410737,1.41821424839911,0.0545969212384652,1,5,5,5
"Same-Sign",2000,102,1,-4334.62983116104,8760.47049183659,8738.98699295037,1.78247795311328,0.0540849385481955,1,5,4,1
"Same-Sign",2000,102,2,-4362.30988810099,8914.64233769052,8869.88504834424,6.29446781608929,0.0413655884528102,1,5,4,1
"Same-Sign",2000,102,3,-4324.06414475999,8936.96258298259,8868.93150317624,-0.356084847546875,0.0532867833104977,1,5,4,1
"Same-Sign",2000,102,4,-4336.60355789425,9060.85314122514,8969.54827095872,-9.53060362111731,0.00169117441945532,1,5,4,1
"Same-Sign",2000,102,5,-4306.25482973622,9098.96741688314,8984.38875615665,-3.90090414348132,0.0180634640721736,1,5,4,1
"Same-Sign",2000,103,1,-4313.99546626445,8719.2017620434,8697.71826315718,13.6347880407529,0.0258310175368602,1,3,3,3
"Same-Sign",2000,103,2,-4301.1565091744,8792.33557983735,8747.57829049107,7.15072621683133,0.0208363206640875,1,3,3,3
"Same-Sign",2000,103,3,-4354.35907496596,8997.55244339451,8929.52136358816,8.61677992460263,0.010781033007527,1,3,3,3
"Same-Sign",2000,103,4,-4293.2998610214,8974.24574747944,8882.94087721302,2.84224911889738,0.0311147581402559,1,3,3,3
"Same-Sign",2000,103,5,-4271.38770415748,9029.23316572566,8914.65450499917,-5.06157419706707,0.0325177379583327,1,3,3,3
"Same-Sign",2000,104,1,-4311.93412847983,8715.07908647417,8693.59558758796,3.99766546306539,0.0708868689213501,1,5,3,1
"Same-Sign",2000,104,2,-4345.02458214678,8880.07172578211,8835.31443643582,0.0925005530030835,0.0401432757392914,1,5,3,1
"Same-Sign",2000,104,3,-4336.02433185698,8960.88295717655,8892.8518773702,-10.2237650844711,0.0465261890143748,1,5,3,1
"Same-Sign",2000,104,4,-4355.81238943042,9099.27080429748,9007.96593403106,4.34495877885947,0.00819309704465922,1,5,3,1
"Same-Sign",2000,104,5,-4320.32434211235,9127.10644163539,9012.52778090891,5.22406806983351,0.0334972943460699,1,5,3,1
"Same-Sign",2000,105,1,-4297.46759008653,8686.14600968757,8664.66251080136,-7.21360791349387,0.107016358858907,1,5,4,1
"Same-Sign",2000,105,2,-4339.51372392578,8869.05000934012,8824.29271999383,3.09195192184639,0.00994713991271554,1,5,4,1
"Same-Sign",2000,105,3,-4401.95390900138,9092.74211146536,9024.711031659,-0.586937543632548,0.017459261818816,1,5,4,1
"Same-Sign",2000,105,4,-4306.77329543361,9001.19261630386,8909.88774603744,2.50095154246265,0.0498455323681303,1,5,4,1
"Same-Sign",2000,105,5,-4378.17933216508,9242.81642174086,9128.23776101437,4.10237720627275,0.0186805149323192,1,5,4,1
"Same-Sign",2000,106,1,-4341.37040834379,8773.95164620209,8752.46814731587,4.55169013639169,0.0792318342313696,1,5,4,1
"Same-Sign",2000,106,2,-4323.02050269582,8836.06356688018,8791.3062775339,15.8510711900796,0.00954101921724232,1,5,4,1
"Same-Sign",2000,106,3,-4356.63968698735,9002.1136674373,8934.08258763095,13.4748214277223,0.00922675800189684,1,5,4,1
"Same-Sign",2000,106,4,-4295.36376418902,8978.37355381469,8887.06868354827,5.16711461175461,0.0239650073376589,1,5,4,1
"Same-Sign",2000,106,5,-4319.90938295987,9126.27652333043,9011.69786260395,3.27238175309629,0.027267116563194,1,5,4,1
"Same-Sign",2000,107,1,-4254.21916113259,8599.64915177969,8578.16565289347,7.56893430281854,0.0193091613203634,1,5,3,1
"Same-Sign",2000,107,2,-4353.51584031439,8897.05424211734,8852.29695277106,1.24712364559777,0.0663908747397423,1,5,3,1
"Same-Sign",2000,107,3,-4265.62000939478,8820.07431225216,8752.04323244581,-6.37800737931679,0.0336542326417196,1,5,3,1
"Same-Sign",2000,107,4,-4306.89772859646,9001.44148262957,8910.13661236316,-2.62090601381073,-0.0136054739093736,1,5,3,1
"Same-Sign",2000,107,5,-4323.26414145644,9132.98604032358,9018.40737959709,9.26272473042908,0.0274771478897663,1,5,3,1
"Same-Sign",2000,108,1,-4285.22971701802,8661.67026355055,8640.18676466434,9.12777532601602,0.0899984583120455,1,4,4,4
"Same-Sign",2000,108,2,-4374.20117956614,8938.42492062084,8893.66763127456,-0.851845444913444,0.0772223403851126,1,4,4,4
"Same-Sign",2000,108,3,-4329.8747944162,8948.58388229499,8880.55280248864,-8.39099248822485,0.0419753577034405,1,4,4,4
"Same-Sign",2000,108,4,-4341.33055906651,9070.30714356966,8979.00227330325,-7.48830477358365,0.0502750126138286,1,4,4,4
"Same-Sign",2000,108,5,-4331.7099825078,9149.87772242629,9035.29906169981,-6.40073317729804,0.0543153829026679,1,4,4,4
"Same-Sign",2000,109,1,-4352.10700147936,8795.42483247323,8773.94133358702,0.936175718234574,0.0408470144903263,3,5,4,3
"Same-Sign",2000,109,2,-4332.3078521682,8854.63826582494,8809.88097647866,-5.08222752465399,0.0337783369660189,3,5,4,3
"Same-Sign",2000,109,3,-4261.22224394418,8811.27878135095,8743.2477015446,-1.43228865094659,0.0112459315291862,3,5,4,3
"Same-Sign",2000,109,4,-4325.36218710029,9038.37039963723,8947.06552937081,10.3752247674591,-0.00816220573335507,3,5,4,3
"Same-Sign",2000,109,5,-4301.64741547392,9089.75258835853,8975.17392763205,1.66036900768254,0.0173347457289399,3,5,4,3
"Same-Sign",2000,110,1,-4310.96120548329,8713.13324048109,8691.64974159487,3.52805480307799,0.00556755881078565,1,5,4,1
"Same-Sign",2000,110,2,-4305.03156350554,8800.08568849963,8755.32839915335,10.6661321922417,0.0431820782678384,1,5,4,1
"Same-Sign",2000,110,3,-4360.04792255825,9008.93013857911,8940.89905877275,-2.69240458533396,0.0284607858778659,1,5,4,1
"Same-Sign",2000,110,4,-4349.73412879345,9087.11428302355,8995.80941275714,6.96292393373169,0.00646553361048091,1,5,4,1
"Same-Sign",2000,110,5,-4350.94710056252,9188.35195853574,9073.77329780925,5.17565386195035,0.0385184760403235,1,5,4,1
"Same-Sign",2000,111,1,-4332.87496424045,8756.9607579954,8735.47725910918,-0.625945286236621,0.0409867158057855,1,5,2,1
"Same-Sign",2000,111,2,-4331.66483865403,8853.35223879661,8808.59494945033,-2.44293196196036,-0.000513515646769509,1,5,2,1
"Same-Sign",2000,111,3,-4295.60243081071,8880.03915508403,8812.00807527768,-10.3438915887265,0.0408856514709804,1,5,2,1
"Same-Sign",2000,111,4,-4379.41559597282,9146.47721738229,9055.17234711587,-2.1520627395556,0.0522488928873561,1,5,2,1
"Same-Sign",2000,111,5,-4318.84846746997,9124.15469235064,9009.57603162416,0.52815091403915,0.0312259084110418,1,5,2,1
"Same-Sign",2000,112,1,-4285.45457123881,8662.11997199212,8640.6364731059,-6.12545066179633,0.0942694820024975,1,5,3,1
"Same-Sign",2000,112,2,-4412.69616668786,9015.41489486426,8970.65760551798,-13.0271887102154,0.0526761940670066,1,5,3,1
"Same-Sign",2000,112,3,-4267.22893954536,8823.29217255333,8755.26109274698,-9.00558674061029,0.0269567426959311,1,5,3,1
"Same-Sign",2000,112,4,-4400.71667740074,9189.07938023812,9097.77450997171,-1.54773509639061,0.0367431948049103,1,5,3,1
"Same-Sign",2000,112,5,-4271.42358224446,9029.3049218996,8914.72626117312,6.51508493282833,0.0103148523442154,1,5,3,1
"Same-Sign",2000,113,1,-4350.08305752876,8791.37694457203,8769.89344568582,9.84213933061222,0.0656052048488028,2,5,4,2
"Same-Sign",2000,113,2,-4303.45356381056,8796.92968910966,8752.17239976338,4.91551009370329,0.0244508581775349,2,5,4,2
"Same-Sign",2000,113,3,-4371.20847973506,9031.25125293272,8963.22017312637,7.55609613804548,0.0181637708162331,2,5,4,2
"Same-Sign",2000,113,4,-4322.66222125997,9032.97046795658,8941.66559769016,12.3156210746054,0.0157546171739582,2,5,4,2
"Same-Sign",2000,113,5,-4338.33205977736,9163.12187696541,9048.54321623892,4.25206141937749,0.0100268839464192,2,5,4,2
"Same-Sign",2000,114,1,-4315.42384218664,8722.05851388779,8700.57501500158,9.64990296723469,0.0403159906527977,1,5,5,5
"Same-Sign",2000,114,2,-4439.38516652028,9068.79289452911,9024.03560518282,6.52065053706395,0.0520030702695963,1,5,5,5
"Same-Sign",2000,114,3,-4344.32578004122,8977.48585354505,8909.4547737387,8.63908999334551,0.0284600294142138,1,5,5,5
"Same-Sign",2000,114,4,-4307.10562120032,9001.85726783729,8910.55239757087,11.4353663773539,0.0503385902331281,1,5,5,5
"Same-Sign",2000,114,5,-4358.08589906744,9202.62955554557,9088.05089481908,13.0056229415953,0.0152348408613916,1,5,5,5
"Same-Sign",2000,115,1,-4317.84449185409,8726.89981322269,8705.41631433647,12.861391764039,0.0418890727969846,1,5,2,1
"Same-Sign",2000,115,2,-4301.46458476312,8792.9517310148,8748.19444166852,2.40627332212946,0.0347198263556365,1,5,2,1
"Same-Sign",2000,115,3,-4386.43845488057,9061.71120322375,8993.6801234174,9.28685281537289,0.0271195398179508,1,5,2,1
"Same-Sign",2000,115,4,-4418.96693972842,9225.57990489348,9134.27503462707,-1.07725970034075,0.0381312129345212,1,5,2,1
"Same-Sign",2000,115,5,-4355.4641499031,9197.3860572169,9082.80739649041,2.95703783335988,0.017523770209556,1,5,2,1
"Same-Sign",2000,116,1,-4249.67935071848,8590.56953095147,8569.08603206525,-12.8417144970552,0.0914764509780595,1,5,4,1
"Same-Sign",2000,116,2,-4306.49549368749,8803.01354886352,8758.25625951724,15.4646542584906,0.000671408064271128,1,5,4,1
"Same-Sign",2000,116,3,-4301.76425491389,8892.36280329038,8824.33172348403,-13.8044232162751,0.0274925261018452,1,5,4,1
"Same-Sign",2000,116,4,-4306.16487991358,8999.97578526382,8908.6709149974,-2.62092140861518,0.0206034337527085,1,5,4,1
"Same-Sign",2000,116,5,-4360.05771099951,9206.57317940971,9091.99451868323,14.4795828664972,0.014883931354013,1,5,4,1
"Same-Sign",2000,117,1,-4337.96814825681,8767.14712602812,8745.6636271419,0.734682565447554,0.0785705366450937,1,5,4,1
"Same-Sign",2000,117,2,-4345.43497234442,8880.89250617739,8836.13521683111,-3.90422882399845,0.027331620100744,1,5,4,1
"Same-Sign",2000,117,3,-4360.24587621672,9009.32604589604,8941.29496608969,2.06437808017279,0.0263042570350401,1,5,4,1
"Same-Sign",2000,117,4,-4360.46729815135,9108.58062173934,9017.27575147293,5.59955927269669,-0.00522472874112203,1,5,4,1
"Same-Sign",2000,117,5,-4349.40203843841,9185.2618342875,9070.68317356102,0.941185301168968,0.0192339698446353,1,5,4,1
"Same-Sign",2000,118,1,-4319.66774961022,8730.54632873494,8709.06282984873,6.99470444046625,0.00998976538187439,1,5,3,1
"Same-Sign",2000,118,2,-4329.72420081504,8849.47096311863,8804.71367377234,1.28290795152989,0.037802336354261,1,5,3,1
"Same-Sign",2000,118,3,-4351.52951318075,8991.89331982409,8923.86224001774,22.5296003512774,0.0186285515573678,1,5,3,1
"Same-Sign",2000,118,4,-4319.70508644419,9027.05619832502,8935.7513280586,10.137227049162,0.0128606719777705,1,5,3,1
"Same-Sign",2000,118,5,-4349.22952381107,9184.91680503284,9070.33814430636,-3.63243545216511,0.0262102290433018,1,5,3,1
"Same-Sign",2000,119,1,-4282.9857506624,8657.1823308393,8635.69883195309,14.0183628600723,0.0402790431846778,1,3,2,1
"Same-Sign",2000,119,2,-4406.30391570524,9002.63039289903,8957.87310355275,3.71808939270739,0.0477580761730222,1,3,2,1
"Same-Sign",2000,119,3,-4379.33296883155,9047.5002311257,8979.46915131935,5.41625107141193,0.00980948942892654,1,3,2,1
"Same-Sign",2000,119,4,-4355.88965726334,9099.42533996332,9008.12046969691,-0.860047472874346,0.0717076690379698,1,3,2,1
"Same-Sign",2000,119,5,-4295.67833992267,9077.81443725603,8963.23577652955,8.90419331719598,0.0230939900170004,1,3,2,1
"Same-Sign",2000,120,1,-4371.42756530663,8834.06596012777,8812.58246124155,-1.41709570633525,0.0612733310364439,2,5,2,2
"Same-Sign",2000,120,2,-4287.45110563435,8764.92477275726,8720.16748341098,-4.73868234468175,0.0529219344556892,2,5,2,2
"Same-Sign",2000,120,3,-4445.70570814804,9180.24570975868,9112.21462995232,-0.00790503308565613,0.0525614188166916,2,5,2,2
"Same-Sign",2000,120,4,-4359.53367190818,9106.713369253,9015.40849898658,-4.25225308389388,0.0220617377155303,2,5,2,2
"Same-Sign",2000,120,5,-4302.32256787553,9091.10289316175,8976.52423243527,-5.57294385196801,0.0470153876675496,2,5,2,2
"Same-Sign",2000,121,1,-4355.66252195073,8802.53587341596,8781.05237452975,9.75542433407339,0.0712534869228129,1,3,4,1
"Same-Sign",2000,121,2,-4369.62372905511,8929.27001959877,8884.51273025249,7.32825885051096,0.00889629077030229,1,3,4,1
"Same-Sign",2000,121,3,-4327.60430035042,8944.04289416344,8876.01181435709,6.9723728808892,0.0327382276554922,1,3,4,1
"Same-Sign",2000,121,4,-4316.56799868994,9020.78202281652,8929.47715255011,1.44766862774823,0.0186018396417304,1,3,4,1
"Same-Sign",2000,121,5,-4293.84278235189,9074.14332211447,8959.56466138799,5.82383613218272,0.0233925217405372,1,3,4,1
"Same-Sign",2000,122,1,-4293.24384500235,8677.6985195192,8656.21502063299,1.07503133659847,0.0672103388981855,1,5,3,1
"Same-Sign",2000,122,2,-4342.0407974943,8874.10415647716,8829.34686713087,15.400514047861,0.0299664476285746,1,5,3,1
"Same-Sign",2000,122,3,-4422.72341818985,9134.28112984229,9066.25005003594,10.5513876180159,0.0179146673771847,1,5,3,1
"Same-Sign",2000,122,4,-4391.54898758532,9170.74400060728,9079.43913034086,-0.52254172492901,0.0337121578267779,1,5,3,1
"Same-Sign",2000,122,5,-4368.4877373377,9223.4332320861,9108.85457135962,1.51236050339444,0.0148257561834681,1,5,3,1
"Same-Sign",2000,123,1,-4334.43183080543,8760.07449112536,8738.59099223914,3.46745265597896,0.0711415909733232,1,5,3,1
"Same-Sign",2000,123,2,-4318.15831762354,8826.33919673563,8781.58190738935,9.60308414035813,0.000955002665909837,1,5,3,1
"Same-Sign",2000,123,3,-4271.39564826441,8831.62558999142,8763.59451018507,1.07623457248893,0.0336210913764126,1,5,3,1
"Same-Sign",2000,123,4,-4254.30496803538,8896.25596150741,8804.95109124099,14.173660812575,0.0454973139400252,1,5,3,1
"Same-Sign",2000,123,5,-4339.41390659479,9165.28557060027,9050.70690987379,3.81664184724792,0.0135188958984901,1,5,3,1
"Same-Sign",2000,124,1,-4340.18353816094,8771.57790583638,8750.09440695016,8.8064803946946,0.0592878690989415,1,5,2,1
"Same-Sign",2000,124,2,-4360.90612082333,8911.83480313521,8867.07751378892,13.3801508651351,0.0558979804266921,1,5,2,1
"Same-Sign",2000,124,3,-4270.98087890582,8830.79605127423,8762.76497146788,3.723981771957,0.0530419797767716,1,5,2,1
"Same-Sign",2000,124,4,-4275.90605702508,8939.45813948681,8848.15326922039,-9.94617614897733,0.0465974800949356,1,5,2,1
"Same-Sign",2000,124,5,-4294.03268056435,9074.5231185394,8959.94445781292,4.7991504480052,0.00960066161441558,1,5,2,1
"Same-Sign",2000,125,1,-4374.07615936945,8839.3631482534,8817.87964936719,14.1810792673063,0.00773260312511558,1,5,3,1
"Same-Sign",2000,125,2,-4341.40800855218,8872.83857859292,8828.08128924664,4.72409180786582,0.0149866470361177,1,5,3,1
"Same-Sign",2000,125,3,-4347.40293143643,8983.64015633546,8915.60907652911,7.89729553101942,0.0106571049649203,1,5,3,1
"Same-Sign",2000,125,4,-4311.10112480279,9009.84827504223,8918.54340477581,0.0619622562107389,0.0311517688989828,1,5,3,1
"Same-Sign",2000,125,5,-4300.47585086166,9087.409459134,8972.83079840752,0.368878020947285,0.00891597914601312,1,5,3,1
"Same-Sign",2000,126,1,-4394.10181057335,8879.41445066121,8857.930951775,3.70406318898086,0.0670884121510909,2,3,3,3
"Same-Sign",2000,126,2,-4259.08556191961,8708.19368532777,8663.43639598149,-1.5283614046064,0.0541046759148992,2,3,3,3
"Same-Sign",2000,126,3,-4314.55643394434,8917.94716135128,8849.91608154493,-2.23652942309715,0.011764745614891,2,3,3,3
"Same-Sign",2000,126,4,-4282.09572347405,8951.83747238475,8860.53260211833,5.25701366445258,0.0228731771056955,2,3,3,3
"Same-Sign",2000,126,5,-4331.02377720284,9148.50531181637,9033.92665108988,11.9482444676487,0.0169826986747398,2,3,3,3
"Same-Sign",2000,127,1,-4293.99561860584,8679.20206672617,8657.71856783996,11.0675587806018,0.0277462596547354,1,5,3,1
"Same-Sign",2000,127,2,-4339.57601162665,8869.17458474185,8824.41729539557,-4.00458668168748,0.0457307104257976,1,5,3,1
"Same-Sign",2000,127,3,-4346.51187308845,8981.85803963949,8913.82695983314,11.214429279292,0.0303696128115307,1,5,3,1
"Same-Sign",2000,127,4,-4350.59696340891,9088.83995225447,8997.53508198805,8.56780119874103,0.00595991129900364,1,5,3,1
"Same-Sign",2000,127,5,-4315.07061587681,9116.59898916431,9002.02032843783,13.6585903150885,0.00161388891388225,1,5,3,1
"Same-Sign",2000,128,1,-4316.58885803092,8724.38854557634,8702.90504669012,-4.47909120818139,0.0650517814289937,1,3,3,3
"Same-Sign",2000,128,2,-4330.58106703172,8851.184695552,8806.42740620572,-0.24427933989351,0.038972897330357,1,3,3,3
"Same-Sign",2000,128,3,-4347.55188293552,8983.93805933364,8915.90697952728,0.717352603186691,0.019129228034205,1,3,3,3
"Same-Sign",2000,128,4,-4304.35824773306,8996.36252090278,8905.05765063636,3.97298038957867,0.0527482071631892,1,3,3,3
"Same-Sign",2000,128,5,-4333.36654237507,9153.19084216083,9038.61218143435,6.63796324971202,-0.000702071621284344,1,3,3,3
"Same-Sign",2000,129,1,-4316.59758555432,8724.40600062314,8702.92250173693,-3.24125034565957,0.101494288474749,1,5,1,1
"Same-Sign",2000,129,2,-4328.64381251756,8847.31018652367,8802.55289717739,0.995650337502168,0.0554872937821851,1,5,1,1
"Same-Sign",2000,129,3,-4317.12754949778,8923.08939245816,8855.05831265181,-1.75296341637968,0.046166392715972,1,5,1,1
"Same-Sign",2000,129,4,-4399.48490756476,9186.61584056617,9095.31097029975,2.6420794316008,0.02312750486045,1,5,1,1
"Same-Sign",2000,129,5,-4285.59376927685,9057.64529596439,8943.06663523791,7.3850688341154,0.0375081089726878,1,5,1,1
"Same-Sign",2000,130,1,-4285.58139500368,8662.37361952186,8640.89012063564,3.3791341116788,0.00881686189388809,1,5,4,1
"Same-Sign",2000,130,2,-4278.98475352266,8747.99206853386,8703.23477918758,-0.0416252776813267,0.0287741824462737,1,5,4,1
"Same-Sign",2000,130,3,-4277.70641985187,8844.24713316635,8776.21605336,14.2758605994674,-0.0138185421469514,1,5,4,1
"Same-Sign",2000,130,4,-4284.96705991407,8957.58014526479,8866.27527499837,6.10074634072615,0.0464701241462314,1,5,4,1
"Same-Sign",2000,130,5,-4338.77659440504,9164.01094622077,9049.43228549429,-5.32531555550233,0.0171840016852286,1,5,4,1
"Same-Sign",2000,131,1,-4296.53325364537,8684.27733680525,8662.79383791903,-10.227679043475,0.0456970286191268,1,5,4,1
"Same-Sign",2000,131,2,-4361.7749397415,8913.57244097155,8868.81515162527,-2.23992779865222,0.0664640702997583,1,5,4,1
"Same-Sign",2000,131,3,-4312.867342278,8914.5689780186,8846.53789821225,2.44848905219616,0.0659780074851525,1,5,4,1
"Same-Sign",2000,131,4,-4275.18389729943,8938.0138200355,8846.70894976909,-5.12936135343974,0.0792705059007687,1,5,4,1
"Same-Sign",2000,131,5,-4388.27217679118,9263.00211099305,9148.42345026657,0.338866567755055,0.0249298214212062,1,5,4,1
"Same-Sign",2000,132,1,-4306.18336024631,8703.57755000713,8682.09405112092,2.95545845113359,0.0415154228147174,1,5,4,1
"Same-Sign",2000,132,2,-4397.92925038472,8985.88106225799,8941.12377291171,3.40260553277971,0.0201991442840948,1,5,4,1
"Same-Sign",2000,132,3,-4387.81377595688,9064.46184537635,8996.43076557,12.0413446094846,0.0357996513834357,1,5,4,1
"Same-Sign",2000,132,4,-4396.5282399203,9180.70250527724,9089.39763501082,-0.17306627143079,0.0227819996562723,1,5,4,1
"Same-Sign",2000,132,5,-4328.95742860365,9144.372614618,9029.79395389152,-5.16314048882714,0.0300750943687145,1,5,4,1
"Same-Sign",2000,133,1,-4323.94892352428,8739.10867656307,8717.62517767685,-0.221823093623121,0.041246369787594,1,5,4,1
"Same-Sign",2000,133,2,-4322.84183679637,8835.7062350813,8790.94894573502,-12.3994329315541,0.0873963445718844,1,5,4,1
"Same-Sign",2000,133,3,-4312.21423397557,8913.26276141374,8845.23168160739,6.78041327667886,0.00457405265660657,1,5,4,1
"Same-Sign",2000,133,4,-4356.71020199732,9101.0664294313,9009.76155916488,0.706105516034812,0.0463364937523784,1,5,4,1
"Same-Sign",2000,133,5,-4348.88381313701,9184.22538368472,9069.64672295823,9.21208240290264,0.0174128923717435,1,5,4,1
"Same-Sign",2000,134,1,-4363.35501618999,8817.92086189449,8796.43736300827,22.5551343016497,0.0505104159392069,1,3,3,3
"Same-Sign",2000,134,2,-4337.81871282284,8865.65998713424,8820.90269778795,-1.97373840667112,0.0417395625836335,1,3,3,3
"Same-Sign",2000,134,3,-4373.9799712316,9036.7942359258,8968.76315611945,-0.804154109805017,0.045017376942026,1,3,3,3
"Same-Sign",2000,134,4,-4276.5495998717,8940.74522518004,8849.44035491362,-2.23622555160508,0.0459124344705511,1,3,3,3
"Same-Sign",2000,134,5,-4336.63598888171,9159.72973517411,9045.15107444762,13.9091199195533,0.0188487607896083,1,3,3,3
"Same-Sign",2000,135,1,-4406.71791675179,8904.64666301807,8883.16316413186,3.28152254150037,0.0115795590740467,4,4,3,4
"Same-Sign",2000,135,2,-4373.95563309239,8937.93382767334,8893.17653832706,-6.52258563918523,0.0634858227504269,4,4,3,4
"Same-Sign",2000,135,3,-4376.68631673808,9042.20692693877,8974.17584713242,-0.14528021897025,0.0404647838282076,4,4,3,4
"Same-Sign",2000,135,4,-4284.53960992644,8956.72524528954,8865.42037502312,-0.0244052437317877,0.0141345482840898,4,4,3,4
"Same-Sign",2000,135,5,-4381.35474467777,9249.16724676623,9134.58858603974,12.2863473897027,-0.00068717456132893,4,4,3,4
"Same-Sign",2000,136,1,-4391.07240409415,8873.35563770281,8851.8721388166,0.676116748648552,0.0731131991267952,2,5,4,2
"Same-Sign",2000,136,2,-4339.05539980592,8868.1333611004,8823.37607175412,-9.3019603998286,0.0677496578231624,2,5,4,2
"Same-Sign",2000,136,3,-4344.15277056455,8977.1398345917,8909.10875478534,-1.94486785125391,0.0225516638937161,2,5,4,2
"Same-Sign",2000,136,4,-4309.49018514123,9006.62639571911,8915.32152545269,2.39092254641373,0.0262696144713864,2,5,4,2
"Same-Sign",2000,136,5,-4332.14615768457,9150.75007277983,9036.17141205334,13.4317755066828,0.0320280986203722,2,5,4,2
"Same-Sign",2000,137,1,-4319.49763270613,8730.20609492676,8708.72259604054,3.36827708293828,0.0451784040667791,1,4,3,1
"Same-Sign",2000,137,2,-4352.86237435445,8895.74731019745,8850.99002085117,13.9721209370761,0.0629087248393995,1,4,3,1
"Same-Sign",2000,137,3,-4287.24421531411,8863.32272409082,8795.29164428447,18.1418802570353,0.0263935525220982,1,4,3,1
"Same-Sign",2000,137,4,-4365.9126255749,9119.47127658645,9028.16640632003,16.5941359449526,0.00411505813059137,1,4,3,1
"Same-Sign",2000,137,5,-4322.9749986353,9132.40775468128,9017.8290939548,1.85445118675095,0.0182372567559144,1,4,3,1
"Same-Sign",2000,138,1,-4333.25323741101,8757.71730433652,8736.23380545031,-8.7171962837681,0.104766718302144,2,5,4,2
"Same-Sign",2000,138,2,-4262.50392471693,8715.03041092242,8670.27312157614,9.58012767239905,0.0268403514161401,2,5,4,2
"Same-Sign",2000,138,3,-4343.14916063016,8975.13261472293,8907.10153491658,-0.158041784992219,0.0430312404083697,2,5,4,2
"Same-Sign",2000,138,4,-4281.14463739974,8949.93530023613,8858.63042996972,-8.75170184095786,0.0545762846390795,2,5,4,2
"Same-Sign",2000,138,5,-4343.37114456392,9173.20004653854,9058.62138581205,0.666543951960515,0.0186732935675745,2,5,4,2
"Same-Sign",2000,139,1,-4365.09487893516,8821.40058738482,8799.91708849861,7.90175422095327,0.0457187877223823,1,5,2,1
"Same-Sign",2000,139,2,-4393.34359523001,8976.70975194856,8931.95246260228,-1.44505088069589,0.0210705898149914,1,5,2,1
"Same-Sign",2000,139,3,-4335.99293854357,8960.82017054975,8892.7890907434,17.4179454473927,0.0071451604483699,1,5,2,1
"Same-Sign",2000,139,4,-4366.1372332722,9119.92049198105,9028.61562171463,8.97122329364491,0.0467949350086784,1,5,2,1
"Same-Sign",2000,139,5,-4277.164191966,9040.78614134269,8926.2074806162,7.82663910741465,-0.00604024405343958,1,5,2,1
"Same-Sign",2000,140,1,-4290.39402661062,8671.99888273575,8650.51538384953,-3.3443547795869,0.0720746220204286,1,4,4,4
"Same-Sign",2000,140,2,-4375.7004855819,8941.42353265236,8896.66624330608,11.3785403022631,-0.0159698197425192,1,4,4,4
"Same-Sign",2000,140,3,-4312.2427131617,8913.31971978599,8845.28863997964,5.30023103718304,0.0362858243839551,1,4,4,4
"Same-Sign",2000,140,4,-4288.47225689031,8964.59053921727,8873.28566895085,7.24698834403606,0.0217160730373525,1,4,4,4
"Same-Sign",2000,140,5,-4332.68337969971,9151.82451681011,9037.24585608362,6.28034656961761,0.0182164797649205,1,4,4,4
"Same-Sign",2000,141,1,-4378.00057891048,8847.21198733547,8825.72848844925,-8.41853994434911,0.063890203749647,1,3,5,1
"Same-Sign",2000,141,2,-4376.64806385548,8943.3186891995,8898.56139985322,-11.0376511472753,0.0623526673910351,1,3,5,1
"Same-Sign",2000,141,3,-4345.67894077063,8980.19217500386,8912.16109519751,-12.8612415690593,0.0362209434763892,1,3,5,1
"Same-Sign",2000,141,4,-4332.57215713203,9052.79033970071,8961.48546943429,-6.06062049624771,0.0292337041899484,1,3,5,1
"Same-Sign",2000,141,5,-4373.08456648166,9232.62689037401,9118.04822964753,-7.86224508112875,0.0170427237112107,1,3,5,1
"Same-Sign",2000,142,1,-4332.9178371524,8757.04650381931,8735.56300493309,12.717757283918,0.0435236150586158,1,5,3,1
"Same-Sign",2000,142,2,-4328.08724691952,8846.1970553276,8801.43976598132,5.86576858467417,0.00923796493960662,1,5,3,1
"Same-Sign",2000,142,3,-4323.11649534437,8935.06728415135,8867.036204345,-0.470316406925649,0.0135478467226057,1,5,3,1
"Same-Sign",2000,142,4,-4365.18400055164,9118.01402653992,9026.7091562735,9.93521698867627,0.00967459616612414,1,5,3,1
"Same-Sign",2000,142,5,-4309.42780137538,9105.31336016146,8990.73469943498,7.26357800045228,0.0120292107901619,1,5,3,1
"Same-Sign",2000,143,1,-4365.86972961058,8822.95028873566,8801.46678984945,5.54487372752647,0.0476041687369539,2,5,5,5
"Same-Sign",2000,143,2,-4326.2107311987,8842.44402388595,8797.68673453967,1.49510706102688,0.011229048209992,2,5,5,5
"Same-Sign",2000,143,3,-4292.20781488213,8873.24992322686,8805.21884342051,7.13514214459689,0.0532380398251275,2,5,5,5
"Same-Sign",2000,143,4,-4365.60825318357,9118.86253180378,9027.55766153736,-1.64397981187408,0.0379371240721451,2,5,5,5
"Same-Sign",2000,143,5,-4336.91789101907,9160.29353944884,9045.71487872236,1.23231229953954,0.0356284964336961,2,5,5,5
"Same-Sign",2000,144,1,-4387.01604330096,8865.24291611642,8843.75941723021,8.13541905902663,0.0392580991972203,2,4,4,4
"Same-Sign",2000,144,2,-4334.52595408137,8859.07446965128,8814.317180305,12.9994704477979,0.0332276476038203,2,4,4,4
"Same-Sign",2000,144,3,-4375.22358544402,9039.28146435063,8971.25038454428,5.73326251339651,0.0565604747051782,2,4,4,4
"Same-Sign",2000,144,4,-4286.53208800869,8960.71020145402,8869.4053311876,7.4661087879132,0.036620929276464,2,4,4,4
"Same-Sign",2000,144,5,-4316.72961488789,9119.91698718648,9005.33832645999,9.7968357362317,0.0225377473580748,2,4,4,4
"Same-Sign",2000,145,1,-4250.0980169621,8591.4068634387,8569.92336455248,4.0276566911564,0.0764645111576967,1,5,3,1
"Same-Sign",2000,145,2,-4269.57237824561,8729.16731797976,8684.41002863348,4.52909701921278,0.0117544692645424,1,5,3,1
"Same-Sign",2000,145,3,-4390.01473736164,9068.86376818588,9000.83268837953,1.17955376649106,-0.00702234446414291,1,5,3,1
"Same-Sign",2000,145,4,-4340.58959445865,9068.82521435395,8977.52034408754,-7.09165132547072,0.0262695795108604,1,5,3,1
"Same-Sign",2000,145,5,-4328.96618216842,9144.39012174752,9029.81146102104,1.3773706335536,0.0189038814206351,1,5,3,1
"Same-Sign",2000,146,1,-4284.75757890454,8660.72598732358,8639.24248843736,0.470852935098873,0.103103249888493,1,5,2,1
"Same-Sign",2000,146,2,-4324.94151526144,8839.90559201142,8795.14830266514,12.4253514170285,0.0200949595724622,1,5,2,1
"Same-Sign",2000,146,3,-4355.79544577524,9000.42518501308,8932.39410520673,6.66254394156153,0.0171297005310413,1,5,2,1
"Same-Sign",2000,146,4,-4229.50347166703,8846.6529687707,8755.34809850428,-4.82627563733585,0.0436998675555311,1,5,2,1
"Same-Sign",2000,146,5,-4296.18175938631,9078.82127618331,8964.24261545683,10.7940551918104,0.0283395325712036,1,5,2,1
"Same-Sign",2000,147,1,-4286.30413121641,8663.81909194733,8642.33559306112,10.2017607393739,0.0275840733898356,1,3,3,3
"Same-Sign",2000,147,2,-4259.87145314655,8709.76546778165,8665.00817843537,-2.67142825868701,0.0356917654639513,1,3,3,3
"Same-Sign",2000,147,3,-4324.71714930704,8938.26859207667,8870.23751227032,-0.872367248940605,-0.00785437260309495,1,3,3,3
"Same-Sign",2000,147,4,-4336.46548293549,9060.57699130763,8969.27212104121,11.1073722108944,0.0152594015756856,1,3,3,3
"Same-Sign",2000,147,5,-4294.72022843906,9075.89821428881,8961.31955356232,-0.164308922398384,0.00455005902956601,1,3,3,3
"Same-Sign",2000,148,1,-4345.17291333184,8781.55665617819,8760.07315729198,-0.358409328519466,0.0607813988684884,1,5,3,1
"Same-Sign",2000,148,2,-4315.34723780313,8820.7170370948,8775.95974774852,5.54871282523228,0.0185999932337139,1,5,3,1
"Same-Sign",2000,148,3,-4321.23385742056,8931.30200830371,8863.27092849736,-5.21734002394468,0.0342584674722941,1,5,3,1
"Same-Sign",2000,148,4,-4264.48772982491,8916.62148508646,8825.31661482004,11.8994571108234,0.0311409827383295,1,5,3,1
"Same-Sign",2000,148,5,-4297.41182389166,9081.281405194,8966.70274446752,-0.254850276623361,0.0258800147152614,1,5,3,1
"Same-Sign",2000,149,1,-4322.31896114582,8735.84875180615,8714.36525291993,10.5805865955972,0.0512676202095304,2,4,3,2
"Same-Sign",2000,149,2,-4269.40159060604,8728.82574270063,8684.06845335435,6.14063997513353,0.0411892366677288,2,4,3,2
"Same-Sign",2000,149,3,-4290.20908113171,8869.25245572602,8801.22137591967,-0.801838717771075,0.0396630095173549,2,4,3,2
"Same-Sign",2000,149,4,-4247.68780274854,8883.02163093373,8791.71676066732,-2.11346185553095,0.0241160233253707,2,4,3,2
"Same-Sign",2000,149,5,-4292.37683829989,9071.21143401047,8956.63277328399,3.9970617300728,0.0159494053602524,2,4,3,2
"Same-Sign",2000,150,1,-4359.00500883303,8809.22084718057,8787.73734829435,11.7110265415916,0.0714246695261911,2,5,3,2
"Same-Sign",2000,150,2,-4296.86802945633,8783.75862040121,8739.00133105493,3.0926779278054,0.0773777916897344,2,5,3,2
"Same-Sign",2000,150,3,-4328.13861631854,8945.11152609968,8877.08044629333,16.892112313935,-0.00315317082126399,2,5,3,2
"Same-Sign",2000,150,4,-4348.86697975332,9085.37998494329,8994.07511467687,8.07597846684333,0.00165293808174632,2,5,3,2
"Same-Sign",2000,150,5,-4332.88673187623,9152.23122116316,9037.65256043667,11.5829445155234,0.0128194060305384,2,5,3,2
"Same-Sign",2000,151,1,-4246.40258775096,8584.01600501643,8562.53250613021,0.386964146130955,0.0371798843963125,1,4,4,4
"Same-Sign",2000,151,2,-4322.41616034362,8834.8548821758,8790.09759282952,23.7930572297988,0.0352011502149855,1,4,4,4
"Same-Sign",2000,151,3,-4271.0592573917,8830.95280824599,8762.92172843964,11.4304572066838,0.0597325913265111,1,4,4,4
"Same-Sign",2000,151,4,-4328.58569768151,9044.81742079967,8953.51255053325,9.80044920988504,0.0176824476933768,1,4,4,4
"Same-Sign",2000,151,5,-4297.24980523797,9080.95736788663,8966.37870716014,11.9620043875987,0.0120768879687794,1,4,4,4
"Same-Sign",2000,152,1,-4372.26100824311,8835.73284600072,8814.24934711451,10.8889601354217,-0.0164532646819007,2,4,2,2
"Same-Sign",2000,152,2,-4247.58021346456,8685.18298841766,8640.42569907138,-13.7570305392157,0.0629899466464579,2,4,2,2
"Same-Sign",2000,152,3,-4397.48300821791,9083.80030989841,9015.76923009206,5.61152692183622,-0.00159308247600725,2,4,2,2
"Same-Sign",2000,152,4,-4321.98360232062,9031.61323007788,8940.30835981146,7.29082181790094,0.0294744465742306,2,4,2,2
"Same-Sign",2000,152,5,-4284.59945205636,9055.65666152341,8941.07800079693,2.10234085695371,0.012669301104056,2,4,2,2
"Same-Sign",2000,153,1,-4380.07023476074,8851.35129903599,8829.86780014977,14.8428718946715,-0.0151342076109705,1,5,4,1
"Same-Sign",2000,153,2,-4380.5154952586,8951.05355200575,8906.29626265947,18.5836025075189,0.0118570200419163,1,5,4,1
"Same-Sign",2000,153,3,-4391.12251088697,9071.07931523654,9003.04823543019,8.01093400700808,0.0412476134449383,1,5,4,1
"Same-Sign",2000,153,4,-4342.28032452907,9072.2066744948,8980.90180422838,2.31014636724075,0.020947860661023,1,5,4,1
"Same-Sign",2000,153,5,-4313.39899428815,9113.25574598699,8998.67708526051,-0.22165279247455,0.0179960331249863,1,5,4,1
"Same-Sign",2000,154,1,-4370.4184516338,8832.0477327821,8810.56423389589,13.5853273146784,0.036746179873638,1,4,4,4
"Same-Sign",2000,154,2,-4368.3643349678,8926.75123142415,8881.99394207787,5.5608057287004,0.0217085656480815,1,4,4,4
"Same-Sign",2000,154,3,-4324.31972964418,8937.47375275096,8869.44267294461,2.48597691147988,0.0112302821765538,1,4,4,4
"Same-Sign",2000,154,4,-4322.44696476104,9032.53995495873,8941.23508469231,0.789806791185907,0.027327532799827,1,4,4,4
"Same-Sign",2000,154,5,-4340.18980391734,9166.83736524538,9052.2587045189,3.73381898144561,0.0103080387999928,1,4,4,4
"Same-Sign",2000,155,1,-4283.03875943872,8657.28834839194,8635.80484950573,-2.49052306419019,0.0106756452659786,1,5,4,1
"Same-Sign",2000,155,2,-4323.15278197561,8836.32812543977,8791.57083609349,14.7805809322521,0.0195787843102569,1,5,4,1
"Same-Sign",2000,155,3,-4334.59610130686,8958.02649607631,8889.99541626996,-4.95722860094144,0.0455913879336415,1,5,4,1
"Same-Sign",2000,155,4,-4317.20454930657,9022.05512404978,8930.75025378336,6.1383194487807,0.0741852143278169,1,5,4,1
"Same-Sign",2000,155,5,-4332.49930618656,9151.45636978381,9036.87770905733,8.91814532902073,0.014288045557646,1,5,4,1
"Same-Sign",2000,156,1,-4308.38445582336,8707.97974116123,8686.49624227501,-0.455475021470734,0.0817986831459829,1,5,3,1
"Same-Sign",2000,156,2,-4306.38170271378,8802.78596691611,8758.02867756982,-3.55763093032035,0.0440785902848143,1,5,3,1
"Same-Sign",2000,156,3,-4293.4036370624,8875.64156758739,8807.61048778104,6.23311570373696,0.0715979852288181,1,5,3,1
"Same-Sign",2000,156,4,-4355.09892903952,9097.8438835157,9006.53901324928,13.3911718008973,0.0482307003801745,1,5,3,1
"Same-Sign",2000,156,5,-4320.68925113328,9127.83625967725,9013.25759895077,12.1826748788178,-0.00741878032886374,1,5,3,1
"Same-Sign",2000,157,1,-4360.58914927185,8812.38912805821,8790.905629172,-13.1201242171161,0.106805348216563,1,5,3,1
"Same-Sign",2000,157,2,-4342.96575699923,8875.95407548701,8831.19678614073,3.35757907716463,0.0472039087982319,1,5,3,1
"Same-Sign",2000,157,3,-4377.96032672394,9044.75494691048,8976.72386710413,-0.469042022965909,0.0270414466765446,1,5,3,1
"Same-Sign",2000,157,4,-4387.93619629647,9163.51841802958,9072.21354776317,4.0813473024713,0.052577546448114,1,5,3,1
"Same-Sign",2000,157,5,-4359.61303303211,9205.68382347491,9091.10516274842,0.854367357406509,0.0129317976985407,1,5,3,1
"Same-Sign",2000,158,1,-4333.42944742407,8758.06972436265,8736.58622547644,2.45390016632566,0.0234618876587472,1,5,5,5
"Same-Sign",2000,158,2,-4326.27433171452,8842.5712249176,8797.81393557132,16.4489691927083,0.033074201077927,1,5,5,5
"Same-Sign",2000,158,3,-4386.92162748358,9062.67754842976,8994.64646862341,6.74274859393028,0.0227847686455056,1,5,5,5
"Same-Sign",2000,158,4,-4350.12725559132,9087.90053661929,8996.59566635287,11.22396911961,0.0166914777825098,1,5,5,5
"Same-Sign",2000,158,5,-4358.69565508139,9203.84906757348,9089.270406847,7.39180176862492,-0.00598502060259348,1,5,5,5
"Same-Sign",2000,159,1,-4382.63582904765,8856.4824876098,8834.99898872358,8.90260513299502,0.0867965758204878,2,5,4,2
"Same-Sign",2000,159,2,-4306.52751671045,8803.07759490945,8758.32030556317,6.37787931973006,0.00800325849454489,2,5,4,2
"Same-Sign",2000,159,3,-4325.8372527308,8940.5087989242,8872.47771911785,1.72626139165806,0.00425776474475507,2,5,4,2
"Same-Sign",2000,159,4,-4370.46631928689,9128.57866401043,9037.27379374402,10.0991632561843,0.0125535785068982,2,5,4,2
"Same-Sign",2000,159,5,-4352.96352507021,9192.38480755111,9077.80614682462,-0.337267976874453,0.00254847810866515,2,5,4,2
"Same-Sign",2000,160,1,-4314.71474646003,8720.64032243456,8699.15682354834,-0.773127721425123,0.0683994241384045,1,5,2,1
"Same-Sign",2000,160,2,-4427.88396070009,9045.79048288874,9001.03319354246,10.8805013352823,0.0279729707835362,1,5,2,1
"Same-Sign",2000,160,3,-4323.68927427042,8936.21284200343,8868.18176219708,-7.70900945749331,0.0125392189879213,1,5,2,1
"Same-Sign",2000,160,4,-4331.39657055077,9050.43916653819,8959.13429627177,1.02109768705965,0.0393417621354068,1,5,2,1
"Same-Sign",2000,160,5,-4322.35628760431,9131.17033261931,9016.59167189283,-8.00241208236899,0.0200270857037649,1,5,2,1
"Same-Sign",2000,161,1,-4290.37601748994,8671.96286449439,8650.47936560818,13.9004937957385,0.0651436334485296,1,3,5,1
"Same-Sign",2000,161,2,-4393.2956677455,8976.61389697954,8931.85660763326,4.56333226631816,0.0099274816283444,1,3,5,1
"Same-Sign",2000,161,3,-4356.22209113439,9001.27847573139,8933.24739592504,5.29877684467765,0.0219139984223886,1,3,5,1
"Same-Sign",2000,161,4,-4323.33387913228,9034.31378370121,8943.00891343479,5.77223329985024,0.066347878301042,1,3,5,1
"Same-Sign",2000,161,5,-4310.55404634721,9107.56585010512,8992.98718937864,5.89002994222494,-0.0109962508045886,1,3,5,1
"Same-Sign",2000,162,1,-4362.3948915679,8816.00061265031,8794.51711376409,23.7408913109721,0.0487436289123761,1,3,3,3
"Same-Sign",2000,162,2,-4353.0683329299,8896.15922734835,8851.40193800207,4.37616085791738,0.0156954658012502,1,3,3,3
"Same-Sign",2000,162,3,-4381.72166946396,9052.27763239052,8984.24655258417,3.09570895318891,0.0203591550246881,1,3,3,3
"Same-Sign",2000,162,4,-4297.83951140456,8983.32504824576,8892.02017797934,-1.98371063855412,0.0230067204453669,1,3,3,3
"Same-Sign",2000,162,5,-4292.43799481544,9071.33374704157,8956.75508631509,7.56307019784863,0.0416673628161868,1,3,3,3
"Same-Sign",2000,163,1,-4346.47126547867,8784.15336047184,8762.66986158563,3.73168867076831,0.0547675576698205,2,5,3,2
"Same-Sign",2000,163,2,-4275.98957245687,8742.00170640229,8697.24441705601,-6.5717950007999,0.0172749285908116,2,5,3,2
"Same-Sign",2000,163,3,-4346.59316968285,8982.0206328283,8913.98955302195,7.93768405264424,0.0123072836158611,2,5,3,2
"Same-Sign",2000,163,4,-4334.02090195332,9055.68782934328,8964.38295907686,-2.62519318791952,0.0741970028526702,2,5,3,2
"Same-Sign",2000,163,5,-4378.62287291484,9243.70350324038,9129.12484251389,9.68709626020003,0.0137380720010819,2,5,3,2
"Same-Sign",2000,164,1,-4394.04685228234,8879.30453407918,8857.82103519296,-10.1693288282695,0.0798560108823114,2,5,4,2
"Same-Sign",2000,164,2,-4326.68063971321,8843.38384091498,8798.62655156869,-5.12395804085223,0.0698603213502665,2,5,4,2
"Same-Sign",2000,164,3,-4328.61341684329,8946.06112714918,8878.03004734283,5.39483012259853,0.0400110611954531,2,5,4,2
"Same-Sign",2000,164,4,-4335.14064636896,9057.92731817456,8966.62244790814,-4.33330194181485,0.00347586907446319,2,5,4,2
"Same-Sign",2000,164,5,-4369.75555092257,9225.96885925584,9111.39019852935,-5.76826587810006,0.0249947563793851,2,5,4,2
"Same-Sign",2000,165,1,-4318.38563113731,8727.98209178912,8706.4985929029,3.70952767150725,0.0846468032980196,1,5,1,1
"Same-Sign",2000,165,2,-4347.1224978491,8884.26755718675,8839.51026784047,-8.91675318610342,0.0519633951185352,1,5,1,1
"Same-Sign",2000,165,3,-4329.39121170012,8947.61671686283,8879.58563705648,-0.231544762899335,-0.000804485846885365,1,5,1,1
"Same-Sign",2000,165,4,-4309.32230747266,9006.29064038197,8914.98577011555,3.79806188447741,0.033343565802911,1,5,1,1
"Same-Sign",2000,165,5,-4349.4204170792,9185.29859156909,9070.71993084261,4.06425654201011,5.50428888002064e-05,1,5,1,1
"Same-Sign",2000,166,1,-4393.21170674403,8877.63424300257,8856.15074411635,29.860259911058,-0.0150006349092895,3,5,2,2
"Same-Sign",2000,166,2,-4425.6855841255,9041.39372973955,8996.63644039327,6.81840360387733,0.0365043324382713,3,5,2,2
"Same-Sign",2000,166,3,-4291.57215560543,8871.97860467346,8803.94752486711,9.04795018431451,-0.000454875734761674,3,5,2,2
"Same-Sign",2000,166,4,-4383.07331623822,9153.79265791309,9062.48778764667,12.7965807840144,-0.00355270376600209,3,5,2,2
"Same-Sign",2000,166,5,-4356.5340941317,9199.5259456741,9084.94728494762,-3.47357515249455,0.00309673604556482,3,5,2,2
"Same-Sign",2000,167,1,-4403.55512138612,8898.32107228674,8876.83757340053,4.6098265459534,0.029380217467299,2,5,3,2
"Same-Sign",2000,167,2,-4322.44076193232,8834.90408535319,8790.14679600691,-4.02492150219658,0.0749398940770425,2,5,3,2
"Same-Sign",2000,167,3,-4306.14370131235,8901.1216960873,8833.09061628095,-9.97248499850029,0.0483352325277322,2,5,3,2
"Same-Sign",2000,167,4,-4293.52484117713,8974.6957077909,8883.39083752448,0.777827366270693,0.0250155399123274,2,5,3,2
"Same-Sign",2000,167,5,-4286.85641051956,9060.17057844981,8945.59191772333,-0.885450603305768,0.0209241534225319,2,5,3,2
"Same-Sign",2000,168,1,-4268.62619561707,8628.46322074864,8606.97972186242,-8.34401283087083,0.0593371395313833,1,4,4,4
"Same-Sign",2000,168,2,-4332.46610490353,8854.95477129561,8810.19748194933,-2.81069062049412,0.014562511423646,1,4,4,4
"Same-Sign",2000,168,3,-4365.22270054654,9019.27969455567,8951.24861474932,2.88627663705173,0.0304029840657234,1,4,4,4
"Same-Sign",2000,168,4,-4290.02163586463,8967.6892971659,8876.38442689948,3.25530138288741,0.0357898810050748,1,4,4,4
"Same-Sign",2000,168,5,-4363.51943419814,9213.49662580697,9098.91796508049,7.40807968378476,0.0219787343316519,1,4,4,4
"Same-Sign",2000,169,1,-4331.26249662829,8753.73582277108,8732.25232388487,16.3623252906358,0.0501428409492488,1,5,4,1
"Same-Sign",2000,169,2,-4368.90109392655,8927.82474934165,8883.06745999537,14.3974444634855,0.00763192281748837,1,5,4,1
"Same-Sign",2000,169,3,-4348.95209358437,8986.73848063135,8918.707400825,-2.50537917936093,-0.016654045318713,1,5,4,1
"Same-Sign",2000,169,4,-4376.2571838816,9140.16039319984,9048.85552293342,16.6197956220235,0.0231852147229691,1,5,4,1
"Same-Sign",2000,169,5,-4377.1671554659,9240.79206834249,9126.21340761601,9.13891812787494,0.0338519334039019,1,5,4,1
"Same-Sign",2000,170,1,-4290.81582536863,8672.84248025175,8651.35898136554,5.97416036458966,0.0641227773799824,1,5,2,1
"Same-Sign",2000,170,2,-4261.62406288182,8713.27068725218,8668.5133979059,2.16715164552805,0.0170291149143012,1,5,2,1
"Same-Sign",2000,170,3,-4310.57512655517,8909.98454657294,8841.95346676659,5.05126911068972,0.0243986125481065,1,5,2,1
"Same-Sign",2000,170,4,-4274.03054885738,8935.7071231514,8844.40225288498,10.1666472563549,-0.00930884289105807,1,5,2,1
"Same-Sign",2000,170,5,-4290.98410580503,9068.42596902074,8953.84730829426,-0.704744447945866,0.0322284315891847,1,5,2,1
"Same-Sign",2000,171,1,-4296.38826292935,8683.98735537321,8662.503856487,-3.87949994040864,0.0694661054755233,1,5,3,1
"Same-Sign",2000,171,2,-4362.83567808838,8915.6939176653,8870.93662831902,6.26489158678674,0.0437784176779348,1,5,3,1
"Same-Sign",2000,171,3,-4303.30501869785,8895.4443308583,8827.41325105195,-5.40565185721631,0.0238548609956048,1,5,3,1
"Same-Sign",2000,171,4,-4276.7174758286,8941.08097709384,8849.77610682742,2.1720799415272,0.0527707510491677,1,5,3,1
"Same-Sign",2000,171,5,-4321.87118553381,9130.20012847831,9015.62146775183,-8.39250918536547,0.0602894802329759,1,5,3,1
"Same-Sign",2000,172,1,-4396.13985798645,8883.49054548741,8862.00704660119,0.3799285953697,0.10898244034581,3,5,3,3
"Same-Sign",2000,172,2,-4327.03308721524,8844.08873591904,8799.33144657276,0.0999812165625406,0.0801770645981355,3,5,3,3
"Same-Sign",2000,172,3,-4267.11670191259,8823.06769728779,8755.03661748144,-2.43976130823386,0.0321989363884801,3,5,3,3
"Same-Sign",2000,172,4,-4352.50594680723,9092.65791905112,9001.3530487847,-7.98347956963914,0.0508113403639793,3,5,3,3
"Same-Sign",2000,172,5,-4333.36693055337,9153.19161851743,9038.61295779095,13.6473602049624,0.0069662899892396,3,5,3,3
"Same-Sign",2000,173,1,-4375.33144383556,8841.87371718563,8820.39021829942,21.6334870704094,0.0485952332877506,1,5,4,1
"Same-Sign",2000,173,2,-4360.35828942056,8910.73914032968,8865.98185098339,13.6976756804407,0.0235768888759857,1,5,4,1
"Same-Sign",2000,173,3,-4324.77810187679,8938.39049721617,8870.35941740982,-8.78914631961899,0.0387345549103856,1,5,4,1
"Same-Sign",2000,173,4,-4333.75508033078,9055.1561860982,8963.85131583179,11.6001714241248,0.0153376677531808,1,5,4,1
"Same-Sign",2000,173,5,-4368.58366096432,9223.62507933934,9109.04641861286,13.1514314538602,0.00887448573545278,1,5,4,1
"Same-Sign",2000,174,1,-4414.79201316823,8920.79485585097,8899.31135696475,10.4220056257621,0.0492890031691394,2,5,3,2
"Same-Sign",2000,174,2,-4355.74297925918,8901.50852000692,8856.75123066064,9.43341229203745,0.0344203539640949,2,5,3,2
"Same-Sign",2000,174,3,-4352.55669777821,8993.94768901902,8925.91660921267,-0.974682425949586,0.0246808764070519,2,5,3,2
"Same-Sign",2000,174,4,-4318.76993554277,9025.18589652218,8933.88102625576,6.39003891210338,0.0173454944295491,2,5,3,2
"Same-Sign",2000,174,5,-4287.77053028023,9061.99881797116,8947.42015724467,2.83067822531937,0.0435120077114951,2,5,3,2
"Same-Sign",2000,175,1,-4288.12526180367,8667.46135312184,8645.97785423563,15.6296884465083,-0.0139737437020696,1,4,3,1
"Same-Sign",2000,175,2,-4324.64494583111,8839.31245315077,8794.55516380449,17.9690287507291,0.00619464738879995,1,4,3,1
"Same-Sign",2000,175,3,-4314.1018883904,8917.0380702434,8849.00699043705,11.6038955889235,0.0216191348698245,1,4,3,1
"Same-Sign",2000,175,4,-4307.66446163676,9002.97494871017,8911.67007844375,11.381768970998,0.0138880439398102,1,4,3,1
"Same-Sign",2000,175,5,-4339.48813055823,9165.43401852716,9050.85535780067,12.8380900211875,0.0180007931460495,1,4,3,1
"Same-Sign",2000,176,1,-4300.80934038923,8692.82951029297,8671.34601140675,3.01509502501099,0.045055638341119,1,5,2,1
"Same-Sign",2000,176,2,-4313.17556687373,8816.373695236,8771.61640588972,1.08583736006663,0.0241640972103323,1,5,2,1
"Same-Sign",2000,176,3,-4343.10360771767,8975.04150889794,8907.01042909159,5.67347483568032,0.0202743242689163,1,5,2,1
"Same-Sign",2000,176,4,-4391.04773014482,9169.74148572628,9078.43661545986,-2.67272132417836,0.038440924095245,1,5,2,1
"Same-Sign",2000,176,5,-4318.28263565092,9123.02302871254,9008.44436798606,2.3506285476467,0.030347821136632,1,5,2,1
"Same-Sign",2000,177,1,-4345.65193376647,8782.51469704745,8761.03119816124,-2.79326159223817,0.0801367918017479,2,3,3,3
"Same-Sign",2000,177,2,-4295.62855818078,8781.27967785011,8736.52238850383,8.04781864067054,0.040349787141817,2,3,3,3
"Same-Sign",2000,177,3,-4342.8031729898,8974.4406394422,8906.40955963585,7.28837829298396,0.0102485792144528,2,3,3,3
"Same-Sign",2000,177,4,-4273.92087946761,8935.48778437186,8844.18291410545,-0.898230110041811,0.0103041599317283,2,3,3,3
"Same-Sign",2000,177,5,-4351.6123788129,9189.68251503649,9075.10385431001,-1.68308458364429,-0.00137047189426761,2,3,3,3
"Same-Sign",2000,178,1,-4402.41034041115,8896.03151033681,8874.5480114506,15.4346425455354,0.0338657596875769,3,5,3,3
"Same-Sign",2000,178,2,-4443.72846606585,9077.47949362026,9032.72220427398,1.75356737704992,0.0195787966086498,3,5,3,3
"Same-Sign",2000,178,3,-4319.22198086704,8927.27825519669,8859.24717539034,-5.48312393864802,0.0281918774399428,3,5,3,3
"Same-Sign",2000,178,4,-4302.01747912209,8991.68098368083,8900.37611341441,-0.0162125570857433,0.0281600265445726,3,5,3,3
"Same-Sign",2000,178,5,-4360.43075316228,9207.31926373526,9092.74060300878,-3.60044450820474,0.0148096502439159,3,5,3,3
"Same-Sign",2000,179,1,-4300.39559738271,8692.00202427993,8670.51852539371,12.4796993628707,0.0501932715554543,1,5,2,1
"Same-Sign",2000,179,2,-4367.30358148877,8924.6297244661,8879.87243511982,6.38905990047541,-0.0115613659011619,1,5,2,1
"Same-Sign",2000,179,3,-4340.39813558534,8969.63056463327,8901.59948482692,-7.26555659190539,0.0839580737396474,1,5,2,1
"Same-Sign",2000,179,4,-4327.08044003426,9041.80690550517,8950.50203523875,10.7352352639921,0.012048571720989,1,5,2,1
"Same-Sign",2000,179,5,-4379.40197979408,9245.26171699884,9130.68305627236,2.72326335367157,0.0437683636140096,1,5,2,1
"Same-Sign",2000,180,1,-4290.61508843389,8672.44100638228,8650.95750749607,-4.61110281832817,0.107318303497086,1,3,4,1
"Same-Sign",2000,180,2,-4301.3590314223,8792.74062433315,8747.98333498687,-3.90845931790216,0.0699680544238011,1,3,4,1
"Same-Sign",2000,180,3,-4292.64974290211,8874.13377926683,8806.10269946048,-4.34795108315937,0.040047072185632,1,3,4,1
"Same-Sign",2000,180,4,-4363.96601156676,9115.57804857016,9024.27317830375,4.13469487971468,0.0404361616823679,1,3,4,1
"Same-Sign",2000,180,5,-4358.02749117135,9202.51273975339,9087.93407902691,1.87250536122996,0.0103956203492856,1,3,4,1
"Same-Sign",2000,181,1,-4350.5408709295,8792.2925713735,8770.80907248729,5.68227643630472,0.0867421637450641,2,5,2,2
"Same-Sign",2000,181,2,-4281.46742585223,8752.95741319301,8708.20012384673,5.4689215124081,0.0344714662576238,2,5,2,2
"Same-Sign",2000,181,3,-4326.89032986899,8942.61495320058,8874.58387339423,-4.72432056264414,0.0378310855952656,2,5,2,2
"Same-Sign",2000,181,4,-4398.38302507945,9184.41207559554,9093.10720532912,-0.8435505301624,0.0639837960799633,2,5,2,2
"Same-Sign",2000,181,5,-4243.27694753756,8973.01165248581,8858.43299175933,2.95567671791722,0.0374620990512409,2,5,2,2
"Same-Sign",2000,182,1,-4269.98639089197,8631.18361129844,8609.70011241223,0.102806122307288,0.0957784329596441,1,3,5,1
"Same-Sign",2000,182,2,-4330.67465703944,8851.37187556743,8806.61458622115,-1.29874343217591,0.0719882641243054,1,3,5,1
"Same-Sign",2000,182,3,-4382.64621292157,9054.12671930573,8986.09563949938,-1.81739360084377,0.0461352938808869,1,3,5,1
"Same-Sign",2000,182,4,-4353.26395925739,9094.17394395143,9002.86907368501,5.68386691196066,0.0504742236337875,1,3,5,1
"Same-Sign",2000,182,5,-4320.05402727408,9126.56581195885,9011.98715123237,3.17573643561734,0.016602000323076,1,3,5,1
"Same-Sign",2000,183,1,-4397.33576617577,8885.88236186604,8864.39886297982,-3.34895371128474,0.0957694982587848,2,5,5,5
"Same-Sign",2000,183,2,-4311.41440584272,8812.85137317398,8768.0940838277,3.3448350444519,0.0389059086625595,2,5,5,5
"Same-Sign",2000,183,3,-4371.46066705627,9031.75562757515,8963.7245477688,-3.52189007432793,0.0512836859924827,2,5,5,5
"Same-Sign",2000,183,4,-4342.46461221545,9072.57524986755,8981.27037960114,0.899723653832241,0.0393083875641198,2,5,5,5
"Same-Sign",2000,183,5,-4323.09177210462,9132.64130161994,9018.06264089346,4.08821069925859,0.021053632412803,2,5,5,5
"Same-Sign",2000,184,1,-4327.07758441679,8745.36599834808,8723.88249946187,11.012767172223,0.0377058870964653,1,5,5,5
"Same-Sign",2000,184,2,-4299.37967565467,8788.78191279789,8744.02462345161,21.5411260771531,0.0400450214506277,1,5,5,5
"Same-Sign",2000,184,3,-4353.411032327,8995.65635811661,8927.62527831026,8.78652707593452,0.011115698191257,1,5,5,5
"Same-Sign",2000,184,4,-4359.71814292206,9107.08231128077,9015.77744101436,19.3825321019673,0.044768796274697,1,5,5,5
"Same-Sign",2000,184,5,-4341.18306805025,9168.82389351119,9054.24523278471,10.7767173598994,0.0261779660383645,1,5,5,5
"Same-Sign",2000,185,1,-4292.12414836656,8675.45912624762,8653.97562736141,11.615357103606,0.0154274468682946,1,5,5,5
"Same-Sign",2000,185,2,-4319.61542885885,8829.25341920625,8784.49612985997,15.9577971289878,0.0989094920313611,1,5,5,5
"Same-Sign",2000,185,3,-4344.95324492085,8978.74078330431,8910.70970349796,4.8981618211536,0.0211112483412677,1,5,5,5
"Same-Sign",2000,185,4,-4303.33052520811,8994.30707585286,8903.00220558644,11.3395839792979,-0.000275057378534958,1,5,5,5
"Same-Sign",2000,185,5,-4393.70171667271,9273.86119075612,9159.28253002964,5.93191483939218,0.0134247769274547,1,5,5,5
"Same-Sign",2000,186,1,-4361.48982860175,8814.19048671801,8792.7069878318,13.15589071709,0.0547161846769882,2,4,4,4
"Same-Sign",2000,186,2,-4306.58380064493,8803.19016277842,8758.43287343213,1.34366267595208,0.000718443050224225,2,4,4,4
"Same-Sign",2000,186,3,-4366.65585620656,9022.14600587572,8954.11492606937,12.5643873028176,0.00974094034796505,2,4,4,4
"Same-Sign",2000,186,4,-4293.0037931375,8973.65361171164,8882.34874144522,13.8106964966506,0.00920441693699806,2,4,4,4
"Same-Sign",2000,186,5,-4333.84229500648,9154.14234742366,9039.56368669718,2.38450279103657,0.0371610309140962,2,4,4,4
"Same-Sign",2000,187,1,-4375.54091480402,8842.29265912254,8820.80916023633,3.67811520166793,0.060084384697357,1,5,3,1
"Same-Sign",2000,187,2,-4363.79036770075,8917.60329689005,8872.84600754377,-0.598125031092143,0.0184079238933893,1,5,3,1
"Same-Sign",2000,187,3,-4316.70985015538,8922.25399377336,8854.22291396701,10.0638627489203,0.0462256618514356,1,5,3,1
"Same-Sign",2000,187,4,-4288.92912233399,8965.50427010462,8874.1993998382,-2.38091504876982,0.0104722157422716,1,5,3,1
"Same-Sign",2000,187,5,-4392.90657864815,9272.270914707,9157.69225398052,-1.26510559995882,0.00856900495501784,1,5,3,1
"Same-Sign",2000,188,1,-4289.22338506596,8669.65759964643,8648.17410076021,-3.6148433941688,0.0774804375162264,1,5,1,1
"Same-Sign",2000,188,2,-4305.2777463578,8800.57805420415,8755.82076485787,12.920341453637,0.0566934781088026,1,5,1,1
"Same-Sign",2000,188,3,-4305.39224351439,8899.61878049138,8831.58770068503,-10.8010676371478,0.0504889407982235,1,5,1,1
"Same-Sign",2000,188,4,-4383.52599632829,9154.69801809322,9063.39314782681,5.43064712917168,0.0141622243101334,1,5,1,1
"Same-Sign",2000,188,5,-4317.72467413789,9121.90710568647,9007.32844495999,7.97947812360977,0.0226633984582044,1,5,1,1
"Same-Sign",2000,189,1,-4316.04778458548,8723.30639868547,8701.82289979925,9.05603442029857,0.0581436993738055,1,4,4,4
"Same-Sign",2000,189,2,-4289.60549613059,8769.23355374974,8724.47626440345,8.12495219566015,0.0796165962420881,1,4,4,4
"Same-Sign",2000,189,3,-4313.00207093663,8914.83843533586,8846.80735552951,5.90825431450669,0.0146260807784178,1,4,4,4
"Same-Sign",2000,189,4,-4298.33445481752,8984.31493507168,8893.01006480527,4.85995712229808,0.0215606993689637,1,4,4,4
"Same-Sign",2000,189,5,-4335.37137988583,9157.20051718235,9042.62185645587,12.8927066487165,0.00856388347569956,1,4,4,4
"Same-Sign",2000,190,1,-4339.86624727588,8770.94332406627,8749.45982518005,-10.9300428154115,0.0709783256702358,1,3,3,3
"Same-Sign",2000,190,2,-4344.62567703236,8879.27391555328,8834.516626207,-1.01665228978688,0.0561059442898704,1,3,3,3
"Same-Sign",2000,190,3,-4327.9209600178,8944.67621349819,8876.64513369184,-2.52253858327294,0.038469577512343,1,3,3,3
"Same-Sign",2000,190,4,-4304.02941276237,8995.70485096139,8904.39998069497,-6.27567837842248,0.0366826003746939,1,3,3,3
"Same-Sign",2000,190,5,-4283.78328819316,9054.02433379702,8939.44567307054,-1.60014950785677,0.0117355250243132,1,3,3,3
"Same-Sign",2000,191,1,-4308.10891347502,8707.42865646455,8685.94515757833,1.58965795003984,0.0571908774213429,1,5,3,1
"Same-Sign",2000,191,2,-4325.0032925958,8840.02914668015,8795.27185733387,6.61021903262117,0.0413535692516937,1,5,3,1
"Same-Sign",2000,191,3,-4322.23636347374,8933.30702041008,8865.27594060373,-0.960634824626247,0.0430652226521866,1,5,3,1
"Same-Sign",2000,191,4,-4276.21106095301,8940.06814734268,8848.76327707626,-3.65564568249905,0.0414572359196152,1,5,3,1
"Same-Sign",2000,191,5,-4324.25593313917,9134.96962368904,9020.39096296256,5.28267617425997,0.0579906818204587,1,5,3,1
"Same-Sign",2000,192,1,-4330.362204488,8751.93523849051,8730.45173960429,16.7288894826696,-0.000461648649768193,3,5,1,1
"Same-Sign",2000,192,2,-4332.88866451702,8855.7998905226,8811.04260117631,9.83702560163712,0.0273334012474161,3,5,1,1
"Same-Sign",2000,192,3,-4249.31886928765,8787.47203203789,8719.44095223154,1.46122356311347,0.0371264798890483,3,5,1,1
"Same-Sign",2000,192,4,-4343.72562918143,9075.0972837995,8983.79241353308,-0.728002887109411,0.0163286914337138,3,5,1,1
"Same-Sign",2000,192,5,-4279.82652372061,9046.11080485191,8931.53214412543,2.8802198942467,0.00458601841060148,3,5,1,1
"Same-Sign",2000,193,1,-4285.16899621778,8661.54882195006,8640.06532306384,4.29009733384287,0.0695002653911874,1,5,3,1
"Same-Sign",2000,193,2,-4426.74695772567,9043.51647693989,8998.75918759361,17.9092770122673,-0.0048605694837874,1,5,3,1
"Same-Sign",2000,193,3,-4328.90498260215,8946.64425866691,8878.61317886056,-0.237369493947542,0.000673116562562826,1,5,3,1
"Same-Sign",2000,193,4,-4348.57643210519,9084.79888964703,8993.49401938061,-3.93853663572191,0.0313869425499953,1,5,3,1
"Same-Sign",2000,193,5,-4360.8940243193,9208.2458060493,9093.66714532281,6.72646362733909,0.0457062632195072,1,5,3,1
"Same-Sign",2000,194,1,-4304.68935802482,8700.58954556415,8679.10604667793,9.99478502512858,0.102901923116435,1,5,1,1
"Same-Sign",2000,194,2,-4359.53669181682,8909.09594512219,8864.33865577591,-4.42368861965358,0.0630743798507514,1,5,1,1
"Same-Sign",2000,194,3,-4285.47181243256,8859.77791832772,8791.74683852137,-8.76666177071924,0.0391550387110426,1,5,1,1
"Same-Sign",2000,194,4,-4401.59414333596,9190.83431210857,9099.52944184215,-5.62942743121307,0.0206981317031175,1,5,1,1
"Same-Sign",2000,194,5,-4260.55238185742,9007.56252112553,8892.98386039905,-2.75035629594717,0.0722092410624092,1,5,1,1
"Same-Sign",2000,195,1,-4285.11347185077,8661.43777321604,8639.95427432983,5.1510076177922,0.0175187616595125,1,5,2,1
"Same-Sign",2000,195,2,-4324.40725165715,8838.83706480285,8794.07977545657,-2.49893932719835,-0.000571199545270685,1,5,2,1
"Same-Sign",2000,195,3,-4332.13640964024,8953.10711274308,8885.07603293673,1.56928260675164,0.0237698452145208,1,5,2,1
"Same-Sign",2000,195,4,-4387.65058044856,9162.94718633377,9071.64231606735,10.4377596020305,0.00146738632856928,1,5,2,1
"Same-Sign",2000,195,5,-4303.63145743763,9093.72067228595,8979.14201155947,7.25721219846213,-0.0149834812393119,1,5,2,1
"Same-Sign",2000,196,1,-4301.20123131378,8693.61329214206,8672.12979325584,0.229598519460579,0.00482601610151259,1,4,3,1
"Same-Sign",2000,196,2,-4315.63281317837,8821.2881878453,8776.53089849901,1.41854621378486,0.0261165102607457,1,4,3,1
"Same-Sign",2000,196,3,-4284.56366474827,8857.96162295913,8789.93054315278,-2.70348965830313,0.00418773254126376,1,4,3,1
"Same-Sign",2000,196,4,-4291.05010575535,8969.74623694734,8878.44136668092,-1.54712353938318,0.034066021416551,1,4,3,1
"Same-Sign",2000,196,5,-4345.45763063735,9177.3730186854,9062.79435795892,-5.05275834465716,0.0376508375862481,1,4,3,1
"Same-Sign",2000,197,1,-4380.21751530243,8851.64586011936,8830.16236123315,1.76207758779524,0.160470830625346,2,5,2,2
"Same-Sign",2000,197,2,-4294.74737359875,8779.51730868606,8734.76001933978,10.5460730160714,0.010558317456109,2,5,2,2
"Same-Sign",2000,197,3,-4322.57662913116,8933.98755172493,8865.95647191858,-4.86107933881282,0.0394617518139311,2,5,2,2
"Same-Sign",2000,197,4,-4273.74805486234,8935.14213516133,8843.83726489491,4.69241106097812,0.00961764528807596,2,5,2,2
"Same-Sign",2000,197,5,-4307.65666796616,9101.77109334302,8987.19243261654,-3.45371569077602,0.0456972070784669,2,5,2,2
"Same-Sign",2000,198,1,-4436.20249445084,8963.61581841619,8942.13231952998,3.31463749692272,0.0691200271240429,2,5,1,1
"Same-Sign",2000,198,2,-4291.70414583815,8773.43085316485,8728.67356381857,6.08413946887727,0.0347372722121189,2,5,1,1
"Same-Sign",2000,198,3,-4304.43239951646,8897.69909249551,8829.66801268916,-6.09177559335986,0.0341515299922956,2,5,1,1
"Same-Sign",2000,198,4,-4283.79785636993,8955.24173817651,8863.93686791009,1.45918674412052,0.00761511177356121,2,5,1,1
"Same-Sign",2000,198,5,-4264.23748894942,9014.93273530953,8900.35407458305,-0.322972366597037,0.0397706950614841,2,5,1,1
"Same-Sign",2000,199,1,-4354.39276504903,8799.99635961256,8778.51286072635,-9.67824668367709,0.080312922584203,3,5,3,3
"Same-Sign",2000,199,2,-4314.54747480466,8819.11751109786,8774.36022175158,13.0261615094076,0.0159393431057447,3,5,3,3
"Same-Sign",2000,199,3,-4271.7363744423,8832.3070423472,8764.27596254085,-4.07619547809854,0.031086294932041,3,5,3,3
"Same-Sign",2000,199,4,-4304.46432977012,8996.57468497689,8905.26981471047,1.23679980670682,-0.0136088329500809,3,5,3,3
"Same-Sign",2000,199,5,-4350.24993837262,9186.95763415593,9072.37897342945,-6.87212791659966,0.0438732247537208,3,5,3,3
"Same-Sign",2000,200,1,-4324.47453240806,8740.15989433062,8718.67639544441,4.18606376038216,-0.0401955827159781,2,3,4,2
"Same-Sign",2000,200,2,-4266.50969731144,8723.04195611144,8678.28466676516,-0.154098715260155,0.0266871748584713,2,3,4,2
"Same-Sign",2000,200,3,-4307.48370953451,8903.80171253162,8835.77063272527,-0.905929978896845,0.0160747335814921,2,3,4,2
"Same-Sign",2000,200,4,-4281.17146957577,8949.98896458819,8858.68409432177,-5.10236607982904,0.0301408942929427,2,3,4,2
"Same-Sign",2000,200,5,-4344.45325713777,9175.36427168624,9060.78561095975,7.84274000588123,0.0199191287139612,2,3,4,2
"Same-Sign",10000,1,1,-21293.6888769023,42697.9018382682,42661.3270767073,-8.62119007158702,0.0818343924645886,1,5,5,5
"Same-Sign",10000,1,2,-22060.675260781,44351.6090308614,44275.4116109428,21.3776149952908,0.0408343630104558,1,5,5,5
"Same-Sign",10000,1,3,-21961.2767909342,44272.5465160035,44156.7264377272,9.3162347864513,0.0162787939737599,1,5,5,5
"Same-Sign",10000,1,4,-21621.6454996446,43713.01835826,43557.575621626,2.00809123665674,0.0358683418169718,1,5,5,5
"Same-Sign",10000,1,5,-21703.7093282798,43996.8804403661,43801.8150453746,-1.06920639807886,0.0244857274484528,1,5,5,5
"Same-Sign",10000,2,1,-21689.1786626356,43488.881409735,43452.3066481741,7.79174949425079,0.113657487678155,5,5,2,5
"Same-Sign",10000,2,2,-21552.9734053763,43336.205320052,43260.0079001334,5.80379049046279,0.0794695564088765,5,5,2,5
"Same-Sign",10000,2,3,-21823.1905736247,43996.3740813846,43880.5540031083,13.8396301603473,0.0203642491966926,5,5,2,5
"Same-Sign",10000,2,4,-21417.3717767162,43304.4709124031,43149.0281757692,1.82105063534039,0.0412433461358843,5,5,2,5
"Same-Sign",10000,2,5,-21250.147825863,43089.7574355324,42894.6920405408,4.48306461086426,0.0142683506036868,5,5,2,5
"Same-Sign",10000,3,1,-21340.0902802464,42790.7046449565,42754.1298833956,4.37085982719578,0.00208139794956198,1,5,2,1
"Same-Sign",10000,3,2,-21989.0239266721,44208.3063626437,44132.1089427251,14.7696626813573,-0.0155623452361286,1,5,2,1
"Same-Sign",10000,3,3,-21679.9375121205,43709.867958376,43594.0478800998,8.36738670954056,-0.0193871134783304,1,5,2,1
"Same-Sign",10000,3,4,-21778.8560254374,44027.4394098457,43871.9966732118,4.79170253342383,0.0308640618827395,1,5,2,1
"Same-Sign",10000,3,5,-21423.1753709063,43435.8125256191,43240.7471306275,1.12197968792274,0.025920630808417,1,5,2,1
"Same-Sign",10000,4,1,-21670.3564979631,43451.23708039,43414.6623188291,3.70560433464248,0.00513166562648816,3,5,3,3
"Same-Sign",10000,4,2,-21455.8576323469,43141.9737739932,43065.7763540746,-12.6260658613846,0.0242015159123811,3,5,3,3
"Same-Sign",10000,4,3,-21411.6032414691,43173.1994170732,43057.379338797,-2.21246178727836,0.019944457262059,3,5,3,3
"Same-Sign",10000,4,4,-21906.8295389026,44283.386436776,44127.943700142,3.30581471846187,0.0258795102723416,3,5,3,3
"Same-Sign",10000,4,5,-22029.6530959759,44648.7679757583,44453.7025807667,7.01469300706218,0.0292075887081062,3,5,3,3
"Same-Sign",10000,5,1,-21487.0667881942,43084.6576608521,43048.0828992912,3.01447678612663,0.0540528122353691,2,5,4,2
"Same-Sign",10000,5,2,-21351.4232818862,42933.1050730718,42856.9076531532,6.4532990243873,-0.00971010994554462,2,5,4,2
"Same-Sign",10000,5,3,-21936.979125331,44223.9511847971,44108.1311065208,14.5160230176909,0.0226686344725822,2,5,4,2
"Same-Sign",10000,5,4,-21668.773748353,43807.2748556767,43651.8321190428,6.12237414912884,0.0149355769637648,2,5,4,2
"Same-Sign",10000,5,5,-21774.3394215143,44138.1406268351,43943.0752318435,7.30766295766865,0.0305597080814665,2,5,4,2
"Same-Sign",10000,6,1,-21742.5539364652,43595.6319573942,43559.0571958333,10.5452100119236,0.111944712916869,2,5,2,2
"Same-Sign",10000,6,2,-21601.5612463961,43433.3810020917,43357.1835821731,-7.4890580008719,0.0360148729940364,2,5,2,2
"Same-Sign",10000,6,3,-21750.3098920652,43850.6127182655,43734.7926399893,13.994641420498,0.0653214324567781,2,5,2,2
"Same-Sign",10000,6,4,-21802.2858889465,44074.2991368637,43918.8564002298,18.2175289735294,0.0307563564257423,2,5,2,2
"Same-Sign",10000,6,5,-21985.6187189942,44560.6992217949,44365.6338268033,4.63838255011138,0.0126680269070675,2,5,2,2
"Same-Sign",10000,7,1,-21958.3781136309,44027.2803117256,43990.7055501646,10.1144838863311,0.11629209059035,4,5,4,4
"Same-Sign",10000,7,2,-21755.6621017141,43741.5827127275,43665.3852928089,18.1614823986784,0.0269431481676396,4,5,4,4
"Same-Sign",10000,7,3,-22076.2188979072,44502.4307299496,44386.6106516733,9.28659110196676,0.019000572881515,4,5,4,4
"Same-Sign",10000,7,4,-21670.4412958927,43810.6099507562,43655.1672141223,11.4974461378944,0.0142226814893448,4,5,4,4
"Same-Sign",10000,7,5,-21798.5025183638,44186.4668205341,43991.4014255425,-3.86678356831934,0.0245770085941861,4,5,4,4
"Same-Sign",10000,8,1,-21673.7391558275,43458.0023961186,43421.4276345577,3.65409246191337,0.0209145684901935,2,4,4,4
"Same-Sign",10000,8,2,-21464.0989539039,43158.4564171073,43082.2589971887,1.53956327754306,0.0262335440281505,2,4,4,4
"Same-Sign",10000,8,3,-21620.4185851709,43590.8301044769,43475.0100262007,6.36326184946543,0.0199437295559396,2,4,4,4
"Same-Sign",10000,8,4,-21504.7108632617,43479.1490854942,43323.7063488603,6.48501051975951,0.00978196161372163,2,4,4,4
"Same-Sign",10000,8,5,-21986.9035811109,44563.2689460282,44368.2035510366,3.59892075792688,-0.00686446740983182,2,4,4,4
"Same-Sign",10000,9,1,-22015.4555899683,44141.4352644003,44104.8605028394,7.72718933130583,0.0779552263999955,3,5,2,2
"Same-Sign",10000,9,2,-21616.5430698228,43463.344648945,43387.1472290264,-3.40178843478621,0.0577129443670185,3,5,2,2
"Same-Sign",10000,9,3,-21498.4394835723,43346.8719012796,43231.0518230034,2.15333886565833,0.0469947693346046,3,5,2,2
"Same-Sign",10000,9,4,-21511.8669782009,43493.4613153725,43338.0185787386,8.50270003263192,0.0454944594138488,3,5,2,2
"Same-Sign",10000,9,5,-21496.2019361913,43581.8656561892,43386.8002611976,6.53427888553091,0.0179800060816569,3,5,2,2
"Same-Sign",10000,10,1,-21518.1647545406,43146.853593545,43110.2788319841,9.49622468328401,0.0472379526055689,4,5,4,4
"Same-Sign",10000,10,2,-21783.2307186932,43796.7199466857,43720.5225267671,-0.252255929598655,0.0548641265414137,4,5,4,4
"Same-Sign",10000,10,3,-21786.8508384273,43923.6946109896,43807.8745327134,1.79725773141996,0.0229291815204717,4,5,4,4
"Same-Sign",10000,10,4,-21315.3775436985,43100.4824463677,42945.0397097338,-0.866109416073014,0.0201822468002931,4,5,4,4
"Same-Sign",10000,10,5,-21850.3461454365,44290.1540746795,44095.0886796879,-3.7275695753716,0.0232567344326037,4,5,4,4
"Same-Sign",10000,11,1,-21613.1639036666,43336.8518917969,43300.277130236,6.35963312479858,0.0787990731588972,1,5,3,1
"Same-Sign",10000,11,2,-21801.436325319,43833.1311599374,43756.9337400188,9.61589433394629,0.0117918269556415,1,5,3,1
"Same-Sign",10000,11,3,-21663.3741352598,43676.7412046546,43560.9211263784,-11.9369453231105,0.0193011475282417,1,5,3,1
"Same-Sign",10000,11,4,-21642.790224664,43755.3078082987,43599.8650716648,8.10124280948482,0.0305641413745619,1,5,3,1
"Same-Sign",10000,11,5,-21882.6090698802,44354.6799235668,44159.6145285752,7.95211428526905,0.0235473753979434,1,5,3,1
"Same-Sign",10000,12,1,-21443.0409447451,42996.6059739538,42960.0312123929,4.67131971415635,0.0382069886728991,2,3,4,2
"Same-Sign",10000,12,2,-21302.4677714023,42835.194052104,42758.9966321854,-2.10219226781199,0.0477268389342325,2,3,4,2
"Same-Sign",10000,12,3,-21349.0044766421,43048.0018874193,42932.1818091431,-0.900836741310985,0.0554005165473112,2,3,4,2
"Same-Sign",10000,12,4,-21466.0440407017,43401.8154403742,43246.3727037403,5.52276308396226,0.0289927834430431,2,3,4,2
"Same-Sign",10000,12,5,-21632.4427683729,43854.3473205522,43659.2819255606,6.51226728213578,0.0312551213158559,2,3,4,2
"Same-Sign",10000,13,1,-21467.9595980578,43046.4432805794,43009.8685190184,0.932304023730716,0.124133712419682,1,5,3,1
"Same-Sign",10000,13,2,-21613.4503375992,43457.1591844977,43380.9617645791,4.25672239478943,-0.0255816584490799,1,5,3,1
"Same-Sign",10000,13,3,-21545.2605536317,43440.5140413985,43324.6939631222,-5.12117745278564,0.00996908644727602,1,5,3,1
"Same-Sign",10000,13,4,-21602.6340590488,43674.9954770683,43519.5527404344,8.46669608300668,0.00696307054754169,1,5,3,1
"Same-Sign",10000,13,5,-21473.7737892495,43537.0093623054,43341.9439673138,1.76278424291077,0.0054143109017092,1,5,3,1
"Same-Sign",10000,14,1,-21246.53075754,42603.5855995438,42567.0108379829,1.54863673595869,-0.00112521426595773,1,4,4,4
"Same-Sign",10000,14,2,-21792.4083969978,43815.0753032951,43738.8778833765,-5.54755682359875,0.0671637657163443,1,4,4,4
"Same-Sign",10000,14,3,-21665.7396089984,43681.472152132,43565.6520738557,-1.44163036892027,0.0424859587390828,1,4,4,4
"Same-Sign",10000,14,4,-21740.9656382403,43951.6586354513,43796.2158988174,-2.61554175584762,0.0273927162555341,1,4,4,4
"Same-Sign",10000,14,5,-21534.0445907459,43657.5509652984,43462.4855703068,7.63840667629214,0.0196184170911052,1,4,4,4
"Same-Sign",10000,15,1,-21448.9482620178,43008.4206084993,42971.8458469384,6.28696165437784,0.0338241240101217,1,5,4,1
"Same-Sign",10000,15,2,-21632.6461784692,43495.5508662377,43419.3534463191,12.433461910158,0.0233600802714448,1,5,4,1
"Same-Sign",10000,15,3,-21642.1840325481,43634.3609992313,43518.5409209551,9.1355064393219,0.0534925984853401,1,5,4,1
"Same-Sign",10000,15,4,-21617.7684216569,43705.2642022847,43549.8214656507,2.00035438376997,0.0273932332446305,1,5,4,1
"Same-Sign",10000,15,5,-21959.4795335783,44508.420850963,44313.3554559714,-5.21306308590578,0.0189252523856016,1,5,4,1
"Same-Sign",10000,16,1,-21686.8162884096,43484.1566612829,43447.581899722,6.48397888441783,0.0498244524090649,3,4,2,2
"Same-Sign",10000,16,2,-22026.5658785434,44283.3902663862,44207.1928464676,17.2812044268312,0.00773768463568828,3,4,2,2
"Same-Sign",10000,16,3,-21579.2099606266,43508.4128553883,43392.5927771121,10.8305113883402,0.0232039102217034,3,4,2,2
"Same-Sign",10000,16,4,-21838.7700427933,44147.2674445573,43991.8247079234,10.650403698275,0.0165355776442874,3,4,2,2
"Same-Sign",10000,16,5,-21610.4040590075,43810.2699018215,43615.2045068299,4.49133985715585,0.0114745904093249,3,4,2,2
"Same-Sign",10000,17,1,-21702.3716577457,43515.2673999551,43478.6926383942,3.2948626618498,0.125009580500322,3,5,3,3
"Same-Sign",10000,17,2,-21850.9267080431,43932.1119253857,43855.9145054671,0.388505636473858,0.0277439387549773,3,5,3,3
"Same-Sign",10000,17,3,-21349.0144975775,43048.0219292902,42932.2018510139,10.6535471128801,0.0454509624197156,3,5,3,3
"Same-Sign",10000,17,4,-21561.5306985587,43592.7887560881,43437.3460194542,-3.7589390023771,0.0547457605566596,3,5,3,3
"Same-Sign",10000,17,5,-21444.9987803542,43479.4593445148,43284.3939495232,2.15484865980897,0.0141084832521423,3,5,3,3
"Same-Sign",10000,18,1,-21289.5490845593,42689.6222535823,42653.0474920214,-12.6159916363856,0.110312565231814,1,5,2,1
"Same-Sign",10000,18,2,-21400.6808884207,43031.6202861409,42955.4228662223,0.417386473435866,0.0421244822954785,1,5,2,1
"Same-Sign",10000,18,3,-21456.5070749276,43263.0070839903,43147.1870057141,11.6120119122949,-0.0187144826564165,1,5,2,1
"Same-Sign",10000,18,4,-21635.611230585,43740.9498201409,43585.5070835069,7.26860735945852,0.0398671141026407,1,5,2,1
"Same-Sign",10000,18,5,-21610.8129677065,43811.0877192194,43616.0223242278,5.87448226817354,0.036031173776605,1,5,2,1
"Same-Sign",10000,19,1,-21371.7962398717,42854.1165642072,42817.5418026462,3.5200309781058,0.0468536946268488,1,5,3,1
"Same-Sign",10000,19,2,-21965.1906589491,44160.6398271975,44084.4424072789,8.14074447129478,0.0269890506876026,1,5,3,1
"Same-Sign",10000,19,3,-21723.3357054905,43796.6643451162,43680.8442668399,2.871821942083,0.0430110558148013,1,5,3,1
"Same-Sign",10000,19,4,-21910.8469550596,44291.42126909,44135.9785324561,5.93525786188306,0.00464545958325459,1,5,3,1
"Same-Sign",10000,19,5,-21754.8801178802,44099.222019567,43904.1566245754,-5.15264467049535,0.022578315467601,1,5,3,1
"Same-Sign",10000,20,1,-21593.9320289865,43298.3881424368,43261.8133808758,19.8722445267324,-0.0231332737924257,1,5,5,5
"Same-Sign",10000,20,2,-21930.2751754925,44090.8088602844,44014.6114403658,7.60451646507759,0.0992043359695969,1,5,5,5
"Same-Sign",10000,20,3,-21602.6721155032,43555.3371651415,43439.5170868652,1.76582540046662,0.0174416156348601,1,5,5,5
"Same-Sign",10000,20,4,-21631.2545884692,43732.2365359091,43576.7937992752,4.37273282568483,0.0188706386597168,1,5,5,5
"Same-Sign",10000,20,5,-21692.1992553822,43973.8602945708,43778.7948995792,14.739198450472,0.0310628779083974,1,5,5,5
"Same-Sign",10000,21,1,-21853.8156947884,43818.1554740404,43781.5807124795,1.9713761960265,0.0951748654917206,5,5,4,5
"Same-Sign",10000,21,2,-21760.801175312,43751.8608599234,43675.6634400048,2.3119086853953,0.0695713317091291,5,5,4,5
"Same-Sign",10000,21,3,-21786.3314124363,43922.6557590078,43806.8356807315,15.1027501902708,0.00612146695931979,5,5,4,5
"Same-Sign",10000,21,4,-21650.4795339485,43770.6864268678,43615.2436902338,8.15383466070067,0.0288518737216921,5,5,4,5
"Same-Sign",10000,21,5,-21486.4293546789,43562.3204931644,43367.2550981728,8.86714101686552,0.00850633573777211,5,5,4,5
"Same-Sign",10000,22,1,-21775.5525894453,43661.6292633543,43625.0545017934,3.05305104409475,0.101788344706386,2,5,4,2
"Same-Sign",10000,22,2,-21663.2457918185,43556.7500929363,43480.5526730178,8.7337991465136,0.0484527014738634,2,5,4,2
"Same-Sign",10000,22,3,-21887.4985603345,44124.9900548041,44009.1699765279,12.0509624451074,0.0144702298685279,2,5,4,2
"Same-Sign",10000,22,4,-21787.5674655249,44044.8622900206,43889.4195533866,8.10761636053354,0.0157786036481528,2,5,4,2
"Same-Sign",10000,22,5,-21684.736756334,43958.9352964745,43763.869901483,2.14059876618443,0.00860423483329818,2,5,4,2
"Same-Sign",10000,23,1,-21909.6879244301,43929.899933324,43893.3251717631,3.3845235898308,0.0646577710099153,2,5,4,2
"Same-Sign",10000,23,2,-21606.8306838422,43443.9198769837,43367.7224570651,1.95365824302667,0.0263021110751733,2,5,4,2
"Same-Sign",10000,23,3,-21745.7317992726,43841.4565326802,43725.6364544039,8.60495399976836,0.0410402718434988,2,5,4,2
"Same-Sign",10000,23,4,-21788.7929367504,44047.3132324716,43891.8704958376,4.13281929859043,0.0243493119612976,2,5,4,2
"Same-Sign",10000,23,5,-21712.8906763491,44015.2431365047,43820.1777415132,7.62697402089037,0.0269171619045632,2,5,4,2
"Same-Sign",10000,24,1,-21568.2593474592,43247.0427793822,43210.4680178213,5.67798486846931,0.0502528075645048,4,3,4,4
"Same-Sign",10000,24,2,-21697.2062902801,43624.6710898595,43548.4736699409,3.02063460942402,0.0139688264966725,4,3,4,4
"Same-Sign",10000,24,3,-21703.6205540071,43757.2340421494,43641.4139638731,2.27897378513961,-0.00279164302940642,4,3,4,4
"Same-Sign",10000,24,4,-21392.8101599335,43255.3476788378,43099.9049422039,-7.28402392284429,0.0266232706959021,4,3,4,4
"Same-Sign",10000,24,5,-21610.7022940939,43810.8663719942,43615.8009770026,5.15490128543865,0.00466424606543286,4,3,4,4
"Same-Sign",10000,25,1,-21537.7277977718,43185.9796800074,43149.4049184465,-1.87473282334905,0.131310341016932,3,5,4,3
"Same-Sign",10000,25,2,-21582.9228042001,43396.1041176995,43319.9066977809,-5.47811670940375,0.03476139583592,3,5,4,3
"Same-Sign",10000,25,3,-21399.0384739537,43148.0698820424,43032.2498037662,3.91949875995287,0.0340962041848575,3,5,4,3
"Same-Sign",10000,25,4,-21488.1177206034,43445.9628001776,43290.5200635437,0.0768629727016803,0.021856930699889,3,5,4,3
"Same-Sign",10000,25,5,-21763.5359765987,44116.5337370038,43921.4683420122,11.1837177369533,-0.00944824070099201,3,5,4,3
"Same-Sign",10000,26,1,-21706.3684863397,43523.2610571431,43486.6862955821,-2.46135348563453,0.0922103322383315,2,5,3,2
"Same-Sign",10000,26,2,-21211.5579255769,42653.3743604532,42577.1769405346,0.220780938854531,-0.0219864605960325,2,5,3,2
"Same-Sign",10000,26,3,-21582.2215288854,43514.4359919059,43398.6159136296,-3.19029181805346,0.0724325949232646,2,5,3,2
"Same-Sign",10000,26,4,-21708.5752791122,43886.8779171952,43731.4351805613,2.54025505382674,0.013324218736651,2,5,3,2
"Same-Sign",10000,26,5,-21577.0985501531,43743.6588841126,43548.593489121,11.2591871047181,-0.0135328954844431,2,5,3,2
"Same-Sign",10000,27,1,-21562.6597032692,43235.8434910021,43199.2687294412,13.2373940809026,0.0120089806060103,4,5,4,4
"Same-Sign",10000,27,2,-21756.3052245426,43742.8689583846,43666.671538466,-0.246181232063132,0.0487360549101834,4,5,4,4
"Same-Sign",10000,27,3,-21701.6440996379,43753.2811334108,43637.4610551346,5.07173534847178,0.0154775141446442,4,5,4,4
"Same-Sign",10000,27,4,-21370.6916703556,43211.110699682,43055.6679630481,-5.04545573317801,0.0296051621378625,4,5,4,4
"Same-Sign",10000,27,5,-21486.5237936307,43562.5093710679,43367.4439760763,8.5252059954637,0.0348125228396014,4,5,4,4
"Same-Sign",10000,28,1,-21825.0619976122,43760.6480796881,43724.0733181271,6.94214746393915,0.0501638071242762,2,4,2,2
"Same-Sign",10000,28,2,-21653.3173520816,43536.8932134626,43460.695793544,8.19000876802064,0.0032259365730219,2,4,2,2
"Same-Sign",10000,28,3,-21615.2489893934,43580.4909129219,43464.6708346457,4.02214700095832,0.016718407907709,2,4,2,2
"Same-Sign",10000,28,4,-21834.1102852495,44137.9479294697,43982.5051928358,2.43336054716979,0.0411995844002641,2,4,2,2
"Same-Sign",10000,28,5,-21662.7600612622,43914.9819063309,43719.9165113393,5.57895270841637,0.0403031591064406,2,4,2,2
"Same-Sign",10000,29,1,-21565.9960519376,43242.5161883389,43205.941426778,-0.714161877036526,0.0588341707249461,1,5,3,1
"Same-Sign",10000,29,2,-21975.6642832248,44181.5870757491,44105.3896558305,4.67819087924694,0.0417600900767482,1,5,3,1
"Same-Sign",10000,29,3,-21608.2362334848,43566.4654011046,43450.6453228284,0.121028783114352,0.0341264101209727,1,5,3,1
"Same-Sign",10000,29,4,-21631.6926976258,43733.1127542224,43577.6700175885,5.92823729527949,0.0322057319505326,1,5,3,1
"Same-Sign",10000,29,5,-21979.5599192395,44548.5816222856,44353.516227294,-0.758172474864812,0.0218657231700471,1,5,3,1
"Same-Sign",10000,30,1,-21836.2897521741,43783.1035888118,43746.5288272509,-9.22494792702163,0.0433283428719044,2,3,5,2
"Same-Sign",10000,30,2,-21540.0923900848,43310.443289469,43234.2458695504,9.72845391639657,0.0742319280826464,2,3,5,2
"Same-Sign",10000,30,3,-21951.3885009125,44252.7699359601,44136.9498576839,8.99206747185185,0.0651462548961889,2,3,5,2
"Same-Sign",10000,30,4,-21795.4290423203,44060.5854436113,43905.1427069774,8.84130234639775,-0.00318143622841381,2,3,5,2
"Same-Sign",10000,30,5,-21883.9374265473,44357.3366369011,44162.2712419095,4.72425176380687,0.0308327695941748,2,3,5,2
"Same-Sign",10000,31,1,-21567.7911356718,43246.1063558072,43209.5315942463,5.74461472755541,0.123751869942867,1,4,3,1
"Same-Sign",10000,31,2,-21872.3902879003,43975.0390850999,43898.8416651814,3.58765262140529,0.0778005828368757,1,4,3,1
"Same-Sign",10000,31,3,-21583.6891408117,43517.3712157585,43401.5511374823,11.0402772685522,0.037661609124637,1,4,3,1
"Same-Sign",10000,31,4,-21642.5490858635,43754.8255306978,43599.3827940639,11.4827889060679,0.0413145646265504,1,4,3,1
"Same-Sign",10000,31,5,-21621.9261859633,43833.3141557332,43638.2487607416,6.95088850244103,0.0174730381738332,1,4,3,1
"Same-Sign",10000,32,1,-21480.4178258935,43071.3597362506,43034.7849746897,-5.33988571450159,0.0397395791873231,2,5,2,2
"Same-Sign",10000,32,2,-21353.7368234326,42937.7321561645,42861.5347362459,-7.05919326836464,0.0965330834729836,2,5,2,2
"Same-Sign",10000,32,3,-21752.6689532874,43855.3308407099,43739.5107624336,-2.54177627245391,0.0161931581274349,2,5,2,2
"Same-Sign",10000,32,4,-21590.8111949097,43651.3497487902,43495.9070121563,13.8323399682132,0.0234788610809052,2,5,2,2
"Same-Sign",10000,32,5,-21507.0302221007,43603.5222280079,43408.4568330163,2.85954983878616,0.0232425830244113,2,5,2,2
"Same-Sign",10000,33,1,-21802.9822047328,43716.4884939293,43679.9137323683,22.2781274539819,0.0417024636286338,5,5,3,5
"Same-Sign",10000,33,2,-21671.0047480856,43572.2680054706,43496.070585552,3.68155647338186,0.0342161525961245,5,5,3,5
"Same-Sign",10000,33,3,-21790.8192966875,43931.6315275101,43815.8114492339,-0.0367966012063467,0.00355182184922742,5,5,3,5
"Same-Sign",10000,33,4,-21512.6989888265,43495.1253366239,43339.6825999899,6.35095155171663,-0.00734036368951086,5,5,3,5
"Same-Sign",10000,33,5,-21399.4653782667,43388.3925403398,43193.3271453482,-6.14932357751835,0.0366584298718267,5,5,3,5
"Same-Sign",10000,34,1,-21465.634681972,43041.7934484077,43005.2186868468,4.64941665182748,0.00758351649633423,1,5,3,1
"Same-Sign",10000,34,2,-21790.168858133,43810.5962255655,43734.3988056469,2.72537456188697,0.0410994424935047,1,5,3,1
"Same-Sign",10000,34,3,-21797.6018679978,43945.1966701307,43829.3765918544,5.78822120553817,-0.0107121289197801,1,5,3,1
"Same-Sign",10000,34,4,-21670.4549000291,43810.637159029,43655.1944223951,13.9467127505729,0.0101467502677641,1,5,3,1
"Same-Sign",10000,34,5,-21751.0661196423,44091.5940230911,43896.5286280995,-0.233633990672778,0.0306623876033753,1,5,3,1
"Same-Sign",10000,35,1,-21499.3462682271,43109.216620918,43072.641859357,1.835895436999,0.0197029365167041,4,4,2,4
"Same-Sign",10000,35,2,-21633.4029104015,43497.0643301024,43420.8669101838,12.0301472482156,0.0409153680886493,4,4,2,4
"Same-Sign",10000,35,3,-21480.1569004479,43310.3067350309,43194.4866567547,-1.77271587921898,0.0287031454638895,4,4,2,4
"Same-Sign",10000,35,4,-21371.5851364516,43212.897631874,43057.4548952401,-2.62465594956947,0.0308991703347756,4,4,2,4
"Same-Sign",10000,35,5,-21636.3038024387,43862.069388684,43667.0039936924,-3.05023860595551,0.0312638300520765,4,4,2,4
"Same-Sign",10000,36,1,-21724.129271999,43558.7826284617,43522.2078669008,6.79154441334934,0.0428036425733223,3,5,3,3
"Same-Sign",10000,36,2,-21734.5138838004,43699.2862769002,43623.0888569816,3.66667129922955,0.022180344631463,3,5,3,3
"Same-Sign",10000,36,3,-21614.5332455908,43579.0594253167,43463.2393470405,-8.00694738796197,0.0496948284889697,3,5,3,3
"Same-Sign",10000,36,4,-21653.4709643959,43776.6692877627,43621.2265511287,9.86633680521399,0.0396175347160762,3,5,3,3
"Same-Sign",10000,36,5,-21627.7760172729,43845.0138183522,43649.9484233606,5.64407142263312,0.0356751659787902,3,5,3,3
"Same-Sign",10000,37,1,-21975.8608015724,44062.2456876084,44025.6709260475,0.585130813191565,0.0622625060284479,2,3,3,3
"Same-Sign",10000,37,2,-21343.3456816901,42916.9498726797,42840.7524527611,2.9035022096022,0.0567064128819892,2,3,3,3
"Same-Sign",10000,37,3,-21499.5110949289,43349.015123993,43233.1950457167,3.82424086413468,0.0162398727026704,2,3,3,3
"Same-Sign",10000,37,4,-21908.5349367297,44286.7972324302,44131.3544957962,0.120439560814339,0.0181485690341997,2,3,3,3
"Same-Sign",10000,37,5,-21645.0314894923,43879.524762791,43684.4593677995,5.77340056337295,0.049764972564326,2,3,3,3
"Same-Sign",10000,38,1,-21830.5022873059,43771.5286590754,43734.9538975145,17.7190932006053,0.0046425966498578,2,3,3,3
"Same-Sign",10000,38,2,-21500.0165561891,43230.2916216776,43154.094201759,1.08103017109233,0.032318501215281,2,3,3,3
"Same-Sign",10000,38,3,-21736.2223112648,43822.4375566648,43706.6174783885,1.8413460582533,-0.0113552599146228,2,3,3,3
"Same-Sign",10000,38,4,-21814.7409461267,44099.2092512242,43943.7665145902,0.799543194735568,0.0046308164443563,2,3,3,3
"Same-Sign",10000,38,5,-21601.7245206604,43792.9108251272,43597.8454301356,1.53257540722306,0.0280193590154596,2,3,3,3
"Same-Sign",10000,39,1,-21701.060522889,43512.6451302417,43476.0703686808,10.3720412277267,0.0341133689255883,2,5,4,2
"Same-Sign",10000,39,2,-21385.980492537,43002.2194943734,42926.0220744548,-7.96223494456281,0.0156103964488506,2,5,4,2
"Same-Sign",10000,39,3,-21610.6600268365,43571.3129878081,43455.4929095319,8.80090062099037,0.0305641416010261,2,5,4,2
"Same-Sign",10000,39,4,-21323.5416882126,43116.810735396,42961.3679987621,0.0537636700622073,0.0155523428041125,2,5,4,2
"Same-Sign",10000,39,5,-21758.773066041,44107.0079158885,43911.9425208969,-2.97727855512461,-0.00701871101245813,2,5,4,2
"Same-Sign",10000,40,1,-21743.8311439607,43598.1863723851,43561.6116108241,10.2487648460036,0.151264108342971,3,5,3,3
"Same-Sign",10000,40,2,-22169.8727231163,44570.003955532,44493.8065356134,-4.33621635624789,0.0648846296223448,3,5,3,3
"Same-Sign",10000,40,3,-21420.8796384111,43191.7522109573,43075.932132681,0.656285622460209,0.0518271364147198,3,5,3,3
"Same-Sign",10000,40,4,-21515.687865971,43501.1030909129,43345.660354279,5.49682043014489,-0.00260104118788973,3,5,3,3
"Same-Sign",10000,40,5,-21737.8093580988,44065.080500004,43870.0151050125,2.67615773500598,0.0114650270681252,3,5,3,3
"Same-Sign",10000,41,1,-21347.5174708871,42805.5590262378,42768.9842646769,6.61617234688928,0.0838906355154189,1,5,3,1
"Same-Sign",10000,41,2,-21443.6111875737,43117.4808844469,43041.2834645283,4.50026769162342,0.0413127558465668,1,5,3,1
"Same-Sign",10000,41,3,-21897.7465339211,44145.4860019773,44029.6659237011,-2.8055720469414,0.027763390041723,1,5,3,1
"Same-Sign",10000,41,4,-21830.8034480272,44131.3342550252,43975.8915183913,4.87697156352183,0.0325096128806181,1,5,3,1
"Same-Sign",10000,41,5,-21492.4857038529,43574.4331915123,43379.3677965207,-2.76250964590619,0.0044165474568758,1,5,3,1
"Same-Sign",10000,42,1,-21376.5009658092,42863.526016082,42826.9512545211,-0.462363357256736,0.102801869012864,1,5,3,1
"Same-Sign",10000,42,2,-21597.1994516244,43424.6574125483,43348.4599926297,18.3359210249424,-0.01286283816117,1,5,3,1
"Same-Sign",10000,42,3,-21620.3993786333,43590.7916914017,43474.9716131255,-5.92907202327589,0.0358637300886097,1,5,3,1
"Same-Sign",10000,42,4,-21275.5355561748,43020.7984713203,42865.3557346864,12.8128017172937,0.000236391572143196,1,5,3,1
"Same-Sign",10000,42,5,-21566.5311261784,43722.5240361632,43527.4586411717,0.475657761618807,0.0263702379488009,1,5,3,1
"Same-Sign",10000,43,1,-21894.3897821575,43899.3036487788,43862.7288872179,2.8945954908568,0.0404391550101974,3,5,4,3
"Same-Sign",10000,43,2,-21789.7269370858,43809.712383471,43733.5149635524,7.2037477110699,0.068132001513793,3,5,4,3
"Same-Sign",10000,43,3,-21478.4427665592,43306.8784672536,43191.0583889773,16.1281243492744,0.0881246991579015,3,5,4,3
"Same-Sign",10000,43,4,-21747.1353256167,43963.9980102042,43808.5552735703,3.98304313033864,-0.0036810287328312,3,5,4,3
"Same-Sign",10000,43,5,-21718.0430529439,44025.5478896943,43830.4824947027,6.21275431737324,0.0152820433180827,3,5,4,3
"Same-Sign",10000,44,1,-21516.675607264,43143.8752989917,43107.3005374308,-1.90887726935457,0.00671934578140135,2,5,2,2
"Same-Sign",10000,44,2,-21461.315691399,43152.8898920974,43076.6924721788,-3.4115550083821,0.0419305773103998,2,5,2,2
"Same-Sign",10000,44,3,-22003.4518252474,44356.8965846299,44241.0765063536,12.9199010643599,0.0376774301344862,2,5,2,2
"Same-Sign",10000,44,4,-21797.874746777,44065.4768525249,43910.0341158909,7.53970034287746,0.000352149293282123,2,5,2,2
"Same-Sign",10000,44,5,-21442.5361443211,43474.5340724487,43279.4686774571,-5.02215873367142,0.0050012888943436,2,5,2,2
"Same-Sign",10000,45,1,-21473.9814333958,43058.4869512553,43021.9121896943,6.63466130602315,0.0636958886468731,1,5,4,1
"Same-Sign",10000,45,2,-21532.3121964158,43294.882902131,43218.6854822125,3.28172535487269,0.0593200651277249,1,5,4,1
"Same-Sign",10000,45,3,-21797.301712366,43944.596358867,43828.7762805908,-0.104262283739321,0.0307577984859952,1,5,4,1
"Same-Sign",10000,45,4,-21805.1575283891,44080.0424157489,43924.599679115,2.81083921571604,0.0243461001049716,1,5,4,1
"Same-Sign",10000,45,5,-21989.31506533,44568.0919144664,44373.0265194748,5.88704830360263,0.00984429765480016,1,5,4,1
"Same-Sign",10000,46,1,-21538.6992756078,43187.9226356794,43151.3478741185,13.6850111214889,0.0407190445878444,1,5,2,1
"Same-Sign",10000,46,2,-21944.7957380828,44119.8499854649,44043.6525655463,5.52570871008334,0.0621293930753081,1,5,2,1
"Same-Sign",10000,46,3,-21989.9699244309,44329.932782997,44214.1127047207,15.4767583056803,0.00482744020541392,1,5,2,1
"Same-Sign",10000,46,4,-21559.7430444649,43589.2134479005,43433.7707112666,1.13772004185465,0.0125792435461193,1,5,2,1
"Same-Sign",10000,46,5,-21401.6035380254,43392.6688598572,43197.6034648657,-0.260490327163989,0.0533638441839746,1,5,2,1
"Same-Sign",10000,47,1,-21728.9514314964,43568.4269474566,43531.8521858957,-1.18503053902667,0.0577146899324737,2,5,3,2
"Same-Sign",10000,47,2,-21551.8406466998,43333.9398026989,43257.7423827803,16.3361046129712,-0.00332504100194051,2,5,3,2
"Same-Sign",10000,47,3,-21707.8235417467,43765.6400176284,43649.8199393522,10.067539260048,-0.00492294515618023,2,5,3,2
"Same-Sign",10000,47,4,-21788.9881905296,44047.7037400299,43892.261003396,6.64481477279344,0.0170195551049791,2,5,3,2
"Same-Sign",10000,47,5,-21751.6416262926,44092.7450363918,43897.6796414002,8.92129855273668,0.0107821707225462,2,5,3,2
"Same-Sign",10000,48,1,-21666.4915453083,43443.5071750804,43406.9324135195,-1.67771964013841,0.118600400090768,2,5,5,5
"Same-Sign",10000,48,2,-21615.2935560156,43460.8456213307,43384.6482014121,-4.24239096238939,0.0442202949191915,2,5,5,5
"Same-Sign",10000,48,3,-21584.6399270994,43519.2727883339,43403.4527100577,3.97897024089619,0.0473150867638372,2,5,5,5
"Same-Sign",10000,48,4,-21727.894698575,43925.5167561208,43770.0740194869,-2.68885732568215,0.0425691119277682,2,5,5,5
"Same-Sign",10000,48,5,-21740.5147064432,44070.4911966928,43875.4258017012,7.12049899621329,0.047978893940296,2,5,5,5
"Same-Sign",10000,49,1,-21858.2301603848,43826.9844052333,43790.4096436723,1.50896814785291,0.0748275061971015,2,4,2,2
"Same-Sign",10000,49,2,-21548.0626893738,43326.3838880469,43250.1864681283,-5.1744343713342,0.060730780973011,2,4,2,2
"Same-Sign",10000,49,3,-21648.840458779,43647.6738516931,43531.8537734169,-0.186040517159922,0.0964399871022081,2,4,2,2
"Same-Sign",10000,49,4,-21757.8693539306,43985.466066832,43830.0233301981,0.750260900048812,0.0635000000426728,2,4,2,2
"Same-Sign",10000,49,5,-21660.8951011233,43911.251986053,43716.1865910614,-0.399292876762008,0.0351603195118529,2,4,2,2
"Same-Sign",10000,50,1,-21585.8164951023,43282.1570746682,43245.5823131073,4.88263949664887,0.0470977323321902,1,5,3,1
"Same-Sign",10000,50,2,-21564.3185302712,43358.8955698418,43282.6981499232,3.53851621185408,0.0619294151967263,1,5,3,1
"Same-Sign",10000,50,3,-21741.5308592728,43833.0546526806,43717.2345744044,-5.4191888239233,0.047686841006829,1,5,3,1
"Same-Sign",10000,50,4,-21597.2599845617,43664.2473280942,43508.8045914602,6.09107023766829,0.0138351798775386,1,5,3,1
"Same-Sign",10000,50,5,-21734.8239570205,44059.1096978474,43864.0443028558,9.6839892035825,0.00218001104155821,1,5,3,1
"Same-Sign",10000,51,1,-21790.7527042087,43692.0294928812,43655.4547313202,10.511857205436,0.0598149119075908,2,5,5,5
"Same-Sign",10000,51,2,-21699.4142893487,43629.0870879968,43552.8896680782,8.9828753777958,-0.0149028681981285,2,5,5,5
"Same-Sign",10000,51,3,-21694.514165426,43739.0212649871,43623.2011867109,-3.85529171001568,0.0623372782861778,2,5,5,5
"Same-Sign",10000,51,4,-21703.4522750178,43876.6319090064,43721.1891723725,1.45695418660078,0.033651005196981,2,5,5,5
"Same-Sign",10000,51,5,-21795.8078139607,44181.0774117279,43986.0120167364,0.100115571820604,0.00895627316301118,2,5,5,5
"Same-Sign",10000,52,1,-21420.040991743,42950.6060679498,42914.0313063888,-6.63678636816465,0.05482903182037,1,5,2,1
"Same-Sign",10000,52,2,-21423.4152642121,43077.0890377235,43000.8916178049,15.4840888541647,0.017817806270227,1,5,2,1
"Same-Sign",10000,52,3,-21896.8753555488,44143.7436452327,44027.9235669564,7.80856553628476,0.0120817980744058,1,5,2,1
"Same-Sign",10000,52,4,-21634.4017581468,43738.5308752644,43583.0881386305,5.31054938099688,0.0341236281401471,1,5,2,1
"Same-Sign",10000,52,5,-21346.1396398597,43281.7410635258,43086.6756685342,-4.81766693652748,0.0386200472195941,1,5,2,1
"Same-Sign",10000,53,1,-21475.1914999093,43060.9070842824,43024.3323227214,0.986437537981543,0.00696611538837003,1,3,3,3
"Same-Sign",10000,53,2,-21763.0665772605,43756.3916638205,43680.1942439019,3.89048325711453,0.0388695069053673,1,3,3,3
"Same-Sign",10000,53,3,-21770.4988890368,43890.9907122087,43775.1706339324,5.28046892855248,0.0262738899879488,1,3,3,3
"Same-Sign",10000,53,4,-21498.0558453262,43465.8390496231,43310.3963129892,5.20234664243866,0.00681001432272196,1,3,3,3
"Same-Sign",10000,53,5,-21488.2435443035,43565.9488724135,43370.883477422,-0.121185022054489,0.0362817900273098,1,3,3,3
"Same-Sign",10000,54,1,-21963.8667338081,44038.2575520799,44001.682790519,5.06530768272136,0.0618964859669041,5,5,2,5
"Same-Sign",10000,54,2,-21785.4728530296,43801.2042153587,43725.0067954401,7.03527143266147,0.0351387307121408,5,5,2,5
"Same-Sign",10000,54,3,-22017.3849947038,44384.7629235428,44268.9428452665,-11.7567936831367,0.054325681445181,5,5,2,5
"Same-Sign",10000,54,4,-21591.3354832985,43652.3983255677,43496.9555889338,5.2060495335821,0.0213720681843917,5,5,2,5
"Same-Sign",10000,54,5,-21543.8666511353,43677.195086077,43482.1296910854,-2.40660401379078,0.0529141884002069,5,5,2,5
"Same-Sign",10000,55,1,-21890.4639156733,43891.4519158104,43854.8771542495,5.35874555469479,0.0478581102167167,5,5,2,5
"Same-Sign",10000,55,2,-21736.0602402041,43702.3789897077,43626.1815697891,6.29531141870687,0.0287745955305266,5,5,2,5
"Same-Sign",10000,55,3,-21837.6610370628,44025.3150082608,43909.4949299845,4.22149658540432,0.055339596121637,5,5,2,5
"Same-Sign",10000,55,4,-21540.6498876709,43551.0271343127,43395.5843976787,13.1313419460494,0.0147159359538186,5,5,2,5
"Same-Sign",10000,55,5,-21368.6437234609,43326.7492307282,43131.6838357366,9.78602960573127,0.0335191291161554,5,5,2,5
"Same-Sign",10000,56,1,-21464.6621511982,43039.8483868601,43003.2736252992,7.68862478552836,0.0605730829569228,3,3,2,3
"Same-Sign",10000,56,2,-21826.9356625647,43884.1298344288,43807.9324145102,11.0726322574178,0.0385834789300476,3,3,2,3
"Same-Sign",10000,56,3,-21242.1859862652,42834.3649066654,42718.5448283892,10.7760392782345,0.0446265964896261,3,3,2,3
"Same-Sign",10000,56,4,-21702.9544730371,43875.636305045,43720.1935684111,7.73521634118761,0.0598041780069402,3,3,2,3
"Same-Sign",10000,56,5,-21666.4728368364,43922.4074574793,43727.3420624877,4.53913128466986,0.0129084317792779,3,3,2,3
"Same-Sign",10000,57,1,-21944.2337516663,43998.9915877962,43962.4168262353,-6.96867865617942,0.129586721127291,2,3,5,2
"Same-Sign",10000,57,2,-21630.5092127746,43491.2769348487,43415.0795149301,7.7743209454799,0.0452798844042367,2,3,5,2
"Same-Sign",10000,57,3,-21892.4557807883,44134.9044957116,44019.0844174354,9.43588996414411,0.00623769401333402,2,3,5,2
"Same-Sign",10000,57,4,-21719.1693592771,43908.0660775249,43752.623340891,10.1586019862634,0.0154315900793132,2,3,5,2
"Same-Sign",10000,57,5,-21854.8980220751,44299.2578279567,44104.1924329651,3.30285959827288,0.0225259163105354,2,3,5,2
"Same-Sign",10000,58,1,-21985.2204501663,44080.9649847963,44044.3902232354,0.316571748514078,0.0907497625347391,5,4,2,2
"Same-Sign",10000,58,2,-21605.6744802426,43441.6074697845,43365.4100498659,11.8851992462511,-0.00203731252903741,5,4,2,2
"Same-Sign",10000,58,3,-21878.8570852851,44107.7071047053,43991.8870264291,3.55981101832524,0.0194003216665739,5,4,2,2
"Same-Sign",10000,58,4,-21587.3802529988,43644.4878649684,43489.0451283344,4.993520102649,0.00448761459059895,5,4,2,2
"Same-Sign",10000,58,5,-21451.3963712167,43492.2545262399,43297.1891312483,-3.39782590552906,0.0224225362327247,5,4,2,2
"Same-Sign",10000,59,1,-21548.9568520104,43208.4377884845,43171.8630269236,-9.39762803865415,0.0799551641822374,1,3,5,1
"Same-Sign",10000,59,2,-21558.1728976069,43346.6043045132,43270.4068845946,1.93688255007602,-0.00754554822269464,1,3,5,1
"Same-Sign",10000,59,3,-21609.4270214522,43568.8469770394,43453.0268987632,3.18707183101923,0.022044658768092,1,3,5,1
"Same-Sign",10000,59,4,-21526.737697102,43523.2027531748,43367.7600165409,3.1227024205466,0.0707533374131752,1,3,5,1
"Same-Sign",10000,59,5,-21845.5617160073,44280.585215821,44085.5198208294,-6.93342913234773,0.000380804809033204,1,3,5,1
"Same-Sign",10000,60,1,-21649.6468492316,43409.8177829269,43373.243021366,-1.82709951365487,0.129363647502574,4,4,4,4
"Same-Sign",10000,60,2,-21764.5271605633,43759.312830426,43683.1154105074,10.5322455064589,0.0124093889703365,4,4,4,4
"Same-Sign",10000,60,3,-21599.1280418999,43548.2490179348,43432.4289396586,3.34861365233583,0.0464716726390715,4,4,4,4
"Same-Sign",10000,60,4,-21460.4415302829,43390.6104195366,43235.1676829026,3.22063254570253,0.0327042137846341,4,4,4,4
"Same-Sign",10000,60,5,-21550.1336030684,43689.7289899434,43494.6635949518,-9.08564968330496,0.0261306750322545,4,4,4,4
"Same-Sign",10000,61,1,-21482.0365823982,43074.5972492601,43038.0224876992,-5.10241810440716,0.111461976610359,1,4,4,4
"Same-Sign",10000,61,2,-21499.2909921556,43228.8404936106,43152.643073692,6.87303046492233,0.0256303556984047,1,4,4,4
"Same-Sign",10000,61,3,-21913.5494772258,44177.0918885867,44061.2718103104,11.929896204055,0.0130736009453004,1,4,4,4
"Same-Sign",10000,61,4,-21646.0538732084,43761.8351053875,43606.3923687536,10.2792855746529,0.010612061389051,1,4,4,4
"Same-Sign",10000,61,5,-21790.9645604821,44171.3909047706,43976.325509779,6.11847758486859,0.0197655409053509,1,4,4,4
"Same-Sign",10000,62,1,-21585.8071150404,43282.1383145444,43245.5635529835,-1.32142214118752,0.0717915580493521,5,5,2,5
"Same-Sign",10000,62,2,-21678.6542308036,43587.5669709065,43511.369550988,13.4944504247192,0.0671205103399509,5,5,2,5
"Same-Sign",10000,62,3,-21575.9066108639,43501.8061558628,43385.9860775866,10.7302937189057,0.0107212741018693,5,5,2,5
"Same-Sign",10000,62,4,-21566.7462019543,43603.2197628793,43447.7770262454,5.24441773534393,0.0614748663842226,5,5,2,5
"Same-Sign",10000,62,5,-21341.1517824896,43271.7653487857,43076.6999537942,12.5812780619428,0.0262141367557514,5,5,2,5
"Same-Sign",10000,63,1,-21904.8713200506,43920.266724565,43883.6919630041,6.72222434619483,0.0628002186877502,2,4,4,4
"Same-Sign",10000,63,2,-21591.3998801083,43413.0582695161,43336.8608495975,17.0564916122247,0.00992135909554872,2,4,4,4
"Same-Sign",10000,63,3,-21739.6194901773,43829.2319144897,43713.4118362135,4.08763063478687,0.0406189546876136,2,4,4,4
"Same-Sign",10000,63,4,-21762.2632615993,43994.2538821694,43838.8111455355,2.12734374577696,0.0227446307008815,2,4,4,4
"Same-Sign",10000,63,5,-21577.734603907,43744.9309916204,43549.8655966288,-0.317346517981286,0.019447745064206,2,4,4,4
"Same-Sign",10000,64,1,-21672.9975971302,43456.5192787242,43419.9445171632,12.9907087499801,0.0191298428848195,1,5,4,1
"Same-Sign",10000,64,2,-21643.1354081751,43516.5293256497,43440.3319057311,5.88978162165402,0.0479634153350695,1,5,4,1
"Same-Sign",10000,64,3,-21680.0740170898,43710.1409683147,43594.3208900385,8.54781580880372,0.0202422516978379,1,5,4,1
"Same-Sign",10000,64,4,-21861.7587879585,44193.2449348877,44037.8021982538,4.77708641798372,0.0328844962923554,1,5,4,1
"Same-Sign",10000,64,5,-21615.1247502806,43819.7112843677,43624.6458893761,11.718061408151,0.0408975179603581,1,5,4,1
"Same-Sign",10000,65,1,-21390.4008371444,42891.3257587526,42854.7509971917,7.11376463910371,0.0466944470817076,1,3,3,3
"Same-Sign",10000,65,2,-21625.5191219888,43481.296753277,43405.0993333584,1.64949829804688,0.103165568506241,1,3,3,3
"Same-Sign",10000,65,3,-21539.8141613828,43429.6212569007,43313.8011786244,0.439499440144821,0.0326097981370409,1,3,3,3
"Same-Sign",10000,65,4,-21756.0623664796,43981.8520919299,43826.409355296,1.6051499938473,0.0138044380958272,1,3,3,3
"Same-Sign",10000,65,5,-21585.3087076239,43760.0791990543,43565.0138040628,5.78215177793794,0.0268518329192627,1,3,3,3
"Same-Sign",10000,66,1,-21300.2830585253,42711.0902015143,42674.5154399533,6.24877579942489,0.0278886610582649,1,5,3,1
"Same-Sign",10000,66,2,-21970.5544061941,44171.3673216877,44095.1699017691,13.3391323049224,0.0583560052522808,1,5,3,1
"Same-Sign",10000,66,3,-21833.2463108499,44016.4855558348,43900.6654775586,-0.391931948830072,0.0135507431464332,1,5,3,1
"Same-Sign",10000,66,4,-21470.0797390598,43409.8868370905,43254.4441004565,-6.71535190763687,0.0392576222863206,1,5,3,1
"Same-Sign",10000,66,5,-21760.5893347613,44110.6404533291,43915.5750583375,16.2156750858235,0.0249623099775969,1,5,3,1
"Same-Sign",10000,67,1,-21748.3963503271,43607.316785118,43570.7420235571,0.152612759333015,0.0435845986127276,3,5,5,5
"Same-Sign",10000,67,2,-21860.6641861005,43951.5868815005,43875.3894615819,5.79691814032316,-0.0169659832887039,3,5,5,5
"Same-Sign",10000,67,3,-21398.8916592816,43147.7762526983,43031.956174422,15.6446885589905,0.0313185780609562,3,5,5,5
"Same-Sign",10000,67,4,-21459.73949336,43389.2063456907,43233.7636090568,-4.50122427314085,0.0555103809233774,3,5,5,5
"Same-Sign",10000,67,5,-21849.285093533,44288.0319708724,44092.9665758808,0.887239165798659,-0.00302264301695631,3,5,5,5
"Same-Sign",10000,68,1,-21644.1797976444,43398.8836797525,43362.3089181915,6.82907820548,0.0773883085233142,2,5,2,2
"Same-Sign",10000,68,2,-21367.8337922655,42965.9260938304,42889.7286739118,11.2977971949654,0.0290560458817789,2,5,2,2
"Same-Sign",10000,68,3,-21798.9575817444,43947.9080976239,43832.0880193476,16.2264970484476,0.0485722684309955,2,5,2,2
"Same-Sign",10000,68,4,-21759.5155128538,43988.7583846784,43833.3156480444,1.02845352258293,0.0333940873957858,2,5,2,2
"Same-Sign",10000,68,5,-21439.6562074016,43468.7741986096,43273.708803618,14.7646469446932,0.0251707265730834,2,5,2,2
"Same-Sign",10000,69,1,-21554.7820652965,43220.0882150567,43183.5134534957,3.9908556938132,0.075620103981672,2,5,3,2
"Same-Sign",10000,69,2,-21494.0864017871,43218.4313128736,43142.233892955,11.0963651710128,0.00906987519442109,2,5,3,2
"Same-Sign",10000,69,3,-21547.0659152222,43444.1247645796,43328.3046863033,4.84175624928785,0.00736918452057316,2,5,3,2
"Same-Sign",10000,69,4,-21687.0863547215,43843.9000684138,43688.4573317799,8.65939317862889,0.024466678602354,2,5,3,2
"Same-Sign",10000,69,5,-21811.3096814843,44212.0811467751,44017.0157517835,1.94256551222579,0.0266351374986119,2,5,3,2
"Same-Sign",10000,70,1,-21729.4907107151,43569.5055058939,43532.930744333,8.91663914594547,0.0769955415299021,3,5,1,1
"Same-Sign",10000,70,2,-21892.0352657854,44014.3290408702,43938.1316209516,12.3964531590633,0.0160028351981579,3,5,1,1
"Same-Sign",10000,70,3,-21589.0374929151,43528.0679199654,43412.2478416891,3.82315890191922,0.0160293504869871,3,5,1,1
"Same-Sign",10000,70,4,-21763.7571166736,43997.241592318,43841.7988556841,9.12640843071578,0.0366686933147828,3,5,1,1
"Same-Sign",10000,70,5,-21529.1711159893,43647.8040157852,43452.7386207936,8.49416847840651,-0.00552521192253824,3,5,1,1
"Same-Sign",10000,71,1,-22127.7093651562,44365.9428147761,44329.3680532152,-7.79124168185357,0.0735878889660043,5,5,2,5
"Same-Sign",10000,71,2,-21596.012583821,43422.2836769414,43346.0862570228,4.96188076492001,0.0374284301346867,5,5,2,5
"Same-Sign",10000,71,3,-21558.2396453557,43466.4722248465,43350.6521465703,-3.33571140950272,0.0352471749345094,5,5,2,5
"Same-Sign",10000,71,4,-21653.908633411,43777.5446257927,43622.1018891588,-5.88139202725088,0.00503355468499111,5,5,2,5
"Same-Sign",10000,71,5,-21462.1471112406,43513.7560062876,43318.690611296,-1.28546549922645,0.0409684438077344,5,5,2,5
"Same-Sign",10000,72,1,-22019.5365052676,44149.5970949989,44113.022333438,4.38944241442391,0.0804057859396686,3,5,2,2
"Same-Sign",10000,72,2,-21747.7235839729,43725.7056772452,43649.5082573266,5.46871651746887,0.0147224585126688,3,5,2,2
"Same-Sign",10000,72,3,-21648.9837358273,43647.9604057898,43532.1403275135,12.0868560339003,-0.00316138049447429,3,5,2,2
"Same-Sign",10000,72,4,-21832.5019452472,44134.7312494652,43979.2885128313,6.23833593726029,0.0374785294709705,3,5,2,2
"Same-Sign",10000,72,5,-21860.5021265795,44310.4660369655,44115.4006419739,8.51514377468619,0.0216605889898462,3,5,2,2
"Same-Sign",10000,73,1,-21538.417026859,43187.3581381817,43150.7833766208,1.25605190126885,0.0199854185819239,1,5,2,1
"Same-Sign",10000,73,2,-21667.6502522252,43565.5590137498,43489.3615938312,11.0143682299074,0.0496575930014219,1,5,2,1
"Same-Sign",10000,73,3,-21514.8868388637,43379.7666118626,43263.9465335863,-8.38485195070381,0.0536663202282692,1,5,2,1
"Same-Sign",10000,73,4,-21970.0269243181,44409.7812076069,44254.338470973,-1.27309371746944,0.0179701322300645,1,5,2,1
"Same-Sign",10000,73,5,-21757.4903696528,44104.442523112,43909.3771281204,2.05473922505335,0.0138490094527149,1,5,2,1
"Same-Sign",10000,74,1,-21657.5560961809,43425.6362768256,43389.0615152647,5.27133481595733,0.0451757898537361,2,5,2,2
"Same-Sign",10000,74,2,-21420.1387437761,43070.5359968515,42994.3385769329,14.3674748427165,-0.00458964947314073,2,5,2,2
"Same-Sign",10000,74,3,-21834.1630270754,44018.318988286,43902.4989100097,19.1915648973091,0.00994004100160369,2,5,2,2
"Same-Sign",10000,74,4,-21657.0591657346,43783.84569044,43628.402953806,0.0747598430367676,0.0384119882493468,2,5,2,2
"Same-Sign",10000,74,5,-21426.786580223,43443.0349442524,43247.9695492608,-4.43037493365684,0.0459444245782289,2,5,2,2
"Same-Sign",10000,75,1,-21725.0280651026,43560.5802146689,43524.005453108,15.591362340406,0.0586544585625189,2,5,2,2
"Same-Sign",10000,75,2,-21529.7626410305,43289.7837913604,43213.5863714418,2.59153848909428,0.0767831278654494,2,5,2,2
"Same-Sign",10000,75,3,-21636.1241885586,43622.2413112523,43506.421232976,-3.17859801255889,0.02271569198,2,5,2,2
"Same-Sign",10000,75,4,-21709.350289755,43888.4279384808,43732.9852018468,4.39346483742557,0.0104220306512099,2,5,2,2
"Same-Sign",10000,75,5,-21524.6047617489,43638.6713073043,43443.6059123127,2.1115430869904,0.0157624354715323,2,5,2,2
"Same-Sign",10000,76,1,-21829.5300029616,43769.584090387,43733.0093288261,4.63040201350232,0.0379909613947785,4,5,5,5
"Same-Sign",10000,76,2,-21516.2472974196,43262.7531041387,43186.5556842201,8.45266667449208,0.0231971271133206,4,5,5,5
"Same-Sign",10000,76,3,-21557.5285594485,43465.0500530321,43349.2299747558,-1.32986019697496,0.0164991959948672,4,5,5,5
"Same-Sign",10000,76,4,-21266.5104584341,43002.7482758391,42847.3055392051,16.4352601553952,0.00663677585740335,4,5,5,5
"Same-Sign",10000,76,5,-21588.1021634191,43765.6661106447,43570.6007156531,6.01412836868937,-0.00669207652011824,4,5,5,5
"Same-Sign",10000,77,1,-21492.4133174571,43095.3507193779,43058.775957817,4.56423921799153,-0.0129388344716166,5,5,1,5
"Same-Sign",10000,77,2,-21516.7060119535,43263.6705332063,43187.4731132877,2.82551854148877,0.0134410596408215,5,5,1,5
"Same-Sign",10000,77,3,-21908.5134273593,44167.0197888537,44051.1997105774,7.3759197845713,0.0229684786820228,5,5,1,5
"Same-Sign",10000,77,4,-21702.9946456661,43875.716650303,43720.2739136691,-0.947740073519786,0.0125773858092569,5,5,1,5
"Same-Sign",10000,77,5,-21228.164156965,43045.7900977366,42850.724702745,2.39027227945693,-0.00197619176111303,5,5,1,5
"Same-Sign",10000,78,1,-21745.7792278978,43602.0825402593,43565.5077786984,-10.5961105042296,0.0995046869809735,5,5,3,5
"Same-Sign",10000,78,2,-21721.9765632156,43674.2116357306,43598.014215812,2.813949379277,0.0744248879597342,5,5,3,5
"Same-Sign",10000,78,3,-21825.1045392236,44000.2020125824,43884.3819343061,10.8250644943968,0.0213551399691753,5,5,3,5
"Same-Sign",10000,78,4,-21724.8689326186,43919.4652242081,43764.0224875742,6.15623052248965,0.00227803163600494,5,5,3,5
"Same-Sign",10000,78,5,-21513.4709909079,43616.4037656222,43421.3383706306,-0.857770865042403,0.0125639608814288,5,5,3,5
"Same-Sign",10000,79,1,-21596.7995189537,43304.1231223711,43267.5483608102,-0.388905157125135,0.116535311838215,5,5,2,5
"Same-Sign",10000,79,2,-21495.6711456062,43221.6008005119,43145.4033805933,-12.6675980475878,0.0765653187338586,5,5,2,5
"Same-Sign",10000,79,3,-21546.1531725267,43442.2992791884,43326.4792009122,-1.65335243999665,0.0416999331320134,5,5,2,5
"Same-Sign",10000,79,4,-21574.5002163304,43618.7277916317,43463.2850549977,10.4347408456622,0.0537696212392489,5,5,2,5
"Same-Sign",10000,79,5,-21237.6086511366,43064.6790860797,42869.6136910881,-1.09979590105786,0.0372501538175748,5,5,2,5
"Same-Sign",10000,80,1,-21614.6810179516,43339.8861203669,43303.311358806,-0.102468707083166,0.0801795770381096,2,5,3,2
"Same-Sign",10000,80,2,-21461.9182013829,43154.0949120653,43077.8974921467,-1.54191408884788,0.0645223988895465,2,5,3,2
"Same-Sign",10000,80,3,-21630.1768864228,43610.3467069808,43494.5266287045,18.9699430565666,0.0340191131545629,2,5,3,2
"Same-Sign",10000,80,4,-21595.4129371025,43660.5532331759,43505.1104965419,-5.95288305101269,0.0392108783094879,2,5,3,2
"Same-Sign",10000,80,5,-21705.9081175672,44001.2780189409,43806.2126239493,3.0439397049823,0.0376630232501228,2,5,3,2
"Same-Sign",10000,81,1,-21695.9697335223,43502.4635515084,43465.8887899475,7.30927938666306,0.0587923822298722,5,3,2,2
"Same-Sign",10000,81,2,-21697.1044690974,43624.4674474942,43548.2700275756,14.1283038346266,0.0358446619366084,5,3,2,2
"Same-Sign",10000,81,3,-21903.414111917,44156.821157969,44041.0010796928,12.757587702635,-0.000948167251241998,5,3,2,2
"Same-Sign",10000,81,4,-21593.4273106385,43656.5819802478,43501.1392436139,4.11795813892673,0.044712941425796,5,3,2,2
"Same-Sign",10000,81,5,-21388.4239462463,43366.3096762991,43171.2442813075,-2.39122775028312,0.000859381568793116,5,3,2,2
"Same-Sign",10000,82,1,-21634.2406941556,43379.0054727749,43342.430711214,-0.534222444545709,0.0575309677510547,1,5,4,1
"Same-Sign",10000,82,2,-21668.0022366786,43566.2629826565,43490.0655627379,2.46563961132349,0.0718193799419186,1,5,4,1
"Same-Sign",10000,82,3,-21571.8130717471,43493.6190776294,43377.7989993531,-5.14018008641865,0.050031670714437,1,5,4,1
"Same-Sign",10000,82,4,-21736.3145425741,43942.356444119,43786.9137074851,1.42723377716478,0.0142049499311981,1,5,4,1
"Same-Sign",10000,82,5,-21554.1327523617,43697.7272885299,43502.6618935383,5.69662686960779,0.0372189105742824,1,5,4,1
"Same-Sign",10000,83,1,-21879.2335360546,43868.9911565729,43832.416395012,2.46496092908986,0.108882639903109,5,5,1,5
"Same-Sign",10000,83,2,-21461.1408342029,43152.5401777052,43076.3427577866,-2.1986621822833,0.0481565159955787,5,5,1,5
"Same-Sign",10000,83,3,-21551.5132199909,43453.0193741169,43337.1992958407,-4.21828151768818,0.0261842869962962,5,5,1,5
"Same-Sign",10000,83,4,-21766.0220879218,44001.7715348144,43846.3287981805,12.7814350781438,0.00820979183349049,5,5,1,5
"Same-Sign",10000,83,5,-21265.6684796604,43120.7987431274,42925.7333481358,2.00414566899027,0.0399236438806351,5,5,1,5
"Same-Sign",10000,84,1,-21661.5211079579,43433.5663003795,43396.9915388186,12.1570586808272,0.0015289242366134,1,3,4,1
"Same-Sign",10000,84,2,-21758.3052688107,43746.8690469207,43670.6716270021,6.82419502334382,0.0373739134754018,1,3,4,1
"Same-Sign",10000,84,3,-21713.8588273871,43777.7105889093,43661.890510633,4.88375673807497,0.0180259446467836,1,3,4,1
"Same-Sign",10000,84,4,-21642.9083822932,43755.5441235572,43600.1013869233,-1.99381378946018,0.026967479962694,1,3,4,1
"Same-Sign",10000,84,5,-21545.6878155672,43680.8374149409,43485.7720199493,-4.33847665371646,0.0279453012854951,1,3,4,1
"Same-Sign",10000,85,1,-21818.2857679419,43747.0956203475,43710.5208587866,9.40614645879835,0.0900528563362711,4,5,3,3
"Same-Sign",10000,85,2,-21870.247218263,43970.7529458253,43894.5555259067,7.91222639439417,0.0382337758800913,4,5,3,3
"Same-Sign",10000,85,3,-21676.2889518129,43702.570837761,43586.7507594847,20.7478354381137,0.0370935927840315,4,5,3,3
"Same-Sign",10000,85,4,-21545.1023379432,43559.9320348573,43404.4892982234,7.70843526882963,0.0130835371090533,4,5,3,3
"Same-Sign",10000,85,5,-21906.2908423145,44402.0434684356,44206.978073444,6.56362084424837,0.0107742997660379,4,5,3,3
"Same-Sign",10000,86,1,-21972.3855500458,44055.2951845554,44018.7204229945,14.0060298247056,0.0454120589634384,2,3,3,3
"Same-Sign",10000,86,2,-21400.9520209117,43032.1625511228,42955.9651312042,5.89232447269555,0.0514068534111077,2,3,3,3
"Same-Sign",10000,86,3,-21726.3434023223,43802.6797387796,43686.8596605034,4.83006178915541,0.0332908555515451,2,3,3,3
"Same-Sign",10000,86,4,-21618.3496295891,43706.426618149,43550.9838815151,9.72863773803628,0.00991940513914226,2,3,3,3
"Same-Sign",10000,86,5,-21484.9366083395,43559.3350004855,43364.269605494,-3.50464418702646,0.0620424893004983,2,3,3,3
"Same-Sign",10000,87,1,-21429.2262661565,42968.9766167768,42932.4018552159,4.96168614045951,0.0785867588708028,1,5,3,1
"Same-Sign",10000,87,2,-21484.2717651085,43198.8020395163,43122.6046195977,-5.09005851393247,0.0361299310256709,1,5,3,1
"Same-Sign",10000,87,3,-21737.5745854618,43825.1421050586,43709.3220267824,8.75880063507597,0.0645329468616366,1,5,3,1
"Same-Sign",10000,87,4,-21885.9206438841,44241.5686467391,44086.1259101051,-1.21023290990631,0.0330805819982816,1,5,3,1
"Same-Sign",10000,87,5,-21595.8281190192,43781.1180218449,43586.0526268533,5.83328695440654,0.00825111911472962,1,5,3,1
"Same-Sign",10000,88,1,-21570.5113560556,43251.5467965748,43214.9720350139,0.946084742036456,0.062197386966901,2,4,3,2
"Same-Sign",10000,88,2,-21498.3482371933,43226.9549836861,43150.7575637675,1.21094223518623,0.0435302756699389,2,4,3,2
"Same-Sign",10000,88,3,-21818.1984395106,43986.3898131562,43870.56973488,9.08269173287983,0.0336736558122126,2,4,3,2
"Same-Sign",10000,88,4,-21699.1321860307,43867.9917310321,43712.5489943982,7.37414888250118,0.0457174325220722,2,4,3,2
"Same-Sign",10000,88,5,-21658.320838169,43906.1034601446,43711.038065153,5.10804732654828,0.0288285588505653,2,4,3,2
"Same-Sign",10000,89,1,-21486.3647051096,43083.2534946829,43046.678733122,9.00080991612573,0.0567790905758766,1,3,4,1
"Same-Sign",10000,89,2,-21547.3970867696,43325.0526828387,43248.8552629201,1.29429539123272,-0.000259746292207371,1,3,4,1
"Same-Sign",10000,89,3,-21423.1041375779,43196.2012092909,43080.3811310146,2.52765310167327,0.0246922410741483,1,3,4,1
"Same-Sign",10000,89,4,-21543.9928543298,43557.7130676305,43402.2703309965,5.30530932779486,0.0144153971527118,1,3,4,1
"Same-Sign",10000,89,5,-21437.5070443143,43464.4758724351,43269.4104774435,-5.24851011612742,-0.0195345302181966,1,3,4,1
"Same-Sign",10000,90,1,-21529.7004478099,43169.9249800836,43133.3502185227,1.35879580330175,0.0772094758858811,4,5,5,5
"Same-Sign",10000,90,2,-21626.9246072173,43484.1077237341,43407.9103038155,4.69292839320145,0.0482527373011009,4,5,5,5
"Same-Sign",10000,90,3,-21671.8078303474,43693.6085948298,43577.7885165535,-3.95978220953965,0.0377068204538909,4,5,5,5
"Same-Sign",10000,90,4,-21351.8660800959,43173.4595191626,43018.0167825287,-1.83720159697317,0.00466484550789577,4,5,5,5
"Same-Sign",10000,90,5,-21675.2602099053,43939.9822036171,43744.9168086256,2.20579828255605,0.0367884845389794,4,5,5,5
"Same-Sign",10000,91,1,-21495.3262069507,43101.1764983651,43064.6017368042,-0.0294808606417907,0.0947683081393729,1,3,3,3
"Same-Sign",10000,91,2,-21775.935625901,43782.1297611014,43705.9323411828,-3.92848063299078,0.0404395085229716,1,3,3,3
"Same-Sign",10000,91,3,-21535.1876603621,43420.3682548593,43304.548176583,-4.40041300070605,0.036681452523117,1,3,3,3
"Same-Sign",10000,91,4,-21468.8401420575,43407.4076430858,43251.9649064519,12.061253800036,0.0367951678175246,1,3,3,3
"Same-Sign",10000,91,5,-21536.5497654744,43662.5613147552,43467.4959197636,-2.00403812447225,0.0181287201900792,1,3,3,3
"Same-Sign",10000,92,1,-21695.2019589799,43500.9280024236,43464.3532408627,11.4529117643646,0.00512630811256055,2,4,3,2
"Same-Sign",10000,92,2,-21441.7130938364,43113.6846969722,43037.4872770536,5.15009243987774,0.0684239255664397,2,4,3,2
"Same-Sign",10000,92,3,-22012.8111752071,44375.6152845494,44259.7952062731,-0.191848183075755,0.0298209167281631,2,4,3,2
"Same-Sign",10000,92,4,-21894.0851657782,44257.8976905271,44102.4549538932,0.773811331726893,0.00775918052635963,2,4,3,2
"Same-Sign",10000,92,5,-21672.7956855016,43935.0531548097,43739.9877598181,18.110022462053,0.00310570266184914,2,4,3,2
"Same-Sign",10000,93,1,-21361.8341392489,42834.1923629616,42797.6176014007,2.24808501706137,0.0717879966585464,1,3,4,1
"Same-Sign",10000,93,2,-21648.6287593238,43527.516027947,43451.3186080284,3.08495184701302,0.0407903796121987,1,3,4,1
"Same-Sign",10000,93,3,-21708.7984266087,43767.5897873526,43651.7697090763,2.84366292082506,0.0397284645037631,1,3,4,1
"Same-Sign",10000,93,4,-21751.4288685752,43972.5850961213,43817.1423594873,-5.61735014065386,0.0327394141352055,1,3,4,1
"Same-Sign",10000,93,5,-21962.3217000211,44514.1051838486,44319.039788857,1.98059012573849,0.0442881941935283,1,3,4,1
"Same-Sign",10000,94,1,-21264.5882283405,42639.7005411447,42603.1257795838,-1.19505472021187,0.109776402206799,1,5,3,1
"Same-Sign",10000,94,2,-21952.9952074154,44136.2489241302,44060.0515042116,7.40479279470676,0.0109856566927827,1,5,3,1
"Same-Sign",10000,94,3,-21590.470467927,43530.933869989,43415.1137917127,1.27505277522736,0.0108668771458523,1,5,3,1
"Same-Sign",10000,94,4,-21687.2266258675,43844.1806107057,43688.7378740718,4.4875552740843,0.0118163463930557,1,5,3,1
"Same-Sign",10000,94,5,-21873.7016440071,44336.8650718207,44141.7996768291,3.81659776931426,0.024514784022292,1,5,3,1
"Same-Sign",10000,95,1,-21692.9021328121,43496.328350088,43459.7535885271,5.96012129408286,0.0445866946524264,1,5,4,1
"Same-Sign",10000,95,2,-21808.5014394369,43847.2613881732,43771.0639682546,4.87691889900056,0.0264465994299996,1,5,4,1
"Same-Sign",10000,95,3,-21849.0887143367,44048.1703628085,43932.3502845322,-7.64287996850158,0.0492008971764768,1,5,4,1
"Same-Sign",10000,95,4,-21813.8742976225,44097.4759542157,43942.0332175818,8.05359522673325,0.00744866058212915,1,5,4,1
"Same-Sign",10000,95,5,-21602.3348571968,43794.1314982,43599.0661032085,6.42684848518728,0.0171253250351195,1,5,4,1
"Same-Sign",10000,96,1,-21611.6880919222,43333.9002683082,43297.3255067473,0.616207528492406,0.0726278305120775,2,5,3,2
"Same-Sign",10000,96,2,-21367.5964272313,42965.451363762,42889.2539438434,14.9101360373708,-0.0156325286226573,2,5,3,2
"Same-Sign",10000,96,3,-21674.4019897892,43698.7969137135,43582.9768354373,5.99055047233723,0.0312397648557924,2,5,3,2
"Same-Sign",10000,96,4,-21539.9353080569,43549.5979750845,43394.1552384506,2.33442226216053,0.0214516723128555,2,5,3,2
"Same-Sign",10000,96,5,-21763.4418052122,44116.3453942308,43921.2799992392,-4.76191224939917,-0.0013033113116859,2,5,3,2
"Same-Sign",10000,97,1,-21690.9879449591,43492.4999743819,43455.925212821,16.6008182802392,0.0850968040112093,5,5,3,5
"Same-Sign",10000,97,2,-21832.978852898,43896.2162150955,43820.0187951769,18.575430573988,-0.00348937745991683,5,5,3,5
"Same-Sign",10000,97,3,-21781.2954819844,43912.5838981039,43796.7638198277,-0.66142256703263,-0.000158535042481692,5,5,3,5
"Same-Sign",10000,97,4,-21784.2559967706,44038.2393525119,43882.796615878,9.19009611166733,0.0172696173667375,5,5,3,5
"Same-Sign",10000,97,5,-21450.1150523409,43489.6918884883,43294.6264934967,-0.767309838439916,0.00870808931208879,5,5,3,5
"Same-Sign",10000,98,1,-21413.6532913654,42937.8306671945,42901.2559056336,9.13980042169349,0.0518688025157234,1,5,3,1
"Same-Sign",10000,98,2,-21730.7198499865,43691.6982092724,43615.5007893538,6.80562654181329,0.0413720496384231,1,5,3,1
"Same-Sign",10000,98,3,-21696.0571462907,43742.1072267166,43626.2871484403,2.94329774351389,0.03966214022793,1,5,3,1
"Same-Sign",10000,98,4,-21364.4031073178,43198.5335736064,43043.0908369725,0.654612641148769,0.0274343723130714,1,5,3,1
"Same-Sign",10000,98,5,-21559.0347298433,43707.531243493,43512.4658485015,-5.63331019210772,0.0206972023950057,1,5,3,1
"Same-Sign",10000,99,1,-21639.3823540577,43389.2887925791,43352.7140310182,-7.61701625952517,0.128704539695945,3,5,1,1
"Same-Sign",10000,99,2,-21738.0200062,43706.2985216994,43630.1011017808,-3.13423279330346,0.0857764502646703,3,5,1,1
"Same-Sign",10000,99,3,-21284.0090360364,42918.0110062079,42802.1909279317,-7.82467714890488,-0.00487866544701029,3,5,1,1
"Same-Sign",10000,99,4,-21819.7914924562,44109.3103438833,43953.8676072493,-2.66535917522299,0.0538810107963019,3,5,1,1
"Same-Sign",10000,99,5,-21347.7017898871,43284.8653635807,43089.7999685891,5.83008455542356,0.0250716208859216,3,5,1,1
"Same-Sign",10000,100,1,-21723.1809965778,43556.8860776193,43520.3113160584,8.97807989506378,0.0486151075988372,4,5,5,5
"Same-Sign",10000,100,2,-21914.819016784,44059.8965428674,43983.6991229488,4.22445800395242,0.0244095082881263,4,5,5,5
"Same-Sign",10000,100,3,-21947.1302207686,44244.2533756724,44128.4332973961,6.7081539606066,0.0160357458539827,4,5,5,5
"Same-Sign",10000,100,4,-21578.5684380877,43626.8642351461,43471.4214985122,-2.15444010249946,0.0147432474513944,4,5,5,5
"Same-Sign",10000,100,5,-21978.3221746186,44546.1061330437,44351.0407380521,5.10016570557949,0.0474410502369161,4,5,5,5
"Same-Sign",50000,1,1,-108701.062774491,217531.962888394,217479.040824662,2.88861218663367,0.0653899884820265,5,5,4,5
"Same-Sign",50000,1,2,-108018.574593951,216307.643645013,216197.389345571,-5.80004548991482,0.0849250963997119,5,5,4,5
"Same-Sign",50000,1,3,-108386.752239802,217184.656054412,217017.069519261,7.98805746559414,0.0220581133947817,5,5,4,5
"Same-Sign",50000,1,4,-107944.499681633,216440.808055772,216215.889284911,4.05265643308036,0.00427440712634064,5,5,4,5
"Same-Sign",50000,1,5,-106790.957840027,214274.381490256,213992.130483686,-0.638906117636577,0.02405331349852,5,5,4,5
"Same-Sign",50000,2,1,-108013.286425845,216156.410191103,216103.488127371,15.2294853674538,0.0311517294631886,3,5,2,2
"Same-Sign",50000,2,2,-109604.203897672,219478.902252454,219368.647953012,-7.03444358571378,0.068045097550389,3,5,2,2
"Same-Sign",50000,2,3,-106734.337719392,213879.827013591,213712.24047844,3.02919205943898,-0.017071718652856,3,5,2,2
"Same-Sign",50000,2,4,-108222.438853428,216996.686399361,216771.767628501,-5.4551149843518,0.0485002369936822,3,5,2,2
"Same-Sign",50000,2,5,-106836.639231975,214365.744274152,214083.493267583,11.6522061524284,0.0281297897073661,3,5,2,2
"Same-Sign",50000,3,1,-109950.45121663,220030.739772672,219977.81770894,2.36010506705647,0.0429509986576964,3,5,4,3
"Same-Sign",50000,3,2,-107936.560940183,216143.616337476,216033.362038035,5.66204695939694,0.0239118113836303,3,5,4,3
"Same-Sign",50000,3,3,-106661.389949925,213733.931474659,213566.344939508,-3.91540158911822,0.068438553538157,3,5,4,3
"Same-Sign",50000,3,4,-107902.605814945,216357.020322396,216132.101551535,2.29155782978022,0.018456794204737,3,5,4,3
"Same-Sign",50000,3,5,-109105.309755631,218903.085321465,218620.834314895,7.39520599789893,0.010477501731879,3,5,4,3
"Same-Sign",50000,4,1,-108373.726506363,216877.290352138,216824.368288406,5.06048706438339,0.0357998927506289,3,5,2,2
"Same-Sign",50000,4,2,-108675.300354673,217621.095166455,217510.840867014,13.5227293359225,0.00379644397519577,3,5,2,2
"Same-Sign",50000,4,3,-108155.432825904,216722.017226616,216554.430691466,4.01682949441482,-0.00709112805365416,3,5,2,2
"Same-Sign",50000,4,4,-108648.649920938,217849.10853438,217624.18976352,9.31071267186369,0.0386402213021476,3,5,2,2
"Same-Sign",50000,4,5,-108313.036567504,217318.538945211,217036.287938641,9.63619867788671,0.0705454898558737,3,5,2,2
"Same-Sign",50000,5,1,-107041.950471718,214213.73828285,214160.816219118,-7.5235290266122,0.0527240179390688,1,3,2,1
"Same-Sign",50000,5,2,-109577.649029966,219425.792517043,219315.538217601,-4.59178592536832,0.0239759364547388,1,3,2,1
"Same-Sign",50000,5,3,-108001.809905199,216414.771385205,216247.184850054,-4.89549300442296,0.0326338199315235,1,3,2,1
"Same-Sign",50000,5,4,-107029.759399803,214611.327492111,214386.408721251,4.86951140971608,0.0142149760693379,1,3,2,1
"Same-Sign",50000,5,5,-108422.25738545,217536.980581103,217254.729574533,0.190133316975603,0.0366797451895127,1,3,2,1
"Same-Sign",50000,6,1,-113162.748380541,226455.334100496,226402.412036764,17.9085187515539,0.101293878705802,3,5,3,3
"Same-Sign",50000,6,2,-109460.389008096,219191.272473301,219081.01817386,5.95700021501874,0.043099084040133,3,5,3,3
"Same-Sign",50000,6,3,-106402.770813392,213216.693201592,213049.106666441,-5.35532522622649,0.0728177625067233,3,5,3,3
"Same-Sign",50000,6,4,-108407.476529313,217366.761751132,217141.842980271,2.59037153330359,0.00530689479087677,3,5,3,3
"Same-Sign",50000,6,5,-108534.352308268,217761.170426739,217478.919420169,8.5218578017427,0.0112401171756013,3,5,3,3
"Same-Sign",50000,7,1,-107488.548148931,215106.933637275,215054.011573544,-3.00127120285868,0.0195818859533443,1,5,3,1
"Same-Sign",50000,7,2,-107632.323353734,215535.141164578,215424.886865137,20.1674151037924,0.0157415763400778,1,5,3,1
"Same-Sign",50000,7,3,-109443.22964852,219297.610871848,219130.024336697,-2.4975472350722,0.0373416710275443,1,5,3,1
"Same-Sign",50000,7,4,-109094.568812435,218740.946317376,218516.027546515,9.75716154067104,0.0111917781659895,1,5,3,1
"Same-Sign",50000,7,5,-108829.249086027,218350.963982255,218068.712975686,13.3343712332211,0.0259990997450615,1,5,3,1
"Same-Sign",50000,8,1,-108657.190086233,217444.217511878,217391.295448147,13.5500489327664,0.0660687351311633,4,5,4,4
"Same-Sign",50000,8,2,-108449.991566608,217170.477590327,217060.223290885,2.10776232279781,0.0334258032968946,4,5,4,4
"Same-Sign",50000,8,3,-108991.245173512,218393.641921831,218226.05538668,11.5856082016149,-0.0100208336286403,4,5,4,4
"Same-Sign",50000,8,4,-107248.390569657,215048.58983182,214823.67106096,7.48832002454288,0.0236964412622688,4,5,4,4
"Same-Sign",50000,8,5,-109838.835719603,220370.137249408,220087.886242839,5.98234260390615,0.027167394950331,4,5,4,4
"Same-Sign",50000,9,1,-108163.120786704,216456.07891282,216403.156849088,1.58464079245452,0.130475973457647,3,4,4,4
"Same-Sign",50000,9,2,-108371.922810199,217014.340077508,216904.085778067,13.3883065971826,0.0070496030561798,3,4,4,4
"Same-Sign",50000,9,3,-107050.309442345,214511.770459498,214344.183924347,3.7930556166198,-0.00268536558039643,3,4,4,4
"Same-Sign",50000,9,4,-107747.620747832,216047.050188169,215822.131417309,2.17768502039976,0.015915295365105,3,4,4,4
"Same-Sign",50000,9,5,-107332.534902027,215357.535614257,215075.284607687,-4.33356117112711,0.0151387072121307,3,4,4,4
"Same-Sign",50000,10,1,-107949.614074313,216029.065488039,215976.143424307,9.45316766032546,0.0128674977991748,3,4,4,4
"Same-Sign",50000,10,2,-108968.235355364,218206.965167837,218096.710868396,-7.4118410826315,0.0574930802771661,3,4,4,4
"Same-Sign",50000,10,3,-106283.60807874,212978.367732288,212810.781197137,1.21936613718791,0.0830243756297096,3,4,4,4
"Same-Sign",50000,10,4,-109766.03321134,220083.875115184,219858.956344324,-0.682933328308623,0.0208541462875243,3,4,4,4
"Same-Sign",50000,10,5,-107475.477627291,215643.421064784,215361.170058214,-2.20754603424744,0.0239637878734184,3,4,4,4
"Same-Sign",50000,11,1,-108834.701441121,217799.240221655,217746.318157923,0.839185396026786,0.0954853412468846,3,5,5,5
"Same-Sign",50000,11,2,-109354.216563936,218978.927584982,218868.67328554,-3.90804081500974,0.0539042803018993,3,5,5,5
"Same-Sign",50000,11,3,-106973.23203894,214357.615652688,214190.029117537,-11.4641540847851,0.0342841822338318,3,5,5,5
"Same-Sign",50000,11,4,-108448.802631913,217449.413956331,217224.495185471,7.75209315234109,0.0616978544436906,3,5,5,5
"Same-Sign",50000,11,5,-109052.44698717,218797.359784543,218515.108777973,2.06294520101929,0.0194418118758059,3,5,5,5
"Same-Sign",50000,12,1,-109821.854512647,219773.546364708,219720.624300976,12.6561410136006,0.10033044476671,2,5,1,1
"Same-Sign",50000,12,2,-106574.131670585,213418.75779828,213308.503498839,-4.57464103015857,0.0657275239536215,2,5,1,1
"Same-Sign",50000,12,3,-108913.705490368,218238.562555543,218070.976020393,7.70546846801205,0.0305000450327468,2,5,1,1
"Same-Sign",50000,12,4,-108595.052382905,217741.913458314,217516.994687454,2.28036624158424,0.0436872777062991,2,5,1,1
"Same-Sign",50000,12,5,-108359.468507472,217411.402825147,217129.151818578,-0.621730390408644,0.00545187775121453,2,5,1,1
"Same-Sign",50000,13,1,-107942.144057325,216014.125454063,215961.203390331,14.8150631892307,0.00591116429120474,3,5,4,3
"Same-Sign",50000,13,2,-108767.875535632,217806.245528374,217695.991228933,-4.66326457653737,0.0366277583884147,3,5,4,3
"Same-Sign",50000,13,3,-107613.728946754,215638.609468315,215471.022933164,-0.233967516097832,0.0299531917483219,3,5,4,3
"Same-Sign",50000,13,4,-107738.72205186,216029.252796224,215804.334025364,2.67591530696322,0.0209007149692064,3,5,4,3
"Same-Sign",50000,13,5,-108585.003175131,217862.472160464,217580.221153894,3.26509643003242,0.019059911172528,3,5,4,3
"Same-Sign",50000,14,1,-111292.765728757,222715.368796926,222662.446733194,21.9484447334094,-0.026142918809221,3,5,3,3
"Same-Sign",50000,14,2,-109942.333560627,220155.161578364,220044.907278923,-1.13699856679748,0.0437858304229716,3,5,3,3
"Same-Sign",50000,14,3,-107831.570946056,216074.29346692,215906.706931769,-6.67275388279547,0.0559792672389373,3,5,3,3
"Same-Sign",50000,14,4,-108174.895156737,216901.599005978,216676.680235118,-0.833984059390838,0.00250711802820827,3,5,3,3
"Same-Sign",50000,14,5,-108570.518392784,217833.50259577,217551.2515892,7.86863491640597,0.00358571897830134,3,5,3,3
"Same-Sign",50000,15,1,-108322.091989146,216774.021317705,216721.099253974,8.87355602519187,0.04449690707833,4,4,4,4
"Same-Sign",50000,15,2,-107444.236486587,215158.967430284,215048.713130843,-3.50290464798877,0.0409529411473788,4,4,4,4
"Same-Sign",50000,15,3,-108215.442813938,216842.037202684,216674.450667534,8.26726444365538,0.0208469746700151,4,4,4,4
"Same-Sign",50000,15,4,-107039.80964047,214631.427973445,214406.509202585,9.0227973802628,-0.0011515443715376,4,4,4,4
"Same-Sign",50000,15,5,-109149.332342289,218991.130494781,218708.879488211,-3.04393320917989,0.0149215639363307,4,4,4,4
"Same-Sign",50000,16,1,-107606.822267387,215343.481874188,215290.559810456,-1.74748170174962,0.0721628487600601,1,5,5,5
"Same-Sign",50000,16,2,-107653.442410474,215577.379278058,215467.124978616,-7.25274369929323,0.0965476705136657,1,5,5,5
"Same-Sign",50000,16,3,-109221.641582043,218854.434738894,218686.848203744,2.33631811140075,0.0649530621216877,1,5,5,5
"Same-Sign",50000,16,4,-108690.471274636,217932.751241776,217707.832470916,-4.26922864724193,0.0544401440825735,1,5,5,5
"Same-Sign",50000,16,5,-107962.572899389,216617.61160898,216335.360602411,-5.55723792670118,0.00821765694201696,1,5,5,5
"Same-Sign",50000,17,1,-107555.372193205,215240.581725823,215187.659662091,3.59263367285434,0.0791475944709721,1,5,2,1
"Same-Sign",50000,17,2,-108579.272709492,217429.039876094,217318.785576653,6.14512594614247,0.0329650403825008,1,5,2,1
"Same-Sign",50000,17,3,-108958.813863991,218328.77930279,218161.19276764,10.3688174640206,0.0492277053778004,1,5,2,1
"Same-Sign",50000,17,4,-107660.702221186,215873.213134876,215648.294364016,0.171274405865379,0.00198748731547508,1,5,2,1
"Same-Sign",50000,17,5,-108265.362648405,217223.191107012,216940.940100442,0.524957730117266,0.00844608177297734,1,5,2,1
"Same-Sign",50000,18,1,-108233.487696077,216596.812731568,216543.890667836,9.58399324338553,0.0355427169354972,3,3,3,3
"Same-Sign",50000,18,2,-108932.620258948,218135.734975007,218025.480675566,10.9445263256186,0.0285060242959584,3,3,3,3
"Same-Sign",50000,18,3,-106946.264277409,214303.680129626,214136.093594475,9.7532211117172,0.005575328476952,3,3,3,3
"Same-Sign",50000,18,4,-107787.119330524,216126.047353554,215901.128582693,2.86902820015184,-0.00724932614113592,3,3,3,3
"Same-Sign",50000,18,5,-108487.657577471,217667.780965145,217385.529958576,-2.85682092403516,0.00973224485184427,3,3,3,3
"Same-Sign",50000,19,1,-107544.104915773,215218.047170958,215165.125107227,-2.01367342761133,0.0502836680496381,4,5,2,2
"Same-Sign",50000,19,2,-109878.980237945,220028.454933001,219918.20063356,-10.5912836876384,0.0651241630914297,4,5,2,2
"Same-Sign",50000,19,3,-107780.992525158,215973.136625124,215805.550089973,11.5499661538813,0.021308441530726,4,5,2,2
"Same-Sign",50000,19,4,-106835.490345116,214222.789382738,213997.870611877,2.58955298055702,0.0270104563979073,4,5,2,2
"Same-Sign",50000,19,5,-107617.405309813,215927.276429828,215645.025423258,5.60571142706995,0.0439951481708132,4,5,2,2
"Same-Sign",50000,20,1,-107576.583423981,215283.004187374,215230.082123643,-3.94199718026343,0.067384535429063,1,5,3,1
"Same-Sign",50000,20,2,-109884.585784123,220039.666025356,219929.411725914,1.49103765577394,0.0338137646598561,1,5,3,1
"Same-Sign",50000,20,3,-107644.106252319,215699.364079446,215531.777544296,-2.54461666231426,0.0377877856069338,1,5,3,1
"Same-Sign",50000,20,4,-107532.254091783,215616.31687607,215391.39810521,11.9771189390836,0.0582860680679627,1,5,3,1
"Same-Sign",50000,20,5,-108836.100989104,218364.667788411,218082.416781842,8.21576242826416,0.0185523936611938,1,5,3,1
