"design","N","rep","K_est","loglik","bic_standard","bic_panel","cf_effect","se_rate_baseline","se_rate_cf","gamma_weighted","k_selected_bic","k_selected_stable","k_selected_osce","k_selected_consensus"
"Cancellation",10000,1,1,-5983.04416073673,12002.9296829614,11990.7380957744,9.29888246286644,0.2812,0.30734845748558,-0.13464280927998,2,3,5,2
"Cancellation",10000,1,2,-5931.34286175057,11945.5787868489,11918.1477156782,-0.0440224172773914,0.2812,0.281076208962616,0.00400286747837652,2,3,5,2
"Cancellation",10000,1,3,-5928.12175534399,11985.1882758956,11942.5177207412,0.496851458457596,0.2812,0.282597146301183,0.0204743525120974,2,3,5,2
"Cancellation",10000,1,4,-5929.55312486606,12034.1027167997,11976.1926776615,1.38532658548258,0.2812,0.285095538358377,-0.0110442896261861,2,3,5,2
"Cancellation",10000,1,5,-5932.82654139917,12086.7012517258,12013.5517286039,-0.321296921302486,0.2812,0.280296513057297,0.0142193378432587,2,3,5,2
"Cancellation",10000,2,1,-5976.79231595914,11990.4259934062,11978.2344062192,-1.67937657488854,0.286,0.281196982995819,0.0616401451255685,1,4,5,1
"Cancellation",10000,2,2,-5976.9899087636,12036.872880875,12009.4418097043,-1.13526049210092,0.286,0.282753154992591,0.0383464550666638,1,4,5,1
"Cancellation",10000,2,3,-5985.91384779694,12100.7724608016,12058.1019056471,-3.69554756828518,0.286,0.275430733954704,0.0178123730213636,1,4,5,1
"Cancellation",10000,2,4,-5984.98027046537,12144.9570079983,12087.0469688602,-4.66622578322897,0.286,0.272654594259965,0.0301122509149234,1,4,5,1
"Cancellation",10000,2,5,-5982.27289277298,12185.5939544734,12112.4444313515,0.805652354804027,0.286,0.288304165734739,0.00574521793768518,1,4,5,1
"Cancellation",10000,3,1,-6012.57318627641,12061.9877340407,12049.7961468537,3.13544951746123,0.2888,0.297855178206428,-0.0272433173496823,1,3,5,1
"Cancellation",10000,3,2,-6009.04933058664,12100.9917245211,12073.5606533504,1.01522723054863,0.2888,0.291731976241824,0.0114611901361214,1,3,5,1
"Cancellation",10000,3,3,-6005.24884596109,12139.4424571299,12096.7719019754,0.0516914131579986,0.2888,0.2889492848012,0.0380182932129904,1,3,5,1
"Cancellation",10000,3,4,-6004.12264109143,12183.2417492504,12125.3317101123,0.285226342181081,0.2888,0.289623733676219,0.00628080209578911,1,3,5,1
"Cancellation",10000,3,5,-6005.82391987652,12232.6960086805,12159.5464855586,-1.32917137753767,0.2888,0.284961353061671,0.0240437325275301,1,3,5,1
"Cancellation",10000,4,1,-5996.27301928462,12029.3874000571,12017.1958128702,3.01068922770246,0.2869,0.295537667394278,-0.0276993317089397,1,3,5,1
"Cancellation",10000,4,2,-5994.89208041184,12072.6772241715,12045.2461530008,2.40613442683157,0.2869,0.29380319967058,0.0208298043452795,1,3,5,1
"Cancellation",10000,4,3,-5997.96345335037,12124.8716719084,12082.201116754,0.623111990369565,0.2869,0.28868770830037,0.00545540847950442,1,3,5,1
"Cancellation",10000,4,4,-5993.58572403126,12162.1679151301,12104.2578759919,-0.895437074945929,0.2869,0.28433099103198,0.0350923541279341,1,3,5,1
"Cancellation",10000,4,5,-5991.38661580405,12203.8214005355,12130.6718774137,-1.0471563157654,0.2869,0.283895708530069,0.0215982320879738,1,3,5,1
"Cancellation",10000,5,1,-5944.85791145341,11926.5571843947,11914.3655972078,3.38497844773925,0.2829,0.292476104028654,-0.0375589947429596,1,4,3,1
"Cancellation",10000,5,2,-5971.06902126273,12025.0311058732,11997.6000347025,1.80799509247901,0.2829,0.288014818116623,-0.00621483714449663,1,4,3,1
"Cancellation",10000,5,3,-5957.41226930341,12043.7693038145,12001.0987486601,-0.356052011414587,0.2829,0.281892728859708,0.00912645848756044,1,4,3,1
"Cancellation",10000,5,4,-5945.79843921925,12066.5933455061,12008.6833063679,-0.343441288227665,0.2829,0.281928404595604,0.0264056878195804,1,4,3,1
"Cancellation",10000,5,5,-5947.04446605861,12115.1371010446,12041.9875779228,1.85825850606956,0.2829,0.288157013313671,0.0167103716837872,1,4,3,1
"Cancellation",10000,6,1,-5936.42779867646,11909.6969588408,11897.5053716539,4.9646398345413,0.28,0.293900991536716,-0.0705769654313053,1,5,4,1
"Cancellation",10000,6,2,-5930.86976367085,11944.6325906895,11917.2015195188,2.66301467090639,0.28,0.287456441078538,-0.0220487863705981,1,5,4,1
"Cancellation",10000,6,3,-5923.14529335924,11975.2353519262,11932.5647967717,-2.83090420082675,0.28,0.272073468237685,0.0492214003423616,1,5,4,1
"Cancellation",10000,6,4,-5926.73564029329,12028.4677476541,11970.557708516,-5.26222650120228,0.28,0.265265765796634,0.0142306875745194,1,5,4,1
"Cancellation",10000,6,5,-5936.16633266962,12093.3808342667,12020.2313111448,2.0661375931095,0.28,0.285785185260707,-0.00496161608976172,1,5,4,1
"Cancellation",10000,7,1,-6022.81232315991,12082.4660078077,12070.2744206207,1.64134892145273,0.2912,0.29597960805927,-0.0142957360462547,1,3,3,3
"Cancellation",10000,7,2,-6033.16104033539,12149.2151440186,12121.7840728479,0.160351493396091,0.2912,0.291666943548769,0.0150927339980909,1,3,3,3
"Cancellation",10000,7,3,-6025.44834545544,12179.8414561186,12137.1709009641,1.89501791484902,0.2912,0.29671829216804,-0.00763979333109345,1,3,3,3
"Cancellation",10000,7,4,-6024.1920382235,12223.3805435145,12165.4705043764,-0.0693828759936692,0.2912,0.290997957065106,0.0216181676917432,1,3,3,3
"Cancellation",10000,7,5,-6025.61969406927,12272.287557066,12199.1380339441,-0.0217766263335108,0.2912,0.291136586464117,0.00403699409143498,1,3,3,3
"Cancellation",10000,8,1,-5926.35182515437,11889.5450117966,11877.3534246097,2.23262073399078,0.2805,0.286762501158844,0.00691076518161202,1,4,5,1
"Cancellation",10000,8,2,-5916.62450098123,11916.1420653103,11888.7109941396,-6.31312058491743,0.2805,0.262791696759307,0.133391637889114,1,4,5,1
"Cancellation",10000,8,3,-5922.17271184973,11973.2901889071,11930.6196337527,0.569577336100096,0.2805,0.282097664427761,0.0181751479921776,1,4,5,1
"Cancellation",10000,8,4,-5927.6510542718,12030.2985756112,11972.388536473,-0.863736934701543,0.2805,0.278077217898162,0.0258136964739906,1,4,5,1
"Cancellation",10000,8,5,-5920.71141108048,12062.4709910884,11989.3214679665,-2.0846440792508,0.2805,0.274652573357702,0.029481031880425,1,4,5,1
"Cancellation",10000,9,1,-5983.18125389579,12003.2038692795,11991.0122820925,-6.05726660484688,0.2871,0.269709587577485,0.166744177064552,1,3,2,1
"Cancellation",10000,9,2,-5992.35381257073,12067.6006884892,12040.1696173185,-0.421617260971268,0.2871,0.285889536843752,0.0349806699794084,1,3,2,1
"Cancellation",10000,9,3,-5987.01546518593,12102.9756955795,12060.3051404251,1.03892098730321,0.2871,0.290082742154548,0.0100188074657573,1,3,2,1
"Cancellation",10000,9,4,-5994.5159263822,12164.028319832,12106.1182806938,2.21507897872828,0.2871,0.293459491747929,0.00767723551306857,1,3,2,1
"Cancellation",10000,9,5,-6002.11301376382,12225.2741964551,12152.1246733332,4.28494426317041,0.2871,0.299402074979562,0.0018814676893477,1,3,2,1
"Cancellation",10000,10,1,-6016.26997026102,12069.3813020099,12057.189714823,-5.6914728657356,0.2904,0.273871962797904,0.14012411444852,1,5,5,5
"Cancellation",10000,10,2,-6015.5561307088,12114.0053247654,12086.5742535947,0.52149247997339,0.2904,0.291914414161843,0.00108214170673356,1,5,5,5
"Cancellation",10000,10,3,-6023.21403859654,12175.3728424007,12132.7022872463,-1.50597155291011,0.2904,0.286026658610349,0.0215376413514462,1,5,5,5
"Cancellation",10000,10,4,-6017.88468099259,12210.7658290527,12152.8557899146,-4.4389621027561,0.2904,0.277509254053596,0.0185396453269917,1,5,5,5
"Cancellation",10000,10,5,-6016.2313625931,12253.5108941136,12180.3613709918,-1.69423864345458,0.2904,0.285479930979408,0.0199728825593883,1,5,5,5
"Cancellation",10000,11,1,-5984.56580914527,12005.9729797784,11993.7813925915,-5.40587316756902,0.2875,0.271958114643239,0.149085261987735,1,5,5,5
"Cancellation",10000,11,2,-5992.69115009304,12068.2753635339,12040.8442923632,3.34030495312701,0.2875,0.29710337674024,-0.0280589927704029,1,5,5,5
"Cancellation",10000,11,3,-5984.2383730332,12097.4215112741,12054.7509561197,-1.93918961968909,0.2875,0.281924829843394,0.0490065897491677,1,5,5,5
"Cancellation",10000,11,4,-5992.87025434808,12160.7369757637,12102.8269366256,2.68381667796105,0.2875,0.295215972949138,0.00214200328442275,1,5,5,5
"Cancellation",10000,11,5,-5989.18258029461,12199.4133295166,12126.2638063948,-2.26982487360861,0.2875,0.280974253488375,0.0120296329731047,1,5,5,5
"Cancellation",10000,12,1,-5995.90464680031,12028.6506550885,12016.4590679016,-2.13648840468213,0.2892,0.283021275533659,0.0763175207823677,1,3,4,1
"Cancellation",10000,12,2,-6002.72463244918,12088.3423282461,12060.9112570754,0.147547295766279,0.2892,0.289626706779356,0.0139453537575685,1,3,4,1
"Cancellation",10000,12,3,-6003.050820295,12135.0464057977,12092.3758506432,1.05894861680697,0.2892,0.292262479399806,0.00882148475436316,1,3,4,1
"Cancellation",10000,12,4,-6006.06189158687,12187.1202502413,12129.2102111032,1.939231925804,0.2892,0.294808258729425,0.0127663672146425,1,3,4,1
"Cancellation",10000,12,5,-6000.24917880284,12221.5465265331,12148.3970034113,0.28399610371564,0.2892,0.290021316731946,0.0109736845271267,1,3,4,1
"Cancellation",10000,13,1,-5968.90587232871,11974.6531061453,11962.4615189583,3.83484884698301,0.2848,0.295721649516208,-0.0656117655691857,1,5,4,1
"Cancellation",10000,13,2,-5961.06505834327,12005.0231800343,11977.5921088636,-6.21746822491514,0.2848,0.267092650495442,0.101996269753253,1,5,4,1
"Cancellation",10000,13,3,-5960.21367603062,12049.3721172689,12006.7015621145,0.606949544642687,0.2848,0.286528592303142,-0.0103011859630648,1,5,4,1
"Cancellation",10000,13,4,-5967.99831180265,12110.9930906728,12053.0830515347,2.67689641106948,0.2848,0.292423800978726,-0.0109970516297195,1,5,4,1
"Cancellation",10000,13,5,-5958.92433917236,12138.8968472721,12065.7473241503,0.99316652485452,0.2848,0.287628538262786,-0.00371059628686703,1,5,4,1
"Cancellation",10000,14,1,-6039.38289330451,12115.6071480969,12103.41556091,3.4183916662572,0.292,0.301981703665471,-0.0604621352726462,1,5,4,1
"Cancellation",10000,14,2,-6040.26147543307,12163.4160142139,12135.9849430432,-7.08698856563455,0.292,0.271305993388347,0.0894107736370157,1,5,4,1
"Cancellation",10000,14,3,-6042.38032933865,12213.705423885,12171.0348687305,5.72903135824606,0.292,0.308728771566078,-0.070942159004695,1,5,4,1
"Cancellation",10000,14,4,-6030.18934306946,12235.3751532065,12177.4651140683,-1.35713697644876,0.292,0.28803716002877,0.00590249155476105,1,5,4,1
"Cancellation",10000,14,5,-6037.30303859362,12295.6542461147,12222.5047229928,1.91643933312889,0.292,0.297596002852736,-0.00630689552963435,1,5,4,1
"Cancellation",10000,15,1,-5905.42637231498,11847.6941061179,11835.5025189309,5.78698645652178,0.2773,0.293347313443935,-0.114294127334858,1,4,5,1
"Cancellation",10000,15,2,-5898.33769274494,11879.5684488377,11852.137377667,-4.22719596294995,0.2773,0.26557798559474,0.0311388455123906,1,4,5,1
"Cancellation",10000,15,3,-5893.23644254777,11915.4176503032,11872.7470951488,2.13260465009918,0.2773,0.283213712694725,-0.0158076568025276,1,4,5,1
"Cancellation",10000,15,4,-5896.86063270478,11968.7177324771,11910.807693339,1.14319897202928,0.2773,0.280470090749437,-0.00998868581309074,1,4,5,1
"Cancellation",10000,15,5,-5893.9968935309,12009.0419559892,11935.8924328674,-1.21458557740132,0.2773,0.273931954193866,0.00127007572928442,1,4,5,1
"Cancellation",10000,16,1,-6014.67790036109,12066.1971622101,12054.0055750231,-1.08487750745115,0.2906,0.287447345963347,0.0220216971557166,1,5,4,1
"Cancellation",10000,16,2,-6022.39588967257,12127.6848426929,12100.2537715222,-5.80957854871291,0.2906,0.27371736473744,0.0238791332976912,1,5,4,1
"Cancellation",10000,16,3,-6023.62854108739,12176.2018473824,12133.531292228,-0.810987152744989,0.2906,0.288243271334123,-6.45698292105212e-05,1,5,4,1
"Cancellation",10000,16,4,-6023.61624310422,12222.228953276,12164.3189141379,1.79374961436195,0.2906,0.295812636379336,-0.0206330576470016,1,5,4,1
"Cancellation",10000,16,5,-6017.9458557998,12256.939880527,12183.7903574052,0.399588619516967,0.2906,0.291761204528316,-0.015835860371779,1,5,4,1
"Cancellation",10000,17,1,-5930.71240076304,11898.266163014,11886.074575827,-2.13288780799043,0.2816,0.275593787932699,0.0390845134297887,1,3,2,1
"Cancellation",10000,17,2,-5935.32990357873,11953.5528705052,11926.1217993346,2.68987219945763,0.2816,0.289174680113673,-0.0067073338996181,1,3,2,1
"Cancellation",10000,17,3,-5944.29532196596,12017.5354091396,11974.8648539852,0.797305923085516,0.2816,0.283845213479409,0.000445496769616675,1,3,2,1
"Cancellation",10000,17,4,-5936.2630475342,12047.5225621359,11989.6125229978,-1.56124560333461,0.2816,0.27720353238101,0.0189840589855198,1,3,2,1
"Cancellation",10000,17,5,-5932.55237056434,12086.1529100561,12013.0033869343,-0.796514098619258,0.2816,0.279357016298288,0.00159675459155618,1,3,2,1
"Cancellation",10000,18,1,-5992.03380923568,12020.9089799593,12008.7173927723,4.4690916520512,0.287,0.299826293041387,-0.0811496203872029,1,5,3,1
"Cancellation",10000,18,2,-5989.04518588761,12060.983435123,12033.5523639523,-0.746450884225057,0.287,0.284857685962274,0.00494955360087825,1,5,3,1
"Cancellation",10000,18,3,-5989.87721575159,12108.6991967109,12066.0286415564,-3.43514105841544,0.287,0.277141145162348,0.0126662775459706,1,5,3,1
"Cancellation",10000,18,4,-5984.07421743166,12143.1449019309,12085.2348627927,-0.42828068849596,0.287,0.285770834424017,-0.00629527769217828,1,5,3,1
"Cancellation",10000,18,5,-5993.21571495695,12207.4795988413,12134.3300757195,1.04358767006353,0.287,0.289995096613082,-0.0128007947322019,1,5,3,1
"Cancellation",10000,19,1,-5970.87295039784,11978.5872622836,11966.3956750966,0.964064669108406,0.2852,0.287949512436297,-0.0107417889520196,1,4,5,1
"Cancellation",10000,19,2,-5972.47355504026,12027.8401734283,12000.4091022576,-3.29135483852538,0.2852,0.275813056000526,0.0619907591069152,1,4,5,1
"Cancellation",10000,19,3,-5973.63502401785,12076.2148132434,12033.544258089,0.710479071146119,0.2852,0.287226286310909,-0.00577103944231699,1,4,5,1
"Cancellation",10000,19,4,-5975.2356368015,12125.4677406705,12067.5577015324,0.54905129263343,0.2852,0.286765894286591,0.00479829635524327,1,4,5,1
"Cancellation",10000,19,5,-5971.78095398018,12164.6100768878,12091.460553766,0.36111287789903,0.2852,0.286229893927768,-0.00148196081527642,1,4,5,1
"Cancellation",10000,20,1,-6005.54388382876,12047.9291291454,12035.7375419584,3.94170392104087,0.2888,0.300183640923966,-0.0557104590214876,1,5,5,5
"Cancellation",10000,20,2,-5999.11033796957,12081.1137392869,12053.6826681162,-4.37625001983447,0.2888,0.276161389942718,0.0750041515563506,1,5,5,5
"Cancellation",10000,20,3,-6014.27918214227,12157.5031294922,12114.8325743378,-7.82304973178177,0.2888,0.266207032374614,0.076535834864721,1,5,5,5
"Cancellation",10000,20,4,-5999.11150986579,12173.2194867991,12115.309447661,0.0285062765999607,0.2888,0.288882326126821,0.0122359836331898,1,5,5,5
"Cancellation",10000,20,5,-6001.47377825137,12223.9957254302,12150.8462023083,-4.07747419068777,0.2888,0.277024254537294,0.0494230587369617,1,5,5,5
"Cancellation",10000,21,1,-6050.61013015348,12138.0616217949,12125.8700346079,2.95675654381764,0.2931,0.30176625342993,-0.0457073815718652,1,3,4,1
"Cancellation",10000,21,2,-6040.96348701273,12164.8200373732,12137.3889662026,0.418023419249501,0.2931,0.29432522664182,-0.00574109331283958,1,3,4,1
"Cancellation",10000,21,3,-6042.79827761132,12214.5413204303,12171.8707652759,0.18556214648388,0.2931,0.293643882651344,-0.00134143632949087,1,3,4,1
"Cancellation",10000,21,4,-6045.70043255402,12266.3973321756,12208.4872930375,1.25293569877071,0.2931,0.296772354533097,-0.00685478018113603,1,3,4,1
"Cancellation",10000,21,5,-6046.32687643793,12313.7019218033,12240.5523986815,-1.85230213016867,0.2931,0.287670902456476,0.0131043998311162,1,3,4,1
"Cancellation",10000,22,1,-6005.26815650528,12047.3776744985,12035.1860873115,1.22382203611778,0.2878,0.291322159819947,-0.0131978657891565,1,5,5,5
"Cancellation",10000,22,2,-6003.53667717304,12089.9664176939,12062.5353465232,-5.3788460803877,0.2878,0.272319680980644,0.0344281235107063,1,5,5,5
"Cancellation",10000,22,3,-6003.85419660981,12136.6531584273,12093.9826032729,-0.381417894949415,0.2878,0.286702279298336,-0.0125280964476862,1,5,5,5
"Cancellation",10000,22,4,-6006.23712128475,12187.4707096371,12129.5606704989,-6.81234225370066,0.2878,0.26819407899385,0.0472542005323698,1,5,5,5
"Cancellation",10000,22,5,-6000.93721109779,12222.922591123,12149.7730680012,1.07974983185723,0.2878,0.290907520016085,-0.0268640033082061,1,5,5,5
"Cancellation",10000,23,1,-5964.45826136159,11965.7578842111,11953.5662970241,-2.4902463436943,0.2847,0.277610268659502,0.0901845814558796,1,5,5,5
"Cancellation",10000,23,2,-5969.7395237222,12022.3721107922,11994.9410396215,-0.970586386650192,0.2847,0.281936740557207,0.0222359724230406,1,5,5,5
"Cancellation",10000,23,3,-5979.33160674459,12087.6079786968,12044.9374235424,3.90350476507217,0.2847,0.29581327806616,-0.0415029543398794,1,5,5,5
"Cancellation",10000,23,4,-5968.57291910484,12112.1423052772,12054.2322661391,-0.234166362129398,0.2847,0.284033328367018,0.0154163347729688,1,5,5,5
"Cancellation",10000,23,5,-5974.70599978443,12170.4601684963,12097.3106453744,-4.11051927671531,0.2847,0.272997351619192,0.0267785065765124,1,5,5,5
"Cancellation",10000,24,1,-5993.12086916791,12023.0830998237,12010.8915126368,-3.17575194361921,0.2886,0.279434779890715,0.0818270704854272,1,4,5,1
"Cancellation",10000,24,2,-5990.75882619999,12064.4107157478,12036.9796445771,1.6785627817903,0.2886,0.293444332188247,-0.00945998280901676,1,4,5,1
"Cancellation",10000,24,3,-6002.07116915206,12133.0871035118,12090.4165483574,-2.46817908331856,0.2886,0.281476835165543,0.0432731350543184,1,4,5,1
"Cancellation",10000,24,4,-5999.28266711911,12173.5618013058,12115.6517621676,-1.16902388004985,0.2886,0.285226197082176,0.0208542062575784,1,4,5,1
"Cancellation",10000,24,5,-6004.3925719292,12229.8333127858,12156.683789664,-3.79557845367812,0.2886,0.277645960582685,0.00715472336657151,1,4,5,1
"Cancellation",10000,25,1,-5950.86845602538,11938.5782735387,11926.3866863517,-0.482433442592084,0.2837,0.282331336323366,0.0333008838732595,1,4,2,1
"Cancellation",10000,25,2,-5960.04156151467,12002.9761863771,11975.5451152064,-6.63130547164316,0.2837,0.264886986376948,0.0567666454700778,1,4,2,1
"Cancellation",10000,25,3,-5957.6424893957,12044.2297439991,12001.5591888446,1.30815009805642,0.2837,0.287411221828186,-0.0208569890470914,1,4,2,1
"Cancellation",10000,25,4,-5958.04222080801,12091.0809086836,12033.1708695454,0.723132108370253,0.2837,0.285751525791446,-0.0119246758870078,1,4,2,1
"Cancellation",10000,25,5,-5973.62498950517,12168.2981479378,12095.1486248159,-0.195947520885665,0.2837,0.283144096883247,0.00795030222138302,1,4,2,1
"Cancellation",10000,26,1,-6009.31077757415,12055.4629166362,12043.2713294492,2.011653905064,0.2889,0.29471166813173,-0.0233747109864948,1,3,5,1
"Cancellation",10000,26,2,-6024.79059648122,12132.4742563102,12105.0431851395,1.16941345208854,0.2889,0.292278435463084,-0.00769657391792503,1,3,5,1
"Cancellation",10000,26,3,-6013.13483783117,12155.21444087,12112.5438857156,1.03690303923188,0.2889,0.291895612880341,0.00838277832763121,1,3,5,1
"Cancellation",10000,26,4,-6009.40739592165,12193.8112589109,12135.9012197727,0.0915856168566632,0.2889,0.289164590847099,0.017585518048614,1,3,5,1
"Cancellation",10000,26,5,-6003.3918747387,12227.8319184048,12154.682395283,-0.610603578622834,0.2889,0.287135966261359,0.00926140534773988,1,3,5,1
"Cancellation",10000,27,1,-6049.2137263355,12135.2688141589,12123.0772269719,1.41879764761212,0.2932,0.297359914702799,0.0131650684860328,1,3,5,1
"Cancellation",10000,27,2,-6039.22096266217,12161.3349886721,12133.9039175014,0.0954613535116672,0.2932,0.293479892688496,-0.00725959021345205,1,3,5,1
"Cancellation",10000,27,3,-6043.9632624203,12216.8712900483,12174.2007348939,-0.178663282073581,0.2932,0.29267615925696,0.018130837786115,1,3,5,1
"Cancellation",10000,27,4,-6040.69351595188,12256.3834989713,12198.4734598332,-1.37327395513802,0.2932,0.289173560763535,0.0162211546695124,1,3,5,1
"Cancellation",10000,27,5,-6041.79572014338,12304.6396092142,12231.4900860924,-3.8242920926578,0.2932,0.281987175584327,0.0597471697617485,1,3,5,1
"Cancellation",10000,28,1,-5990.42737028894,12017.6961020658,12005.5045148788,0.155030328290229,0.2879,0.288346332315148,0.00626272068455219,1,5,2,1
"Cancellation",10000,28,2,-5993.8389678468,12070.5709990414,12043.1399278707,0.711596434497796,0.2879,0.289948686134919,-0.0129512583762807,1,5,2,1
"Cancellation",10000,28,3,-6004.37752528237,12137.6998157724,12095.029260618,-6.75093943490215,0.2879,0.268464045366917,0.0394077379475013,1,5,2,1
"Cancellation",10000,28,4,-5995.71903193555,12166.4345309386,12108.5244918005,-1.97764970217634,0.2879,0.282206346507434,0.0232575471627493,1,5,2,1
"Cancellation",10000,28,5,-5999.93019164371,12220.9085522149,12147.759029093,0.675960645805945,0.2879,0.289846090699275,0.00684719826124437,1,5,2,1
"Cancellation",10000,29,1,-5975.78644753108,11988.4142565501,11976.2226693631,-1.77485132056685,0.2867,0.281611501263935,0.058545624359925,1,5,5,5
"Cancellation",10000,29,2,-5987.51392296903,12057.9209092858,12030.4898381152,-4.75352521448625,0.2867,0.273071643210068,0.0586606049383956,1,5,5,5
"Cancellation",10000,29,3,-5997.1094796916,12123.1637245909,12080.4931694365,2.88593358257392,0.2867,0.294973971581239,-0.023150204665851,1,5,5,5
"Cancellation",10000,29,4,-5986.82870281482,12148.6538726972,12090.7438335591,-0.0110277048829846,0.2867,0.2866683835701,0.00338637329659568,1,5,5,5
"Cancellation",10000,29,5,-5988.51505119067,12198.0782713088,12124.9287481869,-4.67737429982957,0.2867,0.273289967882389,0.0247935027778439,1,5,5,5
"Cancellation",10000,30,1,-5986.94448342938,12010.7303283467,11998.5387411597,-0.407894366533372,0.2868,0.285630158956782,0.0217102070674946,1,3,3,3
"Cancellation",10000,30,2,-5993.4443063589,12069.7816760656,12042.3506048949,-3.15147054128643,0.2868,0.277761582487591,0.0806686735387733,1,3,3,3
"Cancellation",10000,30,3,-5985.32420960271,12099.5931844131,12056.9226292587,-4.41254664299491,0.2868,0.274144816227891,0.0646752448426534,1,3,3,3
"Cancellation",10000,30,4,-5997.20474990358,12169.4059668747,12111.4959277366,-0.951939290931087,0.2868,0.28406983811361,-0.00262118470336459,1,3,3,3
"Cancellation",10000,30,5,-5986.94254956528,12194.933268058,12121.7837449361,0.188844388727358,0.2868,0.28734160570687,0.00911216316368733,1,3,3,3
"Cancellation",10000,31,1,-5960.73888063603,11958.31912276,11946.127535573,-1.79695916194064,0.2848,0.279682260306793,0.0578799946834385,1,5,3,1
"Cancellation",10000,31,2,-5965.29533259814,12013.4837285441,11986.0526573734,0.515425064034017,0.2848,0.286267930582369,0.00272523483959658,1,5,3,1
"Cancellation",10000,31,3,-5981.30717193639,12091.5591090804,12048.888553926,-3.36570320328142,0.2848,0.275214477277055,0.0700404927501027,1,5,3,1
"Cancellation",10000,31,4,-5970.70116916105,12116.3988053896,12058.4887662515,-1.16112726062977,0.2848,0.281493109561726,0.0263155148828408,1,5,3,1
"Cancellation",10000,31,5,-5962.7276036621,12146.5033762516,12073.3538531298,-0.665677757814152,0.2848,0.282904149745745,0.0271030163510274,1,5,3,1
"Cancellation",10000,32,1,-5988.26738955348,12013.3761405949,12001.1845534079,0.0522744146132383,0.2874,0.287550236667598,0.00572351256721676,1,4,4,4
"Cancellation",10000,32,2,-5988.86273962133,12060.6185425905,12033.1874714198,-1.96840860291381,0.2874,0.281742793675226,0.00972335872950538,1,4,4,4
"Cancellation",10000,32,3,-5984.10914595132,12097.1630571103,12054.4925019559,0.101738739143499,0.2874,0.287692397136298,-0.00990618074788913,1,4,4,4
"Cancellation",10000,32,4,-5997.63753029103,12170.2715276496,12112.3614885115,1.05283090022527,0.2874,0.290425836007247,-0.016466425883477,1,4,4,4
"Cancellation",10000,32,5,-5994.64980198312,12210.3477728937,12137.1982497718,1.38169081274292,0.2874,0.291370979395823,-0.0154840641417449,1,4,4,4
"Cancellation",10000,33,1,-5967.46895372876,11971.7792689454,11959.5876817585,4.76198694923856,0.2837,0.29720975697499,-0.0517333708193922,1,3,5,1
"Cancellation",10000,33,2,-5956.52247796757,11995.9380192829,11968.5069481122,-2.1264386465414,0.2837,0.277667293559762,0.0759083577309528,1,3,5,1
"Cancellation",10000,33,3,-5953.28210641648,12035.5089780406,11992.8384228862,-2.34001247130658,0.2837,0.277061384618903,0.0320419536197263,1,3,5,1
"Cancellation",10000,33,4,-5965.28918398198,12105.5748350315,12047.6647958934,-1.15112156918387,0.2837,0.280434268108225,0.0332397045854365,1,3,5,1
"Cancellation",10000,33,5,-5965.56816287291,12152.1844946732,12079.0349715514,-1.90697199554875,0.2837,0.278289920448628,0.0398943864476541,1,3,5,1
"Cancellation",10000,34,1,-5990.76525481647,12018.3718711208,12006.1802839339,0.688925034726972,0.2882,0.290185481950083,-0.00135770439772542,1,3,5,1
"Cancellation",10000,34,2,-5990.4618303662,12063.8167240802,12036.3856529095,-0.468932817014509,0.2882,0.286848535621364,0.01164261676703,1,3,5,1
"Cancellation",10000,34,3,-5994.83143697614,12118.6076391599,12075.9370840055,-0.166221962746677,0.2882,0.287720948303364,0.00819123691522898,1,3,5,1
"Cancellation",10000,34,4,-5996.50119289464,12167.9988528568,12110.0888137187,-0.373073855065386,0.2882,0.287124801149702,0.00104034194322194,1,3,5,1
"Cancellation",10000,34,5,-5992.23442125494,12205.5170114373,12132.3674883155,0.39841557871112,0.2882,0.289348233697845,-0.00545098368540086,1,3,5,1
"Cancellation",10000,35,1,-6058.06795475108,12152.9772709901,12140.7856838031,7.69835560173211,0.2926,0.315125388490668,-0.142756264114649,2,4,4,4
"Cancellation",10000,35,2,-6037.74373357657,12158.3805305009,12130.9494593302,-3.20486802313699,0.2926,0.283222556164301,0.0703740667947949,2,4,4,4
"Cancellation",10000,35,3,-6041.26011252945,12211.4649902666,12168.7944351122,-0.39819970274177,0.2926,0.291434867669778,0.0334694419657542,2,4,4,4
"Cancellation",10000,35,4,-6035.54093297797,12246.0783330235,12188.1682938854,-0.552445494381306,0.2926,0.29098354448344,0.0232337291406751,2,4,4,4
"Cancellation",10000,35,5,-6042.76965983809,12306.5874886036,12233.4379654818,-5.2082830894141,0.2926,0.277360563680374,0.0312677129219212,2,4,4,4
"Cancellation",10000,36,1,-5927.19444778678,11891.2302570615,11879.0386698745,0.770997295091148,0.2812,0.283368044393796,0.0104537391277467,1,3,5,1
"Cancellation",10000,36,2,-5932.9980142322,11948.8890918122,11921.4580206415,1.52327755373343,0.2812,0.285483456481098,-0.00698286479032284,1,3,5,1
"Cancellation",10000,36,3,-5939.69430657141,12008.3333783505,11965.6628231961,1.30418369318108,0.2812,0.284867364545225,-0.000553052663294761,1,3,5,1
"Cancellation",10000,36,4,-5932.85291039294,12040.7022878534,11982.7922487153,-1.98545937389575,0.2812,0.275616888240605,0.0396186237073389,1,3,5,1
"Cancellation",10000,36,5,-5932.05496901996,12085.1581069674,12012.0085838455,-3.31699692655098,0.2812,0.271872604642539,0.0198805010301152,1,3,5,1
"Cancellation",10000,37,1,-5980.66051655844,11998.1623946048,11985.9708074178,0.740004543473134,0.2852,0.287310492957985,0.0214898296944974,1,5,3,1
"Cancellation",10000,37,2,-5974.82157815811,12032.536219664,12005.1051484933,-2.34286178411931,0.2852,0.278518158191692,0.0576190282140034,1,5,3,1
"Cancellation",10000,37,3,-5967.62776496714,12064.2002951419,12021.5297399875,1.01042349216219,0.2852,0.288081727799647,0.0125189057472631,1,5,3,1
"Cancellation",10000,37,4,-5987.19652473425,12149.389516536,12091.4794773979,-4.67759776520858,0.2852,0.271859491173625,0.0429936076148127,1,5,3,1
"Cancellation",10000,37,5,-5968.53575837564,12158.1196856787,12084.9701625569,1.20618389627291,0.2852,0.28864003647217,0.00336047248279438,1,5,3,1
"Cancellation",10000,38,1,-5974.68304074916,11986.2074429862,11974.0158557993,-2.42712519423875,0.2871,0.280131723567341,0.0736416164696394,1,3,4,1
"Cancellation",10000,38,2,-5982.11402984869,12047.1211230452,12019.6900518745,0.898092056701979,0.2871,0.289678422294791,0.00397261155546823,1,3,4,1
"Cancellation",10000,38,3,-5983.25016719671,12095.4450996011,12052.7745444467,0.398453780593181,0.2871,0.288243960804083,-0.00517567890255883,1,3,4,1
"Cancellation",10000,38,4,-5988.82068764819,12152.6378423639,12094.7278032258,-2.07979175795297,0.2871,0.281128917862917,0.0311685048135918,1,3,4,1
"Cancellation",10000,38,5,-5976.98736654633,12175.0229020201,12101.8733788983,-3.2013076843253,0.2871,0.277909045638302,0.0296934524036573,1,3,4,1
"Cancellation",10000,39,1,-5929.75781389175,11896.3569892714,11884.1654020844,-1.82100271842974,0.2812,0.276079340355776,0.0472007810383696,1,4,4,4
"Cancellation",10000,39,2,-5936.99901553395,11956.8910944157,11929.460023245,2.81082054500208,0.2812,0.289104027372546,-0.0311209461097588,1,4,4,4
"Cancellation",10000,39,3,-5936.82823744016,12002.601240088,11959.9306849336,0.500607559030356,0.2812,0.282607708455993,0.0211879080995909,1,4,4,4
"Cancellation",10000,39,4,-5936.16962915835,12047.3357253843,11989.4256862461,0.630197435609214,0.2812,0.282972115188933,0.00244799594772784,1,4,4,4
"Cancellation",10000,39,5,-5946.83398776275,12114.7161444529,12041.5666213311,1.35580909505777,0.2812,0.285012535175302,-0.0134473723832114,1,4,4,4
"Cancellation",10000,40,1,-6009.02594333112,12054.8932481501,12042.7016609632,-3.83444118772293,0.2899,0.278783954996791,0.107244353694154,1,4,3,1
"Cancellation",10000,40,2,-6009.02037048548,12100.9338043188,12073.5027331481,-3.36174216445372,0.2899,0.280154309465249,0.0416014756153376,1,4,3,1
"Cancellation",10000,40,3,-6008.72375311781,12146.3922714433,12103.7217162889,0.518214112087362,0.2899,0.291402302710941,0.00786257819886558,1,4,3,1
"Cancellation",10000,40,4,-6025.18459666817,12225.3656604039,12167.4556212658,-0.619241786762898,0.2899,0.288104818060174,0.00546109016015933,1,4,3,1
"Cancellation",10000,40,5,-6018.12589007825,12257.2999490839,12184.1504259621,0.372659822546671,0.2899,0.290980340825563,0.00020556879469296,1,4,3,1
"Cancellation",10000,41,1,-5986.35991519964,12009.5611918872,11997.3696047002,-2.11191758392785,0.2878,0.281721901193456,0.0578437417632085,1,3,5,1
"Cancellation",10000,41,2,-5996.98133421642,12076.8557317806,12049.4246606099,-1.10443698654682,0.2878,0.284621430352718,0.0148803359108584,1,3,5,1
"Cancellation",10000,41,3,-6006.67599983361,12142.2967648749,12099.6262097205,-2.22122943554013,0.2878,0.281407301684515,0.0360838637869462,1,3,5,1
"Cancellation",10000,41,4,-5998.39147028386,12171.7794076353,12113.8693684971,-1.21644270468826,0.2878,0.284299077895907,-0.00212003572606173,1,3,5,1
"Cancellation",10000,41,5,-5996.79396973757,12214.6361084026,12141.4865852807,0.0982744925381438,0.2878,0.288082833989525,0.0138096149111993,1,3,5,1
"Cancellation",10000,42,1,-5976.77114561931,11990.3836527265,11978.1920655396,0.611614398780359,0.2875,0.289258391396494,0.0415812801779106,1,3,5,1
"Cancellation",10000,42,2,-5995.15007076889,12073.1932048856,12045.7621337149,0.103817991401544,0.2875,0.287798476725279,-0.00121539091572415,1,3,5,1
"Cancellation",10000,42,3,-5992.43287178827,12113.8105087842,12071.1399536298,-0.611511303113592,0.2875,0.285741905003548,0.00542780332713867,1,3,5,1
"Cancellation",10000,42,4,-5996.82419714685,12168.6448613612,12110.7348222231,-1.11880979946832,0.2875,0.284283421826529,0.0199096493329157,1,3,5,1
"Cancellation",10000,42,5,-5983.59914471736,12188.2464583621,12115.0969352403,-4.26880929318922,0.2875,0.275227173282081,0.0480597020505922,1,3,5,1
"Cancellation",10000,43,1,-6012.59170192721,12062.0247653423,12049.8331781554,0.927648276125522,0.2902,0.292892035297316,0.0157642907901559,1,3,4,1
"Cancellation",10000,43,2,-6019.39037763909,12121.673818626,12094.2427474553,-1.11916171465847,0.2902,0.286952192704061,0.0808551926008293,1,3,4,1
"Cancellation",10000,43,3,-6018.00960255207,12164.9639703118,12122.2934151574,-0.000871064611818001,0.2902,0.290197472170497,0.010735820856739,1,3,4,1
"Cancellation",10000,43,4,-6018.28397062524,12211.564408318,12153.6543691799,-0.823141053378273,0.2902,0.287811244663096,0.0190364930952898,1,3,4,1
"Cancellation",10000,43,5,-6029.52051712504,12280.0892031775,12206.9396800557,2.18413477895784,0.2902,0.296538359128536,-0.0293374382103249,1,3,4,1
"Cancellation",10000,44,1,-5952.42803036443,11941.6974222168,11929.5058350298,-1.19002894435041,0.2841,0.280719127769101,0.0529294672393317,1,3,5,1
"Cancellation",10000,44,2,-5962.37653335214,12007.6461300521,11980.2150588814,1.47360843713763,0.2841,0.288286521569908,0.00861216774227272,1,3,5,1
"Cancellation",10000,44,3,-5957.39377024626,12043.7323057002,12001.0617505458,-0.406261060836057,0.2841,0.282945812326165,0.0285381908743687,1,3,5,1
"Cancellation",10000,44,4,-5958.58529711527,12092.1670612981,12034.25702216,-0.165767090976559,0.2841,0.283629055694536,0.027777850533475,1,3,5,1
"Cancellation",10000,44,5,-5969.28103627347,12159.6102414744,12086.4607183525,1.66017514471254,0.2841,0.288816557586128,0.00869668951216986,1,3,5,1
"Cancellation",10000,45,1,-5964.98787997899,11966.8171214459,11954.6255342589,4.98421483636259,0.283,0.297105327986906,-0.0590363271626518,1,4,3,1
"Cancellation",10000,45,2,-5967.07780242369,12017.0486681952,11989.6175970245,8.59810285517228,0.283,0.307332631080138,-0.0754411479772724,1,4,3,1
"Cancellation",10000,45,3,-5947.77554251312,12024.4958502339,11981.8252950795,0.325350285636263,0.283,0.283920741308351,0.0218232995406021,1,4,3,1
"Cancellation",10000,45,4,-5956.53167341868,12088.0598139049,12030.1497747668,0.815447552868446,0.283,0.285307716574618,-0.00345180260738417,1,4,3,1
"Cancellation",10000,45,5,-5952.38905987885,12125.8262886851,12052.6767655633,-1.39247039028207,0.283,0.279059308795502,0.01426014609717,1,4,3,1
"Cancellation",10000,46,1,-5989.16847067423,12015.1783028364,12002.9867156494,-6.79416832264707,0.2885,0.268898824389163,0.155298994841313,1,3,4,1
"Cancellation",10000,46,2,-5993.30298693199,12069.4990372118,12042.0679660411,0.901990393958067,0.2885,0.291102242286569,0.00908027220384083,1,3,4,1
"Cancellation",10000,46,3,-5988.77627011708,12106.4973054418,12063.8267502874,-0.641528004110828,0.2885,0.28664919170814,0.0243971916405061,1,3,4,1
"Cancellation",10000,46,4,-6001.71436053232,12178.4251881322,12120.5151489941,0.578429873704638,0.2885,0.290168770185638,0.00907976402409138,1,3,4,1
"Cancellation",10000,46,5,-5994.21228324138,12209.4727354102,12136.3232122883,-0.437632308848553,0.2885,0.287237430788972,0.019857204396084,1,3,4,1
"Cancellation",10000,47,1,-6028.78837452185,12094.4181105316,12082.2265233446,-5.14180013891896,0.2908,0.275847645196024,0.146736745077912,1,3,4,1
"Cancellation",10000,47,2,-6023.70985291455,12130.3127691769,12102.8816980062,0.0654624647458641,0.2908,0.290990364847481,-0.0044973772408062,1,3,4,1
"Cancellation",10000,47,3,-6022.88623808068,12174.717241369,12132.0466862146,0.345807526443221,0.2908,0.291805608286897,0.00775690442327332,1,3,4,1
"Cancellation",10000,47,4,-6021.81815071448,12218.6327684965,12160.7227293584,-1.1927511173178,0.2908,0.28733147975084,0.0103131291625097,1,3,4,1
"Cancellation",10000,47,5,-6025.37212802904,12271.7924249855,12198.6429018637,-2.68832105293592,0.2908,0.282982362378062,0.0199732848685031,1,3,4,1
"Cancellation",10000,48,1,-5996.34018865637,12029.5217388006,12017.3301516137,2.08376252572595,0.2881,0.294103319836616,-0.0337260023040157,1,4,5,1
"Cancellation",10000,48,2,-5994.12020998623,12071.1334833202,12043.7024121496,-3.28948559696341,0.2881,0.278622991995148,0.037312748323694,1,4,5,1
"Cancellation",10000,48,3,-5999.92777066978,12128.8003065472,12086.1297513928,0.281722987168384,0.2881,0.288911643926032,0.00301594272028234,1,4,5,1
"Cancellation",10000,48,4,-5996.83000687985,12168.6564808272,12110.7464416891,-1.54414006860417,0.2881,0.283651332462351,0.0104272930159432,1,4,5,1
"Cancellation",10000,48,5,-5997.46210658299,12215.9723820934,12142.8228589716,0.781748352184291,0.2881,0.290352217002643,-7.50391685409196e-05,1,4,5,1
"Cancellation",10000,49,1,-5960.08733352037,11957.0160285286,11944.8244413417,3.70044520942667,0.2828,0.293264859052259,-0.0455772145570653,1,3,4,1
"Cancellation",10000,49,2,-5953.76692988191,11990.4269231116,11962.9958519409,-1.62738820833046,0.2828,0.278197746146841,0.0479920015742596,1,3,4,1
"Cancellation",10000,49,3,-5951.13431905166,12031.213403311,11988.5428481566,-1.36527160177781,0.2828,0.278939011910172,0.0344367015172039,1,3,4,1
"Cancellation",10000,49,4,-5959.70269774242,12094.4018625524,12036.4918234143,4.17905321449051,0.2828,0.294618362490579,0.0007357198276517,1,3,4,1
"Cancellation",10000,49,5,-5948.8893783188,12118.826925565,12045.6774024432,-1.4954633405062,0.2828,0.278570829673048,0.0258453396046315,1,3,4,1
"Cancellation",10000,50,1,-5970.24184741161,11977.3250563111,11965.1334691242,-10.6713011117222,0.2846,0.254229477036039,0.211246250619396,2,4,1,1
"Cancellation",10000,50,2,-5953.26705748859,11989.427178325,11961.9961071543,-2.34871266558112,0.2846,0.277915563753756,0.0202762678635268,2,4,1,1
"Cancellation",10000,50,3,-5962.14398248814,12053.2327301839,12010.5621750295,2.55346369176002,0.2846,0.291867157666749,-0.0178005849590786,2,4,1,1
"Cancellation",10000,50,4,-5956.55867887069,12088.1138248089,12030.2037856708,0.602870946863852,0.2846,0.286315770714775,0.00142763123954818,2,4,1,1
"Cancellation",10000,50,5,-5962.25855556056,12145.5652800486,12072.4157569267,0.0801627780343783,0.2846,0.284828143266286,0.000773207752834248,2,4,1,1
"Cancellation",10000,51,1,-6048.05928992903,12132.959941346,12120.768354159,1.92673327976091,0.2949,0.300581936442015,-0.0221841299297861,1,3,5,1
"Cancellation",10000,51,2,-6048.89791801889,12180.6888993856,12153.2578282149,1.32931281562824,0.2949,0.298820143493288,-0.0211048685299798,1,3,5,1
"Cancellation",10000,51,3,-6053.60109351543,12236.1469522385,12193.4763970841,0.111363938117608,0.2949,0.295228412253509,-0.0115071343969682,1,3,5,1
"Cancellation",10000,51,4,-6047.39443753636,12269.7853421403,12211.8753030021,-0.0093729513020675,0.2949,0.29487235916661,0.0250384988785521,1,3,5,1
"Cancellation",10000,51,5,-6053.07882479032,12327.2058185081,12254.0562953862,-1.61390432415072,0.2949,0.29014059614808,0.0178690729958328,1,3,5,1
"Cancellation",10000,52,1,-5960.88622967264,11958.6138208332,11946.4222336462,-2.67909789298438,0.2841,0.276488682886031,0.0635218832795252,1,3,2,1
"Cancellation",10000,52,2,-5961.53686409896,12005.9667915457,11978.535720375,0.27815101510566,0.2841,0.284890227033915,-0.00940128975037933,1,3,2,1
"Cancellation",10000,52,3,-5971.12190911641,12071.1885834405,12028.5180282861,-0.469879664778511,0.2841,0.282765071872364,-0.00370072476157629,1,3,2,1
"Cancellation",10000,52,4,-5965.88702916007,12106.7705253877,12048.8604862495,-4.40706801258587,0.2841,0.271579519776244,0.0384060688773131,1,3,2,1
"Cancellation",10000,52,5,-5965.96321440452,12152.9745977365,12079.8250746146,0.796380542711799,0.2841,0.286362517121844,-0.00436640276264149,1,3,2,1
"Cancellation",10000,53,1,-6013.68177779666,12064.2049170812,12052.0133298943,-6.70314458762418,0.2892,0.269814505852591,0.147933276592714,1,3,5,1
"Cancellation",10000,53,2,-6008.04716591942,12098.9873951866,12071.5563240159,1.4624502694284,0.2892,0.293429406179187,-0.00889075142728252,1,3,5,1
"Cancellation",10000,53,3,-6009.83771777195,12148.6202007516,12105.9496455972,-0.0871355764488553,0.2892,0.28894800391291,-0.00330693068705476,1,3,5,1
"Cancellation",10000,53,4,-6010.27475260675,12195.545972281,12137.6359331429,-0.465823021649676,0.2892,0.287852839821389,0.0142740856726076,1,3,5,1
"Cancellation",10000,53,5,-6010.5378724516,12242.1239138306,12168.9743907088,-3.78014519531323,0.2892,0.278267820095154,0.0351712707852472,1,3,5,1
"Cancellation",10000,54,1,-6038.54537568867,12113.9321128652,12101.7405256783,-2.60644168387077,0.2925,0.284876158074678,0.0749042722684314,1,4,4,4
"Cancellation",10000,54,2,-6042.30068984864,12167.4944430451,12140.0633718744,-2.1017135427628,0.2925,0.286352487887419,0.0288548389911976,1,4,4,4
"Cancellation",10000,54,3,-6039.42277760307,12207.7903204138,12165.1197652594,0.47281082591181,0.2925,0.293882971665792,0.00524659055675908,1,4,4,4
"Cancellation",10000,54,4,-6041.75801717543,12258.5125014184,12200.6024622803,-0.259927510784495,0.2925,0.291739712030955,0.00351721721552991,1,4,4,4
"Cancellation",10000,54,5,-6038.48042938012,12298.0090276877,12224.8595045658,1.18586510519515,0.2925,0.295968655432696,-0.00167791431001103,1,4,4,4
"Cancellation",10000,55,1,-6059.53570481405,12155.912771116,12143.721183929,0.734780724834417,0.295,0.297167603138262,0.010246944483184,1,5,5,5
"Cancellation",10000,55,2,-6053.83681501716,12190.5666933821,12163.1356222114,-4.2116553559631,0.295,0.282575616699909,0.0642031415498132,1,5,5,5
"Cancellation",10000,55,3,-6059.51780743204,12247.9803800717,12205.3098249173,0.856970532964223,0.295,0.297528063072244,0.00917141383474023,1,5,5,5
"Cancellation",10000,55,4,-6066.55464394859,12308.1057549647,12250.1957158266,-4.29881444839767,0.295,0.282318497377227,0.0435731586549455,1,5,5,5
"Cancellation",10000,55,5,-6068.83426679866,12358.7167025248,12285.5671794029,-1.36280933663862,0.295,0.290979712456916,0.035874916065981,1,5,5,5
"Cancellation",10000,56,1,-5976.79080243107,11990.4229663501,11978.2313791631,0.204800703615893,0.2854,0.28598450120812,-0.00421220152756037,1,5,4,1
"Cancellation",10000,56,2,-5971.20089927501,12025.2948618978,11997.8637907271,-2.2277436599188,0.2854,0.279042019594592,0.0696198665822628,1,5,4,1
"Cancellation",10000,56,3,-5981.70831297023,12092.3613911481,12049.6908359937,1.41473414704655,0.2854,0.289437651255671,-0.0103802501066916,1,5,4,1
"Cancellation",10000,56,4,-5977.47689310011,12129.9502532678,12072.0402141296,-5.59673624005904,0.2854,0.269426914770871,0.0538862779450054,1,5,4,1
"Cancellation",10000,56,5,-5974.60681404334,12170.2617970141,12097.1122738923,-0.389640568555589,0.2854,0.284287965817342,0.00278606025268643,1,5,4,1
"Cancellation",10000,57,1,-5962.73472807253,11962.310817633,11950.119230446,1.94316432790793,0.2847,0.290232188841554,-0.0359627890973663,1,4,5,1
"Cancellation",10000,57,2,-5964.90333560507,12012.6997345579,11985.2686633872,-5.16231410362007,0.2847,0.270002891746994,0.0872827741795412,1,4,5,1
"Cancellation",10000,57,3,-5965.01645959123,12058.9776843901,12016.3071292357,0.708631307726725,0.2847,0.286717473333098,0.0125505795024376,1,4,5,1
"Cancellation",10000,57,4,-5964.1266563462,12103.2497797599,12045.3397406218,-1.12158224158599,0.2847,0.281506855358205,0.0215818589004793,1,4,5,1
"Cancellation",10000,57,5,-5979.20116258984,12179.4504941071,12106.3009709853,-7.90127009801322,0.2847,0.262205084030956,0.0515671881078239,1,4,5,1
"Cancellation",10000,58,1,-5969.9109879115,11976.6633373109,11964.4717501239,-1.90494025347018,0.2852,0.279767110397103,0.06760760512817,1,3,3,3
"Cancellation",10000,58,2,-5973.01980551475,12028.9326743773,12001.5016032066,-1.41964248995616,0.2852,0.281151179618645,0.0371690269250854,1,3,3,3
"Cancellation",10000,58,3,-5972.32528891071,12073.5953430291,12030.9247878747,-0.887906092495198,0.2852,0.282667691824204,0.0478192329692351,1,3,3,3
"Cancellation",10000,58,4,-5974.38335792917,12123.7631829259,12065.8531437878,-3.00201561628258,0.2852,0.276638251462362,0.0205407655754223,1,3,3,3
"Cancellation",10000,58,5,-5979.69488691255,12180.4379427525,12107.2884196307,-0.501325025935701,0.2852,0.283770221026031,0.00611891882659029,1,3,3,3
"Cancellation",10000,59,1,-5953.41834795437,11943.6780573967,11931.4864702097,2.12288107870767,0.2836,0.289620490739215,-0.0105821255475442,1,3,5,1
"Cancellation",10000,59,2,-5952.52639916895,11987.9458616857,11960.514790515,-0.0127712856549429,0.2836,0.283563780633883,0.0239275765318996,1,3,5,1
"Cancellation",10000,59,3,-5953.06152428664,12035.067813781,11992.3972586265,0.202234050220202,0.2836,0.284173535766425,0.0344271569870532,1,3,5,1
"Cancellation",10000,59,4,-5958.38872171035,12091.7739104882,12033.8638713501,0.272568689036656,0.2836,0.284373004802108,0.0189082539976444,1,3,5,1
"Cancellation",10000,59,5,-5958.14382218846,12137.3358133044,12064.1862901825,-2.38592452920739,0.2836,0.276833518035168,0.024072261973745,1,3,5,1
"Cancellation",10000,60,1,-5977.10456454014,11991.0504905682,11978.8589033812,-1.23335525614897,0.2861,0.282571370612158,0.0342773767932632,1,4,4,4
"Cancellation",10000,60,2,-5993.94920603627,12070.7914754203,12043.3604042496,-0.249440142572717,0.2861,0.285386351752099,0.022862590606797,1,4,4,4
"Cancellation",10000,60,3,-5982.34206151535,12093.6288882384,12050.9583330839,-4.40808033434237,0.2861,0.273488482163447,0.0361868136966009,1,4,4,4
"Cancellation",10000,60,4,-5984.87040671413,12144.7372804958,12086.8272413577,-3.32098735221258,0.2861,0.27659865518532,0.00218330580249371,1,4,4,4
"Cancellation",10000,60,5,-5974.86897358051,12170.7861160884,12097.6365929666,1.25991867647961,0.2861,0.289704627333408,-0.00755415963303856,1,4,4,4
"Cancellation",10000,61,1,-5951.51093731041,11939.8632361087,11927.6716489217,2.10428701821546,0.2837,0.289669862270677,-0.0181524498025687,1,3,2,1
"Cancellation",10000,61,2,-5951.62868778973,11986.1504389272,11958.7193677566,-2.08708062127278,0.2837,0.277778952277449,0.0207200269592724,1,3,2,1
"Cancellation",10000,61,3,-5954.39564505787,12037.7360553234,11995.065500169,-2.66388378833703,0.2837,0.276142561692488,0.000677630090999702,1,3,2,1
"Cancellation",10000,61,4,-5955.6027784258,12086.2020239192,12028.291984781,0.256378043739216,0.2837,0.284427344510088,0.00876136435261849,1,3,2,1
"Cancellation",10000,61,5,-5960.08929905986,12141.2267670471,12068.0772439253,-0.44114662264297,0.2837,0.282448467031562,0.00939328756663844,1,3,2,1
"Cancellation",10000,62,1,-5858.40750200947,11753.6563655068,11741.4647783199,-2.5172937036959,0.2743,0.267395063370762,0.0759926908957667,1,3,4,1
"Cancellation",10000,62,2,-5859.76964115608,11802.43234566,11775.0012744893,0.052534351924893,0.2743,0.27444410172733,0.0243227627182681,1,3,4,1
"Cancellation",10000,62,3,-5862.02763580153,11853.0000368107,11810.3294816563,0.876371770680208,0.2743,0.276703887766976,-0.00492296467121978,1,3,4,1
"Cancellation",10000,62,4,-5874.49346538515,11923.9833978378,11866.0733586997,-1.49984802420971,0.2743,0.270185916869593,0.00844504318427258,1,3,4,1
"Cancellation",10000,62,5,-5870.07686676396,11961.2019024554,11888.0523793335,-1.0270083939209,0.2743,0.271482915975475,0.0172550459733247,1,3,4,1
"Cancellation",10000,63,1,-5981.36296542236,11999.5672923326,11987.3757051457,3.94649889144967,0.2847,0.295935682343957,-0.0505764621529828,1,3,5,1
"Cancellation",10000,63,2,-5968.59348623608,12020.08003582,11992.6489646493,-1.79723736589034,0.2847,0.27958326521931,0.01823335739446,1,3,5,1
"Cancellation",10000,63,3,-5968.92537757074,12066.7955203491,12024.1249651947,-0.357910003819698,0.2847,0.283681030219125,0.000543750340539637,1,3,5,1
"Cancellation",10000,63,4,-5971.53644226023,12118.069351588,12060.1593124499,0.490004218420823,0.2847,0.286095042009844,-0.00556748246242627,1,3,5,1
"Cancellation",10000,63,5,-5966.83967600176,12154.7275209309,12081.5779978091,-0.454013763179687,0.2847,0.283407422816227,0.0166533070996329,1,3,5,1
"Cancellation",10000,64,1,-5959.51570575708,11955.8727730021,11943.6811858151,-1.47664240223591,0.2858,0.28157975601441,0.044159013270779,1,5,4,1
"Cancellation",10000,64,2,-5970.91366668369,12024.7203967152,11997.2893255445,1.60061747405575,0.2858,0.290374564740851,-0.0131837619009246,1,5,4,1
"Cancellation",10000,64,3,-5979.95088296063,12088.8465311289,12046.1759759745,-2.11469152677696,0.2858,0.279756211616471,0.0257187267262766,1,5,4,1
"Cancellation",10000,64,4,-5980.20996886407,12135.4164047957,12077.5063656576,1.00740920745246,0.2858,0.288679175514899,-0.00626946245448981,1,5,4,1
"Cancellation",10000,64,5,-5972.61829329605,12166.2847555195,12093.1352323977,2.43865853137909,0.2858,0.292769686082681,-0.0180434930771203,1,5,4,1
"Cancellation",10000,65,1,-6006.53956744826,12049.9204963844,12037.7289091974,7.40282301757984,0.2863,0.307494282299331,-0.124430898691899,2,3,4,2
"Cancellation",10000,65,2,-5978.47053218684,12039.8341277215,12012.4030565508,0.745447009863576,0.2863,0.288434214789239,0.00352839732231923,2,3,4,2
"Cancellation",10000,65,3,-5984.60355188695,12098.1518689816,12055.4813138271,-0.913945601271313,0.2863,0.28368337374356,0.0353549729073544,2,3,4,2
"Cancellation",10000,65,4,-5994.14683316895,12163.2901334054,12105.3800942673,-5.1529046952686,0.2863,0.271547233857446,0.0347666789482367,2,3,4,2
"Cancellation",10000,65,5,-5981.81257815647,12184.6733252404,12111.5238021185,0.0529732811252006,0.2863,0.286451662503861,-0.00109111442606442,2,3,4,2
"Cancellation",10000,66,1,-5994.73963772906,12026.320636946,12014.129049759,2.82790888858831,0.2882,0.296350033416912,-0.0458520044916852,1,3,5,1
"Cancellation",10000,66,2,-6001.84496251085,12086.5829883695,12059.1519171988,-0.812416615123335,0.2882,0.285858615315215,-0.000781449246911763,1,3,5,1
"Cancellation",10000,66,3,-5993.52463821625,12115.9940416402,12073.3234864858,0.56234685837975,0.2882,0.28982068364585,0.0114352409462869,1,3,5,1
"Cancellation",10000,66,4,-5998.36585830739,12171.7281836823,12113.8181445442,-0.959637293777168,0.2882,0.285434325319334,0.00655623079798974,1,3,5,1
"Cancellation",10000,66,5,-5999.44331747446,12219.9348038763,12146.7852807545,-0.362190923148206,0.2882,0.287156165759487,0.00690120347910383,1,3,5,1
"Cancellation",10000,67,1,-5995.75384714294,12028.3490557738,12016.1574685868,4.96338629366915,0.2879,0.302189589139473,-0.0742166628912438,1,5,4,1
"Cancellation",10000,67,2,-5999.93759817499,12082.7682596978,12055.3371885271,3.04563380737814,0.2879,0.296668379731442,-0.0136341738841381,1,5,4,1
"Cancellation",10000,67,3,-5999.944988375,12128.8347419577,12086.1641868032,-1.17639481189012,0.2879,0.284513159336568,0.0561960952835616,1,5,4,1
"Cancellation",10000,67,4,-5998.10370116938,12171.2038694063,12113.2938302682,2.96253152746841,0.2879,0.296429128267582,-0.0140737317278309,1,5,4,1
"Cancellation",10000,67,5,-5996.22154271529,12213.491254358,12140.3417312362,0.572268305096391,0.2879,0.289547560450372,0.00956213123695011,1,5,4,1
"Cancellation",10000,68,1,-5982.15564262901,12001.1526467459,11988.9610595589,-3.68402561952461,0.2866,0.276041582574443,0.0753391797228268,1,5,4,1
"Cancellation",10000,68,2,-5987.18342884215,12057.2599210321,12029.8288498614,-1.65880896103552,0.2866,0.281845853517672,0.0268628549613615,1,5,4,1
"Cancellation",10000,68,3,-5986.7002085989,12102.3451824055,12059.674627251,-3.79418994462533,0.2866,0.275725851618704,0.0214026968533426,1,5,4,1
"Cancellation",10000,68,4,-5987.29205750584,12149.5805820792,12091.6705429411,-0.423121967424565,0.2866,0.285387332441361,-0.0112718253279975,1,5,4,1
"Cancellation",10000,68,5,-5982.34607271211,12185.7403143516,12112.5907912298,-0.871626036115176,0.2866,0.284101919780494,0.0148647396164527,1,5,4,1
"Cancellation",10000,69,1,-5963.47334680084,11963.7880550896,11951.5964679026,4.14786680645174,0.2841,0.295884089597129,-0.0746109262328059,1,5,3,1
"Cancellation",10000,69,2,-5955.59936035774,11994.0917840633,11966.6607128926,-2.13766228880718,0.2841,0.278026901437499,0.0221933190159744,1,5,3,1
"Cancellation",10000,69,3,-5964.70971884099,12058.3642028896,12015.6936477352,4.20226247682054,0.2841,0.296038627696647,-0.0325129769967495,1,5,3,1
"Cancellation",10000,69,4,-5958.83010574138,12092.6566785503,12034.7466394122,-2.23211869879346,0.2841,0.277758550776728,0.0219015876325387,1,5,3,1
"Cancellation",10000,69,5,-5967.83417403072,12156.7165169889,12083.566993867,1.06682277801684,0.2841,0.287130843512346,-0.00527315395129886,1,5,3,1
"Cancellation",10000,70,1,-6013.51772291125,12063.8768073104,12051.6852201234,4.56790021007909,0.2897,0.302933206908599,-0.0766904329127018,1,4,5,1
"Cancellation",10000,70,2,-6013.82624764755,12110.5455586429,12083.1144874722,0.869852467148796,0.2897,0.29221996259733,0.00218441891952829,1,4,5,1
"Cancellation",10000,70,3,-6013.6114773499,12156.1677199075,12113.497164753,-1.37752094042887,0.2897,0.285709321835578,-0.00567894735904167,1,4,5,1
"Cancellation",10000,70,4,-6011.02208651071,12197.040640089,12139.1306009508,-1.73636165050503,0.2897,0.284669760298487,0.0230586363037465,1,4,5,1
"Cancellation",10000,70,5,-6013.49172110489,12248.0316111372,12174.8820880154,-0.132420741843909,0.2897,0.289316377110878,-0.00457366751800021,1,4,5,1
"Cancellation",10000,71,1,-5957.92593524581,11952.6932319795,11940.5016447926,6.08772941644412,0.2838,0.301076976083868,-0.11510366343793,1,5,3,1
"Cancellation",10000,71,2,-5958.37222724342,11999.6375178346,11972.2064466639,-4.71498680229265,0.2838,0.270418867455093,0.0461949009075312,1,5,3,1
"Cancellation",10000,71,3,-5959.00740495877,12046.9595751252,12004.2890199708,0.433130380814046,0.2838,0.28502922402075,0.00867697239492714,1,5,3,1
"Cancellation",10000,71,4,-5959.6111616781,12094.2187904237,12036.3087512856,-2.03806774649174,0.2838,0.278015963735456,0.0222212360618406,1,5,3,1
"Cancellation",10000,71,5,-5959.43358590642,12139.9153407403,12066.7658176184,0.355026108869803,0.2838,0.284807564096972,0.00365305907089276,1,5,3,1
"Cancellation",10000,72,1,-5978.58678766473,11994.0149368174,11981.8233496304,2.08373076661093,0.2849,0.290836548954075,0.000668126119916621,1,3,5,1
"Cancellation",10000,72,2,-5972.56959449006,12028.0322523279,12000.6011811572,-1.99312320271,0.2849,0.279221591995479,0.0400469042121764,1,3,5,1
"Cancellation",10000,72,3,-5975.81788832695,12080.5805418616,12037.9099867072,-0.916667709237419,0.2849,0.282288413696383,0.0222437689208529,1,3,5,1
"Cancellation",10000,72,4,-5970.23189953729,12115.4602661421,12057.550227004,-2.165646602841,0.2849,0.278730072828506,0.0276831086765624,1,3,5,1
"Cancellation",10000,72,5,-5976.60735023744,12174.2628694023,12101.1133462805,2.23379613714042,0.2849,0.291264085194713,-0.00724344327317612,1,3,5,1
"Cancellation",10000,73,1,-5981.70770355019,12000.2567685883,11988.0651814013,2.72249680631394,0.2862,0.293991785859671,-0.0427390992943637,1,5,3,1
"Cancellation",10000,73,2,-5977.62531859875,12038.1437005453,12010.7126293746,-2.80291066748794,0.2862,0.27817806966965,0.0300144625225885,1,5,3,1
"Cancellation",10000,73,3,-5981.18809380718,12091.320952822,12048.6503976676,-5.85962279494489,0.2862,0.269429759560868,0.0561586017027827,1,5,3,1
"Cancellation",10000,73,4,-5977.05512912919,12129.1067253259,12071.1966861878,0.84746093524107,0.2862,0.28862543319666,-0.000508189170890674,1,5,3,1
"Cancellation",10000,73,5,-5981.54752250612,12184.1432139397,12110.9936908178,0.912158955159708,0.2862,0.288810598929667,0.00591413965430816,1,5,3,1
"Cancellation",10000,74,1,-6013.14188613116,12063.1251337502,12050.9335465633,-4.03277455362272,0.2902,0.278496888245387,0.108991586202999,1,5,4,1
"Cancellation",10000,74,2,-6012.23684911105,12107.3667615699,12079.9356903992,-1.77001562459725,0.2902,0.285063414657419,0.0490096209691531,1,5,4,1
"Cancellation",10000,74,3,-6020.48329538172,12169.9113559711,12127.2408008167,1.52813956727566,0.2902,0.294634661024234,-0.0252927461519747,1,5,4,1
"Cancellation",10000,74,4,-6022.42350812681,12219.8434833212,12161.933444183,-1.38499156154778,0.2902,0.286180754488388,0.0190208685763517,1,5,4,1
"Cancellation",10000,74,5,-6026.19964260955,12273.4474541465,12200.2979310247,0.530513804676061,0.2902,0.29173955106117,0.00268901854292287,1,5,4,1
"Cancellation",10000,75,1,-5982.95658913016,12002.7545397482,11990.5629525613,-8.284703695296,0.2861,0.262397462727758,0.180635898483319,1,3,4,1
"Cancellation",10000,75,2,-5982.53921600678,12047.9714953613,12020.5404241907,1.19000644768494,0.2861,0.289504608446827,0.0101395768980892,1,3,4,1
"Cancellation",10000,75,3,-5982.19045384012,12093.3256728879,12050.6551177335,0.299368766688343,0.2861,0.286956494041495,-0.000440941915359427,1,3,4,1
"Cancellation",10000,75,4,-5976.20785376856,12127.4121746047,12069.5021354665,-0.521642293352622,0.2861,0.284607581398718,0.00219494585274247,1,3,4,1
"Cancellation",10000,75,5,-5998.09657669568,12217.2413223188,12144.0917991969,-2.87934751810127,0.2861,0.277862186750712,0.0154158760721343,1,3,4,1
"Cancellation",10000,76,1,-5987.69659940474,12012.2345602974,12000.0429731104,2.9297091619326,0.2864,0.294790687039775,-0.0346342608484611,1,5,4,1
"Cancellation",10000,76,2,-5977.01340011224,12036.9198635723,12009.4887924016,-0.587680611337409,0.2864,0.28471688272913,0.00982402149353866,1,5,4,1
"Cancellation",10000,76,3,-5985.23184886424,12099.4084629362,12056.7379077817,4.21442782165335,0.2864,0.298470121281215,-0.0439599546060544,1,5,4,1
"Cancellation",10000,76,4,-5980.4048631619,12135.8061933913,12077.8961542532,-2.98150160605753,0.2864,0.277860979400251,0.0196653106165555,1,5,4,1
"Cancellation",10000,76,5,-5980.70056444535,12182.4492978181,12109.2997746963,-2.81259564976739,0.2864,0.278344726059066,0.0129612657860042,1,5,4,1
"Cancellation",10000,77,1,-6029.47593574821,12095.7932329843,12083.6016457974,-3.49778679017781,0.2934,0.283137493557618,0.109556419490413,1,3,4,1
"Cancellation",10000,77,2,-6035.40138257035,12153.6958284885,12126.2647573178,-1.02445369156035,0.2934,0.290394252868962,0.039521063357849,1,3,4,1
"Cancellation",10000,77,3,-6039.88865322577,12208.7220716592,12166.0515165048,-1.32333100007509,0.2934,0.28951734684578,0.0120493687402947,1,3,4,1
"Cancellation",10000,77,4,-6039.54108817894,12254.0786434254,12196.1686042873,-0.238777390444012,0.2934,0.292699427136437,0.00240174926388424,1,3,4,1
"Cancellation",10000,77,5,-6047.33034205819,12315.7088530438,12242.559329922,-0.829148065658956,0.2934,0.290967279575357,0.0312070131841105,1,3,4,1
"Cancellation",10000,78,1,-6009.46572578399,12055.7728130559,12043.5812258689,-1.42866957883282,0.2898,0.285659715560542,0.0709597281885948,1,3,3,3
"Cancellation",10000,78,2,-6011.7357363805,12106.3645361088,12078.9334649381,-0.35718883143546,0.2898,0.2887648667665,0.0104269004591473,1,3,3,3
"Cancellation",10000,78,3,-6006.81575578035,12142.5762767684,12099.905721614,0.920617279209928,0.2898,0.29246794887515,0.000719591952377524,1,3,3,3
"Cancellation",10000,78,4,-6009.16395387596,12193.3243748195,12135.4143356813,-1.05155315975243,0.2898,0.286752598943037,0.0393827942816268,1,3,3,3
"Cancellation",10000,78,5,-6003.18833806539,12227.4248450582,12154.2753219364,-1.88117902715792,0.2898,0.284348343179296,0.023708576615044,1,3,3,3
"Cancellation",10000,79,1,-5996.3688020108,12029.5789655095,12017.3873783225,-3.43814987639229,0.2892,0.279256870557474,0.100990154726917,1,4,4,4
"Cancellation",10000,79,2,-6009.77919600909,12102.451455366,12075.0203841953,-5.24386131827297,0.2892,0.274034753067555,0.0772725519355864,1,4,4,4
"Cancellation",10000,79,3,-6014.35865045574,12157.6620661192,12114.9915109647,-0.936941171212083,0.2892,0.286490366132855,0.0394057468478069,1,4,4,4
"Cancellation",10000,79,4,-6000.64461553753,12176.2856981426,12118.3756590045,-0.516881115581552,0.2892,0.287705179813738,0.0183167709230344,1,4,4,4
"Cancellation",10000,79,5,-6000.84265042315,12222.7334697737,12149.5839466519,0.152582325987797,0.2892,0.289641268086757,0.00474732664003732,1,4,4,4
"Cancellation",10000,80,1,-5990.65019181619,12018.1417451203,12005.9501579333,-1.9724477733222,0.2886,0.282907515726192,0.0777586080128328,1,3,2,1
"Cancellation",10000,80,2,-6000.35334385216,12083.5997510521,12056.1686798814,0.757117848230052,0.2886,0.290785042109992,0.00891961554029293,1,3,2,1
"Cancellation",10000,80,3,-5996.26523620757,12121.4752376228,12078.8046824684,0.00105674755494254,0.2886,0.288603049773444,0.0168360335094028,1,3,2,1
"Cancellation",10000,80,4,-5996.23381685722,12167.464100782,12109.5540616439,0.165798090500435,0.2886,0.289078493289184,0.035004991108089,1,3,2,1
"Cancellation",10000,80,5,-5991.41846257658,12203.8850940806,12130.7355709587,-0.130425129630035,0.2886,0.288223593075888,-0.00411587029977385,1,3,2,1
"Cancellation",10000,81,1,-5988.30469430972,12013.4507501073,12001.2591629204,1.10944163308773,0.2869,0.290082988045329,-0.0190688190601844,1,3,5,1
"Cancellation",10000,81,2,-5983.43439087921,12049.7618451062,12022.3307739355,-2.00019917714121,0.2869,0.281161428560782,0.01113021408244,1,3,5,1
"Cancellation",10000,81,3,-5982.01486177945,12092.9744887666,12050.3039336122,-0.309904317235624,0.2869,0.286010884513851,0.00486703711943957,1,3,5,1
"Cancellation",10000,81,4,-5980.03586888825,12135.068204844,12077.1581657059,-2.19874735806837,0.2869,0.280591793829702,0.0155535686419238,1,3,5,1
"Cancellation",10000,81,5,-5981.9286982,12184.9055653274,12111.7560422056,2.52085515089403,0.2869,0.294132333427915,-0.0286307514555507,1,3,5,1
"Cancellation",10000,82,1,-6010.19703452945,12057.2354305468,12045.0438433598,2.90901358770013,0.2896,0.29802450334998,-0.0374605471324673,1,5,5,5
"Cancellation",10000,82,2,-6019.10930863914,12121.1116806261,12093.6806094554,1.3687459577457,0.2896,0.293563888293632,-0.00786999923204855,1,5,5,5
"Cancellation",10000,82,3,-6018.05267418356,12165.0501135748,12122.3795584204,-5.22813862941425,0.2896,0.274459310529216,0.0380023476214793,1,5,5,5
"Cancellation",10000,82,4,-6006.59307457865,12188.1826162249,12130.2725770867,-1.11648066827739,0.2896,0.286366671984669,0.0105565627985789,1,5,5,5
"Cancellation",10000,82,5,-6017.13965760784,12255.3274841431,12182.1779610213,-0.414948469227529,0.2896,0.288398309233117,0.00452185609949558,1,5,5,5
"Cancellation",10000,83,1,-6022.24086505881,12081.3230916055,12069.1315044186,1.05142493481007,0.2918,0.294868057959776,0.00430306289646557,1,3,5,1
"Cancellation",10000,83,2,-6034.54152699935,12151.9761173465,12124.5450461758,-1.85574107488924,0.2918,0.286384947543473,0.0450817574221615,1,3,5,1
"Cancellation",10000,83,3,-6026.58245571021,12182.1096766281,12139.4391214737,-0.671139060705767,0.2918,0.289841616220861,0.00383778134050858,1,3,5,1
"Cancellation",10000,83,4,-6030.90155580993,12236.7995786874,12178.8895395493,1.90878010127022,0.2918,0.297369820335507,-0.000905522250125943,1,3,5,1
"Cancellation",10000,83,5,-6041.42029782673,12303.8887645809,12230.7392414591,-0.622439483979961,0.2918,0.289983721585746,0.0108050796674355,1,3,5,1
"Cancellation",10000,84,1,-6054.88730985201,12146.6159811919,12134.4243940049,-3.87447020522631,0.2954,0.283954815013761,0.109708742859592,1,3,5,1
"Cancellation",10000,84,2,-6055.95959603907,12194.8122554259,12167.3811842552,0.337734085167112,0.2954,0.296397666487584,-0.0075833881576301,1,3,5,1
"Cancellation",10000,84,3,-6061.31053658982,12251.5658383873,12208.8952832329,-1.35946765450847,0.2954,0.291384132548582,0.0388571913891912,1,3,5,1
"Cancellation",10000,84,4,-6061.85816884367,12298.7128047549,12240.8027656167,0.621313687914336,0.2954,0.297235360634099,0.020543867295994,1,3,5,1
"Cancellation",10000,84,5,-6061.03816700809,12343.1245029436,12269.9749798218,-1.02088809952793,0.2954,0.292384296553995,0.0178690152521079,1,3,5,1
"Cancellation",10000,85,1,-5951.27581383085,11939.3929891496,11927.2014019626,-2.70607687291104,0.285,0.277287680912204,0.0888857899847539,1,4,5,1
"Cancellation",10000,85,2,-5972.1763982721,12027.245859892,11999.8147887213,2.12237934043464,0.285,0.291048781120239,-0.020876283705786,1,4,5,1
"Cancellation",10000,85,3,-5966.97208103327,12062.8889272742,12020.2183721198,-0.991980827591613,0.285,0.282172854641364,0.0384343568905881,1,4,5,1
"Cancellation",10000,85,4,-5966.56421490196,12108.1248968715,12050.2148577333,0.263569527168794,0.285,0.285751173152431,0.0215478542692528,1,4,5,1
"Cancellation",10000,85,5,-5974.67509827742,12170.3983654823,12097.2488423604,1.43959355017312,0.285,0.289102841617993,-0.00712892873141603,1,4,5,1
"Cancellation",10000,86,1,-5976.77756832442,11990.3964981367,11978.2049109498,-7.51825689331519,0.2864,0.264867712257545,0.190500768883404,1,4,5,1
"Cancellation",10000,86,2,-5978.3452743689,12039.5836120856,12012.1525409149,-1.67802555670843,0.2864,0.281594134805587,0.058689980865617,1,4,5,1
"Cancellation",10000,86,3,-5980.87310342509,12090.6909720578,12048.0204169034,1.22520079885902,0.2864,0.289908975087932,0.00774558607725122,1,4,5,1
"Cancellation",10000,86,4,-5987.15694601638,12149.3103591003,12091.4003199622,-0.272434006854827,0.2864,0.285619749004368,-0.0198465955187408,1,4,5,1
"Cancellation",10000,86,5,-5984.75527207036,12190.5587130682,12117.4091899463,-3.39821222582863,0.2864,0.276667520185227,0.0271748918933559,1,4,5,1
"Cancellation",10000,87,1,-5963.95430217271,11964.7499658333,11952.5583786464,8.04746468164422,0.282,0.304693850402237,-0.168277546032584,2,5,4,2
"Cancellation",10000,87,2,-5936.92829886995,11956.7496610877,11929.318589917,0.780714489706651,0.282,0.284201614860973,-0.0255339182865252,2,5,4,2
"Cancellation",10000,87,3,-5940.40945939787,12009.7636840034,11967.093128849,-2.39187941594347,0.282,0.275254900047039,0.0445918179155967,2,5,4,2
"Cancellation",10000,87,4,-5941.16871663057,12057.3339003287,11999.4238611906,0.518957732236762,0.282,0.283463460804908,-4.35111906499853e-05,2,5,4,2
"Cancellation",10000,87,5,-5957.55334149997,12136.1548519274,12063.0053288055,0.7480243349047,0.282,0.284109428624431,-0.0193821885125393,2,5,4,2
"Cancellation",10000,88,1,-5955.28737655408,11947.4161145961,11935.2245274091,0.892384442345695,0.2837,0.286231694662935,0.00810925944121904,1,3,4,1
"Cancellation",10000,88,2,-5952.73721720083,11988.3674977494,11960.9364265787,0.601362433477315,0.2837,0.285406065223775,0.022110760708439,1,3,4,1
"Cancellation",10000,88,3,-5952.75335016579,12034.4514655392,11991.7809103848,-0.28005851668654,0.2837,0.28290547398816,0.00892916416700283,1,3,4,1
"Cancellation",10000,88,4,-5958.88462610303,12092.7657192736,12034.8556801355,0.134565010067721,0.2837,0.284081760933562,0.00535912234479107,1,3,4,1
"Cancellation",10000,88,5,-5966.16217111533,12153.3725111581,12080.2229880363,-1.95943914103743,0.2837,0.278141071156877,0.0186840535129273,1,3,4,1
"Cancellation",10000,89,1,-6025.01232798364,12086.8660174552,12074.6744302682,-5.7409873931967,0.2916,0.274859280761438,0.139111369143036,1,3,5,1
"Cancellation",10000,89,2,-6031.14401503073,12145.1810934092,12117.7500222385,-0.721104296780379,0.2916,0.289497259870588,0.025266613346729,1,3,5,1
"Cancellation",10000,89,3,-6032.89414822687,12194.7330616614,12152.062506507,0.448698525042336,0.2916,0.292908404899023,-0.00362845218867356,1,3,5,1
"Cancellation",10000,89,4,-6036.79550526048,12248.5874775885,12190.6774384504,4.92329718032393,0.2916,0.305956334577825,-0.0300761439215395,1,3,5,1
"Cancellation",10000,89,5,-6031.63435325793,12284.3168754433,12211.1673523214,-2.05708259264548,0.2916,0.285601547159846,0.0290470972455426,1,3,5,1
"Cancellation",10000,90,1,-6032.95832118435,12102.7580038566,12090.5664166696,-3.86908124740868,0.2943,0.282913293888876,0.104626849972518,1,5,5,5
"Cancellation",10000,90,2,-6042.48776796523,12167.8685992782,12140.4375281076,-3.12496179517564,0.2943,0.285103237436798,0.0435264398618754,1,5,5,5
"Cancellation",10000,90,3,-6036.96965631307,12202.8840778338,12160.2135226794,1.17815319183909,0.2943,0.297767304843582,0.00259435267171745,1,5,5,5
"Cancellation",10000,90,4,-6037.63456011904,12250.2655873056,12192.3555481675,-0.890322824489271,0.2943,0.291679779927528,0.0398115163435835,1,5,5,5
"Cancellation",10000,90,5,-6056.46521266039,12333.9785942482,12260.8290711264,0.557498548318726,0.2943,0.295940718227702,0.0260998374064372,1,5,5,5
"Cancellation",10000,91,1,-5991.0692152571,12018.9797920021,12006.7882048151,2.6342455442252,0.2882,0.295791895658457,-0.0466559221697878,1,5,4,1
"Cancellation",10000,91,2,-5989.13898598089,12061.1710353096,12033.7399641389,1.21029803145344,0.2882,0.291688078926649,-0.0337788927495574,1,5,4,1
"Cancellation",10000,91,3,-5994.31285199597,12117.5704691996,12074.8999140452,-4.41480174670257,0.2882,0.275476541366003,0.057804024318881,1,5,4,1
"Cancellation",10000,91,4,-6008.87715802859,12192.7507831247,12134.8407439866,-6.80573099593011,0.2882,0.268585883269729,0.0447482128405398,1,5,4,1
"Cancellation",10000,91,5,-5989.83867942258,12200.7255277726,12127.5760046507,-0.598796086613883,0.2882,0.286474269678379,0.00290652314269917,1,5,4,1
"Cancellation",10000,92,1,-5985.19600611493,12007.2333737178,11995.0417865308,3.58791366780418,0.2862,0.296468608917256,-0.0697184997127255,1,3,4,1
"Cancellation",10000,92,2,-5975.65412439646,12034.2013121407,12006.77024097,-0.545142627142647,0.2862,0.284639801801118,0.00582902010090297,1,3,4,1
"Cancellation",10000,92,3,-5979.79531091673,12088.5353870411,12045.8648318867,0.691744433724348,0.2862,0.288179772569319,0.00394116869708249,1,3,4,1
"Cancellation",10000,92,4,-5977.65739454607,12130.3112561597,12072.4012170216,0.419817078741987,0.2862,0.28740151647936,-0.00504928694722396,1,3,4,1
"Cancellation",10000,92,5,-5976.40479162125,12173.8577521699,12100.7082290481,0.00824937225194005,0.2862,0.286223609703385,0.0179308575224639,1,3,4,1
"Cancellation",10000,93,1,-6051.43477138543,12139.7109042588,12127.5193170718,5.59630361058498,0.2929,0.309291573275403,-0.106201362500989,1,5,5,5
"Cancellation",10000,93,2,-6048.03033771217,12178.9537387721,12151.5226676014,-3.03317614101261,0.2929,0.284015827082974,0.0703529545705671,1,5,5,5
"Cancellation",10000,93,3,-6046.13521096725,12221.2151871422,12178.5446319878,-0.967802587883605,0.2929,0.290065306220089,0.0466274866165569,1,5,5,5
"Cancellation",10000,93,4,-6045.7352987471,12266.4670645618,12208.5570254236,2.03045706542692,0.2929,0.298847208744635,-0.00494383927839866,1,5,5,5
"Cancellation",10000,93,5,-6051.16907301903,12323.3863149655,12250.2367918436,-1.51088017210485,0.2929,0.288474631975905,0.0237543267071164,1,5,5,5
"Cancellation",10000,94,1,-6003.77449467289,12044.3903508337,12032.1987636467,4.09938982952905,0.2873,0.299077546980237,-0.0478584193921517,1,4,5,1
"Cancellation",10000,94,2,-5996.10288683436,12075.0988370165,12047.6677658458,-7.21291634813891,0.2873,0.266577291331797,0.1347588641533,1,4,5,1
"Cancellation",10000,94,3,-5997.87309692958,12124.6909590668,12082.0204039124,-1.32091839307532,0.2873,0.283505001456695,0.0480267871741101,1,4,5,1
"Cancellation",10000,94,4,-5984.44689043977,12143.8902479471,12085.980208809,0.115216636027574,0.2873,0.287631017395307,-0.000544108284758866,1,4,5,1
"Cancellation",10000,94,5,-5989.29871888409,12199.6456066956,12126.4960835738,-0.341155002673999,0.2873,0.286319861677318,0.00218684493584799,1,4,5,1
"Cancellation",10000,95,1,-6029.94215577816,12096.7256730442,12084.5340858573,6.10821678220518,0.289,0.306652746500573,-0.112096408365723,2,3,5,2
"Cancellation",10000,95,2,-6009.91245634695,12102.7179760417,12075.286904871,-0.242153437742913,0.289,0.288300176564923,0.00604262673144395,2,3,5,2
"Cancellation",10000,95,3,-6013.29233594998,12155.5294371076,12112.8588819532,-1.52963097136064,0.289,0.284579366492768,0.00436247851944996,2,3,5,2
"Cancellation",10000,95,4,-6004.90393652517,12184.8043401179,12126.8943009797,-2.4579398563858,0.289,0.281896553815045,0.0165706703130077,2,3,5,2
"Cancellation",10000,95,5,-6011.9909788848,12245.030126697,12171.8806035752,0.331704235612936,0.289,0.289958625240921,0.0138331961148764,2,3,5,2
"Cancellation",10000,96,1,-5995.65446756096,12028.1502966098,12015.9587094229,0.404840523015694,0.2889,0.290069584270992,0.0286709066246371,1,5,3,1
"Cancellation",10000,96,2,-5998.4610138377,12079.8150910232,12052.3840198525,-3.76113046664877,0.2889,0.278034094081852,0.0463693400007081,1,5,3,1
"Cancellation",10000,96,3,-6008.1778799552,12145.3005251181,12102.6299699636,-6.13270076151248,0.2889,0.27118262749999,0.0542898076925533,1,5,3,1
"Cancellation",10000,96,4,-5993.34996272677,12161.6963925211,12103.786353383,-0.308702378277627,0.2889,0.288008158829156,0.0174250952558217,1,5,3,1
"Cancellation",10000,96,5,-6002.26879515451,12225.5857592365,12152.4362361146,-0.913524391403618,0.2889,0.286260828033235,-0.00541093657336996,1,5,3,1
"Cancellation",10000,97,1,-6072.97661062383,12182.7945827356,12170.6029955486,6.31002471349339,0.295,0.313614572904805,-0.0826370153370653,2,3,4,2
"Cancellation",10000,97,2,-6054.74407832162,12192.381219991,12164.9501488203,1.8157065177702,0.295,0.300356334227422,0.0224037709681224,2,3,4,2
"Cancellation",10000,97,3,-6059.85655051323,12248.6578662341,12205.9873110797,0.963090347835355,0.295,0.297841116526114,0.00208804034912414,2,3,4,2
"Cancellation",10000,97,4,-6060.1424859599,12295.2814389873,12237.3713998492,-2.95150541747614,0.295,0.286293059018445,0.0365501260151447,2,3,4,2
"Cancellation",10000,97,5,-6051.9063370195,12324.8608429664,12251.7113198446,0.105861540246939,0.295,0.295312291543728,0.00588300348315532,2,3,4,2
"Cancellation",10000,98,1,-5989.04184430961,12014.9250501071,12002.7334629201,-3.00402845696852,0.2871,0.278475434300043,0.0579442394644793,1,5,5,5
"Cancellation",10000,98,2,-5998.37994048712,12079.652944322,12052.2218731513,3.49995126125704,0.2871,0.297148360071069,-0.0382137065809647,1,5,5,5
"Cancellation",10000,98,3,-5995.71345246103,12120.3716701297,12077.7011149753,-5.48062995540747,0.2871,0.271365111398025,0.0318790759682709,1,5,5,5
"Cancellation",10000,98,4,-5990.4462976858,12155.8890624392,12097.979023301,-2.27572542357515,0.2871,0.280566392308916,0.0261344833966982,1,5,5,5
"Cancellation",10000,98,5,-5992.55511163033,12206.1583921881,12133.0088690662,-1.68310612720673,0.2871,0.28226780230879,0.0319326216933433,1,5,5,5
"Cancellation",10000,99,1,-6011.49079111898,12059.8229437259,12047.6313565389,6.23507025543749,0.287,0.304894651633106,-0.0915486465824568,2,5,5,5
"Cancellation",10000,99,2,-5994.45859277061,12071.810248889,12044.3791777183,0.673677330938577,0.287,0.288933453939794,0.0145965611238803,2,5,5,5
"Cancellation",10000,99,3,-5983.97029913438,12096.8853634764,12054.214808322,-2.89262405473907,0.287,0.278698168962899,0.0874935926460391,2,5,5,5
"Cancellation",10000,99,4,-5985.70479804998,12146.4060631675,12088.4960240294,0.396928494760975,0.287,0.288139184779964,0.0211261727586829,2,5,5,5
"Cancellation",10000,99,5,-5990.73259449575,12202.5133579189,12129.3638347971,0.0995512436604334,0.287,0.287285712069305,0.0200488087365665,2,5,5,5
"Cancellation",10000,100,1,-5971.94504899404,11980.731459476,11968.539872289,3.79869823525442,0.2839,0.294684504289887,-0.0369064500622766,1,3,5,1
"Cancellation",10000,100,2,-5957.92991450451,11998.7528923568,11971.3218211861,-0.181526716820625,0.2839,0.283384645650946,0.0183135842094151,1,3,5,1
"Cancellation",10000,100,3,-5969.88720449774,12068.7191742032,12026.0486190487,0.194981147381837,0.2839,0.284453551477417,0.020815028369856,1,3,5,1
"Cancellation",10000,100,4,-5957.50400784865,12090.0044827648,12032.0944436267,-0.417522422923131,0.2839,0.282714653841321,0.0148637449774658,1,3,5,1
"Cancellation",10000,100,5,-5955.4587460867,12131.9656611008,12058.816137979,-0.861129308606305,0.2839,0.281455253892867,0.016718715713894,1,3,5,1
"Same-Sign",10000,1,1,-6072.65077889272,12182.1429192734,12169.9513320864,4.41593232861015,0.2967,0.309802071218986,-0.0769139378354338,1,4,5,1
"Same-Sign",10000,1,2,-6075.17036858767,12233.2338005231,12205.8027293524,-7.24241025712121,0.2967,0.275211768767121,0.0899134674579868,1,4,5,1
"Same-Sign",10000,1,3,-6073.80959312089,12276.5639514495,12233.893396295,-1.83635116946479,0.2967,0.291251546080198,0.0402736659623333,1,4,5,1
"Same-Sign",10000,1,4,-6066.84739286431,12308.6912527962,12250.781213658,-2.90411783659384,0.2967,0.288083482378826,0.0308098893216153,1,4,5,1
"Same-Sign",10000,1,5,-6070.16254809751,12361.3732651224,12288.2237420006,0.0314551621660442,0.2967,0.296793327466147,0.0137377706047779,1,4,5,1
"Same-Sign",10000,2,1,-5965.3454807529,11967.5323229937,11955.3407358067,-4.46123444521574,0.2859,0.273145330721128,0.145815060667796,1,3,4,1
"Same-Sign",10000,2,2,-5968.58838512992,12020.0698336076,11992.6387624369,-1.5587553143491,0.2859,0.281443518556276,0.0824139672166857,1,3,4,1
"Same-Sign",10000,2,3,-5973.24341977869,12075.431604765,12032.7610496106,-0.67003626371204,0.2859,0.283984366322047,0.0380732225221804,1,3,4,1
"Same-Sign",10000,2,4,-5987.51666147586,12150.0297900193,12092.1197508811,-0.617967581895241,0.2859,0.284133230683361,0.0293447088411674,1,3,4,1
"Same-Sign",10000,2,5,-5984.36898714441,12189.7861432163,12116.6366200944,-2.82548768092218,0.2859,0.277821930720243,0.0228441704436001,1,3,4,1
"Same-Sign",10000,3,1,-6083.47467585869,12203.7907132053,12191.5991260183,-3.13749151528386,0.2987,0.289328312843847,0.137406095024053,1,4,5,1
"Same-Sign",10000,3,2,-6090.23378221507,12263.3606277779,12235.9295566072,-9.95633638226641,0.2987,0.26896042322617,0.151740370936895,1,4,5,1
"Same-Sign",10000,3,3,-6088.4299751097,12305.8047154271,12263.1341602727,-2.87646128096769,0.2987,0.29010801015375,0.0780782709028481,1,4,5,1
"Same-Sign",10000,3,4,-6082.99712658136,12340.9907202303,12283.0806810921,-3.05750760406128,0.2987,0.289567224786669,0.0874235484587926,1,4,5,1
"Same-Sign",10000,3,5,-6096.87554034489,12414.7992496172,12341.6497264954,-1.97318697895274,0.2987,0.292806090493868,0.0375461026253392,1,4,5,1
"Same-Sign",10000,4,1,-6049.88086773454,12136.603096957,12124.41150977,-2.1552384499832,0.2951,0.2887398913341,0.0702166143414412,1,4,3,1
"Same-Sign",10000,4,2,-6071.52656254584,12225.9461884395,12198.5151172688,6.18372237953416,0.2951,0.313348164742005,-0.0438041629450095,1,4,3,1
"Same-Sign",10000,4,3,-6051.07246308504,12231.0896913777,12188.4191362233,-4.41559504000968,0.2951,0.282069579036931,0.0429208931687064,1,4,3,1
"Same-Sign",10000,4,4,-6054.04774823389,12283.0919635353,12225.1819243972,-3.42333774565729,0.2951,0.284997730312565,0.0656862211695252,1,4,3,1
"Same-Sign",10000,4,5,-6059.12458710714,12339.2973431417,12266.1478200199,0.0354831279839489,0.2951,0.295204710710681,0.000479832669308287,1,4,3,1
"Same-Sign",10000,5,1,-6053.72426387624,12144.2898892404,12132.0983020534,-0.185252339941296,0.2964,0.295850912064414,0.0511212114924768,1,5,5,5
"Same-Sign",10000,5,2,-6060.7595301571,12204.412123662,12176.9810524913,0.30566823003275,0.2964,0.297306000633817,0.00784020401759192,1,5,5,5
"Same-Sign",10000,5,3,-6091.01642719984,12310.9776196074,12268.3070644529,6.02634360693337,0.2964,0.31426208245095,-0.0234887403594677,1,5,5,5
"Same-Sign",10000,5,4,-6062.64085719925,12300.278181466,12242.3681423279,0.136527669901359,0.2964,0.296804668013588,0.026061543026232,1,5,5,5
"Same-Sign",10000,5,5,-6064.69071176829,12350.429592464,12277.2800693422,-3.95167791811662,0.2964,0.284687226650702,0.043796908544771,1,5,5,5
"Same-Sign",10000,6,1,-5979.77504294872,11996.3914473853,11984.1998601984,-3.60549055830952,0.2866,0.276266664059885,0.132365266031515,1,3,5,1
"Same-Sign",10000,6,2,-5983.06425167988,12049.0215667075,12021.5904955368,-0.447867838370632,0.2866,0.28531641077523,0.0372906856794349,1,3,5,1
"Same-Sign",10000,6,3,-5988.47070246261,12105.8861701329,12063.2156149785,0.0251810422154444,0.2866,0.286672168866989,0.0202956122444041,1,3,5,1
"Same-Sign",10000,6,4,-5985.70793230825,12146.412331684,12088.5022925459,-1.53088660480023,0.2866,0.282212478990643,0.0214058461206325,1,3,5,1
"Same-Sign",10000,6,5,-5985.51563350612,12192.0794359397,12118.9299128178,-2.91319383297619,0.2866,0.27825078647469,0.0470657052270167,1,3,5,1
"Same-Sign",10000,7,1,-5983.73602273656,12004.313406961,11992.1218197741,-2.40360916658162,0.2869,0.280004045301077,0.102032587772757,1,5,4,1
"Same-Sign",10000,7,2,-5985.93289656695,12054.7588564817,12027.327785311,-2.61091022280952,0.2869,0.279409298570759,0.0620898613335735,1,5,4,1
"Same-Sign",10000,7,3,-5991.42128392237,12111.7873330524,12069.116777898,-4.68580864158792,0.2869,0.273456415007284,0.0919493117442505,1,5,4,1
"Same-Sign",10000,7,4,-5987.529612442,12150.0556919515,12092.1456528134,-7.13774377829411,0.2869,0.266421813100074,0.0729747651507674,1,5,4,1
"Same-Sign",10000,7,5,-5985.94218732859,12192.9325435846,12119.7830204628,-4.69180506103171,0.2869,0.2734392112799,0.0122717758711942,1,5,4,1
"Same-Sign",10000,8,1,-6029.38829314536,12095.6179477786,12083.4263605917,-3.48412552633352,0.2923,0.282115901086527,0.110099485278316,1,5,4,1
"Same-Sign",10000,8,2,-6042.35279097304,12167.5986452939,12140.1675741232,1.37095602934506,0.2923,0.296307304473776,0.0374611983352515,1,5,4,1
"Same-Sign",10000,8,3,-6042.15108816312,12213.2469415339,12170.5763863795,-1.32645008702558,0.2923,0.288422786395624,0.0205680663318823,1,5,4,1
"Same-Sign",10000,8,4,-6035.87934542254,12246.7551579126,12188.8451187745,0.966901967008561,0.2923,0.295126254449566,0.0113955318801569,1,5,4,1
"Same-Sign",10000,8,5,-6035.63062054507,12292.3094100176,12219.1598868957,0.0670530854122499,0.2923,0.29249599616866,0.0187439793577951,1,5,4,1
"Same-Sign",10000,9,1,-6086.25935623367,12209.3600739553,12197.1684867683,0.436109631101409,0.2992,0.300504840016255,0.0379190661987836,1,4,5,1
"Same-Sign",10000,9,2,-6092.34673941412,12267.586542176,12240.1554710053,-2.27336315966097,0.2992,0.292398097426294,0.0558474799910097,1,4,5,1
"Same-Sign",10000,9,3,-6099.08997958926,12327.1247243862,12284.4541692318,1.37444105934911,0.2992,0.303312327649573,0.0128376319205631,1,4,5,1
"Same-Sign",10000,9,4,-6096.10267606239,12367.2018191923,12309.2917800542,0.108377489311535,0.2992,0.29952426544802,0.00950024077319134,1,4,5,1
"Same-Sign",10000,9,5,-6088.3940908829,12397.8363506932,12324.6868275714,-0.384789305363064,0.2992,0.298048710398354,0.0294497845941255,1,4,5,1
"Same-Sign",10000,10,1,-6046.20901420433,12129.2593898966,12117.0678027096,0.256740930387463,0.2937,0.294454048112548,0.0515666397285817,1,3,4,1
"Same-Sign",10000,10,2,-6041.53362577921,12165.9603149062,12138.5292437355,2.79103028511534,0.2937,0.301897255947384,0.0123801600504588,1,3,4,1
"Same-Sign",10000,10,3,-6047.76000673311,12224.4647786739,12181.7942235195,1.27461501409326,0.2937,0.297443544296392,0.0234731150090074,1,3,4,1
"Same-Sign",10000,10,4,-6058.03754298349,12291.0715530345,12233.1615138964,-7.14282337056825,0.2937,0.272721527760641,0.0421283622006241,1,3,4,1
"Same-Sign",10000,10,5,-6042.26728104444,12305.5827310163,12232.4332078945,-0.893666985006073,0.2937,0.291075300065037,0.0375835753143365,1,3,4,1
"Same-Sign",10000,11,1,-6063.40692288064,12163.6552072492,12151.4636200622,-2.25986537439513,0.2972,0.290483680107298,0.118281616710488,1,5,5,5
"Same-Sign",10000,11,2,-6085.23035972572,12253.3537827992,12225.9227116285,6.37897821615979,0.2972,0.316158323258427,-0.0275150198389775,1,5,5,5
"Same-Sign",10000,11,3,-6071.3426462705,12271.6300577487,12228.9595025943,1.70759072647917,0.2972,0.302274959639096,0.0247752218555793,1,5,5,5
"Same-Sign",10000,11,4,-6071.99484322428,12318.9861535161,12261.076114378,-5.20900749629329,0.2972,0.281718829721016,0.039934813913935,1,5,5,5
"Same-Sign",10000,11,5,-6073.39956152346,12367.8472919743,12294.6977688525,-4.55288560242027,0.2972,0.283668823989607,0.0377614464799974,1,5,5,5
"Same-Sign",10000,12,1,-6074.02383228647,12184.8890260608,12172.6974388739,-0.0383958304215034,0.2983,0.298185465237853,0.0210298985479222,1,3,5,1
"Same-Sign",10000,12,2,-6083.54109163352,12249.9752466148,12222.5441754441,-0.495088166152677,0.2983,0.296823152000367,0.0233073920429751,1,3,5,1
"Same-Sign",10000,12,3,-6079.83208950115,12288.60894421,12245.9383890555,-1.79202442457849,0.2983,0.292954391141482,0.0257662295342386,1,3,5,1
"Same-Sign",10000,12,4,-6084.63955892105,12344.2755849097,12286.3655457715,-0.332877313120993,0.2983,0.29730702697496,0.0207102903926162,1,3,5,1
"Same-Sign",10000,12,5,-6106.70789335816,12434.4639556438,12361.3144325219,-2.57656581708755,0.2983,0.290614104167628,0.043585303196469,1,3,5,1
"Same-Sign",10000,13,1,-6078.73645582609,12194.3142731401,12182.1226859531,-5.82692746756132,0.298,0.280635756146667,0.155738283900295,1,3,3,3
"Same-Sign",10000,13,2,-6086.56661231468,12256.0262879771,12228.5952168064,-0.258998596311809,0.298,0.297228184182991,0.0276501053947296,1,3,3,3
"Same-Sign",10000,13,3,-6081.28994971326,12291.5246646342,12248.8541094798,0.279328446563543,0.298,0.298832398770759,0.0247091270727472,1,3,3,3
"Same-Sign",10000,13,4,-6084.69711106375,12344.3906891951,12286.4806500569,-2.04751562686677,0.298,0.291898403431937,0.0220317499290144,1,3,3,3
"Same-Sign",10000,13,5,-6081.87880655613,12384.8057820397,12311.6562589178,0.344005971327419,0.298,0.299025137794556,0.00237539174905138,1,3,3,3
"Same-Sign",10000,14,1,-6060.35627192806,12157.553905344,12145.362318157,-2.03602287708549,0.2961,0.29007133626095,0.0962017765194533,1,4,5,1
"Same-Sign",10000,14,2,-6070.62393357133,12224.1409304904,12196.7098593198,-8.40420703487555,0.2961,0.271215142969733,0.11964124581025,1,4,5,1
"Same-Sign",10000,14,3,-6066.96081728654,12262.8663997807,12220.1958446263,-0.513210264758706,0.2961,0.294580384406049,0.0580006864817343,1,4,5,1
"Same-Sign",10000,14,4,-6064.4040560686,12303.8045792048,12245.8945400666,-0.77081253297496,0.2961,0.293817624089861,0.0350389666846787,1,4,5,1
"Same-Sign",10000,14,5,-6071.61644538001,12364.2810596874,12291.1315365656,-4.16742594622814,0.2961,0.283760251773218,0.022156758107596,1,4,5,1
"Same-Sign",10000,15,1,-5997.38805350394,12031.6174684958,12019.4258813088,-4.09498544460087,0.2896,0.277740922152436,0.131016643567706,1,3,5,1
"Same-Sign",10000,15,2,-5997.52944049333,12077.9519443344,12050.5208731638,1.39208843355429,0.2896,0.293631488103573,-0.00667802437414585,1,3,5,1
"Same-Sign",10000,15,3,-6012.12776819042,12153.2003015885,12110.5297464341,-0.380305550119492,0.2896,0.288498635126854,0.0468942477549049,1,3,5,1
"Same-Sign",10000,15,4,-6006.67791364228,12188.3522943521,12130.442255214,-0.983429038718514,0.2896,0.286751989503871,0.0372091162839609,1,3,5,1
"Same-Sign",10000,15,5,-6012.91732750747,12246.8828239424,12173.7333008205,-0.135704299428571,0.2896,0.289207000348855,0.012599263394675,1,3,5,1
"Same-Sign",10000,16,1,-6062.45647735953,12161.754316207,12149.56272902,3.737515162651,0.2946,0.30561071966917,-0.0255656056612178,1,3,5,1
"Same-Sign",10000,16,2,-6052.79778322733,12188.4886298025,12161.0575586318,-1.77572342837075,0.2946,0.28936871878002,0.0660411074831615,1,3,5,1
"Same-Sign",10000,16,3,-6057.28587117311,12243.5165075539,12200.8459523995,-1.43858120466294,0.2946,0.290361939771063,0.0567748768919952,1,3,5,1
"Same-Sign",10000,16,4,-6052.39778974738,12279.7920465623,12221.8820074242,-2.9689655348755,0.2946,0.285853427534257,0.0901521947846959,1,3,5,1
"Same-Sign",10000,16,5,-6053.9547424561,12328.9576538396,12255.8081307178,-2.71592512412684,0.2946,0.286598884584322,0.0325550461748059,1,3,5,1
"Same-Sign",10000,17,1,-6141.49121261788,12319.8237867237,12307.6321995367,-1.69273413066835,0.3046,0.299443931837984,0.0579453320638297,1,5,5,5
"Same-Sign",10000,17,2,-6138.28534704584,12359.4637574395,12332.0326862688,-1.05927842042828,0.3046,0.301373437931375,0.0315967077914088,1,5,5,5
"Same-Sign",10000,17,3,-6142.69498192592,12414.3347290595,12371.6641739051,-5.96608952194913,0.3046,0.286427291316143,0.0565381233453069,1,5,5,5
"Same-Sign",10000,17,4,-6144.6596567807,12464.315780629,12406.4057414908,3.63129728740333,0.3046,0.315660931537431,-0.0127386373310233,1,5,5,5
"Same-Sign",10000,17,5,-6145.71939202679,12512.486952981,12439.3374298592,-0.993925549817936,0.3046,0.301572502775255,0.0260929933054221,1,5,5,5
"Same-Sign",10000,18,1,-6004.32228245687,12045.4859264016,12033.2943392147,-7.81352682470617,0.2903,0.267617331627878,0.191283698390843,1,3,4,1
"Same-Sign",10000,18,2,-6010.45728138737,12103.8076261225,12076.3765549518,-0.0404422228886512,0.2903,0.290182596226954,0.0377478328884937,1,3,4,1
"Same-Sign",10000,18,3,-6009.97418631138,12148.8931378304,12106.222582676,0.997244539212317,0.2903,0.293195000897333,0.0132167523652316,1,3,4,1
"Same-Sign",10000,18,4,-6007.50071065025,12189.997888368,12132.0878492299,-2.08778614928037,0.2903,0.284239156808639,0.032408337446282,1,3,4,1
"Same-Sign",10000,18,5,-6012.19318605893,12245.4345410453,12172.2850179234,-0.0975236593077954,0.2903,0.290016888817029,0.0183698837077509,1,3,4,1
"Same-Sign",10000,19,1,-5990.91148267222,12018.6643268323,12006.4727396454,-2.51456521213181,0.289,0.281732906536939,0.0777378565691818,1,4,4,4
"Same-Sign",10000,19,2,-5991.91797523251,12066.7290138128,12039.2979426421,-1.64969178253388,0.289,0.284232390748477,0.0554883190731742,1,4,4,4
"Same-Sign",10000,19,3,-6009.61144992154,12148.1676650508,12105.4971098963,0.806999327893739,0.289,0.291332228057613,0.0307560665198418,1,4,4,4
"Same-Sign",10000,19,4,-6001.01529880709,12177.0270646817,12119.1170255436,-0.502962655349835,0.289,0.287546437926039,0.00998652532717932,1,4,4,4
"Same-Sign",10000,19,5,-6008.93355956961,12238.9152880666,12165.7657649448,1.19429521553057,0.289,0.292451513172883,-0.0133347725018105,1,4,4,4
"Same-Sign",10000,20,1,-6057.93234002365,12152.7060415352,12140.5144543482,-2.58171090568589,0.2957,0.288065880851887,0.0963558220152868,1,3,4,1
"Same-Sign",10000,20,2,-6065.5344240306,12213.961911409,12186.5308402383,0.873034924238249,0.2957,0.298281564270973,-0.00855900468513524,1,3,4,1
"Same-Sign",10000,20,3,-6063.79477627026,12256.5343177482,12213.8637625938,-0.0711139396157889,0.2957,0.295489716080556,0.0458125816320734,1,3,4,1
"Same-Sign",10000,20,4,-6064.31091508064,12303.6182972288,12245.7082580907,-1.92056797064216,0.2957,0.290020880510811,0.0470581886855028,1,3,4,1
"Same-Sign",10000,20,5,-6077.3282863426,12375.7047416126,12302.5552184908,-5.05398858694688,0.2957,0.280755355748398,0.0990270088196636,1,3,4,1
"Same-Sign",10000,21,1,-6033.59569785483,12104.0327571976,12091.8411700106,-0.401385481847547,0.2929,0.291724341923669,0.0383274563406124,1,5,5,5
"Same-Sign",10000,21,2,-6038.29775970015,12159.4885827481,12132.0575115774,0.893212168235002,0.2929,0.29551621844076,0.00100179779385303,1,5,5,5
"Same-Sign",10000,21,3,-6034.70364976782,12198.3520647433,12155.6815095889,-1.92205402476872,0.2929,0.287270303761452,0.0226546727979311,1,5,5,5
"Same-Sign",10000,21,4,-6048.91279503263,12272.8220571328,12214.9120179947,0.661938646613978,0.2929,0.294838818295932,0.0154211562847932,1,5,5,5
"Same-Sign",10000,21,5,-6052.77166995351,12326.5915088344,12253.4419857126,-0.310354004668177,0.2929,0.291990973120327,0.0162651385479944,1,5,5,5
"Same-Sign",10000,22,1,-6035.83353891234,12108.5084393126,12096.3168521256,-0.430161827438316,0.2914,0.290146508434845,0.0477408026484791,1,3,5,1
"Same-Sign",10000,22,2,-6026.73305303398,12136.3591694158,12108.9280982451,-2.14185524418499,0.2914,0.285158633818445,0.0638704657380642,1,3,5,1
"Same-Sign",10000,22,3,-6028.7164122355,12186.3775896787,12143.7070345243,-1.62297382598573,0.2914,0.286670654271078,0.0407133376133796,1,3,5,1
"Same-Sign",10000,22,4,-6024.38367937406,12223.7638258157,12165.8537866775,-0.696175706765887,0.2914,0.289371343990484,0.0244805866243756,1,3,5,1
"Same-Sign",10000,22,5,-6028.5145848341,12278.0773385956,12204.9278154738,1.23954206728551,0.2914,0.29501202558407,-0.0169474744235568,1,3,5,1
"Same-Sign",10000,23,1,-6021.89426079074,12080.6298830694,12068.4382958824,0.478951864962101,0.2914,0.2927956657345,0.0381678288388424,1,3,4,1
"Same-Sign",10000,23,2,-6029.37807724264,12141.6492178331,12114.2181466624,-7.1371885546334,0.2914,0.270602232551798,0.104275365931228,1,3,4,1
"Same-Sign",10000,23,3,-6018.05978407584,12165.0643333593,12122.3937782049,-5.63912530569602,0.2914,0.274967588859202,0.112495429239805,1,3,4,1
"Same-Sign",10000,23,4,-6026.11005002274,12227.216567113,12169.3065279749,-0.222472266764665,0.2914,0.290751715814648,0.0130346673310571,1,3,4,1
"Same-Sign",10000,23,5,-6033.23603999537,12287.5202489182,12214.3707257963,4.05629447759846,0.2914,0.303220042107722,-0.0130886431419992,1,3,4,1
"Same-Sign",10000,24,1,-5999.54138806845,12035.9241376248,12023.7325504378,-4.59341369190729,0.2892,0.275915847603004,0.142905096534509,1,3,4,1
"Same-Sign",10000,24,2,-6012.98176687868,12108.8565971051,12081.4255259344,-4.12798209348575,0.2892,0.277261875785639,0.0576421657806229,1,3,4,1
"Same-Sign",10000,24,3,-6007.50332563019,12143.951416468,12101.2808613136,-2.47282596152476,0.2892,0.28204858731927,0.0321051144899849,1,3,4,1
"Same-Sign",10000,24,4,-6008.1813978321,12191.3592627317,12133.4492235936,-0.688331037878332,0.2892,0.287209346638456,0.0112531695925922,1,3,4,1
"Same-Sign",10000,24,5,-6002.69114998477,12226.430468897,12153.2809457751,-3.88045928472478,0.2892,0.277977711748576,0.0559037892303647,1,3,4,1
"Same-Sign",10000,25,1,-6023.54987139697,12083.9411042818,12071.7495170949,-2.18798900315163,0.2919,0.2855132600998,0.0777586469466591,1,3,4,1
"Same-Sign",10000,25,2,-6030.68059575542,12144.2542548586,12116.8231836879,1.43832196562352,0.2919,0.296098461817655,0.0179227470063484,1,3,4,1
"Same-Sign",10000,25,3,-6031.63334882731,12192.2114628623,12149.5409077079,-0.452211171389263,0.2919,0.290579995590715,0.0208836751235942,1,3,4,1
"Same-Sign",10000,25,4,-6039.83962368476,12254.6757144371,12196.7656752989,-0.765399478154638,0.2919,0.289665798923267,0.00269750305583243,1,3,4,1
"Same-Sign",10000,25,5,-6034.80773052816,12290.6636299838,12217.5141068619,-0.765234451161939,0.2919,0.289666280637058,0.0183552230819504,1,3,4,1
"Same-Sign",10000,26,1,-6011.57795478181,12059.9972710515,12047.8056838646,-3.36354767962281,0.2904,0.280632257538375,0.11733164388532,1,3,4,1
"Same-Sign",10000,26,2,-6012.43184890908,12107.7567611659,12080.3256899952,-1.98774210823344,0.2904,0.28462759691769,0.0577090369260833,1,3,4,1
"Same-Sign",10000,26,3,-6015.6202100178,12160.1851852433,12117.5146300888,-0.957168586630028,0.2904,0.287620382424426,0.0585944389951642,1,3,4,1
"Same-Sign",10000,26,4,-6020.55791943331,12216.1123059342,12158.202266796,1.10256342121752,0.2904,0.293601844175216,0.0157035355594758,1,3,4,1
"Same-Sign",10000,26,5,-6014.44459795686,12249.9373648412,12176.7878417193,-0.112686226785642,0.2904,0.290072759197414,0.0230082519601252,1,3,4,1
"Same-Sign",10000,27,1,-6085.25034740326,12207.3420562944,12195.1504691075,3.44296408711811,0.297,0.307225603338741,-0.0454369383898869,1,5,4,1
"Same-Sign",10000,27,2,-6074.68548336173,12232.2640300712,12204.8329589006,-4.37649627887152,0.297,0.284001806051752,0.069604106123247,1,5,4,1
"Same-Sign",10000,27,3,-6078.88548966439,12286.7157445364,12244.045189382,0.120083920323751,0.297,0.297356649243362,-0.0149285255555269,1,5,4,1
"Same-Sign",10000,27,4,-6073.22690841136,12321.4502838903,12263.5402447521,-3.14132782556375,0.297,0.287670256358076,0.0366365359193057,1,5,4,1
"Same-Sign",10000,27,5,-6075.12520349595,12371.2985759193,12298.1490527975,-1.56718741369104,0.297,0.292345453381338,0.0208366069780832,1,5,4,1
"Same-Sign",10000,28,1,-6021.56213059976,12079.9656226874,12067.7740355004,-0.194942650438434,0.2905,0.289933691600476,0.0568702105005439,1,3,4,1
"Same-Sign",10000,28,2,-6011.06421936206,12105.0215020719,12077.5904309012,-3.16209288437325,0.2905,0.281314120170896,0.0694826324902184,1,3,4,1
"Same-Sign",10000,28,3,-6013.43039621381,12155.8055576353,12113.1350024809,-3.74042571534968,0.2905,0.279634063296909,0.0418923419483824,1,3,4,1
"Same-Sign",10000,28,4,-6023.30721006263,12221.6108871928,12163.7008480547,-2.13491559088577,0.2905,0.284298070208477,0.0498701592703537,1,3,4,1
"Same-Sign",10000,28,5,-6015.69112310703,12252.4304151415,12179.2808920196,1.61848687760643,0.2905,0.295201704379447,-0.00329567799485317,1,3,4,1
"Same-Sign",10000,29,1,-6011.57494566924,12059.9912528264,12047.7996656394,3.47255089802092,0.2889,0.298932199544382,-0.0219114485045999,1,3,4,1
"Same-Sign",10000,29,2,-6003.86877176558,12090.6306068789,12063.1995357082,-1.61781487169197,0.2889,0.284226132835682,0.0350495180001576,1,3,4,1
"Same-Sign",10000,29,3,-6005.80084175369,12140.5464487151,12097.8758935606,-0.710397821765985,0.2889,0.286847660692918,0.0124986615489327,1,3,4,1
"Same-Sign",10000,29,4,-6015.96990850562,12206.9362840788,12149.0262449407,0.642586269248724,0.2889,0.29075643173186,0.0146477639585105,1,3,4,1
"Same-Sign",10000,29,5,-6004.58294346948,12230.2140558664,12157.0645327445,-0.217182356550596,0.2889,0.288272560171925,0.0201000690014715,1,3,4,1
"Same-Sign",10000,30,1,-5963.27716185238,11963.3956851927,11951.2040980057,-8.01484864167078,0.2842,0.261421800160372,0.190933093771801,1,4,4,4
"Same-Sign",10000,30,2,-5987.92839172669,12058.7498468012,12031.3187756305,5.31222851901197,0.2842,0.299297353451032,-0.0382705455304846,1,4,4,4
"Same-Sign",10000,30,3,-5964.33493309447,12057.6146313966,12014.9440762422,0.149408451113923,0.2842,0.284624618818066,0.00507393273965273,1,4,4,4
"Same-Sign",10000,30,4,-5966.63194770098,12108.2603624695,12050.3503233314,-1.25616169074504,0.2842,0.280629988474903,0.0362986280314602,1,4,4,4
"Same-Sign",10000,30,5,-5957.98576540949,12137.0196997464,12063.8701766246,-0.117484859490076,0.2842,0.283866108029329,0.00619797101781778,1,4,4,4
"Same-Sign",10000,31,1,-6058.69989619259,12154.2411538731,12142.0495666861,0.389768698081887,0.2949,0.296049427890643,0.0273081992788584,1,3,5,1
"Same-Sign",10000,31,2,-6072.80426480032,12228.5015929484,12201.0705217777,1.74368446013568,0.2949,0.30004212547294,-0.0293595974222667,1,3,5,1
"Same-Sign",10000,31,3,-6062.08504525952,12253.1148557267,12210.4443005723,0.686773996387419,0.2949,0.296925296515346,-0.00712451392001675,1,3,5,1
"Same-Sign",10000,31,4,-6065.35105678809,12305.6985806437,12247.7885415056,1.69789886949314,0.2949,0.299907103766135,-0.0163663163762765,1,3,5,1
"Same-Sign",10000,31,5,-6062.10597952671,12345.2601279808,12272.110604859,3.44576503681473,0.2949,0.305061561093567,-0.00559272367233295,1,3,5,1
"Same-Sign",10000,32,1,-6075.36678681155,12187.574935111,12175.383347924,-3.13956863781757,0.2966,0.287288039420233,0.0841000144088488,1,5,3,1
"Same-Sign",10000,32,2,-6079.46309034609,12241.81924404,12214.3881728693,2.50047625141371,0.2966,0.304016412561693,-0.04324769987972,1,5,3,1
"Same-Sign",10000,32,3,-6077.65107192306,12284.2469090538,12241.5763538994,-2.81334729320376,0.2966,0.288255611928358,0.041919038752072,1,5,3,1
"Same-Sign",10000,32,4,-6075.73687896022,12326.470224988,12268.5601858499,-0.571817765201222,0.2966,0.294903988508413,0.00236181390102097,1,5,3,1
"Same-Sign",10000,32,5,-6076.64326613458,12374.3347011966,12301.1851780748,0.17278750370746,0.2966,0.297112487735996,-0.00521507348429943,1,5,3,1
"Same-Sign",10000,33,1,-6031.37910244235,12099.5995663726,12087.4079791856,-2.2682570325881,0.2925,0.28586534817968,0.0995622580828924,1,5,5,5
"Same-Sign",10000,33,2,-6030.68616117096,12144.2653856897,12116.834314519,-4.22810938778303,0.2925,0.280132780040735,0.0764163441554527,1,5,5,5
"Same-Sign",10000,33,3,-6037.92731163207,12204.7993884718,12162.1288333174,1.96241994509944,0.2925,0.298240078339416,-0.00149380675180377,1,5,5,5
"Same-Sign",10000,33,4,-6038.32372593078,12251.6439189291,12193.733879791,-1.18363157717588,0.2925,0.289037877636761,0.0229035150806771,1,5,5,5
"Same-Sign",10000,33,5,-6032.91560291437,12286.8793747562,12213.7298516343,-1.08354191346473,0.2925,0.289330639903116,0.0322783905701622,1,5,5,5
"Same-Sign",10000,34,1,-5998.64352098332,12034.1284034545,12021.9368162676,-2.64912316917969,0.2904,0.282706946316702,0.0917285125994793,1,3,4,1
"Same-Sign",10000,34,2,-6009.58490713281,12102.0628776134,12074.6318064427,-0.0922413253255921,0.2904,0.290132131191254,0.00733375995284619,1,3,4,1
"Same-Sign",10000,34,3,-6019.74922074223,12168.4432066921,12125.7726515377,-1.76808837888288,0.2904,0.285265471347724,0.0286109196648492,1,3,4,1
"Same-Sign",10000,34,4,-6006.81823821659,12188.6329435007,12130.7229043626,-2.98267232601556,0.2904,0.281738319565251,0.0385850832225952,1,3,4,1
"Same-Sign",10000,34,5,-6021.33803843197,12263.7242457914,12190.5747226695,-0.0928386453670275,0.2904,0.290130396573854,0.0177473982660582,1,3,4,1
"Same-Sign",10000,35,1,-6084.95931907231,12206.7599996325,12194.5684124456,2.55232888990681,0.2978,0.305400835434142,-0.014456910759998,1,5,5,5
"Same-Sign",10000,35,2,-6077.51535164012,12237.923766628,12210.4926954573,-0.899040492188265,0.2978,0.295122657414263,0.0193585576914813,1,5,5,5
"Same-Sign",10000,35,3,-6088.78757807816,12306.519921364,12263.8493662096,1.23856095230558,0.2978,0.301488434515966,0.00434117664547333,1,5,5,5
"Same-Sign",10000,35,4,-6077.05490268269,12329.1062724329,12271.1962332948,-1.6781191411991,0.2978,0.292802561197509,0.0282518665473346,1,5,5,5
"Same-Sign",10000,35,5,-6094.0530340277,12409.1542369828,12336.004713861,-4.20580580134782,0.2978,0.285275110323586,0.0407471419896146,1,5,5,5
"Same-Sign",10000,36,1,-6027.98320444185,12092.8077703716,12080.6161831846,-2.92589756445097,0.2926,0.284038823726416,0.080343357081525,1,5,4,1
"Same-Sign",10000,36,2,-6037.26649777592,12157.4260588996,12129.9949877289,-5.02132511108786,0.2926,0.277907602724957,0.0478527889731469,1,5,4,1
"Same-Sign",10000,36,3,-6030.24130877918,12189.427382766,12146.7568276116,-0.229155132833092,0.2926,0.29192949208133,0.0203551774864618,1,5,4,1
"Same-Sign",10000,36,4,-6028.93417260473,12232.864812277,12174.9547731389,-2.37770964725168,0.2926,0.285642821572142,0.0645675328755281,1,5,4,1
"Same-Sign",10000,36,5,-6029.10095655907,12279.2500820456,12206.1005589237,0.0652580748256857,0.2926,0.29279094512694,0.0155646811573315,1,5,4,1
"Same-Sign",10000,37,1,-6040.36237024417,12117.5661019762,12105.3745147893,7.62866976611949,0.2915,0.313737572368238,-0.129646356278889,2,5,5,5
"Same-Sign",10000,37,2,-6016.63003165113,12116.15312665,12088.7220554794,-3.60346556993906,0.2915,0.280995897863628,0.0836596389968818,2,5,5,5
"Same-Sign",10000,37,3,-6025.76553193017,12180.475829068,12137.8052739136,-7.51564195729906,0.2915,0.269591903694473,0.0764700841216005,2,5,5,5
"Same-Sign",10000,37,4,-6021.78942926398,12218.5753255955,12160.6652864574,-4.95591060061049,0.2915,0.27705352059922,0.0634203690243166,2,5,5,5
"Same-Sign",10000,37,5,-6024.16904287895,12269.3862546853,12196.2367315635,0.354164166852238,0.2915,0.292532388546374,0.0224868705412691,2,5,5,5
"Same-Sign",10000,38,1,-6036.72427824405,12110.289917976,12098.098330789,-0.574005623937967,0.294,0.292312423465622,0.0519986079868124,1,5,4,1
"Same-Sign",10000,38,2,-6049.07026228911,12181.033587926,12153.6025167553,-4.26904945102557,0.294,0.281448994613985,0.0705264471020431,1,5,4,1
"Same-Sign",10000,38,3,-6052.3628858524,12233.6705369125,12190.999981758,-0.0433807620362296,0.294,0.293872460559613,0.0165199428070295,1,5,4,1
"Same-Sign",10000,38,4,-6057.77175284673,12290.539972761,12232.6299336229,-2.25803440308957,0.294,0.287361378854917,0.0106715980743686,1,5,4,1
"Same-Sign",10000,38,5,-6041.56334356826,12304.174856064,12231.0253329421,-0.963643528348569,0.294,0.291166888026655,0.0450094179153204,1,5,4,1
"Same-Sign",10000,39,1,-5989.78516080939,12016.4116831067,12004.2200959197,2.80227656404269,0.2873,0.295350940568495,-0.00579592053075246,1,3,5,1
"Same-Sign",10000,39,2,-5984.03105738003,12050.9551781078,12023.5241069372,-1.12810811285866,0.2873,0.284058945391757,0.0751381272714046,1,3,5,1
"Same-Sign",10000,39,3,-5982.43763882607,12093.8200428598,12051.1494877054,-2.84364589000869,0.2873,0.279130205358005,0.0508683819499891,1,3,5,1
"Same-Sign",10000,39,4,-5992.73746733456,12160.4714017367,12102.5613625985,-5.99128689012306,0.2873,0.270087032764676,0.0498708668807283,1,3,5,1
"Same-Sign",10000,39,5,-5995.40702437966,12211.8622176867,12138.7126945649,-0.808066789940417,0.2873,0.284978424112501,0.0187275940743022,1,3,5,1
"Same-Sign",10000,40,1,-5991.46910352074,12019.7795685294,12007.5879813424,-0.508457862481697,0.2876,0.286137675187503,0.0507027068352569,1,3,5,1
"Same-Sign",10000,40,2,-5999.85011481617,12082.5932929801,12055.1622218094,-0.386815578357181,0.2876,0.286487518396645,0.0379348176019921,1,3,5,1
"Same-Sign",10000,40,3,-5993.79179306602,12116.5283513397,12073.8577961853,-0.0397458330303507,0.2876,0.287485690984205,0.0143988902001041,1,3,5,1
"Same-Sign",10000,40,4,-5996.83693201503,12168.6703310976,12110.7602919595,-1.47697511601133,0.2876,0.283352219566351,0.0153000422794961,1,3,5,1
"Same-Sign",10000,40,5,-5997.99670231633,12217.0415735601,12143.8920504382,-4.14231642569886,0.2876,0.27568669795969,0.0409075019788946,1,3,5,1
"Same-Sign",10000,41,1,-6011.05357798125,12058.9485174504,12046.7569302634,2.0838231500837,0.2896,0.295634751842642,-0.00972630270308835,1,4,5,1
"Same-Sign",10000,41,2,-6028.67683610635,12140.2467355605,12112.8156643898,6.15504345759261,0.2896,0.307425005853188,-0.0385885003275551,1,4,5,1
"Same-Sign",10000,41,3,-6005.12429011839,12139.1933454445,12096.52279029,-0.0333397146522196,0.2896,0.289503448186367,0.00783428789863579,1,4,5,1
"Same-Sign",10000,41,4,-6009.88253820138,12194.7615434703,12136.8515043322,-1.10829503033004,0.2896,0.286390377592164,0.019453747548206,1,4,5,1
"Same-Sign",10000,41,5,-6011.41333677809,12243.8748424836,12170.7253193618,-3.44542793198803,0.2896,0.279622040708963,0.0216445222973034,1,4,5,1
"Same-Sign",10000,42,1,-6063.0342208575,12162.9098032029,12150.7182160159,1.89606831406446,0.2965,0.302121842551201,0.0175111641645848,1,3,4,1
"Same-Sign",10000,42,2,-6054.43737116663,12191.767805681,12164.3367345103,-4.09718906529853,0.2965,0.28435183442139,0.119742433142814,1,3,4,1
"Same-Sign",10000,42,3,-6064.53395555116,12258.01267631,12215.3421211556,-3.17304208377601,0.2965,0.287091930221604,0.0370904307623387,1,3,4,1
"Same-Sign",10000,42,4,-6062.94529147177,12300.8870500111,12242.977010873,-0.122089533040661,0.2965,0.296138004534534,0.0466298418327535,1,3,4,1
"Same-Sign",10000,42,5,-6080.56553115324,12382.1792312339,12309.0297081121,0.166053305423221,0.2965,0.29699234805058,0.0193212083526996,1,3,4,1
"Same-Sign",10000,43,1,-6015.18448751412,12067.2103365162,12055.0187493292,3.3903337696504,0.2911,0.300969261603452,-0.025285696344627,1,5,4,1
"Same-Sign",10000,43,2,-6011.00350891225,12104.9000811723,12077.4690100016,1.50856692319451,0.2911,0.295491438313419,0.0232679064448057,1,5,4,1
"Same-Sign",10000,43,3,-6018.25219562313,12165.4491564539,12122.7786012995,-5.44119512957965,0.2911,0.275260680977794,0.0793484900460923,1,5,4,1
"Same-Sign",10000,43,4,-6014.41937238255,12203.8352118326,12145.9251726945,0.511424119171571,0.2911,0.292588755610908,0.00842475975748161,1,5,4,1
"Same-Sign",10000,43,5,-6012.83858089365,12246.7253307147,12173.5758075929,-0.262833200370625,0.2911,0.290334892553721,0.00156404176220442,1,5,4,1
"Same-Sign",10000,44,1,-6036.81811653416,12110.4775945562,12098.2860073693,5.6210123489625,0.2908,0.307145903910783,-0.0708211266436857,2,3,4,2
"Same-Sign",10000,44,2,-6018.8823365707,12120.6577364892,12093.2266653185,-3.69264871007424,0.2908,0.280061777551104,0.0638332373054335,2,3,4,2
"Same-Sign",10000,44,3,-6023.27952743573,12175.5038200791,12132.8332649247,-4.96511467823789,0.2908,0.276361446515684,0.052584032634932,2,3,4,2
"Same-Sign",10000,44,4,-6021.01744995694,12217.0313669814,12159.1213278433,-0.33455262629778,0.2908,0.289827120962726,0.0264148658951616,2,3,4,2
"Same-Sign",10000,44,5,-6017.21065073038,12255.4694703882,12182.3199472663,-1.10497193679676,0.2908,0.287586741607795,0.0428370963082001,2,3,4,2
"Same-Sign",10000,45,1,-6024.25652859449,12085.3544186769,12073.1628314899,-4.26092577771771,0.2917,0.279270879506397,0.112167037289821,1,3,4,1
"Same-Sign",10000,45,2,-6030.21890453916,12143.3308724261,12115.8998012554,-0.879116224390781,0.2917,0.289135617973452,0.0256568363460173,1,3,4,1
"Same-Sign",10000,45,3,-6029.91590648635,12188.7765781804,12146.106023026,0.156384486380744,0.2917,0.292156173546773,-0.0114175353534998,1,3,4,1
"Same-Sign",10000,45,4,-6036.78917473601,12248.5748165396,12190.6647774014,0.510384759428788,0.2917,0.293188792343254,0.00384270558988596,1,3,4,1
"Same-Sign",10000,45,5,-6031.37108060562,12283.7903301387,12210.6408070168,-0.0524256770306817,0.2917,0.291547074300102,0.0248726591438348,1,3,4,1
"Same-Sign",10000,46,1,-6027.46173389948,12091.7648292869,12079.5732420999,-0.362394122179052,0.2925,0.291439997192626,0.0561451533997676,1,3,5,1
"Same-Sign",10000,46,2,-6031.20356558706,12145.3001945219,12117.8691233512,-0.172868804890037,0.2925,0.291994358745697,0.0435523468175728,1,3,5,1
"Same-Sign",10000,46,3,-6040.75550908498,12210.4557833776,12167.7852282232,1.20774379171065,0.2925,0.296032650590754,0.0136710208605456,1,3,5,1
"Same-Sign",10000,46,4,-6035.77675161771,12246.549970303,12188.6399311648,0.452939951062224,0.2925,0.293824849356857,0.00481405781730576,1,3,5,1
"Same-Sign",10000,46,5,-6039.84444361282,12300.7370561531,12227.5875330312,-0.625929668119927,0.2925,0.290669155720749,0.0106652615747028,1,3,5,1
"Same-Sign",10000,47,1,-6055.7157602462,12148.2728819803,12136.0812947933,0.518598888355073,0.2958,0.297334015511754,0.0291497019754746,1,5,3,1
"Same-Sign",10000,47,2,-6087.74784379107,12258.3887509299,12230.9576797592,2.02766224274102,0.2958,0.301797824914028,-0.0147033449944011,1,5,3,1
"Same-Sign",10000,47,3,-6063.99338524574,12256.9315356991,12214.2609805447,-2.52438849311914,0.2958,0.288332858837354,0.0456423567115114,1,5,3,1
"Same-Sign",10000,47,4,-6062.64399996301,12300.2844669936,12242.3744278554,-0.436431905593275,0.2958,0.294509034423255,-0.0020853148027827,1,5,3,1
"Same-Sign",10000,47,5,-6069.41627525331,12359.8807194341,12286.7311963122,0.96751899576881,0.2958,0.298661921189484,-0.00256948516894536,1,5,3,1
"Same-Sign",10000,48,1,-5953.67068837131,11944.1827382305,11931.9911510435,-1.85211302746225,0.2839,0.278641851115035,0.0880096557194037,1,3,5,1
"Same-Sign",10000,48,2,-5950.02093142014,11982.9349261881,11955.5038550174,-3.2110939532828,0.2839,0.27478370426663,0.0732833068825386,1,3,5,1
"Same-Sign",10000,48,3,-5960.15025394266,12049.245273093,12006.5747179386,-4.42628351863587,0.2839,0.271333781090593,0.053794955240653,1,3,5,1
"Same-Sign",10000,48,4,-5973.23380663856,12121.4640803447,12063.5540412065,3.44491050089473,0.2839,0.29368010091204,-0.00459398040767914,1,3,5,1
"Same-Sign",10000,48,5,-5959.87086038211,12140.7898896917,12067.6403665698,-3.81869469134054,0.2839,0.273058725771284,0.0489930351117621,1,3,5,1
"Same-Sign",10000,49,1,-6056.94512770236,12150.7316168926,12138.5400297056,5.29025362509246,0.2932,0.308711023628771,-0.0590720387281756,2,5,5,5
"Same-Sign",10000,49,2,-6031.67927639692,12146.2516161416,12118.8205449709,0.579965472352515,0.2932,0.294900458764938,0.0057941149101391,2,5,5,5
"Same-Sign",10000,49,3,-6034.78213274295,12198.5090306936,12155.8384755392,-6.76423750578417,0.2932,0.273367255633041,0.127930945313635,2,5,5,5
"Same-Sign",10000,49,4,-6041.27518595348,12257.5468389745,12199.6367998364,1.52248617199346,0.2932,0.297663929456285,-0.00249718461703603,2,5,5,5
"Same-Sign",10000,49,5,-6053.85119847524,12328.7505658779,12255.6010427561,0.646922047537636,0.2932,0.29509677544338,0.00128079720956832,2,5,5,5
"Same-Sign",10000,50,1,-6010.89413952231,12058.6296405325,12046.4380533455,2.22849448532805,0.2894,0.295849263040539,-0.0144294060851633,1,4,5,1
"Same-Sign",10000,50,2,-6056.02043292336,12194.9339291945,12167.5028580238,13.9626232561996,0.2894,0.329807831703442,-0.0993553473423603,1,4,5,1
"Same-Sign",10000,50,3,-6028.33230970171,12185.6093846111,12142.9388294567,0.0610528352285732,0.2894,0.289576686905151,0.0124390104708736,1,4,5,1
"Same-Sign",10000,50,4,-6009.89156501368,12194.7795970949,12136.8695579568,-0.822098523326708,0.2894,0.287020846873492,0.00699868528663491,1,4,5,1
"Same-Sign",10000,50,5,-6013.85234359453,12248.7528561165,12175.6033329946,0.286584854491545,0.2894,0.290229376568899,0.0202867198050895,1,4,5,1
"Same-Sign",10000,51,1,-6099.9899154682,12236.8211924243,12224.6296052373,3.29322127384158,0.2987,0.308536851944965,-0.0169161621162737,2,5,4,2
"Same-Sign",10000,51,2,-6084.23397741397,12251.3610181757,12223.929947005,-0.437608610613465,0.2987,0.297392863080098,0.0204922271150266,2,5,4,2
"Same-Sign",10000,51,3,-6103.80563700976,12336.5560392272,12293.8854840728,4.68457852181574,0.2987,0.312692836044664,-0.0134661520398361,2,5,4,2
"Same-Sign",10000,51,4,-6080.82921040091,12336.6548878694,12278.7448487312,-0.635566371964348,0.2987,0.296801563246943,0.0291573836741775,2,5,4,2
"Same-Sign",10000,51,5,-6096.23354684923,12413.5152626259,12340.3657395041,0.176892453982236,0.2987,0.299228377760045,-0.000837234922869728,2,5,4,2
"Same-Sign",10000,52,1,-6016.11317891731,12069.0677193225,12056.8761321356,-0.436077545761168,0.2919,0.290627089643923,0.0738197700500841,1,3,3,3
"Same-Sign",10000,52,2,-6023.73102412456,12130.3551115969,12102.9240404262,0.957589142922102,0.2919,0.29469520270819,0.0207728743819111,1,3,3,3
"Same-Sign",10000,52,3,-6039.40517701037,12207.7551192284,12165.084564074,1.14974975012859,0.2919,0.295256119520625,0.0276604534345267,1,3,3,3
"Same-Sign",10000,52,4,-6028.61193653817,12232.2203401439,12174.3103010058,-0.479128610111518,0.2919,0.290501423587084,0.017206551683132,1,3,3,3
"Same-Sign",10000,52,5,-6026.71639274847,12274.4809544244,12201.3314313025,3.03674199704983,0.2919,0.300764249889388,-0.00055366864318108,1,3,3,3
"Same-Sign",10000,53,1,-6090.50229769159,12217.8459568711,12205.6543696841,-2.27146639978865,0.2994,0.292599229599033,0.0819302014842457,1,4,5,1
"Same-Sign",10000,53,2,-6098.00857612442,12278.9102155966,12251.4791444259,-5.95429869029423,0.2994,0.281572829721259,0.0736222204219784,1,4,5,1
"Same-Sign",10000,53,3,-6092.75518353609,12314.4551322798,12271.7845771254,0.303252906778706,0.2994,0.300307939202895,0.0029767257925352,1,4,5,1
"Same-Sign",10000,53,4,-6098.62205755627,12372.2405821801,12314.330543042,-1.18666790635508,0.2994,0.295847116288373,0.0166120795721684,1,4,5,1
"Same-Sign",10000,53,5,-6093.61149138774,12408.2711517029,12335.1216285811,-4.67393499645968,0.2994,0.2854062386206,0.0452438809729615,1,4,5,1
"Same-Sign",10000,54,1,-6089.66686855621,12216.1750986003,12203.9835114133,-0.131659998394634,0.2988,0.298406599924797,0.0749227105649739,1,3,5,1
"Same-Sign",10000,54,2,-6097.37274926781,12277.6385618834,12250.2074907127,0.357016979124941,0.2988,0.299866766733625,0.0238573716996831,1,3,5,1
"Same-Sign",10000,54,3,-6093.56764147427,12316.0800481562,12273.4094930018,-0.686655332951023,0.2988,0.296748273865142,0.058232334493493,1,3,5,1
"Same-Sign",10000,54,4,-6095.61790570342,12366.2322784744,12308.3222393363,-0.266437180727579,0.2988,0.298003885703986,0.0341126740140767,1,3,5,1
"Same-Sign",10000,54,5,-6096.65636140226,12414.3608917319,12341.2113686101,-3.15243616371057,0.2988,0.289380520742833,0.0276768464639497,1,3,5,1
"Same-Sign",10000,55,1,-6056.07814828796,12148.9976580638,12136.8060708769,1.35060957590074,0.2953,0.299288350077635,0.00234666963296785,1,3,3,3
"Same-Sign",10000,55,2,-6060.5541575524,12204.0013784526,12176.5703072819,1.04613842633022,0.2953,0.298389246772953,0.0143517162246964,1,3,3,3
"Same-Sign",10000,55,3,-6061.56979365968,12252.084352527,12209.4137973726,-0.591109989451368,0.2953,0.29355445220115,0.0326161528076219,1,3,3,3
"Same-Sign",10000,55,4,-6064.18363675752,12303.3637405826,12245.4537014445,-1.33097497544721,0.2953,0.291369630897504,0.0218662447669036,1,3,3,3
"Same-Sign",10000,55,5,-6068.59627747942,12358.2407238863,12285.0912007644,1.59777721993987,0.2953,0.300018236130482,6.45717969381673e-05,1,3,3,3
"Same-Sign",10000,56,1,-5967.4855259681,11971.8124134241,11959.6208262371,-2.32147389476504,0.2861,0.279458263187077,0.0803882364723245,1,5,3,1
"Same-Sign",10000,56,2,-5982.65096257842,12048.1949885046,12020.7639173339,0.282674904741261,0.2861,0.286908732902465,0.0123663907462717,1,5,3,1
"Same-Sign",10000,56,3,-5977.83271684982,12084.6101989073,12041.9396437529,2.41560913622921,0.2861,0.293011057738752,0.0111291253235637,1,5,3,1
"Same-Sign",10000,56,4,-5989.66818946817,12154.3328460039,12096.4228068658,4.92523091732129,0.2861,0.300191085654456,-0.010867002498966,1,5,3,1
"Same-Sign",10000,56,5,-5974.4901030815,12170.0283750904,12096.8788519686,-1.45503254505282,0.2861,0.281937151888604,0.0371086113650176,1,5,3,1
"Same-Sign",10000,57,1,-6062.83012581718,12162.5016131223,12150.3100259353,-1.53359679171607,0.2982,0.293626814367103,0.0716345848615056,1,5,5,5
"Same-Sign",10000,57,2,-6084.51617538938,12251.9254141265,12224.4943429558,3.0943099169632,0.2982,0.307427232172384,0.00324804771400463,1,5,5,5
"Same-Sign",10000,57,3,-6090.03891255647,12309.0225903206,12266.3520351662,-8.18833721882037,0.2982,0.273782378413478,0.0675179425496274,1,5,5,5
"Same-Sign",10000,57,4,-6077.64016095623,12330.27678898,12272.3667498419,0.718157813936044,0.2982,0.300341546601157,0.0119837220360307,1,5,5,5
"Same-Sign",10000,57,5,-6096.26041178005,12413.5689924875,12340.4194693657,-0.917153674079546,0.2982,0.295465047743895,0.0222970989998391,1,5,5,5
"Same-Sign",10000,58,1,-6081.41346534296,12199.6682921738,12187.4767049869,0.0289298041713546,0.2978,0.297886152956822,0.0399318144918027,1,3,4,1
"Same-Sign",10000,58,2,-6084.11888447706,12251.1308323019,12223.6997611312,-0.643690826362132,0.2978,0.295883088719094,0.0188512650255765,1,3,4,1
"Same-Sign",10000,58,3,-6076.60796614109,12282.1606974899,12239.4901423354,0.108679406433887,0.2978,0.29812364727236,0.030398448015866,1,3,4,1
"Same-Sign",10000,58,4,-6084.11653201367,12343.2295310949,12285.3194919568,-0.818168345335542,0.2978,0.295363494667591,0.00390221530444052,1,3,4,1
"Same-Sign",10000,58,5,-6075.50660771875,12372.0613843649,12298.9118612431,-0.649959097786322,0.2978,0.295864421806792,0.0172822143333126,1,3,4,1
"Same-Sign",10000,59,1,-6043.65742467093,12124.1562108298,12111.9646236428,-0.141345629072764,0.2947,0.294283454431123,0.0233861285111602,1,5,5,5
"Same-Sign",10000,59,2,-6046.74951427522,12176.3920918982,12148.9610207275,4.579617503213,0.2947,0.308196132781969,-0.0119162429159281,1,5,5,5
"Same-Sign",10000,59,3,-6054.83651030418,12238.617785816,12195.9472306616,-6.48806119866935,0.2947,0.275579683647521,0.0606051838338443,1,5,5,5
"Same-Sign",10000,59,4,-6059.74423850892,12294.4849440854,12236.5749049473,0.677130510968541,0.2947,0.296695503615824,-0.0167767958616254,1,5,5,5
"Same-Sign",10000,59,5,-6060.72851654937,12342.5052020262,12269.3556789043,-4.33806245794496,0.2947,0.281915729936436,0.0237447865155668,1,5,5,5
"Same-Sign",10000,60,1,-6029.92777906462,12096.6969196172,12084.5053324302,2.73844457257159,0.2917,0.299688042818191,-0.0192672318853447,2,3,5,2
"Same-Sign",10000,60,2,-6012.40476814118,12107.7025996301,12080.2715284594,-2.58394539319207,0.2917,0.284162631288059,0.0414075572845007,2,3,5,2
"Same-Sign",10000,60,3,-6020.15341688068,12169.251598969,12126.5810438146,-0.921651951158461,0.2917,0.289011541258471,-0.00494788512352238,2,3,5,2
"Same-Sign",10000,60,4,-6026.76395398093,12228.5243750294,12170.6143358913,0.712632831210088,0.2917,0.29377874996864,-0.0013249897633911,2,3,5,2
"Same-Sign",10000,60,5,-6027.43671700231,12275.921602932,12202.7720798102,0.498012978597815,0.2917,0.29315270385857,0.00889292117984923,2,3,5,2
"Same-Sign",10000,61,1,-6019.39218037895,12075.6257222458,12063.4341350588,-5.37769195963217,0.2906,0.274972427165309,0.140811553739564,1,5,5,5
"Same-Sign",10000,61,2,-6022.94441791381,12128.7818991754,12101.3508280047,1.2830683449187,0.2906,0.294328596610334,-0.0221335207508652,1,5,5,5
"Same-Sign",10000,61,3,-6029.07321840187,12187.0912020114,12144.420646857,6.43746402691009,0.2906,0.309307270462201,-0.0287037486113995,1,5,5,5
"Same-Sign",10000,61,4,-6028.79361978463,12232.5837066368,12174.6736674987,-1.94389884191522,0.2906,0.284951029965394,0.0192024920307218,1,5,5,5
"Same-Sign",10000,61,5,-6023.71805529361,12268.4842795147,12195.3347563928,-0.139340637248811,0.2906,0.290195076108155,0.0123568372919322,1,5,5,5
"Same-Sign",10000,62,1,-5989.35709119633,12015.5555438806,12003.3639566936,-2.34258190932419,0.2883,0.281546336355418,0.102367567229831,1,5,3,1
"Same-Sign",10000,62,2,-5991.79721024902,12066.4874838458,12039.0564126751,-2.73215040063858,0.2883,0.280423210394959,0.0638042659305788,1,5,3,1
"Same-Sign",10000,62,3,-5999.50770551178,12127.9601762312,12085.2896210768,-0.125376961093808,0.2883,0.287938538221167,0.0501628656086675,1,5,3,1
"Same-Sign",10000,62,4,-6005.05821863521,12185.112904338,12127.2028651998,-2.53393870290919,0.2883,0.280994654719513,0.0492440288595686,1,5,3,1
"Same-Sign",10000,62,5,-5997.76980438988,12216.5877777072,12143.4382545853,0.425136784604521,0.2883,0.289525669350015,0.00483722097438846,1,5,3,1
"Same-Sign",10000,63,1,-5923.65501054084,11884.1513825696,11871.9597953826,-2.56120448655474,0.2814,0.274192770574835,0.0964469797904727,1,4,4,4
"Same-Sign",10000,63,2,-5939.28219487637,11961.4574531005,11934.0263819298,2.79881169911531,0.2814,0.28927585612131,-0.0196068830053357,1,4,4,4
"Same-Sign",10000,63,3,-5934.44645883474,11997.8376828771,11955.1671277227,-1.12176468469151,0.2814,0.278243354177278,0.0383190059551151,1,4,4,4
"Same-Sign",10000,63,4,-5924.61423088362,12024.2249288348,11966.3148896967,0.165150903959813,0.2814,0.281864734643743,-0.00166767116344335,1,4,4,4
"Same-Sign",10000,63,5,-5929.21405389973,12079.4762767269,12006.326753605,-1.55763437880434,0.2814,0.277016816858045,0.0151681976372909,1,4,4,4
"Same-Sign",10000,64,1,-6096.32171367573,12229.4847888394,12217.2932016524,1.08311109543526,0.2996,0.302845000841924,0.0419440767556544,1,3,5,1
"Same-Sign",10000,64,2,-6097.01547870718,12276.9240207621,12249.4929495915,1.88461225702664,0.2996,0.305246298322052,-0.0217057807041437,1,3,5,1
"Same-Sign",10000,64,3,-6097.96074814967,12324.866261507,12282.1957063526,0.660171573571137,0.2996,0.301577874034419,0.00642625981223034,1,3,5,1
"Same-Sign",10000,64,4,-6090.29652525674,12355.589517581,12297.6794784429,-2.35590270738776,0.2996,0.292541715488666,0.025622321363234,1,3,5,1
"Same-Sign",10000,64,5,-6099.69865408442,12420.4454770963,12347.2959539744,-5.34608074012486,0.2996,0.283583142102586,0.0515306399098022,1,3,5,1
"Same-Sign",10000,65,1,-6032.32647367899,12101.4943088459,12089.3027216589,-3.61383234852723,0.2938,0.283182560560027,0.139390028512337,1,4,4,4
"Same-Sign",10000,65,2,-6035.96313750048,12154.8193383487,12127.3882671781,-5.15488805588155,0.2938,0.27865493889182,0.0919584785373882,1,4,4,4
"Same-Sign",10000,65,3,-6044.46508834439,12217.8749418964,12175.204386742,0.897263515527233,0.2938,0.296436160208619,0.0185273745948384,1,4,4,4
"Same-Sign",10000,65,4,-6043.96299371095,12262.9224544894,12205.0124153513,0.539653802745785,0.2938,0.295385502872467,0.026516059090088,1,4,4,4
"Same-Sign",10000,65,5,-6061.53824543358,12344.1246597946,12270.9751366727,-0.724299231616071,0.2938,0.291672008857512,0.0167785721851171,1,4,4,4
"Same-Sign",10000,66,1,-6084.63102524859,12206.1034119851,12193.9118247981,2.92091172180379,0.2978,0.306498475107532,-0.0347540879610615,1,4,5,1
"Same-Sign",10000,66,2,-6098.9037204726,12280.700504293,12253.2694331223,7.08029284819837,0.2978,0.318885112101935,-0.0947964802985455,1,4,5,1
"Same-Sign",10000,66,3,-6085.58241023431,12300.1095856763,12257.4390305219,-0.922609257694127,0.2978,0.295052469630587,0.0477967247457245,1,4,5,1
"Same-Sign",10000,66,4,-6083.43382934656,12341.8641257607,12283.9540866225,0.69998742473794,0.2978,0.29988456255087,-0.0022291713760976,1,4,5,1
"Same-Sign",10000,66,5,-6086.50808845449,12394.0643458364,12320.9148227146,0.825171878703889,0.2978,0.30025736185478,-0.0164421742160191,1,4,5,1
"Same-Sign",10000,67,1,-6100.95444785119,12238.7502571903,12226.5586700033,1.38117922768149,0.3,0.304143537683044,0.0268117953112521,1,4,5,1
"Same-Sign",10000,67,2,-6110.10392276663,12303.100908881,12275.6698377104,-9.24095826393791,0.3,0.272277125208186,0.118026021355778,1,4,5,1
"Same-Sign",10000,67,3,-6102.73598313917,12334.416731486,12291.7461763316,-1.06419512126588,0.3,0.296807414636202,0.0233148501877996,1,4,5,1
"Same-Sign",10000,67,4,-6099.06073852566,12373.1179441189,12315.2079049807,-1.75264307667396,0.3,0.294742070769978,0.0210993358811806,1,4,5,1
"Same-Sign",10000,67,5,-6095.28089279966,12411.6099545268,12338.4604314049,-0.556380177955396,0.3,0.298330859466134,0.0234897180928536,1,4,5,1
"Same-Sign",10000,68,1,-6036.32076863928,12109.4828987665,12097.2913115795,3.48297394034266,0.2919,0.30206680093186,-0.028740035569173,1,4,4,4
"Same-Sign",10000,68,2,-6021.8828530548,12126.6587694574,12099.2276982867,-1.49234325348259,0.2919,0.287543850043084,0.0839627638174317,1,4,4,4
"Same-Sign",10000,68,3,-6031.06530150997,12191.0753682276,12148.4048130732,2.72896575654359,0.2919,0.299865851043351,0.0113554991693717,1,4,4,4
"Same-Sign",10000,68,4,-6040.21864547397,12255.4337580155,12197.5237188774,0.842990449565122,0.2919,0.294360689122281,0.00940542593507698,1,4,4,4
"Same-Sign",10000,68,5,-6035.97774230793,12293.0036535433,12219.8541304215,-1.18652050206378,0.2919,0.288436546654476,0.0121781518484854,1,4,4,4
"Same-Sign",10000,69,1,-6123.72963123405,12284.300623956,12272.109036769,-10.7582704359791,0.3014,0.268974572905959,0.251761952899308,1,4,4,4
"Same-Sign",10000,69,2,-6115.13542833913,12313.1639200261,12285.7328488554,-0.50268439156238,0.3014,0.299884909243831,0.0450204344968002,1,4,4,4
"Same-Sign",10000,69,3,-6117.81253326614,12364.56983174,12321.8992765855,-3.33620114338989,0.3014,0.291344689753823,0.038156454386216,1,4,4,4
"Same-Sign",10000,69,4,-6114.41792592047,12403.8323189085,12345.9222797703,-3.0410926481727,0.3014,0.292234146758407,0.0208649434852519,1,4,4,4
"Same-Sign",10000,69,5,-6121.15493894826,12463.358046824,12390.2085237021,-5.08291555390332,0.3014,0.286080092520535,0.0505162430413245,1,4,4,4
"Same-Sign",10000,70,1,-5952.93967296387,11942.7207074157,11930.5291202287,0.602741336315913,0.2841,0.285812388136474,0.0502866820468773,1,4,5,1
"Same-Sign",10000,70,2,-5954.46833369374,11991.8297307353,11964.3986595646,-6.136985562908,0.2841,0.266664824015778,0.0757843655115189,1,4,5,1
"Same-Sign",10000,70,3,-5955.73446738991,12040.4136999875,11997.7431448331,-1.2418165838471,0.2841,0.28057199908529,0.0343741474516008,1,4,5,1
"Same-Sign",10000,70,4,-5954.02331332262,12083.0430937128,12025.1330545747,-1.66214472470524,0.2841,0.279377846837112,0.0330195883711503,1,4,5,1
"Same-Sign",10000,70,5,-5965.34699126166,12151.7421514507,12078.5926283289,0.219142277030941,0.2841,0.284722583209045,0.0116388453410662,1,4,5,1
"Same-Sign",10000,71,1,-6048.7969596579,12134.4352808037,12122.2436936167,-0.934837682280056,0.2944,0.291647837863368,0.079448467515679,1,5,3,1
"Same-Sign",10000,71,2,-6056.94243985788,12196.7779430635,12169.3468718929,1.13945977691138,0.2944,0.297754569583227,0.0135271481338084,1,5,3,1
"Same-Sign",10000,71,3,-6050.00428078112,12228.9533267699,12186.2827716155,-1.16086387757107,0.2944,0.290982416744431,0.0421985612228353,1,5,3,1
"Same-Sign",10000,71,4,-6060.85206702246,12296.7006011125,12238.7905619743,-5.05131521059944,0.2944,0.279528928019995,0.0723544322753201,1,5,3,1
"Same-Sign",10000,71,5,-6054.48804336581,12330.024255659,12256.8747325372,-0.137966924824075,0.2944,0.293993825373318,0.0154172496182353,1,5,3,1
"Same-Sign",10000,72,1,-6025.97186192236,12088.7850853326,12076.5934981456,-0.709356107041418,0.2914,0.289332936304081,0.0552060069902495,1,4,5,1
"Same-Sign",10000,72,2,-6033.15984174259,12149.212746833,12121.7816756623,0.24340940925794,0.2914,0.292109295018578,0.0189483579549997,1,4,5,1
"Same-Sign",10000,72,3,-6025.73003937648,12180.4048439606,12137.7342888062,-4.01662918074188,0.2914,0.279695542567318,0.0269140044419227,1,4,5,1
"Same-Sign",10000,72,4,-6033.51046544157,12242.0173979507,12184.1073588126,-4.93010296803488,0.2914,0.277033679951146,0.0558293218602938,1,4,5,1
"Same-Sign",10000,72,5,-6028.84739971899,12278.7429683654,12205.5934452436,-1.96226680706982,0.2914,0.285681954524199,0.037659474450792,1,4,5,1
"Same-Sign",10000,73,1,-6078.79139727506,12194.424156038,12182.232568851,-3.03132989067801,0.298,0.28896663692578,0.101226321816524,1,4,4,4
"Same-Sign",10000,73,2,-6084.03136124028,12250.9557858283,12223.5247146576,-5.44051479294007,0.298,0.281787265917039,0.0740634517681508,1,4,4,4
"Same-Sign",10000,73,3,-6079.94563930553,12288.8360438187,12246.1654886643,-0.524437469776413,0.298,0.296437176340066,0.00679900302995193,1,4,4,4
"Same-Sign",10000,73,4,-6091.43623353278,12357.8689341331,12299.958894995,0.725864636335463,0.298,0.30016307661628,0.00292674286120616,1,4,4,4
"Same-Sign",10000,73,5,-6093.42776856049,12407.9037060484,12334.7541829266,-0.90871778696708,0.298,0.295292020994838,0.0199049588016189,1,4,4,4
"Same-Sign",10000,74,1,-6070.22056714449,12177.2824957769,12165.0909085899,-0.422907771418809,0.2958,0.294549038812143,0.0517586649533078,1,5,5,5
"Same-Sign",10000,74,2,-6059.78663961458,12202.4663425769,12175.0352714062,-0.757697578007714,0.2958,0.293558730564253,0.0183977694567457,1,5,5,5
"Same-Sign",10000,74,3,-6058.78330380503,12246.5113728177,12203.8408176633,-4.01005411900551,0.2958,0.283938259915982,0.0495949292690192,1,5,5,5
"Same-Sign",10000,74,4,-6059.22600544254,12293.4484779526,12235.5384388145,-6.33068259635299,0.2958,0.277073840879988,0.0503758822490975,1,5,5,5
"Same-Sign",10000,74,5,-6063.09077464429,12347.229718216,12274.0801950942,-0.799461800793194,0.2958,0.293435191993254,0.0104257374762294,1,5,5,5
"Same-Sign",10000,75,1,-5987.82998199065,12012.5013254692,12000.3097382822,-4.65399881622249,0.2876,0.274215099404544,0.125317936672723,1,3,3,3
"Same-Sign",10000,75,2,-5997.97046764792,12078.8339986436,12051.4029274729,-1.65762334316765,0.2876,0.28283267526505,0.0298540613388953,1,3,3,3
"Same-Sign",10000,75,3,-5991.94274439738,12112.8302540024,12070.159698848,-0.250824460996411,0.2876,0.286878628850174,-0.0118978613649316,1,3,3,3
"Same-Sign",10000,75,4,-6000.75098166928,12176.4984304061,12118.588391268,1.36734361719355,0.2876,0.291532480243049,-0.00433971554545593,1,3,3,3
"Same-Sign",10000,75,5,-5993.47392801228,12207.996024952,12134.8465018301,-0.589074729663885,0.2876,0.285905821077487,0.00688558083185435,1,3,3,3
"Same-Sign",10000,76,1,-5996.69391125475,12030.2291839974,12018.0375968104,-2.45069773333921,0.2887,0.28162483564385,0.0705657973112789,1,5,3,1
"Same-Sign",10000,76,2,-6000.52292673984,12083.9389168275,12056.5078456568,2.30379747416287,0.2887,0.295351063307908,-0.00313534462543094,1,5,3,1
"Same-Sign",10000,76,3,-5997.19302984464,12123.3308248969,12080.6602697425,-5.05172949342875,0.2887,0.274115656952471,0.0438150804655932,1,5,3,1
"Same-Sign",10000,76,4,-6004.69320290107,12184.3828728697,12126.4728337316,3.5898267310066,0.2887,0.299063829772416,-0.0196627319660551,1,5,3,1
"Same-Sign",10000,76,5,-6002.44329160267,12225.9347521328,12152.7852290109,-0.688366370212453,0.2887,0.286712686289197,0.00839012034344061,1,5,3,1
"Same-Sign",10000,77,1,-6087.15385104828,12211.1490635845,12198.9574763975,-0.525006845453796,0.299,0.297430229532093,0.0571264098225909,1,5,5,5
"Same-Sign",10000,77,2,-6088.4781043727,12259.8492720932,12232.4182009225,-1.76484022356942,0.299,0.293723127731527,0.0634623415313908,1,5,5,5
"Same-Sign",10000,77,3,-6098.67748224696,12326.2997297016,12283.6291745472,-7.41070681723293,0.299,0.276841986616474,0.0943657520689749,1,5,5,5
"Same-Sign",10000,77,4,-6099.1511192672,12373.2987056019,12315.3886664638,-0.864004545913323,0.299,0.296416626407719,0.0226484808887076,1,5,5,5
"Same-Sign",10000,77,5,-6087.97834772308,12397.0048643736,12323.8553412517,-1.02109762902778,0.299,0.295946918089207,0.0273482768240892,1,5,5,5
"Same-Sign",10000,78,1,-6005.15169404858,12047.1447495851,12034.9531623981,-1.00900268961597,0.2889,0.285984991229699,0.0533824833272512,1,3,5,1
"Same-Sign",10000,78,2,-6006.6981183548,12096.2893000574,12068.8582288867,0.554410588102516,0.2889,0.290501692189028,-0.00123372509320864,1,3,5,1
"Same-Sign",10000,78,3,-6005.68954579866,12140.323856805,12097.6533016506,0.756634027556689,0.2889,0.291085915705611,0.0120397844791594,1,3,5,1
"Same-Sign",10000,78,4,-6007.35841398504,12189.7132950376,12131.8032558995,-2.63388845461972,0.2889,0.281290696254604,0.035582551175695,1,3,5,1
"Same-Sign",10000,78,5,-6017.99340938457,12257.0349876966,12183.8854645747,1.31240174704365,0.2889,0.292691528647209,-0.0240229229184763,1,3,5,1
"Same-Sign",10000,79,1,-5951.14824378668,11939.1378490613,11926.9462618743,-1.83349265482529,0.2845,0.279283713397022,0.0844626259823034,1,5,5,5
"Same-Sign",10000,79,2,-5960.04372585907,12002.9805150659,11975.5494438952,-2.774912166531,0.2845,0.276605374886219,0.05884315845246,1,5,5,5
"Same-Sign",10000,79,3,-5964.93407716241,12058.8129195325,12016.1423643781,-7.16782862049793,0.2845,0.264107527574683,0.0673561389856349,1,5,5,5
"Same-Sign",10000,79,4,-5972.14499257783,12119.2864522232,12061.3764130851,0.669031610684552,0.2845,0.286403394932398,-0.00440693923338157,1,5,5,5
"Same-Sign",10000,79,5,-5963.68501076424,12148.4181904559,12075.2686673341,-4.13240400244162,0.2845,0.272743310613054,0.0423557521508793,1,5,5,5
"Same-Sign",10000,80,1,-6019.65693797661,12076.1552374411,12063.9636502541,-1.47938705627496,0.2914,0.287089066118015,0.0992233939950239,1,3,4,1
"Same-Sign",10000,80,2,-6027.56099144616,12138.0150462401,12110.5839750694,1.98408934820757,0.2914,0.297181636360677,-0.000450837534023768,1,3,4,1
"Same-Sign",10000,80,3,-6024.31745854877,12177.5796823052,12134.9091271508,1.10001520175874,0.2914,0.294605444297925,0.00485553260965332,1,3,4,1
"Same-Sign",10000,80,4,-6016.18993008231,12207.3763272322,12149.466288094,-0.111850785583618,0.2914,0.291074066810809,0.0365800492146386,1,3,4,1
"Same-Sign",10000,80,5,-6026.65781797791,12274.3638048833,12201.2142817614,0.551094498973898,0.2914,0.29300588937001,0.0120058259596902,1,3,4,1
"Same-Sign",10000,81,1,-6118.19058974584,12273.2225409796,12261.0309537926,1.79484983842843,0.3015,0.306911472262862,0.0113010956901056,1,4,3,1
"Same-Sign",10000,81,2,-6108.49950380942,12299.8920709666,12272.4609997959,-4.19990555875357,0.3015,0.288837284740358,0.0889065699501716,1,4,3,1
"Same-Sign",10000,81,3,-6112.9608280209,12354.8664212495,12312.1958660951,-0.363181616175866,0.3015,0.30040500742723,0.0325331619694369,1,4,3,1
"Same-Sign",10000,81,4,-6115.80123633169,12406.5989397309,12348.6889005928,0.0748180794645995,0.3015,0.301725576509586,0.0343222753389248,1,4,3,1
"Same-Sign",10000,81,5,-6135.07325019406,12491.1946693155,12418.0451461937,2.32658752564102,0.3015,0.308514661389808,-0.00690309220039294,1,4,3,1
"Same-Sign",10000,82,1,-6011.58813777073,12060.0176370294,12047.8260498424,-3.15550888497471,0.2911,0.281914313635839,0.147319731898273,1,4,5,1
"Same-Sign",10000,82,2,-6034.05928487321,12151.0116330942,12123.5805619235,-10.439088520077,0.2911,0.260711813318056,0.129574873610062,1,4,5,1
"Same-Sign",10000,82,3,-6027.41230977045,12183.7693847486,12141.0988295942,-2.30344383546876,0.2911,0.28439467499495,0.0459404607546652,1,4,5,1
"Same-Sign",10000,82,4,-6022.7827434065,12220.5619538805,12162.6519147424,-0.831452330687586,0.2911,0.288679642265368,0.0473648134603189,1,4,5,1
"Same-Sign",10000,82,5,-6026.87645327623,12274.8010754799,12201.651552358,-0.171603808516422,0.2911,0.290600461313409,0.0173393906040111,1,4,5,1
"Same-Sign",10000,83,1,-6084.44403315294,12205.7294277938,12193.5378406068,-9.65247296456666,0.2981,0.269325978092627,0.242868998749493,1,3,5,1
"Same-Sign",10000,83,2,-6077.86668286054,12238.6264290689,12211.1953578982,0.253576681418639,0.2981,0.298855912087309,0.026428594356412,1,3,5,1
"Same-Sign",10000,83,3,-6083.06359042826,12295.0719460642,12252.4013909098,-0.798986035667722,0.2981,0.295718222627674,0.0378144905924978,1,3,5,1
"Same-Sign",10000,83,4,-6083.90422872048,12342.8049245085,12284.8948853704,-1.97512697321655,0.2981,0.292212146492841,0.0531873428041359,1,3,5,1
"Same-Sign",10000,83,5,-6083.15556265218,12387.3592942318,12314.2097711099,-4.64102418708539,0.2981,0.284265106898298,0.0341072728856895,1,3,5,1
"Same-Sign",10000,84,1,-6009.09957402238,12055.0405095327,12042.8489223457,-4.60771841579598,0.2893,0.275969870623102,0.155210060266292,1,3,4,1
"Same-Sign",10000,84,2,-6004.15951762942,12091.2120986066,12063.7810274359,0.204905205025754,0.2893,0.28989279075814,0.0185945047586416,1,3,4,1
"Same-Sign",10000,84,3,-6005.32968151719,12139.604128242,12096.9335730876,-1.71743399085481,0.2893,0.284331463464457,0.0479497659484194,1,3,4,1
"Same-Sign",10000,84,4,-6010.02733382345,12195.0511347145,12137.1410955763,1.89256057634844,0.2893,0.294775177747376,0.00288947762586249,1,3,4,1
"Same-Sign",10000,84,5,-6022.48642975671,12266.0210284408,12192.871505319,-4.76649333050054,0.2893,0.275510534794862,0.036979344401339,1,3,4,1
"Same-Sign",10000,85,1,-6105.79391062045,12248.4291827288,12236.2375955418,6.33861120151768,0.2979,0.316782722769321,-0.0855454443317583,2,4,5,2
"Same-Sign",10000,85,2,-6081.70557146628,12246.3042062804,12218.8731351097,-6.53642973167959,0.2979,0.278427975829326,0.113342153419122,2,4,5,2
"Same-Sign",10000,85,3,-6088.16197475372,12305.2687147151,12262.5981595607,0.233458816098258,0.2979,0.298595473813157,0.0162315018927538,2,4,5,2
"Same-Sign",10000,85,4,-6088.45092659418,12351.8983202559,12293.9882811178,0.786560264973593,0.2979,0.300243163029356,-0.00960693648205914,2,4,5,2
"Same-Sign",10000,85,5,-6085.31177539289,12391.6717197132,12318.5221965914,0.654332587108884,0.2979,0.299849256776997,0.00424474599259923,2,4,5,2
"Same-Sign",10000,86,1,-5997.07486674292,12030.9910949737,12018.7995077868,-2.87106539711675,0.2897,0.281382523544553,0.138651902158035,1,4,5,1
"Same-Sign",10000,86,2,-6012.32775439347,12107.5485721347,12080.117500964,-12.5271187785963,0.2897,0.253408936898406,0.15946157165763,1,4,5,1
"Same-Sign",10000,86,3,-6006.23398134988,12141.4127279074,12098.742172753,0.0763661880753431,0.2897,0.289921232846854,0.0190302237841011,1,4,5,1
"Same-Sign",10000,86,4,-6005.43305926144,12185.8625855904,12127.9525464523,0.547113300899629,0.2897,0.291284987232706,0.00912200792636153,1,4,5,1
"Same-Sign",10000,86,5,-6014.53289510074,12250.1139591289,12176.9644360071,-1.08717137022027,0.2897,0.286550464540472,0.0227299265495608,1,4,5,1
"Same-Sign",10000,87,1,-6141.30145325586,12319.4442679996,12307.2526808127,-4.96440771390795,0.3057,0.290523805618583,0.148704877284118,1,3,5,1
"Same-Sign",10000,87,2,-6145.61173463823,12374.1165326242,12346.6854614536,-2.22946378960015,0.3057,0.298884529195192,0.0670065515583465,1,3,5,1
"Same-Sign",10000,87,3,-6144.97958348624,12418.9039321801,12376.2333770257,-1.71418099011856,0.3057,0.300459748713208,0.0297708343018758,1,3,5,1
"Same-Sign",10000,87,4,-6145.85912689212,12466.7147208518,12408.8046817137,-0.768977454114748,0.3057,0.303349235922771,0.0107848838809498,1,3,5,1
"Same-Sign",10000,87,5,-6146.940175016,12514.9285189594,12441.7789958376,-1.818656455576,0.3057,0.300140367215304,0.0599946244810214,1,3,5,1
"Same-Sign",10000,88,1,-5992.71016395186,12022.2616893916,12010.0701022046,-5.65475543192561,0.2895,0.273129483024575,0.158814744919095,1,3,4,1
"Same-Sign",10000,88,2,-6001.08683235581,12085.0667280594,12057.6356568887,0.0920109801427319,0.2895,0.289766371787513,0.0288144897699982,1,3,4,1
"Same-Sign",10000,88,3,-6017.17149844724,12163.2877621021,12120.6172069477,1.36787692592535,0.2895,0.293460003700554,0.00544112900724103,1,3,4,1
"Same-Sign",10000,88,4,-6000.5579749358,12176.1124169391,12118.202377801,-0.588895504978062,0.2895,0.287795147513088,0.00686753330043658,1,3,4,1
"Same-Sign",10000,88,5,-6007.68053385186,12236.4092366311,12163.2597135093,1.43460325758208,0.2895,0.2936531764307,0.0165877183756382,1,3,4,1
"Same-Sign",10000,89,1,-6046.34745706056,12129.536275609,12117.344688422,1.69183651736278,0.2949,0.299889225889703,0.000342464180916062,1,3,4,1
"Same-Sign",10000,89,2,-6051.73219502578,12186.3574533993,12158.9263822286,-0.549710836690669,0.2949,0.293278902742599,0.0365427125486386,1,3,4,1
"Same-Sign",10000,89,3,-6062.53462772549,12254.0140206587,12211.3434655042,-0.273035333029347,0.2949,0.294094818802896,0.0126606784232951,1,3,4,1
"Same-Sign",10000,89,4,-6052.00207667792,12279.0006204234,12221.0905812853,-1.21304602959422,0.2949,0.291322727258727,0.0269033110586008,1,3,4,1
"Same-Sign",10000,89,5,-6061.51030098381,12344.068770895,12270.9192477732,2.39366742732415,0.2949,0.301958925243179,0.0072749730510577,1,3,4,1
"Same-Sign",10000,90,1,-6012.77139417504,12062.384149838,12050.192562651,0.651400273626755,0.2903,0.292191014994338,0.0323151224108391,1,5,4,1
"Same-Sign",10000,90,2,-6035.05661327825,12153.0062899043,12125.5752187336,2.03147899151922,0.2903,0.29619738351238,-0.00840649508376679,1,5,4,1
"Same-Sign",10000,90,3,-6017.26395040793,12163.4726660235,12120.8021108691,-5.73404114339012,0.2903,0.273654078560738,0.0706223708071051,1,5,4,1
"Same-Sign",10000,90,4,-6028.01362998368,12231.0237270349,12173.1136878968,0.0473066248195711,0.2903,0.290437331131851,0.0156111479078681,1,5,4,1
"Same-Sign",10000,90,5,-6015.25921765927,12251.566604246,12178.4170811241,-0.315528324033979,0.2903,0.289384021275329,0.00911267425258036,1,5,4,1
"Same-Sign",10000,91,1,-6096.8905145844,12230.6223906567,12218.4308034697,1.75626559512025,0.2994,0.30465825919179,0.00585438802864826,1,5,3,1
"Same-Sign",10000,91,2,-6095.07361832823,12273.0403000043,12245.6092288336,3.6564904296149,0.2994,0.310347532346267,-0.0256400014135058,1,5,3,1
"Same-Sign",10000,91,3,-6106.32461396894,12341.5939931455,12298.9234379911,-6.47804640793282,0.2994,0.280004729054649,0.113459072565617,1,5,3,1
"Same-Sign",10000,91,4,-6098.4181634911,12371.8327940498,12313.9227549116,2.40527564734725,0.2994,0.306601395288158,-0.0274360518909426,1,5,3,1
"Same-Sign",10000,91,5,-6087.84584235641,12396.7398536402,12323.5903305184,0.0342262688034743,0.2994,0.299502473448798,0.0113324815315153,1,5,3,1
"Same-Sign",10000,92,1,-6078.74438305515,12194.3301275982,12182.1385404112,-5.69520957891498,0.2994,0.282348542520729,0.168076391080203,1,4,5,1
"Same-Sign",10000,92,2,-6090.60256817737,12264.0981997025,12236.6671285318,0.500784818100055,0.2994,0.300899349745392,0.00162980477651441,1,4,5,1
"Same-Sign",10000,92,3,-6088.20400718586,12305.3527795794,12262.682224425,-1.59858851820156,0.2994,0.294613825976505,0.0676485685245954,1,4,5,1
"Same-Sign",10000,92,4,-6095.52687167166,12366.0502104109,12308.1401712727,0.0327594625423341,0.2994,0.299498081830852,0.0139831230062877,1,4,5,1
"Same-Sign",10000,92,5,-6089.56843544691,12400.1850398212,12327.0355166994,-2.30433956717345,0.2994,0.292500807335883,0.0415969564570037,1,4,5,1
"Same-Sign",10000,93,1,-6017.08053370394,12071.0024288958,12058.8108417088,-1.37562085995638,0.2916,0.287588689572367,0.0702668740821043,1,4,5,1
"Same-Sign",10000,93,2,-6027.71773656497,12138.3285364777,12110.897465307,-5.47706231042929,0.2916,0.275628886302788,0.0894046436083994,1,4,5,1
"Same-Sign",10000,93,3,-6023.37949683163,12175.7037588709,12133.0332037165,-0.113663822636332,0.2916,0.291268556293192,0.0198755148997977,1,4,5,1
"Same-Sign",10000,93,4,-6028.25991546178,12231.5162979911,12173.606258853,0.14446866140123,0.2916,0.292021270616646,0.0110599347660407,1,4,5,1
"Same-Sign",10000,93,5,-6021.99535704437,12265.0388830162,12191.8893598943,-0.814255090623452,0.2916,0.289225632155742,0.0355465501076855,1,4,5,1
"Same-Sign",10000,94,1,-5976.06965634988,11988.9806741877,11976.7890870007,2.10970891544629,0.2856,0.291625328662515,0.0096244788132037,1,5,4,1
"Same-Sign",10000,94,2,-5961.97079895995,12006.8346612677,11979.403590097,-2.58186199144619,0.2856,0.27822620215243,0.0385909386673363,1,5,4,1
"Same-Sign",10000,94,3,-5984.55102868339,12098.0468225744,12055.37626742,1.97476849805116,0.2856,0.291239938830434,-0.007311924673166,1,5,4,1
"Same-Sign",10000,94,4,-5978.34725008116,12131.6909672299,12073.7809280917,-1.99849273871915,0.2856,0.279892304738218,0.0168831058388592,1,5,4,1
"Same-Sign",10000,94,5,-5981.56059197707,12184.1693528816,12111.0198297597,1.82777013749142,0.2856,0.290820111512676,-0.0073177824393624,1,5,4,1
"Same-Sign",10000,95,1,-6073.47579589683,12183.7929532816,12171.6013660946,1.07725724312089,0.2969,0.300098376754826,0.0161979292161175,1,4,4,4
"Same-Sign",10000,95,2,-6074.09048913288,12231.0740416136,12203.6429704429,0.780235293168158,0.2969,0.299216518585416,0.00770319341754648,1,4,4,4
"Same-Sign",10000,95,3,-6071.48132929897,12271.9074238056,12229.2368686512,-1.25795592125665,0.2969,0.293165128869789,0.0503199411454205,1,4,4,4
"Same-Sign",10000,95,4,-6079.78835502139,12334.5731771103,12276.6631379722,0.104421110212177,0.2969,0.29721002627622,0.0221652735717914,1,4,4,4
"Same-Sign",10000,95,5,-6083.90144166369,12388.8510522548,12315.701529133,0.368661510036207,0.2969,0.297994556023297,0.0147114209901319,1,4,4,4
"Same-Sign",10000,96,1,-6005.49107445736,12047.8235104026,12035.6319232156,4.69982991835144,0.288,0.301535510164852,-0.0378490259784722,1,3,5,1
"Same-Sign",10000,96,2,-5997.65716299913,12078.207389346,12050.7763181754,-0.293250205547633,0.288,0.287155439408023,0.0343464831901458,1,3,5,1
"Same-Sign",10000,96,3,-5992.48257547978,12113.9099161672,12071.2393610128,-2.12993698042109,0.288,0.281865781496387,0.0334718874358359,1,3,5,1
"Same-Sign",10000,96,4,-5992.59619955565,12160.1888661788,12102.2788270407,1.1062521520277,0.288,0.29118600619784,0.0154070690170282,1,3,5,1
"Same-Sign",10000,96,5,-5999.95366637256,12220.9555016726,12147.8059785507,-4.88560049517463,0.288,0.273929470573897,0.0466652242363671,1,3,5,1
"Same-Sign",10000,97,1,-6048.10661854604,12133.05459858,12120.863011393,5.87309289066293,0.2925,0.309678796705189,-0.0608990639695534,2,4,5,2
"Same-Sign",10000,97,2,-6031.13525916589,12145.1635816796,12117.7325105089,-5.19169017301735,0.2925,0.277314306243924,0.0833490122172206,2,4,5,2
"Same-Sign",10000,97,3,-6027.51932574515,12183.983416698,12141.3128615435,0.472607323798226,0.2925,0.29388237642211,0.00140431443199829,2,4,5,2
"Same-Sign",10000,97,4,-6030.53098571865,12236.0584385049,12178.1483993667,-0.27269513217306,0.2925,0.291702366738394,0.0426300494295223,2,4,5,2
"Same-Sign",10000,97,5,-6044.91251964422,12310.8732082159,12237.723685094,-6.63908617576157,0.2925,0.273080672935897,0.0428807402255811,2,4,5,2
"Same-Sign",10000,98,1,-6083.67103879714,12204.1834390822,12191.9918518952,-6.78992962464452,0.2983,0.278045639929685,0.18061099970735,1,5,5,5
"Same-Sign",10000,98,2,-6092.90052923748,12268.6941218227,12241.2630506521,1.9346873218258,0.2983,0.304071172281006,0.0199055636968031,1,5,5,5
"Same-Sign",10000,98,3,-6096.18052384215,12321.305812892,12278.6352577375,4.85592489022224,0.2983,0.312785223947533,-0.017629327137003,1,5,5,5
"Same-Sign",10000,98,4,-6100.34640228696,12375.6892716415,12317.7792325033,-9.3335832018114,0.2983,0.270457921308997,0.084798389637936,1,5,5,5
"Same-Sign",10000,98,5,-6100.1831664045,12421.4145017364,12348.2649786146,-6.49677926841517,0.2983,0.278920107442318,0.0695130704185886,1,5,5,5
"Same-Sign",10000,99,1,-6017.92174803902,12072.6848575659,12060.493270379,-2.6950261406142,0.2911,0.283254778904672,0.093585429222135,1,5,4,1
"Same-Sign",10000,99,2,-6023.99031158354,12130.8736865149,12103.4426153442,0.418472771654077,0.2911,0.292318174238285,0.028065861558076,1,5,4,1
"Same-Sign",10000,99,3,-6018.11605626337,12165.1768777344,12122.50632258,-3.57106129230776,0.2911,0.280704640578092,0.0634785937854788,1,5,4,1
"Same-Sign",10000,99,4,-6021.80673184193,12218.6099307514,12160.6998916133,-7.7723299685105,0.2911,0.268474747461666,0.109136571763673,1,5,4,1
"Same-Sign",10000,99,5,-6020.59542222002,12262.2390133675,12189.0894902456,-0.216090994160295,0.2911,0.290470959115999,0.0157140544826699,1,5,4,1
"Same-Sign",10000,100,1,-6061.84462214011,12160.5306057681,12148.3390185812,-4.61462607371443,0.2973,0.283580716682847,0.139085978722414,1,4,4,4
"Same-Sign",10000,100,2,-6072.87440663636,12228.6418766205,12201.2108054498,3.75568683155949,0.2973,0.308465656950226,-0.00114115463145064,1,4,4,4
"Same-Sign",10000,100,3,-6070.6616684645,12270.2681021367,12227.5975469823,1.22780831935936,0.2973,0.300950274133455,0.0188724464667433,1,4,4,4
"Same-Sign",10000,100,4,-6077.39213691237,12329.7807408923,12271.8707017542,0.6921388215778,0.2973,0.299357728716551,0.0135180887153891,1,4,4,4
"Same-Sign",10000,100,5,-6079.59399550447,12380.2361599364,12307.0866368145,0.929727207248002,0.2973,0.300064078987148,-0.000208136179081188,1,4,4,4
