"design","N","rep","K_est","loglik","bic_standard","bic_panel","cf_effect","gamma_weighted","k_selected_bic","k_selected_stable","k_selected_osce","k_selected_consensus"
"Cancellation",2000,1,1,-4391.64030646232,8874.49144243915,8853.00794355294,-1.64398877658708,0.110967647030621,1,5,3,1
"Cancellation",2000,1,2,-4385.24920087291,8960.52096323436,8915.76367388808,5.54630246470495,0.0555791981657005,1,5,3,1
"Cancellation",2000,1,3,-4352.82024473532,8994.47478293324,8926.44370312689,-6.38989051749,0.0493936778387706,1,5,3,1
"Cancellation",2000,1,4,-4317.83490016158,9023.3158257598,8932.01095549338,-2.10910527663369,0.00304945988760322,1,5,3,1
"Cancellation",2000,1,5,-4296.43186430975,9079.3214860302,8964.74282530372,-2.60210157538413,0.0105108939702365,1,5,3,1
"Cancellation",2000,2,1,-4340.31539143095,8771.8416123764,8750.35811349019,5.61204751864557,0.0654105520778951,1,5,3,1
"Cancellation",2000,2,2,-4329.79041554483,8849.60339257821,8804.84610323192,9.03303866721543,0.026552967282218,1,5,3,1
"Cancellation",2000,2,3,-4362.25971499256,9013.35372344772,8945.32264364136,5.55228478442011,0.0111557817427975,1,5,3,1
"Cancellation",2000,2,4,-4381.6867981661,9151.01962176886,9059.71475150244,13.5728684724509,0.0214746387888663,1,5,3,1
"Cancellation",2000,2,5,-4324.59953727153,9135.65683195375,9021.07817122727,16.7805684957072,0.009570979352041,1,5,3,1
"Cancellation",2000,3,1,-4395.78700391599,8882.78483734647,8861.30133846026,3.32934251667138,0.0830128872245622,2,5,2,2
"Cancellation",2000,3,2,-4343.91189397286,8877.84634943427,8833.08906008799,-0.491131772629745,-0.013283730928698,2,5,2,2
"Cancellation",2000,3,3,-4334.77826246542,8958.39081839345,8890.3597385871,-5.21567691769666,0.0454695844032165,2,5,2,2
"Cancellation",2000,3,4,-4308.00468155853,9003.65538855371,8912.3505182873,-1.79308463981608,0.0135071649500248,2,5,2,2
"Cancellation",2000,3,5,-4314.45071291545,9115.3591832416,9000.78052251512,5.3433543338419,0.0262861670826919,2,5,2,2
"Cancellation",2000,4,1,-4362.75119306979,8816.71321565408,8795.22971676787,18.5385515762001,-0.00957552519339431,2,5,4,2
"Cancellation",2000,4,2,-4324.47949911127,8838.9815597111,8794.22427036482,-6.10225576230288,0.0379269574841117,2,5,4,2
"Cancellation",2000,4,3,-4326.70044498772,8942.23518343804,8874.20410363168,10.4895422035818,0.028854894759994,2,5,4,2
"Cancellation",2000,4,4,-4301.37623730122,8990.39850003908,8899.09362977266,2.79377576194249,0.0430164668130577,2,5,4,2
"Cancellation",2000,4,5,-4389.36289602513,9265.18354946095,9150.60488873446,14.2183163147225,0.00991253500859326,2,5,4,2
"Cancellation",2000,5,1,-4314.96395929166,8721.13874809783,8699.65524921161,6.54754553404665,0.115814032408347,1,5,2,1
"Cancellation",2000,5,2,-4362.8874147175,8915.79739092354,8871.04010157726,-8.01501610693765,0.0573894064710794,1,5,2,1
"Cancellation",2000,5,3,-4322.30680140817,8933.44789627893,8865.41681647258,-2.20891064100275,0.0276827160100609,1,5,2,1
"Cancellation",2000,5,4,-4289.90843321688,8967.46289187041,8876.15802160399,9.24291262092458,0.0194009503974477,1,5,2,1
"Cancellation",2000,5,5,-4295.8905783899,9078.23891419049,8963.66025346401,8.08902721943716,0.0315453173179292,1,5,2,1
"Cancellation",2000,6,1,-4355.99619346053,8803.20321643556,8781.71971754934,-5.90588237160859,0.104674656399895,1,4,2,1
"Cancellation",2000,6,2,-4400.63162763366,8991.28581675587,8946.52852740959,5.71036924816307,0.0516396277372866,1,4,2,1
"Cancellation",2000,6,3,-4340.521510405,8969.87731427259,8901.84623446624,7.79196346433196,0.0142296498457197,1,4,2,1
"Cancellation",2000,6,4,-4375.30030399104,9138.24663341873,9046.94176315232,8.56015868771167,-0.0191814656922475,1,4,2,1
"Cancellation",2000,6,5,-4312.43825569241,9111.33426879552,8996.75560806903,10.4034458771859,-0.000501933214584921,1,4,2,1
"Cancellation",2000,7,1,-4402.38868685075,8895.988203216,8874.50470432979,-15.3043397733006,0.0762540079604498,2,5,4,2
"Cancellation",2000,7,2,-4316.19919215891,8822.42094580636,8777.66365646008,2.15493761657836,0.0130833721690249,2,5,4,2
"Cancellation",2000,7,3,-4289.04220433445,8866.9187021315,8798.88762232515,-0.136877125564094,0.0365945661241738,2,5,4,2
"Cancellation",2000,7,4,-4362.24289058372,9112.13180660408,9020.82693633767,11.0200059369457,0.0371404504442374,2,5,4,2
"Cancellation",2000,7,5,-4358.42997313216,9203.31770367502,9088.73904294853,1.61534134282784,0.00807304961132621,2,5,4,2
"Cancellation",2000,8,1,-4263.43972076924,8618.09027105299,8596.60677216677,10.7375601193244,0.0226291180484993,1,5,2,1
"Cancellation",2000,8,2,-4305.42069975684,8800.86396100224,8756.10667165596,20.08920915724,-0.0317920587889736,1,5,2,1
"Cancellation",2000,8,3,-4353.79205035444,8996.41839417149,8928.38731436513,3.21315836936687,0.013660586889878,1,5,2,1
"Cancellation",2000,8,4,-4346.06911742982,9079.78426029628,8988.47939002986,13.2815834580806,0.0240512686640077,1,5,2,1
"Cancellation",2000,8,5,-4325.11858902297,9136.69493545663,9022.11627473014,4.49226707207606,0.0166110354554249,1,5,2,1
"Cancellation",2000,9,1,-4344.87396087476,8780.95875126402,8759.47525237781,-7.79366675686552,0.0781502851261744,1,5,3,1
"Cancellation",2000,9,2,-4336.2868776116,8862.59631671176,8817.83902736547,10.032924141163,0.015980114941275,1,5,3,1
"Cancellation",2000,9,3,-4314.97461199231,8918.78351744722,8850.75243764087,-5.57144222655661,0.0396356886911461,1,5,3,1
"Cancellation",2000,9,4,-4353.71579165943,9095.0776087555,9003.77273848908,3.96460677208021,0.000248205404333014,1,5,3,1
"Cancellation",2000,9,5,-4364.58324494062,9215.62424729193,9101.04558656545,5.18257329547207,0.00475490607948372,1,5,3,1
"Cancellation",2000,10,1,-4347.07944258888,8785.36971469227,8763.88621580605,16.7379972769357,0.00474716236103641,2,5,2,2
"Cancellation",2000,10,2,-4303.72580576854,8797.47417302564,8752.71688367936,12.9737115724348,0.0101569587903966,2,5,2,2
"Cancellation",2000,10,3,-4324.77613136893,8938.38655620045,8870.3554763941,5.70366086044451,0.00550889072549545,2,5,2,2
"Cancellation",2000,10,4,-4334.81086254257,9057.2677505218,8965.96288025538,0.00277314000036782,0.0224227095763799,2,5,2,2
"Cancellation",2000,10,5,-4271.59783923368,9029.65343587804,8915.07477515156,5.1787712462881,0.0148251086735301,2,5,2,2
"Cancellation",2000,11,1,-4475.84210854096,9042.89504659643,9021.41154771022,2.21580272684528,0.0703701227214222,4,5,3,3
"Cancellation",2000,11,2,-4397.01401606198,8984.0505936125,8939.29330426622,8.64116039688657,0.0155776941324029,4,5,3,3
"Cancellation",2000,11,3,-4407.16447399114,9103.16324144489,9035.13216163854,0.747827310555584,0.0350862455213796,4,5,3,3
"Cancellation",2000,11,4,-4299.92137487152,8987.48877517969,8896.18390491327,-11.4232143014125,0.0502629605008465,4,5,3,3
"Cancellation",2000,11,5,-4351.51895657631,9189.49567056331,9074.91700983682,3.76419249390503,-0.00131140388019776,4,5,3,3
"Cancellation",2000,12,1,-4337.82703577797,8766.86490107044,8745.38140218423,18.9829108777745,-0.0134035369361612,1,3,4,1
"Cancellation",2000,12,2,-4358.57906273174,8907.18068695202,8862.42339760574,-5.47364021175347,0.0622522320974444,1,3,4,1
"Cancellation",2000,12,3,-4297.73613128254,8884.30655602767,8816.27547622132,-6.77455319990569,0.0270195679203917,1,3,4,1
"Cancellation",2000,12,4,-4294.98627726658,8977.61857996981,8886.31370970339,3.77833788410237,0.0253609660014179,1,3,4,1
"Cancellation",2000,12,5,-4340.4444868963,9167.34673120329,9052.76807047681,11.0187954276319,0.00728458828317992,1,3,4,1
"Cancellation",2000,13,1,-4425.10148203775,8941.41379359,8919.93029470379,2.68888093753806,0.0916315204716502,2,5,1,1
"Cancellation",2000,13,2,-4318.04114875489,8826.10485899832,8781.34756965204,3.54937474058046,0.0267203327923187,2,5,1,1
"Cancellation",2000,13,3,-4397.42945540803,9083.69320427866,9015.66212447231,14.6344640870436,0.0194896461212867,2,5,1,1
"Cancellation",2000,13,4,-4293.94738529937,8975.54079603538,8884.23592576896,1.46777804976831,0.0535139603764685,2,5,1,1
"Cancellation",2000,13,5,-4281.97213344612,9050.40202430292,8935.82336357644,-2.52920111088007,0.000983061638436163,2,5,1,1
"Cancellation",2000,14,1,-4398.58856741293,8888.38796434037,8866.90446545415,-2.212838646888,0.0657204565918584,2,5,2,2
"Cancellation",2000,14,2,-4338.81231328199,8867.64718805254,8822.88989870625,6.49127926038543,0.0189752472330021,2,5,2,2
"Cancellation",2000,14,3,-4330.8916997764,8950.6176930154,8882.58661320905,10.8532126132591,0.000241776167642819,2,5,2,2
"Cancellation",2000,14,4,-4345.41407571554,9078.47417686773,8987.16930660131,5.82753853972461,0.0216305267708115,2,5,2,2
"Cancellation",2000,14,5,-4312.65084822337,9111.75945385744,8997.18079313095,4.5253349655298,0.0461335730807478,2,5,2,2
"Cancellation",2000,15,1,-4398.11401365436,8887.43885682322,8865.95535793701,22.7496020089903,0.0414971233849237,2,5,2,2
"Cancellation",2000,15,2,-4317.22580814105,8824.47417777066,8779.71688842438,12.2887714594237,0.0024650880931022,2,5,2,2
"Cancellation",2000,15,3,-4337.2688534849,8963.3720004324,8895.34092062605,9.00845202928834,-0.00510226047437282,2,5,2,2
"Cancellation",2000,15,4,-4384.03364940517,9155.71332424698,9064.40845398056,24.2772099779575,-0.00162456874826383,2,5,2,2
"Cancellation",2000,15,5,-4321.07867575724,9128.61510892517,9014.03644819868,15.1703511099932,0.0102107284681699,2,5,2,2
"Cancellation",2000,16,1,-4330.83125775373,8752.87334502196,8731.38984613574,16.897097511175,0.0399726474468453,2,5,3,2
"Cancellation",2000,16,2,-4281.39897812075,8752.82051773004,8708.06322838376,-2.45525193276187,0.0244740240404915,2,5,3,2
"Cancellation",2000,16,3,-4316.57904873586,8921.99239093431,8853.96131112796,13.9902944818672,0.0125258402251562,2,5,3,2
"Cancellation",2000,16,4,-4316.30954695672,9020.26511935008,8928.96024908366,11.3621495587724,0.0072157855403216,2,5,3,2
"Cancellation",2000,16,5,-4331.15892009987,9148.77559761043,9034.19693688394,18.477181090401,0.0166040798442633,2,5,3,2
"Cancellation",2000,17,1,-4296.28570921205,8683.7822479386,8662.29874905239,9.1292635698267,0.00117445839773226,1,5,4,1
"Cancellation",2000,17,2,-4339.76644540553,8869.55545229962,8824.79816295334,3.21561921608,0.000552955214063344,1,5,4,1
"Cancellation",2000,17,3,-4331.12400292044,8951.08229930348,8883.05121949713,-5.14646688023956,0.0137360399359325,1,5,4,1
"Cancellation",2000,17,4,-4304.84889008698,8997.3438056106,8906.03893534418,3.15404912959641,0.0324602192981705,1,5,4,1
"Cancellation",2000,17,5,-4321.94582960636,9130.34941662341,9015.77075589693,5.02580029919962,0.016224319462028,1,5,4,1
"Cancellation",2000,18,1,-4368.63678888246,8828.48440727942,8807.00090839321,-6.47298506836941,0.0850417432569204,3,5,1,1
"Cancellation",2000,18,2,-4341.87206922236,8873.76669993327,8829.00941058698,11.3553491736418,0.0318438009133522,3,5,1,1
"Cancellation",2000,18,3,-4279.10904324441,8847.05237995143,8779.02130014508,14.495676380308,-0.0509395977936788,3,5,1,1
"Cancellation",2000,18,4,-4411.50374867574,9210.65352278813,9119.34865252171,6.04582136410667,0.0218219065722562,3,5,1,1
"Cancellation",2000,18,5,-4291.84152481175,9070.14080703419,8955.56214630771,0.0753721504957588,0.00885514448669175,3,5,1,1
"Cancellation",2000,19,1,-4390.00009762071,8871.21102475592,8849.7275258697,3.43390113259956,-0.0035719134074303,2,5,3,2
"Cancellation",2000,19,2,-4352.11666121959,8894.25588392773,8849.49859458145,19.7274653769423,0.030380896031116,2,5,3,2
"Cancellation",2000,19,3,-4326.44296749278,8941.72022844816,8873.68914864181,-2.03438437779489,0.0390957123623869,2,5,3,2
"Cancellation",2000,19,4,-4343.01056253212,9073.6671505009,8982.36228023448,5.88568839909501,0.0267619024023777,2,5,3,2
"Cancellation",2000,19,5,-4346.09636453314,9178.65048647698,9064.07182575049,-2.9172850562574,0.0177013897382354,2,5,3,2
"Cancellation",2000,20,1,-4325.03522845033,8741.28128641517,8719.79778752896,8.7888508314884,0.058807769532874,1,5,3,1
"Cancellation",2000,20,2,-4374.7311594102,8939.48488030896,8894.72759096268,18.0153048051736,0.0306228877292891,1,5,3,1
"Cancellation",2000,20,3,-4276.46710761039,8841.76850868338,8773.73742887703,6.62479124921713,0.0578560285973403,1,5,3,1
"Cancellation",2000,20,4,-4399.42405248458,9186.49413040581,9095.18926013939,16.4835335463754,-0.00981075931377356,1,5,3,1
"Cancellation",2000,20,5,-4293.28935225206,9073.03646191481,8958.45780118832,-3.13695984130646,0.0435133665972542,1,5,3,1
"Cancellation",2000,21,1,-4257.11478843578,8605.44040638607,8583.95690749986,5.85675405421487,0.0645965518759447,1,5,2,1
"Cancellation",2000,21,2,-4356.27904862971,8902.58065874796,8857.82336940168,9.07895204949937,0.023813550355231,1,5,2,1
"Cancellation",2000,21,3,-4290.88381549325,8870.6019244491,8802.57084464275,12.578584225548,0.0328778222639539,1,5,2,1
"Cancellation",2000,21,4,-4299.55767589963,8986.76137723592,8895.4565069695,-8.34193136511598,0.0404305258245225,1,5,2,1
"Cancellation",2000,21,5,-4308.43534062061,9103.3284386519,8988.74977792542,-3.06218060875367,0.00945983639219879,1,5,2,1
"Cancellation",2000,22,1,-4397.75777499435,8886.72637950321,8865.242880617,-8.10715186583659,0.123825191651259,3,3,3,3
"Cancellation",2000,22,2,-4321.63940485214,8833.30137119282,8788.54408184654,3.5217624679996,0.0631715734943255,3,3,3,3
"Cancellation",2000,22,3,-4264.84761798216,8818.52952942692,8750.49844962057,3.20411574682259,0.0359133654057722,3,3,3,3
"Cancellation",2000,22,4,-4263.53264945644,8914.71132434952,8823.4064540831,8.8012781150412,0.0330003766852025,3,3,3,3
"Cancellation",2000,22,5,-4335.23991188996,9156.93758119062,9042.35892046414,1.55506680953528,0.0119443794710078,3,3,3,3
"Cancellation",2000,23,1,-4338.50014415529,8768.21111782509,8746.72761893888,-7.66468137818102,0.0710699784766702,1,5,3,1
"Cancellation",2000,23,2,-4378.7802065663,8947.58297462115,8902.82568527487,12.3248829633021,0.0364127947177181,1,5,3,1
"Cancellation",2000,23,3,-4349.33305120942,8987.50039588145,8919.4693160751,9.56217516722999,0.000837661397784133,1,5,3,1
"Cancellation",2000,23,4,-4364.22926684888,9116.1045591344,9024.79968886798,-4.22755320964227,0.000484026209075767,1,5,3,1
"Cancellation",2000,23,5,-4364.28239129115,9215.02253999299,9100.44387926651,-0.314854009692419,0.0331025095238619,1,5,3,1
"Cancellation",2000,24,1,-4325.41074654119,8742.03232259689,8720.54882371067,-7.63724825815459,0.0664490109925095,1,4,4,4
"Cancellation",2000,24,2,-4378.46033904427,8946.94323957709,8902.18595023081,1.13530349628827,0.0182358706897678,1,4,4,4
"Cancellation",2000,24,3,-4331.06947396884,8950.97324140028,8882.94216159393,5.07463362501452,0.000875031696118883,1,4,4,4
"Cancellation",2000,24,4,-4351.73153570913,9091.10909685491,8999.80422658849,6.53918737909962,0.0369955296040854,1,4,4,4
"Cancellation",2000,24,5,-4340.50108575752,9167.45992892574,9052.88126819925,1.04662486149212,-0.00524764752911355,1,4,4,4
"Cancellation",2000,25,1,-4305.70028573388,8702.61140098227,8681.12790209606,2.49302907117262,0.0614660223803463,1,5,5,5
"Cancellation",2000,25,2,-4306.99255870718,8804.00767890292,8759.25038955664,15.233421567348,0.0931168411581214,1,5,5,5
"Cancellation",2000,25,3,-4331.09020195416,8951.01469737092,8882.98361756457,-7.55834572526392,0.0307258848796664,1,5,5,5
"Cancellation",2000,25,4,-4350.72442531834,9089.09487607332,8997.7900058069,0.853648815989191,0.00749449872369677,1,5,5,5
"Cancellation",2000,25,5,-4293.50623380727,9073.47022502524,8958.89156429876,4.52091290143004,-0.00378933991020977,1,5,5,5
"Cancellation",2000,26,1,-4332.42208470957,8756.05499893364,8734.57150004743,-0.551388342983972,0.015504535167293,1,5,2,1
"Cancellation",2000,26,2,-4320.16856051903,8830.35968252662,8785.60239318034,7.73728448483058,0.0230276119239535,1,5,2,1
"Cancellation",2000,26,3,-4280.29793297288,8849.43015940837,8781.39907960202,4.36574738521853,0.028789525001878,1,5,2,1
"Cancellation",2000,26,4,-4270.15729231323,8927.9606100631,8836.65573979668,16.5983713231641,-0.0110228329764508,1,5,2,1
"Cancellation",2000,26,5,-4262.44863717874,9011.35503176817,8896.77637104169,9.59009629194299,0.0267946744176497,1,5,2,1
"Cancellation",2000,27,1,-4346.46475528572,8784.14034008595,8762.65684119974,-6.96516366804897,0.0480391992862907,1,5,3,1
"Cancellation",2000,27,2,-4360.92594819201,8911.87445787258,8867.1171685263,6.36427759286459,0.0295174144844448,1,5,3,1
"Cancellation",2000,27,3,-4330.41146928159,8949.65723202578,8881.62615221943,-0.91524340896881,0.0588366544491825,1,5,3,1
"Cancellation",2000,27,4,-4295.16700048701,8977.98002641066,8886.67515614424,1.64348715532553,0.0129557943544928,1,5,3,1
"Cancellation",2000,27,5,-4247.59474320638,8981.64724382345,8867.06858309697,0.948399668895573,0.0419471022166528,1,5,3,1
"Cancellation",2000,28,1,-4298.3640032398,8687.93883599411,8666.4553371079,-1.85354828487124,0.0654755781477528,1,4,3,1
"Cancellation",2000,28,2,-4300.98844910727,8791.9994597031,8747.24217035681,10.8508941531133,-0.0139545405251949,1,4,3,1
"Cancellation",2000,28,3,-4295.24139744086,8879.31708834431,8811.28600853796,8.61002893733777,-0.00988497128532676,1,4,3,1
"Cancellation",2000,28,4,-4269.37090792358,8926.3878412838,8835.08297101738,9.78968826909071,0.0190961097800348,1,4,3,1
"Cancellation",2000,28,5,-4289.85048048081,9066.15871837231,8951.58005764583,-1.81710693314689,0.00927733784630711,1,4,3,1
"Cancellation",2000,29,1,-4286.50782322848,8664.22647597147,8642.74297708526,12.3853194856538,0.0788874092106504,1,3,3,3
"Cancellation",2000,29,2,-4343.94613027803,8877.91482204461,8833.15753269833,2.2430013806309,-0.00244685010709528,1,3,3,3
"Cancellation",2000,29,3,-4392.81722797257,9074.46874940774,9006.43766960139,2.72694409126769,0.0180434011953527,1,3,3,3
"Cancellation",2000,29,4,-4331.71129285122,9051.0686111391,8959.76374087268,13.6518215883126,0.0114166507385569,1,3,3,3
"Cancellation",2000,29,5,-4323.55006834447,9133.55789409963,9018.97923337315,14.7167317678897,0.00434582445030597,1,3,3,3
"Cancellation",2000,30,1,-4308.30239802708,8707.81562556867,8686.33212668246,7.87175602977155,0.0469909603221449,1,5,4,1
"Cancellation",2000,30,2,-4293.99165647224,8778.00587443304,8733.24858508676,7.21150788833771,0.0112121754318457,1,5,4,1
"Cancellation",2000,30,3,-4359.84490218539,9008.52409783339,8940.49301802704,2.6293871779171,0.0273486189586888,1,5,4,1
"Cancellation",2000,30,4,-4263.9407251596,8915.52747575585,8824.22260548943,-8.65559782929414,0.0226912982508748,1,5,4,1
"Cancellation",2000,30,5,-4298.16652971957,9082.79081684984,8968.21215612336,-8.49194287537594,0.0183530336874095,1,5,4,1
"Cancellation",2000,31,1,-4366.53972263766,8824.29027478983,8802.80677590361,21.4346090445509,-0.044921806922174,1,3,4,1
"Cancellation",2000,31,2,-4373.84384037472,8937.71024223798,8892.9529528917,19.7837563208797,0.0257753228153916,1,3,4,1
"Cancellation",2000,31,3,-4369.77673165558,9028.38775677375,8960.3566769674,19.1710110353021,0.00881277250986709,1,3,4,1
"Cancellation",2000,31,4,-4334.55183711818,9056.749699673,8965.44482940658,8.32348541754232,0.0158774999426078,1,3,4,1
"Cancellation",2000,31,5,-4348.98979683867,9184.43735108803,9069.85869036155,10.780466614272,-0.0062829203701084,1,3,4,1
"Cancellation",2000,32,1,-4320.10839339028,8731.42761629507,8709.94411740885,6.27352294620572,-0.0239000492356126,1,5,5,5
"Cancellation",2000,32,2,-4360.00958677586,8910.04173504028,8865.284445694,-1.33412586286237,0.0432079265888693,1,5,5,5
"Cancellation",2000,32,3,-4364.72984174486,9018.29397695232,8950.26289714597,10.9714266822132,-0.0125354340236393,1,5,5,5
"Cancellation",2000,32,4,-4347.03245019057,9081.71092581778,8990.40605555137,0.747516553363964,0.00477028568519725,1,5,5,5
"Cancellation",2000,32,5,-4351.40678254226,9189.27132249521,9074.69266176873,11.3770804532373,-0.0188217908681164,1,5,5,5
"Cancellation",2000,33,1,-4330.82057421942,8752.85197795334,8731.36847906713,7.31480948768265,-0.0154757799511192,1,4,3,1
"Cancellation",2000,33,2,-4329.53165420829,8849.08586990513,8804.32858055884,1.63834373583547,0.0298784568555477,1,4,3,1
"Cancellation",2000,33,3,-4288.60914997919,8866.05259342098,8798.02151361463,6.30930830878393,0.0584761183516119,1,4,3,1
"Cancellation",2000,33,4,-4306.45718989601,9000.56040522867,8909.25553496225,6.65392014491614,0.0496986372599127,1,4,3,1
"Cancellation",2000,33,5,-4343.6908695674,9173.83949654549,9059.260835819,3.95563513216627,0.0214413068268182,1,4,3,1
"Cancellation",2000,34,1,-4342.97872368498,8777.16827688446,8755.68477799825,6.08541742327716,0.0234960050569787,2,3,4,2
"Cancellation",2000,34,2,-4268.57996239589,8727.18248628034,8682.42519693406,8.67674119841892,0.0553758155024095,2,3,4,2
"Cancellation",2000,34,3,-4351.39608754549,8991.62646855358,8923.59538874723,9.63295044461871,-0.0151540177749665,2,3,4,2
"Cancellation",2000,34,4,-4307.47656068649,9002.59914680963,8911.29427654322,16.0307569528544,-0.00608690967668328,2,3,4,2
"Cancellation",2000,34,5,-4313.14563317678,9112.74902376425,8998.17036303776,19.7356507229478,0.0093205044819666,2,3,4,2
"Cancellation",2000,35,1,-4360.36804391013,8811.94691733477,8790.46341844856,7.52919258753307,0.0460502053266596,1,5,3,1
"Cancellation",2000,35,2,-4378.41996617939,8946.86249384732,8902.10520450104,10.6410663130085,0.00862336291877954,1,5,3,1
"Cancellation",2000,35,3,-4385.10854092306,9059.05137530872,8991.02029550237,-9.25040254160399,0.0243028756432101,1,5,3,1
"Cancellation",2000,35,4,-4331.73612701476,9051.11827946618,8959.81340919976,9.15724872255983,-0.000618648305581142,1,5,3,1
"Cancellation",2000,35,5,-4303.89638361149,9094.25052463367,8979.67186390719,6.67857531263863,0.023121025370448,1,5,3,1
"Cancellation",2000,36,1,-4370.83022636164,8832.87128223777,8811.38778335156,13.6578014269894,-0.0140423880447373,2,5,5,5
"Cancellation",2000,36,2,-4326.30956247799,8842.64168644452,8797.88439709824,11.9680819070071,0.0507542226119405,2,5,5,5
"Cancellation",2000,36,3,-4319.50211231203,8927.83851808666,8859.80743828031,-3.90428409325821,0.0646819610338547,2,5,5,5
"Cancellation",2000,36,4,-4354.49066365423,9096.62735274511,9005.3224824787,11.0584549232316,0.00519561870744861,2,5,5,5
"Cancellation",2000,36,5,-4303.03764322415,9092.53304385899,8977.95438313251,-5.11231497168998,-0.0186007439524503,2,5,5,5
"Cancellation",2000,37,1,-4323.04898076187,8737.30879103824,8715.82529215202,5.60571874331188,0.00988322453989372,2,4,3,2
"Cancellation",2000,37,2,-4274.88800429584,8739.79857008022,8695.04128073394,4.48205241597408,0.00959099767900532,2,4,3,2
"Cancellation",2000,37,3,-4278.05080711759,8844.93590769779,8776.90482789144,7.79519506403374,0.0282219079390819,2,4,3,2
"Cancellation",2000,37,4,-4356.9460070791,9101.53803959485,9010.23316932844,8.77348909536063,0.0312464520254212,2,4,3,2
"Cancellation",2000,37,5,-4312.48552094791,9111.42879930651,8996.85013858002,6.24260637566047,0.0197859685997858,2,4,3,2
"Cancellation",2000,38,1,-4297.33965894734,8685.89014740919,8664.40664852298,5.63895375328554,0.0667595558876275,1,5,5,5
"Cancellation",2000,38,2,-4417.10448213654,9024.23152576163,8979.47423641535,23.0610768475956,0.0354773453201186,1,5,5,5
"Cancellation",2000,38,3,-4361.25593032397,9011.34615411054,8943.31507430419,8.01172619714436,0.0126643274203604,1,5,5,5
"Cancellation",2000,38,4,-4386.6629837513,9160.97199293925,9069.66712267283,5.46867928732208,-0.00164723502316377,1,5,5,5
"Cancellation",2000,38,5,-4332.63496496954,9151.72768734978,9037.14902662329,10.7031203758444,0.0331927420742318,1,5,5,5
"Cancellation",2000,39,1,-4264.36071479147,8619.93225909744,8598.44876021122,-1.08753969606983,0.114094787708058,1,5,3,1
"Cancellation",2000,39,2,-4258.37684874396,8706.77625897646,8662.01896963018,-13.356558922509,0.0427797402925579,1,5,3,1
"Cancellation",2000,39,3,-4304.84159670702,8898.51748687663,8830.48640707028,4.13444117167795,0.0262593529601375,1,5,3,1
"Cancellation",2000,39,4,-4347.78310809624,9083.21224162913,8991.90737136271,9.19720448495175,0.0193946781759571,1,5,3,1
"Cancellation",2000,39,5,-4301.89525237635,9090.24826216339,8975.6696014369,-0.195352209498668,0.0282064801003262,1,5,3,1
"Cancellation",2000,40,1,-4309.5469126124,8710.30465473931,8688.82115585309,2.14286196653879,0.0629509686511106,1,5,5,5
"Cancellation",2000,40,2,-4275.97125919534,8741.96507987922,8697.20779053294,11.8746533408269,0.00172108991802238,1,5,5,5
"Cancellation",2000,40,3,-4360.82893717718,9010.49216781696,8942.46108801061,7.29469165805951,0.0106669512870717,1,5,5,5
"Cancellation",2000,40,4,-4308.27807447984,9004.20217439633,8912.89730412991,13.4096128975048,-0.00532577757787208,1,5,5,5
"Cancellation",2000,40,5,-4324.22342489119,9134.90460719308,9020.3259464666,5.76042590283839,-0.000679283698832824,1,5,5,5
"Cancellation",2000,41,1,-4321.22979767402,8733.67042486254,8712.18692597633,7.3549902142819,0.0276554909067125,1,5,4,1
"Cancellation",2000,41,2,-4408.88601633578,9007.7945941601,8963.03730481382,21.0885308617643,0.0589553410583404,1,5,4,1
"Cancellation",2000,41,3,-4331.36599797117,8951.56628940493,8883.53520959858,6.8462242175913,0.0403934705284194,1,5,4,1
"Cancellation",2000,41,4,-4375.81443193707,9139.27488931078,9047.97001904436,9.99950526709761,0.0170561816645214,1,5,4,1
"Cancellation",2000,41,5,-4367.71564324124,9221.88904389317,9107.31038316669,10.0663005530711,0.0283241203933173,1,5,4,1
"Cancellation",2000,42,1,-4427.33280801695,8945.87644554841,8924.3929466622,-3.09727777501441,0.0102948222870308,1,5,3,1
"Cancellation",2000,42,2,-4401.65678524747,8993.33613198349,8948.5788426372,3.60559894433476,0.0208299950396685,1,5,3,1
"Cancellation",2000,42,3,-4353.6994799351,8996.2332533328,8928.20217352645,-9.90338122239356,0.0470320384981507,1,5,3,1
"Cancellation",2000,42,4,-4371.09477030702,9129.83556605068,9038.53069578426,4.4175290205268,0.00130072731062613,1,5,3,1
"Cancellation",2000,42,5,-4311.3989156372,9109.25558868509,8994.67692795861,7.283921623741,-0.005996680074757,1,5,3,1
"Cancellation",2000,43,1,-4318.76729024982,8728.74541001415,8707.26191112793,2.65482652182825,0.086512674443649,1,4,2,1
"Cancellation",2000,43,2,-4435.10986410087,9060.24228969029,9015.48500034401,6.54082630340884,0.0369111130448398,1,4,2,1
"Cancellation",2000,43,3,-4372.68548574305,9034.20526494871,8966.17418514235,4.32810136546988,0.0298583518423077,1,4,2,1
"Cancellation",2000,43,4,-4360.35423499725,9108.35449543115,9017.04962516473,2.37467012784807,0.058511928367791,1,4,2,1
"Cancellation",2000,43,5,-4293.1644510028,9072.78665941629,8958.2079986898,9.11742416556507,0.00541793050237494,1,4,2,1
"Cancellation",2000,44,1,-4391.23723852413,8873.68530656277,8852.20180767655,26.695086901672,0.074340600294436,2,5,4,2
"Cancellation",2000,44,2,-4283.14497022066,8756.31250192987,8711.55521258359,2.45488481627299,0.0337535084927343,2,5,4,2
"Cancellation",2000,44,3,-4365.03643114342,9018.90715574943,8950.87607594308,9.56521191089254,0.0367606237341568,2,5,4,2
"Cancellation",2000,44,4,-4346.78993649586,9081.22589842837,8989.92102816195,20.0677288782823,-0.00302907934314252,2,5,4,2
"Cancellation",2000,44,5,-4353.35062023487,9193.15899788044,9078.58033715396,5.60377239637558,0.0390900826971427,2,5,4,2
"Cancellation",2000,45,1,-4286.87657401137,8664.96397753724,8643.48047865102,3.24814468593423,0.0686013679626717,1,5,3,1
"Cancellation",2000,45,2,-4344.79317944118,8879.60892037091,8834.85163102463,4.91283327595251,0.0160632897082901,1,5,3,1
"Cancellation",2000,45,3,-4321.96382606072,8932.76194558404,8864.73086577769,19.3236903810576,0.0129586185857286,1,5,3,1
"Cancellation",2000,45,4,-4313.48535455337,9014.61673454338,8923.31186427697,4.28403139550268,0.0331845528853195,1,5,3,1
"Cancellation",2000,45,5,-4323.44484920139,9133.34745581347,9018.76879508699,10.3832161321046,-0.012605316422505,1,5,3,1
"Cancellation",2000,46,1,-4317.06666531655,8725.34416014761,8703.86066126139,-0.352400892154342,0.0654124736303029,1,5,4,1
"Cancellation",2000,46,2,-4303.79343321856,8797.60942792568,8752.8521385794,-3.9986051520125,0.0266024860277013,1,5,4,1
"Cancellation",2000,46,3,-4338.58096951009,8965.99623248278,8897.96515267643,4.38548463614539,-0.018381359793219,1,5,4,1
"Cancellation",2000,46,4,-4312.08206198824,9011.81014941312,8920.5052791467,-7.8768707915107,0.029077512178602,1,5,4,1
"Cancellation",2000,46,5,-4384.05276178387,9254.56328097842,9139.98462025194,5.69647667863981,-0.00643575085919273,1,5,4,1
"Cancellation",2000,47,1,-4284.28617860292,8659.78318672034,8638.29968783412,0.496329392907781,0.0638729234327946,1,5,3,1
"Cancellation",2000,47,2,-4284.77674232907,8759.5760461467,8714.81875680041,-7.1157395067952,0.0153252074357579,1,5,3,1
"Cancellation",2000,47,3,-4356.96451738859,9002.76332823979,8934.73224843344,2.66154890525723,0.0117742767530289,1,5,3,1
"Cancellation",2000,47,4,-4313.97078444053,9015.58759431771,8924.28272405129,8.09409616415804,0.0136372797345465,1,5,3,1
"Cancellation",2000,47,5,-4317.55049725722,9121.55875192513,9006.98009119865,5.15600288895002,0.0218113841588646,1,5,3,1
"Cancellation",2000,48,1,-4295.97782239417,8683.16647430284,8661.68297541662,18.2953282750584,0.072336614520118,1,5,3,1
"Cancellation",2000,48,2,-4372.34816624247,8934.71889397349,8889.96160462721,1.6721243632745,0.0323145509383528,1,5,3,1
"Cancellation",2000,48,3,-4339.12807806997,8967.09044960255,8899.05936979619,-0.476695326023214,0.0265329216933622,1,5,3,1
"Cancellation",2000,48,4,-4295.13322622975,8977.91247789615,8886.60760762973,-3.33701310329865,0.0415482591858382,1,5,3,1
"Cancellation",2000,48,5,-4316.01703228467,9118.49182198002,9003.91316125354,-4.69016173813919,0.0311975773712726,1,5,3,1
"Cancellation",2000,49,1,-4352.48934884225,8796.18952719901,8774.70602831279,10.4787246496357,0.0504888382322025,1,5,3,1
"Cancellation",2000,49,2,-4364.19013489087,8918.40283127028,8873.645541924,12.2348296931146,-0.0106361955592914,1,5,3,1
"Cancellation",2000,49,3,-4295.91403449088,8880.66236244437,8812.63128263801,4.40666324009368,0.0241322065865746,1,5,3,1
"Cancellation",2000,49,4,-4344.61410939298,9076.87424422261,8985.56937395619,8.91480492245619,0.0113102117535805,1,5,3,1
"Cancellation",2000,49,5,-4318.78964573958,9124.03704888986,9009.45838816338,6.13968482843429,0.00680911753437584,1,5,3,1
"Cancellation",2000,50,1,-4403.25681876016,8897.72446703482,8876.24096814861,7.45087785678893,0.0104088242623587,2,5,2,2
"Cancellation",2000,50,2,-4298.04680898302,8786.1161794546,8741.35889010831,14.3676971078669,0.0200583182700793,2,5,2,2
"Cancellation",2000,50,3,-4298.54464964663,8885.92359275586,8817.89251294951,17.813770485612,0.0111513803690268,2,5,2,2
"Cancellation",2000,50,4,-4384.64114622594,9156.92831788853,9065.62344762211,12.1738174684334,0.0190680031630337,2,5,2,2
"Cancellation",2000,50,5,-4302.49263993222,9091.44303727513,8976.86437654864,8.1226176501619,0.0505570599352375,2,5,2,2
"Cancellation",2000,51,1,-4355.82141672003,8802.85366295457,8781.37016406835,9.40305845728984,0.0316198527118006,3,5,5,5
"Cancellation",2000,51,2,-4358.53929799124,8907.10115747103,8862.34386812475,8.40089789562702,0.0718708350393775,3,5,5,5
"Cancellation",2000,51,3,-4274.07762047269,8836.98953440798,8768.95845460162,16.8895475002335,0.00337180179988043,3,5,5,5
"Cancellation",2000,51,4,-4305.03430464424,8997.71463472513,8906.40976445871,3.13042192927156,0.0224276955462151,3,5,5,5
"Cancellation",2000,51,5,-4343.72261208694,9173.90298158458,9059.3243208581,0.28679972390964,0.0170954971332171,3,5,5,5
"Cancellation",2000,52,1,-4426.68766683669,8944.58616318789,8923.10266430168,19.9038225047176,-0.0570464877528926,2,5,2,2
"Cancellation",2000,52,2,-4277.32848382942,8744.67952914739,8699.9222398011,10.7636308135755,-0.00992092056443124,2,5,2,2
"Cancellation",2000,52,3,-4361.26587127001,9011.36603600261,8943.33495619626,14.9500355877487,0.0216428913126438,2,5,2,2
"Cancellation",2000,52,4,-4385.6413052011,9158.92863583885,9067.62376557244,10.3612563023,0.0155133546839304,2,5,2,2
"Cancellation",2000,52,5,-4320.60035574046,9127.65846889161,9013.07980816512,3.90002967030163,0.0272364331834381,2,5,2,2
"Cancellation",2000,53,1,-4332.26860655669,8755.74804262789,8734.26454374168,5.80009410785309,0.0240302575315548,1,5,4,1
"Cancellation",2000,53,2,-4343.10527713197,8876.23311575249,8831.47582640621,2.49908477555454,0.0503622370369041,1,5,4,1
"Cancellation",2000,53,3,-4313.84470316131,8916.52369978521,8848.49261997886,13.4256960323882,0.00572202396451037,1,5,4,1
"Cancellation",2000,53,4,-4310.81135085717,9009.26872715098,8917.96385688456,4.44992912270841,-0.014404459213584,1,5,4,1
"Cancellation",2000,53,5,-4283.86384971664,9054.18545684398,8939.60679611749,10.3128114769208,0.0554427870745711,1,5,4,1
"Cancellation",2000,54,1,-4243.55145511643,8578.31373974736,8556.83024086115,7.11037673775979,0.0114503057911204,1,5,1,1
"Cancellation",2000,54,2,-4278.23371128489,8746.48998405832,8701.73269471204,3.48774990580851,0.0757050838363784,1,5,1,1
"Cancellation",2000,54,3,-4320.98702684249,8930.80834714758,8862.77726734123,12.9986256182947,0.00892938010448592,1,5,1,1
"Cancellation",2000,54,4,-4310.6134442972,9008.87291403106,8917.56804376464,-0.0399702431302993,0.0268145778637487,1,5,1,1
"Cancellation",2000,54,5,-4246.56386303997,8979.58548349064,8865.00682276416,0.163785522405987,0.0341508262816468,1,5,1,1
"Cancellation",2000,55,1,-4403.13451173349,8897.47985298148,8875.99635409526,6.30747681149483,0.0952394505489369,2,5,3,2
"Cancellation",2000,55,2,-4335.54813334464,8861.11882817784,8816.36153883155,0.951709966066909,-0.0217748964545495,2,5,3,2
"Cancellation",2000,55,3,-4305.51294725844,8899.86018797948,8831.82910817313,7.43701014353154,0.00307868107150254,2,5,3,2
"Cancellation",2000,55,4,-4296.31055262256,8980.26713068176,8888.96226041534,-9.91480592835257,0.0447872120669333,2,5,3,2
"Cancellation",2000,55,5,-4314.28694105577,9115.03163952223,9000.45297879575,6.625068251138,0.0222229583145121,2,5,3,2
"Cancellation",2000,56,1,-4334.99964480723,8761.21011912897,8739.72662024276,6.35528352538056,0.111329531165613,1,5,3,1
"Cancellation",2000,56,2,-4375.50157534948,8941.02571218751,8896.26842284123,-7.63455456312271,0.0430914476981711,1,5,3,1
"Cancellation",2000,56,3,-4342.69600676838,8974.22630699936,8906.19522719301,10.8517661208509,0.0129529508934832,1,5,3,1
"Cancellation",2000,56,4,-4345.85753990736,9079.36110525136,8988.05623498494,-1.88986148961146,0.0156351378826073,1,5,3,1
"Cancellation",2000,56,5,-4402.60795404684,9291.67366550438,9177.0950047779,2.59066394590778,0.0415478087852475,1,5,3,1
"Cancellation",2000,57,1,-4313.9539773811,8719.1187842767,8697.63528539048,11.3409163129169,0.0398490146593455,1,5,4,1
"Cancellation",2000,57,2,-4330.5419406709,8851.10644283035,8806.34915348407,11.6910422650106,0.0493301796634524,1,5,4,1
"Cancellation",2000,57,3,-4296.09143329399,8881.01716005057,8812.98608024422,-1.99885966594591,-7.11442428868883e-05,1,5,4,1
"Cancellation",2000,57,4,-4341.92211845248,9071.49026234161,8980.18539207519,8.49132186221915,0.0109760705876844,1,5,4,1
"Cancellation",2000,57,5,-4323.77246799988,9134.00269341045,9019.42403268397,9.04456736622251,0.012678892397111,1,5,4,1
"Cancellation",2000,58,1,-4336.09779434976,8763.40641821403,8741.92291932782,15.1703147515763,-0.0206303402563379,1,5,2,1
"Cancellation",2000,58,2,-4321.12800801657,8832.27857752169,8787.52128817541,13.3078332061384,0.000124134792623774,1,5,2,1
"Cancellation",2000,58,3,-4363.70695611817,9016.24820569893,8948.21712589258,15.5961840211364,0.0446190932613198,1,5,2,1
"Cancellation",2000,58,4,-4268.85667146705,8925.35936837074,8834.05449810432,12.7237274372431,0.0138835361692953,1,5,2,1
"Cancellation",2000,58,5,-4282.00031381423,9050.45838503916,8935.87972431268,-3.21259045584733,0.0239873960599818,1,5,2,1
"Cancellation",2000,59,1,-4309.83831415352,8710.88745782154,8689.40395893533,-5.72617621368657,0.0628077610022089,1,5,2,1
"Cancellation",2000,59,2,-4363.50085114608,8917.02426378072,8872.26697443443,13.4222549840831,-0.0232495823153171,1,5,2,1
"Cancellation",2000,59,3,-4310.66502033898,8910.16433414056,8842.13325433421,-4.75039649901507,0.0455176397521477,1,5,2,1
"Cancellation",2000,59,4,-4360.63246322144,9108.91095187952,9017.6060816131,10.742961032425,0.00321964293999034,1,5,2,1
"Cancellation",2000,59,5,-4295.47124062696,9077.40023866462,8962.82157793814,16.4367659661965,0.0187873709212403,1,5,2,1
"Cancellation",2000,60,1,-4339.07344258186,8769.35771467823,8747.87421579202,4.46731603806578,0.0406536249576723,1,5,2,1
"Cancellation",2000,60,2,-4391.7863561524,8973.59527379335,8928.83798444707,3.81581413014148,0.0423902926126467,1,5,2,1
"Cancellation",2000,60,3,-4310.75495995168,8910.34421336596,8842.31313355961,9.11206413537909,-0.0212192041089064,1,5,2,1
"Cancellation",2000,60,4,-4297.16770032543,8981.98142608752,8890.6765558211,-1.79787974508816,0.0675593624862877,1,5,2,1
"Cancellation",2000,60,5,-4293.43745092472,9073.33265926014,8958.75399853366,7.08479880609678,0.0162510707817322,1,5,2,1
"Cancellation",2000,61,1,-4443.37085326905,8977.9525360526,8956.46903716638,12.8760045727218,0.0422075513116943,2,5,2,2
"Cancellation",2000,61,2,-4336.23367396359,8862.48990941572,8817.73262006944,1.18996681963846,0.0305418934094248,2,5,2,2
"Cancellation",2000,61,3,-4326.49253434827,8941.81936215913,8873.78828235278,11.4487174807649,-0.0177563877689941,2,5,2,2
"Cancellation",2000,61,4,-4316.54343407032,9020.73289357729,8929.42802331087,7.4985484762375,0.00515309672973447,2,5,2,2
"Cancellation",2000,61,5,-4318.43028452588,9123.31832646246,9008.73966573597,3.63903505352182,0.022380548105254,2,5,2,2
"Cancellation",2000,62,1,-4294.49363115215,8680.1980918188,8658.71459293258,10.501009599326,-0.0297455304973171,1,4,3,1
"Cancellation",2000,62,2,-4287.19297642245,8764.40851433344,8719.65122498716,8.19131710833796,0.0349187284258535,1,4,3,1
"Cancellation",2000,62,3,-4364.84444554752,9018.52318455764,8950.49210475129,2.0977962589783,0.0264130281421162,1,4,3,1
"Cancellation",2000,62,4,-4278.10669432441,8943.85941408547,8852.55454381905,0.394592499512669,0.0148817473931024,1,4,3,1
"Cancellation",2000,62,5,-4330.31791611874,9147.09358964818,9032.5149289217,16.3192437193951,0.00764529592903449,1,4,3,1
"Cancellation",2000,63,1,-4346.1734346831,8783.55769888071,8762.0741999945,24.1930769689972,0.00737516781282128,2,5,2,2
"Cancellation",2000,63,2,-4304.13407397691,8798.29070944238,8753.53342009609,7.63829490418877,0.0164888349118615,2,5,2,2
"Cancellation",2000,63,3,-4393.11988821252,9075.07406988764,9007.04299008129,4.39020862252851,0.0365812539948616,2,5,2,2
"Cancellation",2000,63,4,-4299.49005592483,8986.62613728631,8895.32126701989,-1.19927974910729,0.0439021004671567,2,5,2,2
"Cancellation",2000,63,5,-4292.40602764549,9071.26981270167,8956.69115197519,9.66063636142926,0.00503055609579508,2,5,2,2
"Cancellation",2000,64,1,-4450.39952849005,8992.00988649461,8970.5263876084,6.22212863757435,0.0515769956314397,3,5,2,2
"Cancellation",2000,64,2,-4319.94275789734,8829.90807728323,8785.15078793695,8.10354271759626,0.0511019163999513,3,5,2,2
"Cancellation",2000,64,3,-4265.49512195823,8819.82453737906,8751.79345757271,-7.82946925271385,0.0226034596487091,3,5,2,2
"Cancellation",2000,64,4,-4276.45645452822,8940.55893449309,8849.25406422667,7.96309470360272,0.00608367264179239,3,5,2,2
"Cancellation",2000,64,5,-4323.04855278129,9132.55486297327,9017.97620224679,4.38920573809915,0.0266357829294406,3,5,2,2
"Cancellation",2000,65,1,-4284.85534384132,8660.92151719715,8639.43801831094,-0.117011942035925,0.0623925178543254,1,4,2,1
"Cancellation",2000,65,2,-4271.2476583692,8732.51787822696,8687.76058888068,15.5959205562715,0.00962924463322842,1,4,2,1
"Cancellation",2000,65,3,-4315.77380417077,8920.38190180413,8852.35082199778,3.43361348121928,-0.00866643025796207,1,4,2,1
"Cancellation",2000,65,4,-4399.11370051071,9185.87342645807,9094.56855619165,3.32892149892084,0.00637099748771567,1,4,2,1
"Cancellation",2000,65,5,-4252.15248652061,8990.76273045191,8876.18406972542,12.180919675998,-0.00770089747674303,1,4,2,1
"Cancellation",2000,66,1,-4337.79294469995,8766.79671891441,8745.31322002819,9.8598448877628,-0.00407927858496366,1,5,1,1
"Cancellation",2000,66,2,-4301.21582202672,8792.45420554199,8747.69691619571,-4.70357233740789,0.065244434916652,1,5,1,1
"Cancellation",2000,66,3,-4339.94831141487,8968.73091629234,8900.69983648599,11.7858021786999,0.0220831093362238,1,5,1,1
"Cancellation",2000,66,4,-4339.38113708976,9066.40829961618,8975.10342934976,-0.963512719328987,0.0370617233370779,1,5,1,1
"Cancellation",2000,66,5,-4285.25018637665,9056.958130164,8942.37946943752,-2.36879411059562,0.00540072564734533,1,5,1,1
"Cancellation",2000,67,1,-4353.98464290089,8799.18011531628,8777.69661643007,8.73638759320574,0.0358609679541728,1,4,3,1
"Cancellation",2000,67,2,-4351.60309832264,8893.22875813383,8848.47146878755,14.9736128016573,0.0171198458807872,1,4,3,1
"Cancellation",2000,67,3,-4359.23292426141,9007.30014198542,8939.26906217907,0.832765798238378,0.00624288464127312,1,4,3,1
"Cancellation",2000,67,4,-4338.50668378985,9064.65939301634,8973.35452274992,2.43528252118406,0.029434287235898,1,4,3,1
"Cancellation",2000,67,5,-4310.41455517721,9107.28686776511,8992.70820703862,15.3476622913651,-0.00234039570530684,1,4,3,1
"Cancellation",2000,68,1,-4389.08203206419,8869.37489364289,8847.89139475667,14.236430899076,0.0489302402538979,2,5,4,2
"Cancellation",2000,68,2,-4318.9761705607,8827.97490260994,8783.21761326366,-6.68535330182461,0.0520384738836592,2,5,4,2
"Cancellation",2000,68,3,-4383.35517470185,9055.5446428663,8987.51356305995,2.71914190093064,0.0158687475560767,2,5,4,2
"Cancellation",2000,68,4,-4372.49590365682,9132.63783275028,9041.33296248387,-8.51590870755545,0.0184765080716311,2,5,4,2
"Cancellation",2000,68,5,-4339.61808937941,9165.69393616951,9051.11527544303,-6.60680586348857,0.00674796691583121,2,5,4,2
"Cancellation",2000,69,1,-4304.57927332017,8700.36937615483,8678.88587726862,30.0441576339321,0.0149069740802894,1,5,2,1
"Cancellation",2000,69,2,-4336.79069247022,8863.603946429,8818.84665708272,16.6302312810628,0.0264745248785675,1,5,2,1
"Cancellation",2000,69,3,-4268.68192099381,8826.19813545021,8758.16705564386,3.04016202473219,-0.0117519628058498,1,5,2,1
"Cancellation",2000,69,4,-4329.11896197623,9045.8839493891,8954.57907912268,6.05970929531212,0.0194585572538699,1,5,2,1
"Cancellation",2000,69,5,-4302.44763709125,9091.3530315932,8976.77437086671,14.3092967764198,0.0135971482621156,1,5,2,1
"Cancellation",2000,70,1,-4288.58610647953,8668.38304247357,8646.89954358736,-1.83648426887112,0.055534208894466,1,5,4,1
"Cancellation",2000,70,2,-4344.35028135026,8878.72312418908,8833.9658348428,18.0680277979266,0.0402469046309627,1,5,4,1
"Cancellation",2000,70,3,-4336.38340176139,8961.60109698538,8893.57001717903,3.03586297657862,0.0499135036320369,1,5,4,1
"Cancellation",2000,70,4,-4303.45473421258,8994.5554938618,8903.25062359538,0.341302835901273,0.035541531335164,1,5,4,1
"Cancellation",2000,70,5,-4380.83352519936,9248.1248078094,9133.54614708292,3.24045541777666,0.0168253616197693,1,5,4,1
"Cancellation",2000,71,1,-4295.19128715161,8681.59340381773,8660.10990493151,-3.99509061054041,0.0216642232197076,1,5,2,1
"Cancellation",2000,71,2,-4285.1006574007,8760.22387628995,8715.46658694367,9.18515169544013,0.0021246497773818,1,5,2,1
"Cancellation",2000,71,3,-4320.90457393428,8930.64344133115,8862.6123615248,17.9950756912089,0.0100278732407312,1,5,2,1
"Cancellation",2000,71,4,-4437.92313260358,9263.49229064381,9172.18742037739,11.5859613627173,0.0116730331060802,1,5,2,1
"Cancellation",2000,71,5,-4304.8070501651,9096.07185774089,8981.49319701441,4.57034361358935,0.0168333790081184,1,5,2,1
"Cancellation",2000,72,1,-4360.09701872654,8811.40486696759,8789.92136808137,4.35135141468376,0.0519374650517621,2,5,3,2
"Cancellation",2000,72,2,-4316.24912699876,8822.52081548608,8777.7635261398,28.8121184832127,0.0299346636594956,2,5,3,2
"Cancellation",2000,72,3,-4360.95350069454,9010.74129485168,8942.71021504533,4.47113727797801,0.0231642701622321,2,5,3,2
"Cancellation",2000,72,4,-4280.03723661369,8947.72049866403,8856.41562839761,16.6628244487077,0.0214449736482971,2,5,3,2
"Cancellation",2000,72,5,-4342.40977753777,9171.27731248623,9056.69865175975,13.3951497172323,0.0255339225752253,2,5,3,2
"Cancellation",2000,73,1,-4389.35481519906,8869.92045991262,8848.43696102641,-5.09561660066166,0.0637648414548204,2,5,4,2
"Cancellation",2000,73,2,-4288.97403888598,8767.97063926051,8723.21334991423,8.70682370857936,-0.00813155332346137,2,5,4,2
"Cancellation",2000,73,3,-4341.50632680452,8971.84694707163,8903.81586726528,-0.313750532787739,0.0441222972654487,2,5,4,2
"Cancellation",2000,73,4,-4345.11764259315,9077.88131062296,8986.57644035654,2.42393930771566,0.0409906207083698,2,5,4,2
"Cancellation",2000,73,5,-4285.73073399145,9057.91922539359,8943.3405646671,-10.3055327312146,0.0227180560274455,2,5,4,2
"Cancellation",2000,74,1,-4366.08424722913,8823.37932397277,8801.89582508656,-11.3342384678399,0.0536730410831668,2,5,2,2
"Cancellation",2000,74,2,-4323.7409451442,8837.50445177695,8792.74716243067,2.73679394131992,0.0299614907155758,2,5,2,2
"Cancellation",2000,74,3,-4313.38350949639,8915.60131245539,8847.57023264904,7.36423976552342,-0.00150323740511114,2,5,2,2
"Cancellation",2000,74,4,-4349.50694807072,9086.65992157808,8995.35505131167,9.52537837494764,0.022111598195551,2,5,2,2
"Cancellation",2000,74,5,-4337.5947680204,9161.64729345149,9047.06863272501,-6.38856571154579,0.0373091317342112,2,5,2,2
"Cancellation",2000,75,1,-4293.08273272235,8677.3762949592,8655.89279607299,17.5451196291674,-0.0345335384998304,1,5,3,1
"Cancellation",2000,75,2,-4337.58905693794,8865.20067536443,8820.44338601815,-8.4628803782833,0.0507269180231431,1,5,3,1
"Cancellation",2000,75,3,-4273.25929673907,8835.35288694074,8767.32180713439,-4.87409662247767,0.0193841428273731,1,5,3,1
"Cancellation",2000,75,4,-4357.83015005706,9103.30632555077,9012.00145528435,10.0523936629271,0.0521256991017181,1,5,3,1
"Cancellation",2000,75,5,-4316.98531129709,9120.42838000487,9005.84971927839,2.33235059634412,0.0112775816756789,1,5,3,1
"Cancellation",2000,76,1,-4351.17648120866,8793.56379193182,8772.0802930456,-7.83613489514196,0.135521127480591,2,5,5,5
"Cancellation",2000,76,2,-4291.35928321719,8772.74112792292,8727.98383857664,10.1174520153193,-0.0411050962438485,2,5,5,5
"Cancellation",2000,76,3,-4340.66516730148,8970.16462806557,8902.13354825921,5.23017861973255,0.030584977715855,2,5,5,5
"Cancellation",2000,76,4,-4350.69200539767,9089.03003623199,8997.72516596557,-3.30741366166873,0.0460895876586071,2,5,5,5
"Cancellation",2000,76,5,-4355.61342249534,9197.68460240137,9083.10594167488,3.1150010656826,0.0485834146918911,2,5,5,5
"Cancellation",2000,77,1,-4350.61298907684,8792.43680766819,8770.95330878198,13.3097547185522,0.0113917708851164,1,5,4,1
"Cancellation",2000,77,2,-4356.66649962013,8903.35556072882,8858.59827138254,8.04657190327699,-0.0306537278994126,1,5,4,1
"Cancellation",2000,77,3,-4335.32222868654,8959.47875083568,8891.44767102933,-3.24273903820227,0.0200237595426203,1,5,4,1
"Cancellation",2000,77,4,-4299.53581057398,8986.71764658461,8895.4127763182,19.8376818217921,-0.00681050694562128,1,5,4,1
"Cancellation",2000,77,5,-4369.43401384382,9225.32578509834,9110.74712437185,6.74246931285346,-0.00435760999770848,1,5,4,1
"Cancellation",2000,78,1,-4283.96263372027,8659.13609695504,8637.65259806882,9.96839342514686,0.0314956739170323,1,5,1,1
"Cancellation",2000,78,2,-4365.75131773363,8921.52519695581,8876.76790760953,7.76045323406625,0.0018542416407613,1,5,1,1
"Cancellation",2000,78,3,-4286.70273057491,8862.23975461243,8794.20867480608,-4.3159047028197,0.0276303583055391,1,5,1,1
"Cancellation",2000,78,4,-4381.71938198073,9151.0847893981,9059.77991913168,5.88802915050011,0.00615332957663129,1,5,1,1
"Cancellation",2000,78,5,-4299.76534373686,9085.98844488441,8971.40978415793,16.3196592705071,-0.00729171845918831,1,5,1,1
"Cancellation",2000,79,1,-4327.05871783548,8745.32826518547,8723.84476629925,2.54491002592102,0.0217757709653437,1,3,4,1
"Cancellation",2000,79,2,-4359.48077158665,8908.98410466185,8864.22681531557,2.61686877444759,0.00564729415078362,1,3,4,1
"Cancellation",2000,79,3,-4288.98050427374,8866.79530201008,8798.76422220373,3.30977212306531,0.0382284117140156,1,3,4,1
"Cancellation",2000,79,4,-4318.88245991043,9025.41094525751,8934.10607499109,13.5774647410645,-0.010311726150557,1,3,4,1
"Cancellation",2000,79,5,-4327.11873173922,9140.69522088914,9026.11656016266,10.4570833114059,0.00380421356996721,1,3,4,1
"Cancellation",2000,80,1,-4345.59929808294,8782.40942568038,8760.92592679417,15.8602648820347,0.0479808585768497,1,4,2,1
"Cancellation",2000,80,2,-4356.88824879281,8903.79905907417,8859.04176972789,17.4476916727646,0.00408492944622632,1,4,2,1
"Cancellation",2000,80,3,-4322.77988273506,8934.39405893272,8866.36297912636,9.03823626116384,0.0185060675633167,1,4,2,1
"Cancellation",2000,80,4,-4379.29053811331,9146.22710166326,9054.92223139684,10.9898845698567,0.00286827999105298,1,4,2,1
"Cancellation",2000,80,5,-4272.92044195056,9032.29864131181,8917.71998058533,11.9306276138279,-0.0150242153242854,1,4,2,1
"Cancellation",2000,81,1,-4322.76621042001,8736.74325035453,8715.25975146832,18.6856739323512,0.0145243860887309,1,3,3,3
"Cancellation",2000,81,2,-4348.93668176084,8887.89592501023,8843.13863566395,3.97331310982635,0.0662142432598443,1,3,3,3
"Cancellation",2000,81,3,-4291.7472445767,8872.32878261601,8804.29770280966,4.83551088816287,0.0149227993975683,1,3,3,3
"Cancellation",2000,81,4,-4299.40456148572,8986.45514840809,8895.15027814167,8.03190188269539,0.0219590002951347,1,3,3,3
"Cancellation",2000,81,5,-4273.12868973514,9032.71513688097,8918.13647615448,-0.280281260025885,0.0188063363260006,1,3,3,3
"Cancellation",2000,82,1,-4317.66044901369,8726.53172754188,8705.04822865567,15.69849315188,0.0643288079903816,1,5,2,1
"Cancellation",2000,82,2,-4413.71018991393,9017.44294131641,8972.68565197013,14.2809775405489,0.0640303391969216,1,5,2,1
"Cancellation",2000,82,3,-4310.63481890211,8910.10393126683,8842.07285146048,-7.63774602238494,0.0373988159479284,1,5,2,1
"Cancellation",2000,82,4,-4338.49746766416,9064.64096076497,8973.33609049855,1.2809018797973,0.0288735975820093,1,5,2,1
"Cancellation",2000,82,5,-4285.41054264459,9057.27884269986,8942.70018197338,2.13450502341132,-0.00173688060158137,1,5,2,1
"Cancellation",2000,83,1,-4228.39655376961,8548.00393705372,8526.52043816751,-3.26286550167158,0.0829720358318453,1,4,1,1
"Cancellation",2000,83,2,-4325.29922608069,8840.62101364993,8795.86372430364,18.0789384566776,0.0461847944230545,1,4,1,1
"Cancellation",2000,83,3,-4251.26264044152,8791.35957434563,8723.32849453928,3.00972740593202,0.00684767657853945,1,4,1,1
"Cancellation",2000,83,4,-4275.4071124513,8938.46025033925,8847.15538007283,4.28204278152911,0.0257192581079433,1,4,1,1
"Cancellation",2000,83,5,-4281.34790309623,9049.15356360316,8934.57490287668,-8.49621967306047,0.0617911259349318,1,4,1,1
"Cancellation",2000,84,1,-4373.24335419121,8837.69753789693,8816.21403901072,12.839884647434,0.00239923752544309,2,5,3,2
"Cancellation",2000,84,2,-4267.46113361374,8724.94482871603,8680.18753936975,-0.995626455225138,0.0734853527814428,2,5,3,2
"Cancellation",2000,84,3,-4355.32541981411,8999.48513309083,8931.45405328447,11.2289705555035,0.00465972974286841,2,5,3,2
"Cancellation",2000,84,4,-4345.75743623284,9079.16089790233,8987.85602763591,2.43891162529486,0.00678303629176533,2,5,3,2
"Cancellation",2000,84,5,-4337.39904160449,9161.25584061966,9046.67717989318,6.78510152086572,0.0243554656079753,2,5,3,2
"Cancellation",2000,85,1,-4291.80069268694,8674.81221488839,8653.32871600218,8.14363918586791,0.0452994904521928,1,5,4,1
"Cancellation",2000,85,2,-4335.14013808649,8860.30283766152,8815.54554831524,-17.8005449662284,0.0700218072138918,1,5,4,1
"Cancellation",2000,85,3,-4358.76982170769,9006.37393687799,8938.34285707164,13.3123082470812,0.0112044247339377,1,5,4,1
"Cancellation",2000,85,4,-4265.75014979953,8919.1463250357,8827.84145476928,15.9720134423321,-0.0181409709782755,1,5,4,1
"Cancellation",2000,85,5,-4310.04008089751,9106.53791920571,8991.95925847923,5.21165117164959,0.0319364256171214,1,5,4,1
"Cancellation",2000,86,1,-4371.43508918393,8834.08100788236,8812.59750899614,-5.16206019951357,0.0936685424311493,1,5,4,1
"Cancellation",2000,86,2,-4372.91967636512,8935.86191421879,8891.1046248725,5.3734571016914,0.0315027558288461,1,5,4,1
"Cancellation",2000,86,3,-4356.51536331673,9001.86502009605,8933.8339402897,10.2928255090781,0.0283632647427151,1,5,4,1
"Cancellation",2000,86,4,-4312.09916643075,9011.84435829815,8920.53948803173,15.8055425887302,0.0322487338862062,1,5,4,1
"Cancellation",2000,86,5,-4366.19575476406,9218.84926693881,9104.27060621233,8.78205455462525,0.0203283455895217,1,5,4,1
"Cancellation",2000,87,1,-4345.49432171786,8782.19947295021,8760.715974064,-3.36327549741623,0.0914431463792326,1,5,3,1
"Cancellation",2000,87,2,-4320.80288528102,8831.6283320506,8786.87104270432,15.1479146676254,0.0117191989972399,1,5,3,1
"Cancellation",2000,87,3,-4344.34364650474,8977.52158647208,8909.49050666573,6.9012848553524,0.0186063500962319,1,5,3,1
"Cancellation",2000,87,4,-4345.03146457975,9077.70895459615,8986.40408432973,16.9424705304861,0.00431363879564981,1,5,3,1
"Cancellation",2000,87,5,-4338.58488900725,9163.62753542518,9049.0488746987,-0.493475856630954,0.0237319875649801,1,5,3,1
"Cancellation",2000,88,1,-4288.82641209341,8668.86365370133,8647.38015481512,7.70162134380333,0.0607910447681548,1,5,3,1
"Cancellation",2000,88,2,-4328.72545555412,8847.47347259679,8802.71618325051,-8.82829457110779,0.0422697794910469,1,5,3,1
"Cancellation",2000,88,3,-4381.74993104406,9052.33415555072,8984.30307574436,0.718973319383608,0.02830086866378,1,5,3,1
"Cancellation",2000,88,4,-4322.06175535641,9031.76953614946,8940.46466588304,-8.95577456217442,0.0325737951397489,1,5,3,1
"Cancellation",2000,88,5,-4319.53036094396,9125.51847929861,9010.93981857212,1.64575933929325,0.0480508027627858,1,5,3,1
"Cancellation",2000,89,1,-4239.40831577975,8570.027461074,8548.54396218779,-5.965024156808,0.0254469652473265,1,5,5,5
"Cancellation",2000,89,2,-4371.37601339685,8932.77458828224,8888.01729893596,5.26774972290924,0.0284744487007037,1,5,5,5
"Cancellation",2000,89,3,-4342.6409222898,8974.11613804219,8906.08505823584,-2.29266782923646,0.054641465713208,1,5,5,5
"Cancellation",2000,89,4,-4347.45749231945,9082.56101007555,8991.25613980914,0.568084541700095,0.0341442976697959,1,5,5,5
"Cancellation",2000,89,5,-4389.34405155245,9265.14586051559,9150.5671997891,6.38238128486611,0.031882328925207,1,5,5,5
"Cancellation",2000,90,1,-4312.40424819556,8716.01932590563,8694.53582701941,1.67325989246669,0.0520047558944962,1,5,4,1
"Cancellation",2000,90,2,-4360.97715079231,8911.97686307317,8867.21957372689,19.8106554785473,0.0244444814669948,1,5,4,1
"Cancellation",2000,90,3,-4361.47726899719,9011.78883145698,8943.75775165063,9.12696386999725,0.0300316195856537,1,5,4,1
"Cancellation",2000,90,4,-4355.31755370571,9098.28113284807,9006.97626258165,13.4521740029216,0.0231146208140872,1,5,4,1
"Cancellation",2000,90,5,-4374.47322858051,9235.40421457172,9120.82555384524,15.1921439172723,0.020746176658654,1,5,4,1
"Cancellation",2000,91,1,-4295.38234614068,8681.97552179586,8660.49202290965,7.73122104185323,0.0168923883132155,1,5,2,1
"Cancellation",2000,91,2,-4307.36615735486,8804.75487619827,8759.99758685199,6.78607332263688,0.0248087264882967,1,5,2,1
"Cancellation",2000,91,3,-4360.35957487126,9009.55344320512,8941.52236339876,2.13957554024881,0.0133117962793647,1,5,2,1
"Cancellation",2000,91,4,-4234.26211230604,8856.17025004872,8764.86537978231,-6.17740236543227,0.0427397058436392,1,5,2,1
"Cancellation",2000,91,5,-4282.82517166092,9052.10810073253,8937.52944000604,-1.53270450611255,0.0193140668510487,1,5,2,1
"Cancellation",2000,92,1,-4291.43256070787,8674.07595093024,8652.59245204403,13.9998749681031,0.0523835081128941,1,5,3,1
"Cancellation",2000,92,2,-4396.17493738058,8982.3724362497,8937.61514690342,12.6831781739779,0.0465690120248269,1,5,3,1
"Cancellation",2000,92,3,-4300.86845787382,8890.57120921024,8822.54012940389,14.7658510617516,0.0308406637561561,1,5,3,1
"Cancellation",2000,92,4,-4369.76440738958,9127.1748402158,9035.86996994938,19.8968574896065,-0.0256157553355067,1,5,3,1
"Cancellation",2000,92,5,-4287.19440221628,9060.84656184326,8946.26790111677,6.72807493745256,0.0105694379850139,1,5,3,1
"Cancellation",2000,93,1,-4292.79810467127,8676.80703885704,8655.32353997082,13.7932024459221,0.0266936808087966,1,5,2,1
"Cancellation",2000,93,2,-4329.65473594402,8849.33203337658,8804.5747440303,18.3696017318474,0.0356384453462062,1,5,2,1
"Cancellation",2000,93,3,-4327.70252039775,8944.23933425809,8876.20825445174,15.6124980854548,0.0191998824733298,1,5,2,1
"Cancellation",2000,93,4,-4393.70480475236,9175.05563494136,9083.75076467494,21.3191164880249,-0.0249688737954666,1,5,2,1
"Cancellation",2000,93,5,-4296.05815820033,9078.57407381135,8963.99541308487,12.6927080726649,0.0293195763966448,1,5,2,1
"Cancellation",2000,94,1,-4353.78968342688,8798.79019636827,8777.30669748205,16.9875416179144,0.0907701633966576,1,3,2,1
"Cancellation",2000,94,2,-4343.98473346072,8877.99202840998,8833.2347390637,4.53187813628374,0.0434515842284873,1,3,2,1
"Cancellation",2000,94,3,-4355.39186233289,8999.61801812838,8931.58693832203,6.3238238700175,0.0316812223102408,1,3,2,1
"Cancellation",2000,94,4,-4393.44826202156,9174.54254947977,9083.23767921335,26.4866503726409,0.000338278703883735,1,3,2,1
"Cancellation",2000,94,5,-4350.68894642702,9187.83565026474,9073.25698953826,5.84336778544783,0.00821407586349294,1,3,2,1
"Cancellation",2000,95,1,-4299.02744941769,8689.26572834989,8667.78222946367,6.43097924829668,0.0123627093326362,1,4,4,4
"Cancellation",2000,95,2,-4261.48130756148,8712.98517661151,8668.22788726522,-0.180142188701065,0.069464018005781,1,4,4,4
"Cancellation",2000,95,3,-4285.52109296976,8859.87647940211,8791.84539959576,6.00462950280601,0.0260385447755038,1,4,4,4
"Cancellation",2000,95,4,-4334.69175208465,9057.02952960595,8965.72465933953,5.04392301899393,-0.00814199096329877,1,4,4,4
"Cancellation",2000,95,5,-4356.15629055691,9198.77033852452,9084.19167779804,2.71047928260791,0.0218874232976045,1,4,4,4
"Cancellation",2000,96,1,-4427.41941301197,8946.04965553845,8924.56615665223,13.321944821551,0.00447461333708222,2,4,4,4
"Cancellation",2000,96,2,-4310.15056687436,8810.32369523728,8765.56640589099,20.1347850263229,0.0167108553413826,2,4,4,4
"Cancellation",2000,96,3,-4317.41027264893,8923.65483876046,8855.62375895411,15.4812253984771,0.0172167754976709,2,4,4,4
"Cancellation",2000,96,4,-4334.66907002118,9056.984165479,8965.67929521258,14.0463759838043,0.0423895935928957,2,4,4,4
"Cancellation",2000,96,5,-4358.76449549228,9203.98674839525,9089.40808766877,9.28234673663821,0.0151889099952837,2,4,4,4
"Cancellation",2000,97,1,-4274.72887347493,8640.66857646436,8619.18507757815,9.64998880024286,0.00136731315660244,1,4,2,1
"Cancellation",2000,97,2,-4311.62154577298,8813.26565303451,8768.50836368823,6.90964480807351,0.0927493567306472,1,4,2,1
"Cancellation",2000,97,3,-4318.85222994452,8926.53875335164,8858.50767354529,11.6114080413523,0.0119264367608899,1,4,2,1
"Cancellation",2000,97,4,-4333.99791943456,9055.64186430577,8964.33699403935,11.8781511532962,0.0112938158209417,1,4,2,1
"Cancellation",2000,97,5,-4328.76069677707,9143.97915096483,9029.40049023834,5.11198074325285,-0.00194354260489212,1,4,2,1
"Cancellation",2000,98,1,-4293.53258863143,8678.27600677737,8656.79250789115,14.6512737852104,0.0121263565931221,1,5,2,1
"Cancellation",2000,98,2,-4345.71681489977,8881.45619128809,8836.69890194181,20.9730600371421,0.0175191030167753,1,5,2,1
"Cancellation",2000,98,3,-4331.88556356423,8952.60542059106,8884.5743407847,8.2462715131819,-0.00535226393919183,1,5,2,1
"Cancellation",2000,98,4,-4320.3790631295,9028.40415169564,8937.09928142922,12.6275963269467,-0.00743011078816437,1,5,2,1
"Cancellation",2000,98,5,-4377.07523427206,9240.60822595482,9126.02956522833,7.41250542361398,0.00442579322484295,1,5,2,1
"Cancellation",2000,99,1,-4340.33037615199,8771.87158181848,8750.38808293227,13.180202720275,-0.048368466916217,1,3,2,1
"Cancellation",2000,99,2,-4379.00879838419,8948.04015825694,8903.28286891066,5.10491306099315,0.0355262607627205,1,3,2,1
"Cancellation",2000,99,3,-4320.7919923551,8930.41827817281,8862.38719836646,5.94413816006923,-0.00592417987010246,1,3,2,1
"Cancellation",2000,99,4,-4283.10001249295,8953.84605042255,8862.54118015613,3.63707992282624,0.01059566937716,1,3,2,1
"Cancellation",2000,99,5,-4323.76981349171,9133.99738439411,9019.41872366762,1.71017127681267,0.03559666676129,1,3,2,1
"Cancellation",2000,100,1,-4305.56006657029,8702.33096265508,8680.84746376886,-4.89911482993831,0.0768342608417114,2,3,2,2
"Cancellation",2000,100,2,-4266.65601367354,8723.33458883562,8678.57729948934,-4.09245544745346,0.0376098470803022,2,3,2,2
"Cancellation",2000,100,3,-4359.36592188588,9007.56613723435,8939.535057428,-2.41321552883231,0.0384227752587825,2,3,2,2
"Cancellation",2000,100,4,-4380.71190369063,9149.0698328179,9057.76496255148,12.8686354014638,0.00328952617055082,2,3,2,2
"Cancellation",2000,100,5,-4323.30622914236,9133.0702156954,9018.49155496892,8.00842853816625,0.00708886540040918,2,3,2,2
"Cancellation",10000,1,1,-21795.1710733703,43700.8662312044,43664.2914696434,5.10181758592641,0.0480605945801694,3,5,4,3
"Cancellation",10000,1,2,-21771.9800544337,43774.2186181668,43698.0211982482,15.9460806939516,0.0264694339609953,3,5,4,3
"Cancellation",10000,1,3,-21497.8925491182,43345.7780323714,43229.9579540952,13.5277795728734,0.00401194543482247,3,5,4,3
"Cancellation",10000,1,4,-21740.2194707899,43950.1663005506,43794.7235639166,11.0337274402817,0.0269644140416659,3,5,4,3
"Cancellation",10000,1,5,-21692.7852005079,43975.0321848223,43779.9667898307,18.8275543557915,0.0259443460310084,3,5,4,3
"Cancellation",10000,2,1,-21972.1592736048,44054.8426316732,44018.2678701123,1.87700302014037,0.0733378989442737,4,5,5,5
"Cancellation",10000,2,2,-21853.8457650445,43937.9500393884,43861.7526194698,23.6024710674186,-0.00136817671546286,4,5,5,5
"Cancellation",10000,2,3,-21561.4765515617,43472.9460372586,43357.1259589823,8.36120719542348,0.0362034776425436,4,5,5,5
"Cancellation",10000,2,4,-21292.6805448619,43055.0884486945,42899.6457120606,12.0233276627108,0.00174084788134992,4,5,5,5
"Cancellation",10000,2,5,-21885.7643764902,44360.9905367869,44165.9251417953,5.18991467697531,-0.0078886933558743,4,5,5,5
"Cancellation",10000,3,1,-21649.0494247081,43408.6229338799,43372.048172319,-7.92865420899424,0.0779521232778301,1,5,5,5
"Cancellation",10000,3,2,-22027.1041587119,44284.4668267233,44208.2694068047,17.9168148783675,0.00104791210081226,1,5,5,5
"Cancellation",10000,3,3,-21717.2473321326,43784.4875984003,43668.667520124,10.1647879695767,0.0033315742760019,1,5,5,5
"Cancellation",10000,3,4,-21713.8544183432,43897.4361956571,43741.9934590232,6.53270567246088,0.0503477000211111,1,5,5,5
"Cancellation",10000,3,5,-21845.8099356315,44281.0816550695,44086.0162600779,5.95843452548893,0.0206333806785259,1,5,5,5
"Cancellation",10000,4,1,-21841.3416556647,43793.207395793,43756.6326342321,8.69240773481452,0.0553010887821011,4,5,4,4
"Cancellation",10000,4,2,-21832.526579635,43895.3116685694,43819.1142486508,-2.5313428992382,0.0314787564117847,4,5,4,4
"Cancellation",10000,4,3,-21523.3702285033,43396.7333911418,43280.9133128655,9.73690465303578,-0.00598327419397787,4,5,4,4
"Cancellation",10000,4,4,-21410.1033825667,43289.9341241041,43134.4913874702,4.59537788471386,0.0210618201177039,4,5,4,4
"Cancellation",10000,4,5,-21505.4470987535,43600.3559813134,43405.2905863218,8.84382367450944,-0.0124514725565508,4,5,4,4
"Cancellation",10000,5,1,-21973.3539698273,44057.2320241183,44020.6572625574,5.24165547890508,0.0316530364703675,2,3,5,2
"Cancellation",10000,5,2,-21421.1883880756,43072.6352854505,42996.4378655319,2.5725450470799,0.0265748953190318,2,3,5,2
"Cancellation",10000,5,3,-21514.5958558504,43379.1846458358,43263.3645675596,4.35020140918761,0.0576097583971803,2,3,5,2
"Cancellation",10000,5,4,-21577.5780661076,43624.883491186,43469.4407545521,2.24807234402303,-0.0261704790711224,2,3,5,2
"Cancellation",10000,5,5,-21673.4374913183,43936.336766443,43741.2713714515,5.17993818181325,-0.00426974923968272,2,3,5,2
"Cancellation",10000,6,1,-21735.2639047646,43581.0518939928,43544.4771324319,1.33352890879772,0.0949436166879503,5,4,4,4
"Cancellation",10000,6,2,-21734.7651554469,43699.7888201931,43623.5914002745,5.4989341999891,0.0692649590486397,5,4,4,4
"Cancellation",10000,6,3,-21585.7444121699,43521.4817584748,43405.6616801986,0.0515475388748891,-0.0307803030248125,5,4,4,4
"Cancellation",10000,6,4,-21532.9989854815,43535.7253299338,43380.2825932999,1.10625838069782,0.015529117481457,5,4,4,4
"Cancellation",10000,6,5,-21425.6451429433,43440.752069693,43245.6866747014,-4.50145413026156,-0.0150092612216886,5,4,4,4
"Cancellation",10000,7,1,-21328.9124317848,42768.3489480334,42731.7741864724,-0.8489966432293,0.0580073418984775,1,5,4,1
"Cancellation",10000,7,2,-21564.4379180581,43359.1343454157,43282.9369254971,8.25224446240937,0.0580561603314137,1,5,4,1
"Cancellation",10000,7,3,-21647.22420891,43644.441351955,43528.6212736788,-0.778559158195312,0.0290995285998585,1,5,4,1
"Cancellation",10000,7,4,-21718.9662834526,43907.6599258759,43752.217189242,2.12308072757319,-0.00348036083508446,1,5,4,1
"Cancellation",10000,7,5,-21655.7762662357,43901.0143162778,43705.9489212862,2.59891465927101,0.0390903525814389,1,5,4,1
"Cancellation",10000,8,1,-21744.5630638543,43599.6502121724,43563.0754506115,3.51352227499128,0.110180057853443,3,5,4,3
"Cancellation",10000,8,2,-22027.2469619058,44284.7524331109,44208.5550131924,3.34861185529793,0.0329407450456816,3,5,4,3
"Cancellation",10000,8,3,-21600.4398592774,43550.8726526899,43435.0525744136,-0.966299437807266,0.018297977611905,3,5,4,3
"Cancellation",10000,8,4,-21839.5001630405,44148.7276850519,43993.284948418,9.09168324019248,0.0184654277057441,3,5,4,3
"Cancellation",10000,8,5,-21730.1766698646,44049.8151235356,43854.749728544,0.602820299492746,0.0289587200146884,3,5,4,3
"Cancellation",10000,9,1,-21250.8876499639,42612.2993843915,42575.7246228306,-4.05962010861827,0.110649846694331,1,3,3,3
"Cancellation",10000,9,2,-21712.614100683,43655.4867106653,43579.2892907467,2.60921159804827,0.0417095168462906,1,3,3,3
"Cancellation",10000,9,3,-21572.04318261,43494.0792993552,43378.2592210789,3.44105741777122,0.0252832281489043,1,3,3,3
"Cancellation",10000,9,4,-21289.2355165929,43048.1983921566,42892.7556555227,16.5579818691668,0.0297513396242052,1,3,3,3
"Cancellation",10000,9,5,-21444.9781352879,43479.4180543823,43284.3526593907,2.75141755293458,0.0121885644000192,1,3,3,3
"Cancellation",10000,10,1,-21837.7071564355,43785.9383973348,43749.3636357739,0.428804843832071,0.070525663667891,4,5,3,3
"Cancellation",10000,10,2,-21752.1099939116,43734.4784971227,43658.2810772041,6.34686686235241,-0.00533461097278432,4,5,3,3
"Cancellation",10000,10,3,-22038.3960411033,44426.7850163418,44310.9649380655,0.67605444437867,0.0446880621984427,4,5,3,3
"Cancellation",10000,10,4,-21623.4010801177,43716.5295192061,43561.0867825722,20.4091855686529,0.0041414547105255,4,5,3,3
"Cancellation",10000,10,5,-21718.6780170697,44026.8178179459,43831.7524229543,1.86275232915835,0.0500427432470435,4,5,3,3
"Cancellation",10000,11,1,-21423.5980860376,42957.720256539,42921.1454949781,-3.43474738276927,0.028198930541901,1,5,2,1
"Cancellation",10000,11,2,-21913.0731390843,44056.404787468,43980.2073675494,-3.23048904130706,0.0333378801334744,1,5,2,1
"Cancellation",10000,11,3,-21860.4098863558,44070.8127068467,43954.9926285705,-7.51802132359012,0.0784684791800117,1,5,2,1
"Cancellation",10000,11,4,-21901.9168480838,44273.5610551385,44118.1183185045,-4.05784419401351,0.0100456560631382,1,5,2,1
"Cancellation",10000,11,5,-21840.2402004288,44269.942184664,44074.8767896724,3.51371000462089,0.00677952306323616,1,5,2,1
"Cancellation",10000,12,1,-21752.1615020912,43614.8470886461,43578.2723270852,7.36380981399999,0.0264307003343697,2,5,2,2
"Cancellation",10000,12,2,-21489.5091500842,43209.2768094679,43133.0793895493,5.61201684018393,0.0603843301601947,2,5,2,2
"Cancellation",10000,12,3,-21826.5816447838,44003.1562237026,43887.3361454264,-1.40011942775103,0.0560717836927682,2,5,2,2
"Cancellation",10000,12,4,-21911.2621885488,44292.2517360683,44136.8089994344,5.43013723987119,0.0281596544492569,2,5,2,2
"Cancellation",10000,12,5,-21827.9759465683,44245.4136769431,44050.3482819515,6.51669904297415,0.0298961370929591,2,5,2,2
"Cancellation",10000,13,1,-21724.1037395623,43558.7315635882,43522.1568020273,4.93855868315072,0.0330721782858493,1,3,3,3
"Cancellation",10000,13,2,-21957.2394939724,44144.7374972442,44068.5400773256,-3.92292189017671,0.0761071597399368,1,3,3,3
"Cancellation",10000,13,3,-21723.2097044305,43796.4123429962,43680.5922647199,-5.37235070057156,0.0274382672996251,1,3,3,3
"Cancellation",10000,13,4,-21729.1961601839,43928.1196793385,43772.6769427046,6.82805378130959,0.0212053628912843,1,3,3,3
"Cancellation",10000,13,5,-21687.6174043817,43964.6965925699,43769.6311975783,-3.74784465646905,0.0198938853701449,1,3,3,3
"Cancellation",10000,14,1,-21921.3210019998,43953.1660884634,43916.5913269025,13.5556732774096,0.0963601850583596,2,5,2,2
"Cancellation",10000,14,2,-21516.5077382576,43263.2739858146,43187.076565896,13.9623848923609,0.0444418094889061,2,5,2,2
"Cancellation",10000,14,3,-21560.2844747913,43470.5618837176,43354.7418054413,4.16183424030392,0.0267103196506104,2,5,2,2
"Cancellation",10000,14,4,-21794.7620702871,44059.2514995451,43903.8087629112,12.9339981348059,0.0261219947579806,2,5,2,2
"Cancellation",10000,14,5,-21513.5916894643,43616.645162735,43421.5797677434,0.221623215646271,-0.000840247917343126,2,5,2,2
"Cancellation",10000,15,1,-21603.3005186539,43317.1251217714,43280.5503602105,10.9289121680577,-0.0146021962332674,3,5,3,3
"Cancellation",10000,15,2,-21985.9427598559,44202.1440290111,44125.9466090925,-3.53612605272246,0.0492538981748044,3,5,3,3
"Cancellation",10000,15,3,-21434.4571369013,43218.9072079378,43103.0871296615,7.50217605572606,0.0426490811155992,3,5,3,3
"Cancellation",10000,15,4,-21596.827733201,43663.3828253728,43507.9400887389,-3.68967618942451,0.0246869819469713,3,5,3,3
"Cancellation",10000,15,5,-21472.4464434366,43534.3546706796,43339.289275688,4.14735952633311,0.0210447349303029,3,5,3,3
"Cancellation",10000,16,1,-21807.901725923,43726.3275363098,43689.7527747489,-4.9109618392551,0.0755313894092044,4,3,3,3
"Cancellation",10000,16,2,-21611.849562684,43453.9576346673,43377.7602147487,7.2059706699213,0.0132309295892401,4,3,3,3
"Cancellation",10000,16,3,-21895.6902371965,44141.3734085281,44025.5533302518,7.24758339728212,-0.00849028951082798,4,3,3,3
"Cancellation",10000,16,4,-21383.2684822091,43236.2643233889,43080.821586755,1.0437679422449,-0.00018228585107232,4,3,3,3
"Cancellation",10000,16,5,-21664.0964443277,43917.6546724619,43722.5892774703,8.22016286880135,0.0275463723744765,4,3,3,3
"Cancellation",10000,17,1,-21458.8628839698,43028.2498524034,42991.6750908425,3.37449196388076,0.0602470480303715,1,4,4,4
"Cancellation",10000,17,2,-22029.2653718376,44288.7892529745,44212.5918330559,22.6329966978887,0.00395888042522045,1,4,4,4
"Cancellation",10000,17,3,-21396.8318788409,43143.6566918168,43027.8366135406,8.55524640007275,0.0401520168774812,1,4,4,4
"Cancellation",10000,17,4,-21650.7425043623,43771.2123676954,43615.7696310615,8.85331462768658,0.00943831768133238,1,4,4,4
"Cancellation",10000,17,5,-21656.031130239,43901.5240442845,43706.4586492929,15.1044407277968,0.0239264913204588,1,4,4,4
"Cancellation",10000,18,1,-21511.2009284363,43132.9259413364,43096.3511797755,11.6475413826382,0.0380410831196415,1,5,4,1
"Cancellation",10000,18,2,-21586.2061008412,43402.6707109818,43326.4732910632,-10.5922373158482,0.0727539661680012,1,5,4,1
"Cancellation",10000,18,3,-21602.6167343521,43555.2264028393,43439.4063245631,-1.57877658775543,0.0533799921449999,1,5,4,1
"Cancellation",10000,18,4,-21697.1153066452,43863.9579722613,43708.5152356274,3.34084126766818,0.0119130073379459,1,5,4,1
"Cancellation",10000,18,5,-21799.8609399499,44189.1836637063,43994.1182687147,8.23019348682049,0.0193035963989762,1,5,4,1
"Cancellation",10000,19,1,-22083.7253979459,44277.9748803556,44241.4001187946,8.43582763321143,0.00809169425624894,4,5,3,3
"Cancellation",10000,19,2,-21482.9389068851,43196.1363230696,43119.938903151,2.59254653382914,-0.000517151153154241,4,5,3,3
"Cancellation",10000,19,3,-21952.8016733218,44255.5962807787,44139.7762025024,9.41236767328193,0.025208297186937,4,5,3,3
"Cancellation",10000,19,4,-21358.9777685374,43187.6828960456,43032.2401594117,5.46422629872241,0.00322396000792382,4,5,3,3
"Cancellation",10000,19,5,-21485.498137201,43560.4580582085,43365.392663217,-1.85745550059095,0.0112216121698067,4,5,3,3
"Cancellation",10000,20,1,-22226.760502103,44564.0450886698,44527.4703271089,22.4908317190187,-0.00752109104488588,4,5,3,3
"Cancellation",10000,20,2,-21626.0524389983,43482.363387296,43406.1659673774,-4.68631211406458,0.0211091885498996,4,5,3,3
"Cancellation",10000,20,3,-21596.9319905108,43543.8569151567,43428.0368368805,8.80416280179638,0.0345556327505531,4,5,3,3
"Cancellation",10000,20,4,-21350.1957277384,43170.1188144475,43014.6760778136,3.22374450368552,0.052591441392079,4,5,3,3
"Cancellation",10000,20,5,-21544.7943953311,43679.0505744687,43483.9851794771,-4.49624081192497,-0.00311552745184923,4,5,3,3
"Cancellation",10000,21,1,-21865.0553419929,43840.6347684496,43804.0600068887,16.5950522897301,0.113466523630991,3,5,4,3
"Cancellation",10000,21,2,-21568.1318130726,43366.5221354446,43290.324715526,0.0172395852328473,0.0572521295128748,3,5,4,3
"Cancellation",10000,21,3,-21267.3541500805,42884.7012342962,42768.8811560199,6.37555278373782,0.0133354983918379,3,5,4,3
"Cancellation",10000,21,4,-21434.160265167,43338.0478893049,43182.6051526709,1.47128615100966,0.0270659458799865,3,5,4,3
"Cancellation",10000,21,5,-21712.4527732885,44014.3673303835,43819.3019353919,-3.88980285618118,0.0160907548154771,3,5,4,3
"Cancellation",10000,22,1,-21713.284749856,43537.0935841757,43500.5188226148,2.7431615979126,0.010479453559671,1,3,4,1
"Cancellation",10000,22,2,-21682.920411376,43596.0993320515,43519.9019121329,7.16700143673129,0.0355562799578776,1,3,4,1
"Cancellation",10000,22,3,-21921.9152498722,44193.8234338794,44078.0033556032,8.95173002131405,0.0202527352374593,1,3,4,1
"Cancellation",10000,22,4,-22032.4011863204,44534.5297316116,44379.0869949777,1.77616522256577,0.0262640154057007,1,3,4,1
"Cancellation",10000,22,5,-21737.603595279,44064.6689743644,43869.6035793728,9.53722757715232,0.00087410489346932,1,3,4,1
"Cancellation",10000,23,1,-21812.0590858163,43734.6422560964,43698.0674945355,12.7476416449217,0.0211086770821392,4,5,3,3
"Cancellation",10000,23,2,-21817.6151144161,43865.4887381315,43789.2913182129,7.8523545502339,0.032086388183681,4,5,3,3
"Cancellation",10000,23,3,-21783.0031403271,43915.9992147892,43800.1791365129,2.26201899903703,0.0104014139644253,4,5,3,3
"Cancellation",10000,23,4,-21467.9163428136,43405.5600445981,43250.1173079641,-14.2269460080885,0.0185290144627141,4,5,3,3
"Cancellation",10000,23,5,-21656.0650947571,43901.5919733206,43706.526578329,-1.75501908925725,0.00445339477972166,4,5,3,3
"Cancellation",10000,24,1,-21698.8456143686,43508.215313201,43471.64055164,19.0050052585709,-0.0223339337319407,2,5,4,2
"Cancellation",10000,24,2,-21460.7664649603,43151.79143922,43075.5940193014,2.34558992321842,0.0268969937527706,2,5,4,2
"Cancellation",10000,24,3,-21816.8071372759,43983.6072086869,43867.7871304106,13.7241687047675,0.0201541708919058,2,5,4,2
"Cancellation",10000,24,4,-21741.4998996307,43952.7271582321,43797.2844215982,-0.507636622105659,0.0201750096865851,2,5,4,2
"Cancellation",10000,24,5,-21705.7312087876,44000.9242013816,43805.85880639,2.10366644082338,0.0238764047773267,2,5,4,2
"Cancellation",10000,25,1,-21681.7980098989,43474.1201042615,43437.5453427005,10.0995908901552,0.116757476694542,2,3,5,2
"Cancellation",10000,25,2,-21502.5375632976,43235.3336358946,43159.136215976,-1.91214264542683,0.0401054767513466,2,3,5,2
"Cancellation",10000,25,3,-21705.0866381615,43760.166210458,43644.3461321818,-1.69084522411128,0.00548496951672754,2,3,5,2
"Cancellation",10000,25,4,-21757.5943938772,43984.9161467252,43829.4734100913,7.67121221546289,0.00306243697175043,2,3,5,2
"Cancellation",10000,25,5,-21819.3716509747,44228.2050857559,44033.1396907643,7.13461301846335,0.00702169463214972,2,3,5,2
"Cancellation",10000,26,1,-21628.5866842284,43367.6974529204,43331.1226913595,5.89950140412532,0.0122079159517552,3,5,5,5
"Cancellation",10000,26,2,-21609.6829846252,43449.6244785497,43373.4270586311,16.6432970087414,-0.0395484210055174,3,5,5,5
"Cancellation",10000,26,3,-21408.0700363108,43166.1330067567,43050.3129284805,3.79761265306018,0.0192950629320696,3,5,5,5
"Cancellation",10000,26,4,-21502.495256212,43474.7178713947,43319.2751347608,7.5515193612588,-0.00532122286529171,3,5,5,5
"Cancellation",10000,26,5,-21793.9556588458,44177.3731014981,43982.3077065065,14.5792678606256,0.0150803782244861,3,5,5,5
"Cancellation",10000,27,1,-21671.2160216155,43452.9561276947,43416.3813661338,11.545260082321,-0.000680861594571518,1,3,3,3
"Cancellation",10000,27,2,-21936.6556069761,44103.5697232516,44027.372303333,-1.75748680513748,0.0379055799683432,1,3,3,3
"Cancellation",10000,27,3,-21616.3810028835,43582.754939902,43466.9348616258,-1.28827159166536,0.049669065501299,1,3,3,3
"Cancellation",10000,27,4,-21902.2162035361,44274.1597660429,44118.717029409,4.1942360708716,0.0347567460052393,1,3,3,3
"Cancellation",10000,27,5,-21643.7960467803,43877.0538773671,43681.9884823755,2.91955344957203,0.0501926197460478,1,3,3,3
"Cancellation",10000,28,1,-21617.8997357944,43346.3235560525,43309.7487944915,-21.1337477806336,0.0646021306944274,1,5,3,1
"Cancellation",10000,28,2,-21828.8224242881,43887.9033578755,43811.7059379569,12.212387898123,0.00388750862659736,1,5,3,1
"Cancellation",10000,28,3,-22008.146462698,44366.2858595312,44250.4657812549,10.1973507229614,0.0187473123194094,1,5,3,1
"Cancellation",10000,28,4,-21872.4928417926,44214.7130425561,44059.2703059221,7.96687873649208,0.0364302073188468,1,5,3,1
"Cancellation",10000,28,5,-21693.3441678456,43976.1501194976,43781.084724506,5.9619892482125,0.0143334789730685,1,5,3,1
"Cancellation",10000,29,1,-21794.8850907733,43700.2942660103,43663.7195044494,-4.42781233246408,0.106168024937077,3,4,5,3
"Cancellation",10000,29,2,-21690.8225031034,43611.9035155063,43535.7060955877,8.1593885283993,0.0281741289252064,3,4,5,3
"Cancellation",10000,29,3,-21604.6724323767,43559.3377988886,43443.5177206123,4.63828989212097,0.0468590731186663,3,4,5,3
"Cancellation",10000,29,4,-21619.195870287,43708.1190995448,43552.6763629109,6.23506922550629,0.00170173453873533,3,4,5,3
"Cancellation",10000,29,5,-21875.9253750911,44341.3125339886,44146.247138997,1.26405254459421,0.00423399538730197,3,4,5,3
"Cancellation",10000,30,1,-21792.0372015898,43694.5984876434,43658.0237260825,18.7109694795354,0.0133204984076781,2,4,3,2
"Cancellation",10000,30,2,-21504.3561956858,43238.9709006709,43162.7734807523,20.4192070808538,-0.0218463616394442,2,4,3,2
"Cancellation",10000,30,3,-21508.389706403,43366.7723469412,43250.9522686649,3.37658795318046,0.041190037112081,2,4,3,2
"Cancellation",10000,30,4,-21616.6378283293,43703.0030156293,43547.5602789954,1.8713856964662,-0.0110828113564064,2,4,3,2
"Cancellation",10000,30,5,-21549.7114790675,43688.8847419414,43493.8193469499,9.40984549861821,-0.00338244759887293,2,4,3,2
"Cancellation",10000,31,1,-21743.6805142242,43597.8851129122,43561.3103513513,13.2442666136141,0.0507896759324642,3,3,2,3
"Cancellation",10000,31,2,-21686.6404985906,43603.5395064807,43527.3420865621,5.96819611121137,0.0450495633818538,3,3,2,3
"Cancellation",10000,31,3,-21635.2643295619,43620.5215932589,43504.7015149826,7.96467947697404,0.0429782410590002,3,3,2,3
"Cancellation",10000,31,4,-21861.3167907929,44192.3609405566,44036.9182039226,10.0993322151397,0.0178844724515311,3,3,2,3
"Cancellation",10000,31,5,-21674.1223442063,43937.706472219,43742.6410772275,11.6813427851212,-0.00885173323377346,3,3,2,3
"Cancellation",10000,32,1,-21555.7764527261,43222.0769899159,43185.502228355,6.09794429679915,0.0333987825869994,2,5,3,2
"Cancellation",10000,32,2,-21284.4780359042,42799.2145811077,42723.0171611892,12.4657548720463,0.0210031289886403,2,5,3,2
"Cancellation",10000,32,3,-21492.2372533198,43334.4674407748,43218.6473624985,-3.08422512837948,0.0389569998972113,2,5,3,2
"Cancellation",10000,32,4,-21799.6689161451,44069.0651912611,43913.6224546272,9.79432126945881,0.0450315454158056,2,5,3,2
"Cancellation",10000,32,5,-21698.4079959846,43986.2777757758,43791.2123807842,12.8239439239638,0.00662975935936482,2,5,3,2
"Cancellation",10000,33,1,-21372.0286255006,42854.5813354649,42818.0065739039,-5.98215734504479,0.069038981507027,1,5,3,1
"Cancellation",10000,33,2,-21812.056601674,43854.3717126474,43778.1742927289,17.7364568053754,0.0147795358439783,1,5,3,1
"Cancellation",10000,33,3,-21594.5828988502,43539.1587318355,43423.3386535593,3.77448571183054,0.0320082040867528,1,5,3,1
"Cancellation",10000,33,4,-21931.3121207493,44332.3516004693,44176.9088638354,8.72395559525689,-0.00220793771537059,1,5,3,1
"Cancellation",10000,33,5,-21469.9978362032,43529.4574562129,43334.3920612213,3.22819346441444,0.0403647143020894,1,5,3,1
"Cancellation",10000,34,1,-21795.3622321841,43701.2485488318,43664.6737872709,-4.36012212829852,0.0958635996761319,3,5,3,3
"Cancellation",10000,34,2,-22109.9317064504,44450.1219222003,44373.9245022817,17.7007408157258,0.0335617567736549,3,5,3,3
"Cancellation",10000,34,3,-21695.9869317149,43741.9667975648,43626.1467192886,-5.19936897192808,0.0308995484453138,3,5,3,3
"Cancellation",10000,34,4,-21770.1092338159,44009.9458266026,43854.5030899687,3.14004330144201,0.0173300161633983,3,5,3,3
"Cancellation",10000,34,5,-21757.8155892175,44105.0929622415,43910.0275672499,4.68417247208444,0.00954717857499853,3,5,3,3
"Cancellation",10000,35,1,-21605.3224849729,43321.1690544096,43284.5942928487,11.7516782673458,0.0247098520427169,3,5,4,3
"Cancellation",10000,35,2,-21728.8579609319,43687.9744311632,43611.7770112446,7.44485080297949,0.0506247563102571,3,5,4,3
"Cancellation",10000,35,3,-21339.4895685238,43028.9720711826,42913.1519929064,3.13162668276818,0.048156563265815,3,5,4,3
"Cancellation",10000,35,4,-21497.5170061023,43464.7613711755,43309.3186345415,-3.83522449887953,0.0297730128311941,3,5,4,3
"Cancellation",10000,35,5,-21650.833660978,43891.1291057625,43696.0637107709,12.8841076323142,0.0281634879927097,3,5,4,3
"Cancellation",10000,36,1,-22153.6791558063,44417.8823960764,44381.3076345155,16.0644452406885,0.0177701153182421,4,5,5,5
"Cancellation",10000,36,2,-22056.9595032964,44344.1775158923,44267.9800959737,6.46518477451802,0.0554021946620757,4,5,5,5
"Cancellation",10000,36,3,-21512.6748901492,43375.3427144334,43259.5226361572,-3.50157572055049,0.0290316057076593,4,5,5,5
"Cancellation",10000,36,4,-21471.8756291483,43413.4786172674,43258.0358806335,10.7440128800365,0.0198826291074488,4,5,5,5
"Cancellation",10000,36,5,-21587.0334237913,43763.5286313892,43568.4632363976,9.54359764408775,0.00928469002124607,4,5,5,5
"Cancellation",10000,37,1,-21725.8412822142,43562.2066488921,43525.6318873312,18.3821265564236,0.0662456323764097,3,5,2,2
"Cancellation",10000,37,2,-21575.5287492152,43381.3160077298,43305.1185878112,1.87780156122685,0.0543493866837378,3,5,2,2
"Cancellation",10000,37,3,-21510.7398398662,43371.4726138675,43255.6525355913,16.0429493823008,-0.00430314575641973,3,5,2,2
"Cancellation",10000,37,4,-21571.3556669069,43612.4386927847,43456.9959561508,2.28293718669968,0.0182471903913033,3,5,2,2
"Cancellation",10000,37,5,-21676.2328316214,43941.9274470493,43746.8620520577,6.62240409222735,0.0316397724391408,3,5,2,2
"Cancellation",10000,38,1,-21838.4855387013,43787.4951618663,43750.9204003053,2.67103336152361,0.0749593284198775,3,5,4,3
"Cancellation",10000,38,2,-21647.6667604684,43525.5920302361,43449.3946103175,7.26569841068311,0.0233644842406576,3,5,4,3
"Cancellation",10000,38,3,-21473.4275105323,43296.8479551997,43181.0278769235,-0.21109947289048,0.0115269655241947,3,5,4,3
"Cancellation",10000,38,4,-21778.9932428549,44027.7138446805,43872.2711080466,12.5625194624745,0.0165700803004661,3,5,4,3
"Cancellation",10000,38,5,-21696.9624276136,43983.3866390336,43788.3212440421,-4.52630031617511,0.0287764001708285,3,5,4,3
"Cancellation",10000,39,1,-21103.6047701923,42317.7336248482,42281.1588632873,6.8812968681388,0.0649324687133189,1,5,4,1
"Cancellation",10000,39,2,-21816.9358152513,43864.130139802,43787.9327198834,11.8277130519712,0.0532903561454789,1,5,4,1
"Cancellation",10000,39,3,-21509.528078502,43369.049091139,43253.2290128627,3.92126493344698,0.00238424527045854,1,5,4,1
"Cancellation",10000,39,4,-21501.9765731925,43473.6805053557,43318.2377687218,6.17083083758204,0.0330026496363349,1,5,4,1
"Cancellation",10000,39,5,-21263.5027714607,43116.4673267278,42921.4019317363,11.1050307085468,-0.0118252749011302,1,5,4,1
"Cancellation",10000,40,1,-21735.9653220112,43582.4547284862,43545.8799669253,2.0580970899961,0.0259149750495464,3,5,4,3
"Cancellation",10000,40,2,-21818.1427859802,43866.5440812598,43790.3466613412,4.48470790997538,0.03917536726547,3,5,4,3
"Cancellation",10000,40,3,-21414.4730452989,43178.9390247329,43063.1189464567,-3.62202656881447,0.0249477721811299,3,5,4,3
"Cancellation",10000,40,4,-21426.5663877764,43322.8601345236,43167.4173978896,14.9671354024817,0.0171419120046925,3,5,4,3
"Cancellation",10000,40,5,-21654.5691424627,43898.6000687319,43703.5346737404,-5.52040211592701,0.0277483800346478,3,5,4,3
"Cancellation",10000,41,1,-21834.4609928997,43779.4460702632,43742.8713087023,12.2379017966846,0.0334426691798521,3,5,4,3
"Cancellation",10000,41,2,-22091.4187324625,44413.0959742245,44336.8985543059,13.9960296909525,0.0524299672170165,3,5,4,3
"Cancellation",10000,41,3,-21403.3661895151,43156.7253131653,43040.905234889,7.3864411147764,0.0197214987414931,3,5,4,3
"Cancellation",10000,41,4,-21934.2123925823,44338.1521441353,44182.7094075014,2.72041876308286,0.011425983580254,3,5,4,3
"Cancellation",10000,41,5,-21830.5681767459,44250.5981372983,44055.5327423067,-2.57475738566052,0.0259144554503352,3,5,4,3
"Cancellation",10000,42,1,-21885.601140859,43881.7263661817,43845.1516046208,17.9980353850391,0.0806083378437237,4,3,4,4
"Cancellation",10000,42,2,-22011.6751957011,44253.6089007015,44177.4114807829,7.16951764286947,0.027441252607941,4,3,4,4
"Cancellation",10000,42,3,-21790.5500939788,43931.0931220926,43815.2730438163,5.34012258462948,0.0538353659012325,4,3,4,4
"Cancellation",10000,42,4,-21616.8312887884,43703.3899365476,43547.9471999137,4.00209748857161,0.0112526842394338,4,3,4,4
"Cancellation",10000,42,5,-21753.7846901075,44097.0311640214,43901.9657690299,-2.18392931936052,0.0172229885816653,4,3,4,4
"Cancellation",10000,43,1,-22257.8461581779,44626.2164008196,44589.6416392587,20.2283543388248,0.048254274243586,3,3,3,3
"Cancellation",10000,43,2,-22163.4194424425,44557.0973941844,44480.8999742658,9.67286245041206,0.0264737303759302,3,3,3,3
"Cancellation",10000,43,3,-21538.4168658617,43426.8266658585,43311.0065875823,8.56079892487956,-0.00723987474957853,3,3,3,3
"Cancellation",10000,43,4,-22068.0788138259,44605.8849866227,44450.4422499887,14.3139340018031,0.0102466972443528,3,3,3,3
"Cancellation",10000,43,5,-21775.4743620831,44140.4105079727,43945.3451129811,5.06104778650423,0.00250513412089543,3,3,3,3
"Cancellation",10000,44,1,-21370.3895528645,42851.3031901927,42814.7284286318,6.15589154402856,0.017175781664534,1,5,4,1
"Cancellation",10000,44,2,-21945.7898042617,44121.8381178228,44045.6406979042,-3.41256823889008,0.0597295260819886,1,5,4,1
"Cancellation",10000,44,3,-21866.4084978811,44082.8099298973,43966.9898516211,6.72460219863429,0.0628195144169142,1,5,4,1
"Cancellation",10000,44,4,-21835.0071916966,44139.741742364,43984.2990057301,2.2495067831222,0.0334985928538075,1,5,4,1
"Cancellation",10000,44,5,-21786.366984574,44162.1957529544,43967.1303579628,6.70567990755056,0.00991817870105573,1,5,4,1
"Cancellation",10000,45,1,-21952.510807875,44015.5457002137,43978.9709386527,-9.42594040008381,0.0997772305891415,4,3,3,3
"Cancellation",10000,45,2,-21635.6995312549,43501.6575718093,43425.4601518907,4.06676779741131,0.0171053786617712,4,3,3,3
"Cancellation",10000,45,3,-21642.9083165763,43635.8095672878,43519.9894890115,2.29551861114536,0.0358502866771717,4,3,3,3
"Cancellation",10000,45,4,-21375.4391200857,43220.6055991423,43065.1628625083,-4.90811065967935,0.0184215338012518,4,3,3,3
"Cancellation",10000,45,5,-21411.0361892826,43411.5341623717,43216.4687673801,0.598190780119343,0.010366575866156,4,3,3,3
"Cancellation",10000,46,1,-21436.7297672377,42983.983618939,42947.4088573781,-6.2098011372918,0.0679911493958316,3,5,4,3
"Cancellation",10000,46,2,-21513.3555026475,43256.9695145945,43180.7720946759,10.7971093974873,-0.00810472514671072,3,5,4,3
"Cancellation",10000,46,3,-21307.0767046485,42964.1463434321,42848.3262651558,5.86680511117123,-0.00244644446477274,3,5,4,3
"Cancellation",10000,46,4,-21761.0964809626,43991.9203208959,43836.477584262,-0.551337592193929,0.00674615987647753,3,5,4,3
"Cancellation",10000,46,5,-21757.4227520914,44104.3072879893,43909.2418929977,11.8437986303011,0.0149909257432469,3,5,4,3
"Cancellation",10000,47,1,-21292.3525388722,42695.2291622081,42658.6544006472,3.36962449346267,0.00534980922484184,1,5,2,1
"Cancellation",10000,47,2,-21660.7071746347,43551.6728585689,43475.4754386503,9.98324836094592,0.00885620578434403,1,5,2,1
"Cancellation",10000,47,3,-21653.1971353607,43656.3872048565,43540.5671265803,5.52021076937076,0.0184084471038411,1,5,2,1
"Cancellation",10000,47,4,-21659.9456425759,43789.6186441225,43634.1759074886,15.1073828070066,0.0110597670004151,1,5,2,1
"Cancellation",10000,47,5,-21313.9069942857,43217.2757723778,43022.2103773862,12.379141499206,0.0330284410655271,1,5,2,1
"Cancellation",10000,48,1,-21704.9845400947,43520.493164653,43483.9184030921,2.10355730661767,0.0183883085534247,1,5,3,1
"Cancellation",10000,48,2,-21899.8592555452,44029.9770203899,43953.7796004713,-7.75585173646581,0.0383574189664408,1,5,3,1
"Cancellation",10000,48,3,-21635.1240277825,43620.2409897001,43504.4209114238,3.98393754587003,0.020548552627021,1,5,3,1
"Cancellation",10000,48,4,-21858.6548944808,44187.0371479325,44031.5944112985,6.79135733730168,0.0371790641438605,1,5,3,1
"Cancellation",10000,48,5,-21600.1518842856,43789.7655523777,43594.7001573861,2.93939159488832,0.0141919133823706,1,5,3,1
"Cancellation",10000,49,1,-21440.8952950752,42992.314674614,42955.7399130531,2.88293512762908,0.052380740434033,1,4,2,1
"Cancellation",10000,49,2,-21814.3887663846,43859.0360420686,43782.83862215,2.43033007704438,0.0476891731470591,1,4,2,1
"Cancellation",10000,49,3,-22016.6446214139,44383.2821769629,44267.4620986866,8.42354784975457,0.0102948064365194,1,4,2,1
"Cancellation",10000,49,4,-21644.0469613835,43757.8212817378,43602.3785451038,8.82775305723222,0.0182155981945292,1,4,2,1
"Cancellation",10000,49,5,-21419.5532844661,43428.5683527387,43233.5029577472,6.69354770059242,0.0229007488874875,1,4,2,1
"Cancellation",10000,50,1,-21452.8774363467,43016.2789571571,42979.7041955961,-5.43246252458465,0.000798064172923527,3,5,3,3
"Cancellation",10000,50,2,-21730.4300477948,43691.118604889,43614.9211849704,2.73185826250697,0.0447528144846282,3,5,3,3
"Cancellation",10000,50,3,-21323.6224721656,42997.2378784662,42881.41780019,-0.947888178739592,0.0121272855146981,3,5,3,3
"Cancellation",10000,50,4,-21593.7489876133,43657.2253341973,43501.7825975634,-7.40538510446662,0.0411268269851009,3,5,3,3
"Cancellation",10000,50,5,-21714.9342536196,44019.3302910458,43824.2648960542,10.5970457688008,0.00799192291642336,3,5,3,3
"Cancellation",50000,1,1,-108178.64122712,216487.119793652,216434.197729921,-10.6237763210382,0.106692277032681,4,5,5,5
"Cancellation",50000,1,2,-107910.50771728,216091.509891671,215981.255592229,-7.03709129579089,0.0297134338503578,4,5,5,5
"Cancellation",50000,1,3,-109912.207442596,220235.56646,220067.979924849,17.303067028268,0.0116339351683339,4,5,5,5
"Cancellation",50000,1,4,-107130.074939483,214811.95857147,214587.03980061,-1.90214320176424,0.0101350912579088,4,5,5,5
"Cancellation",50000,1,5,-109412.132610131,219516.731030464,219234.480023894,0.0434579786001947,0.0265753429210058,4,5,5,5
"Cancellation",50000,2,1,-110458.879306817,221047.595953047,220994.673889315,3.91036980588977,0.0413509779079826,4,5,3,3
"Cancellation",50000,2,2,-107589.191124517,215448.876706144,215338.622406703,8.47656524117845,0.0316440432850693,4,5,3,3
"Cancellation",50000,2,3,-108868.595535254,218148.342645315,217980.756110165,4.38352231267237,0.0229455189471344,4,5,3,3
"Cancellation",50000,2,4,-107421.249266093,215394.30722469,215169.38845383,-6.88129467458025,0.024436266098113,4,5,3,3
"Cancellation",50000,2,5,-108437.352000211,217567.169810625,217284.918804055,-2.88883237308851,0.000109654227160516,4,5,3,3
"Cancellation",50000,3,1,-107821.752282903,215773.341905219,215720.419841487,2.68418822690501,0.0149287380011818,1,5,3,1
"Cancellation",50000,3,2,-108637.931804418,217546.358065947,217436.103766505,1.29238738554383,0.020522732448172,1,5,3,1
"Cancellation",50000,3,3,-108332.009154243,217075.169883293,216907.583348142,17.6800352424054,0.0296521671568003,1,5,3,1
"Cancellation",50000,3,4,-108992.348246814,218536.505186133,218311.586415273,7.27374279248791,0.0539883444207828,1,5,3,1
"Cancellation",50000,3,5,-107997.490173254,216687.446156711,216405.195150141,3.94468724352812,0.0162966442018684,1,5,3,1
"Cancellation",50000,4,1,-109374.589677722,218879.016694857,218826.094631125,-9.55832773103775,0.0814785114820627,5,5,4,5
"Cancellation",50000,4,2,-109258.919257806,218788.332972722,218678.078673281,5.24761081157503,0.000434580687479542,5,5,4,5
"Cancellation",50000,4,3,-107708.888295037,215828.928164881,215661.34162973,-5.67647853124857,0.0250200842200821,5,5,4,5
"Cancellation",50000,4,4,-108737.040485923,218025.889664351,217800.970893491,12.0799099455506,-0.00811599928417286,5,5,4,5
"Cancellation",50000,4,5,-107442.174197052,215576.814204307,215294.563197737,-6.09306469342491,-0.00696761646416648,5,5,4,5
"Cancellation",50000,5,1,-106519.981001478,213169.799342369,213116.877278637,-11.2273897259206,0.0655082767572312,1,5,4,1
"Cancellation",50000,5,2,-110562.057168557,221394.608794225,221284.354494784,12.7403758141172,0.0523716487742044,1,5,4,1
"Cancellation",50000,5,3,-109124.342923529,218659.837421865,218492.250886715,-5.11180638740952,0.0256457299218893,1,5,4,1
"Cancellation",50000,5,4,-108819.777378873,218191.363450251,217966.44467939,-1.09691891361862,0.0125618573394009,1,5,4,1
"Cancellation",50000,5,5,-108842.329731556,218377.125273313,218094.874266744,-0.453174167820318,0.0296567644831633,1,5,4,1
"Cancellation",50000,6,1,-108902.248606342,217934.334552097,217881.412488365,15.2883715074711,-0.00820702980216545,3,5,4,3
"Cancellation",50000,6,2,-107424.978785406,215120.452027923,215010.197728482,-3.83360305282489,0.0660403981853672,3,5,4,3
"Cancellation",50000,6,3,-106953.418893031,214317.989360869,214150.402825719,3.36795632881871,-0.0103362771897164,3,5,4,3
"Cancellation",50000,6,4,-108978.223115586,218508.254923677,218283.336152817,12.4574903832055,0.0224903243645467,3,5,4,3
"Cancellation",50000,6,5,-107747.348867916,216187.163546034,215904.912539464,-5.78723076307729,0.00511048975838168,3,5,4,3
"Cancellation",50000,7,1,-108454.271748043,217038.380835498,216985.458771766,-4.19497603707285,0.0737719478575076,1,5,3,1
"Cancellation",50000,7,2,-108944.32611644,218159.146689991,218048.892390549,1.54234659550855,0.0226739961140351,1,5,3,1
"Cancellation",50000,7,3,-108458.297499588,217327.746573984,217160.160038833,4.53986666058976,0.0265801348669579,1,5,3,1
"Cancellation",50000,7,4,-108982.553885717,218516.91646394,218291.99769308,-1.73189936674435,0.0200528319440881,1,5,3,1
"Cancellation",50000,7,5,-108407.834013561,217508.133837325,217225.882830755,5.05176796702902,0.0319202134851723,1,5,3,1
"Cancellation",50000,8,1,-107612.963016336,215355.763372086,215302.841308354,1.09627463427152,0.0112514058517373,1,5,2,1
"Cancellation",50000,8,2,-108561.505059802,217393.504576714,217283.250277273,7.49449651988365,0.00815764852153117,1,5,2,1
"Cancellation",50000,8,3,-108671.359218273,217753.870011353,217586.283476202,9.66053355829543,0.0101622052069154,1,5,2,1
"Cancellation",50000,8,4,-108435.651068778,217423.110830061,217198.192059201,-3.25255766184112,0.0101609925138938,1,5,2,1
"Cancellation",50000,8,5,-108139.427673163,216971.321156529,216689.070149959,-5.75910961228593,0.0117853844659473,1,5,2,1
"Cancellation",50000,9,1,-106685.235856755,213500.309052922,213447.38698919,3.55521294819824,0.0235316282676601,1,4,5,1
"Cancellation",50000,9,2,-108330.742453914,216931.979364939,216821.725065498,8.12826327456251,0.0544889733160251,1,4,5,1
"Cancellation",50000,9,3,-107053.068803692,214517.289182191,214349.70264704,12.008664278781,0.0244031945083295,1,4,5,1
"Cancellation",50000,9,4,-108676.813200145,217905.435092795,217680.516321935,11.4696028844373,0.0109829063862187,1,4,5,1
"Cancellation",50000,9,5,-109023.983051529,218740.43191326,218458.18090669,7.69955565661258,0.0111824012870053,1,4,5,1
"Cancellation",50000,10,1,-108360.593926556,216851.025192524,216798.103128793,7.59537409603632,0.0329871606264461,3,5,5,5
"Cancellation",50000,10,2,-108106.828637603,216484.151732316,216373.897432875,2.74306762125173,0.0290947855634278,3,5,5,5
"Cancellation",50000,10,3,-106470.370179895,213351.891934599,213184.305399448,9.89387728357145,0.00603327843682132,3,5,5,5
"Cancellation",50000,10,4,-108185.624835474,216923.058363452,216698.139592592,11.982294764835,0.0320000303096273,3,5,5,5
"Cancellation",50000,10,5,-107399.684897197,215491.835604597,215209.584598027,-0.755015513529389,0.0316016334997456,3,5,5,5
"Same-Sign",2000,1,1,-4339.82135300619,8770.85353552688,8749.37003664066,-10.3538584052022,0.116831292987785,1,4,2,1
"Same-Sign",2000,1,2,-4338.03680506748,8866.09617162352,8821.33888227723,1.43112394104365,0.0416823860787072,1,4,2,1
"Same-Sign",2000,1,3,-4296.10807813866,8881.05044973991,8813.01936993356,-1.74521003549464,0.0803204321725474,1,4,2,1
"Same-Sign",2000,1,4,-4297.57986372535,8982.80575288734,8891.50088262092,-1.41683728991408,0.0336129238703343,1,4,2,1
"Same-Sign",2000,1,5,-4269.64002956996,9025.73781655061,8911.15915582413,3.44193141267157,0.0395548680651903,1,4,2,1
"Same-Sign",2000,2,1,-4335.25606432761,8761.72295816972,8740.2394592835,4.01116057510461,0.0411310997590374,1,4,5,1
"Same-Sign",2000,2,2,-4386.47431877807,8962.9711990447,8918.21390969842,7.64259318929124,0.0196425311722786,1,4,5,1
"Same-Sign",2000,2,3,-4336.88854544315,8962.61138434891,8894.58030454256,-6.20268092341831,0.0243103743020256,1,4,5,1
"Same-Sign",2000,2,4,-4307.7527183355,9003.15146210765,8911.84659184123,-4.6103408384915,0.0117625511925183,1,4,5,1
"Same-Sign",2000,2,5,-4358.69040774844,9203.83857290758,9089.2599121811,-6.81792144891336,0.0393675970442501,1,4,5,1
"Same-Sign",2000,3,1,-4287.89522201993,8667.00127355436,8645.51777466815,7.38435016173718,0.0254031100005335,1,3,3,3
"Same-Sign",2000,3,2,-4369.46182833435,8928.94621815724,8884.18892881096,3.80832533937682,0.0185528178817205,1,3,3,3
"Same-Sign",2000,3,3,-4312.26010485887,8913.35450318035,8845.323423374,3.05623619747928,0.0590664979060895,1,3,3,3
"Same-Sign",2000,3,4,-4321.58492281056,9030.81587105777,8939.51100079135,-4.82179037343707,0.0460972034992384,1,3,3,3
"Same-Sign",2000,3,5,-4351.41867544013,9189.29510829096,9074.71644756448,6.14033905495765,0.0213467208481902,1,3,3,3
"Same-Sign",2000,4,1,-4392.830770589,8876.8723706925,8855.38887180628,7.70827386864324,0.0922108063556654,2,5,3,2
"Same-Sign",2000,4,2,-4300.19928212914,8790.42112574683,8745.66383640055,8.89942146806158,0.0409986082472888,2,5,3,2
"Same-Sign",2000,4,3,-4324.27892939134,8937.39215224527,8869.36107243892,2.27825565573081,0.0264730331661287,2,5,3,2
"Same-Sign",2000,4,4,-4324.96353531059,9037.57309605783,8946.26822579141,0.141045495659848,0.0488323228042998,2,5,3,2
"Same-Sign",2000,4,5,-4287.16871700071,9060.79519141212,8946.21653068564,11.7781854113335,0.015654154429607,2,5,3,2
"Same-Sign",2000,5,1,-4295.72346082604,8682.65775116659,8661.17425228037,15.6816137801036,-0.0213368545888316,1,3,2,1
"Same-Sign",2000,5,2,-4317.65079750668,8825.32415650191,8780.56686715562,12.0785537410109,0.0467361766881453,1,3,2,1
"Same-Sign",2000,5,3,-4317.68956397796,8924.21342141852,8856.18234161217,13.83914931896,0.00718106634613953,1,3,2,1
"Same-Sign",2000,5,4,-4254.31786013508,8896.2817457068,8804.97687544039,2.30854461290564,0.0444353705593729,1,3,2,1
"Same-Sign",2000,5,5,-4288.44249384497,9063.34274510063,8948.76408437414,9.06261316799367,0.0101870785342112,1,3,2,1
"Same-Sign",2000,6,1,-4358.85955253125,8808.92993457701,8787.44643569079,6.11164145388526,0.0396662806476293,1,4,2,1
"Same-Sign",2000,6,2,-4340.80137106701,8871.62530362258,8826.8680142763,4.80252220628817,0.0292139544949934,1,4,2,1
"Same-Sign",2000,6,3,-4319.71123846227,8928.25677038714,8860.22569058079,1.89184536930404,0.0256898002526891,1,4,2,1
"Same-Sign",2000,6,4,-4350.38423334964,9088.41449213592,8997.1096218695,1.31758721846843,0.0669287306555927,1,4,2,1
"Same-Sign",2000,6,5,-4393.1894072558,9272.83657192229,9158.25791119581,9.35007195223596,0.0194360003583142,1,4,2,1
"Same-Sign",2000,7,1,-4312.72825947928,8716.66734847306,8695.18384958684,-3.40456040686273,0.0708411083158179,1,5,2,1
"Same-Sign",2000,7,2,-4326.73512984187,8843.4928211723,8798.73553182602,-3.96740017097759,0.0515674416583871,1,5,2,1
"Same-Sign",2000,7,3,-4340.24367085775,8969.32163517809,8901.29055537174,10.9470783916733,0.0414956239636175,1,5,2,1
"Same-Sign",2000,7,4,-4358.10198823813,9103.8500019129,9012.54513164648,3.23699463323579,-0.000189651957238606,1,5,2,1
"Same-Sign",2000,7,5,-4244.62160560658,8975.70096862385,8861.12230789737,6.71483423499705,0.0254005740861578,1,5,2,1
"Same-Sign",2000,8,1,-4295.24596891754,8681.70276734958,8660.21926846337,20.3024521462839,-0.0112607645154157,1,5,4,1
"Same-Sign",2000,8,2,-4275.33897482331,8740.70051113517,8695.94322178889,1.18625212477406,0.0418462495672887,1,5,4,1
"Same-Sign",2000,8,3,-4323.68562175718,8936.20553697697,8868.17445717062,9.2431315348897,0.0264149717855838,1,5,4,1
"Same-Sign",2000,8,4,-4329.67224914906,9046.99052373477,8955.68565346835,1.92072915899558,0.0177784255706867,1,5,4,1
"Same-Sign",2000,8,5,-4360.44296474417,9207.34368689904,9092.76502617256,9.90562853727858,0.00545050339688016,1,5,4,1
"Same-Sign",2000,9,1,-4295.57612143028,8682.36307237506,8660.87957348885,1.78392983355556,0.0603217681751702,1,5,2,1
"Same-Sign",2000,9,2,-4303.38096208679,8796.78448566214,8752.02719631586,1.66223590286903,-0.0057419679290013,1,5,2,1
"Same-Sign",2000,9,3,-4243.13628618961,8775.10686584182,8707.07578603547,8.38480178323081,0.000738965979627636,1,5,2,1
"Same-Sign",2000,9,4,-4314.59465536748,9016.8353361716,8925.53046590519,-0.365093520236233,0.0584081353585385,1,5,2,1
"Same-Sign",2000,9,5,-4258.73765260988,9003.93306263044,8889.35440190396,6.11920552526801,0.0143706343417645,1,5,2,1
"Same-Sign",2000,10,1,-4299.73050629999,8690.67184211449,8669.18834322827,-4.30924251435243,0.103615276388261,2,5,2,2
"Same-Sign",2000,10,2,-4251.62669043807,8693.27594236468,8648.5186530184,11.6783396833039,-0.020196048455991,2,5,2,2
"Same-Sign",2000,10,3,-4329.30068809452,8947.43566965165,8879.4045898453,14.6779918079643,0.0312361287214545,2,5,2,2
"Same-Sign",2000,10,4,-4359.09441441844,9105.83485427352,9014.5299840071,8.23466737886099,0.0276841339994034,2,5,2,2
"Same-Sign",2000,10,5,-4300.12422028358,9086.70619797784,8972.12753725136,14.2069374381795,0.035202994620705,2,5,2,2
"Same-Sign",2000,11,1,-4356.5865479115,8804.38392533751,8782.9004264513,-8.40068895742638,0.109791096106738,1,5,3,1
"Same-Sign",2000,11,2,-4395.56267833321,8981.14791815498,8936.3906288087,5.14256883444034,0.0381285377495317,1,5,3,1
"Same-Sign",2000,11,3,-4304.77249389458,8898.37928125176,8830.34820144541,-11.170308580297,0.0154145447592802,1,5,3,1
"Same-Sign",2000,11,4,-4309.37953251521,9006.40509046707,8915.10022020065,-4.1548376613559,0.0335532264279151,1,5,3,1
"Same-Sign",2000,11,5,-4341.6000186,9169.6577946107,9055.07913388421,3.3592744944697,0.029728157072406,1,5,3,1
"Same-Sign",2000,12,1,-4263.58070266028,8618.37223483506,8596.88873594884,1.82858665879184,0.060523873582345,1,5,1,1
"Same-Sign",2000,12,2,-4298.42432010565,8786.87120169986,8742.11391235357,16.5490366851056,0.0379523095702715,1,5,1,1
"Same-Sign",2000,12,3,-4299.35650909413,8887.54731165086,8819.51623184451,-5.70210646404804,0.018518435321349,1,5,1,1
"Same-Sign",2000,12,4,-4360.82992659868,9109.305878634,9018.00100836758,3.34884730151544,-0.0215161335259158,1,5,1,1
"Same-Sign",2000,12,5,-4346.45686373081,9179.3714848723,9064.79282414582,6.04119464940487,0.000475328500328939,1,5,1,1
"Same-Sign",2000,13,1,-4335.3575027772,8761.9258350689,8740.44233618268,3.69562481891957,0.0458575184511139,1,4,2,1
"Same-Sign",2000,13,2,-4385.04708425626,8960.11673000107,8915.35944065478,12.1949006611078,0.0305254809618588,1,4,2,1
"Same-Sign",2000,13,3,-4330.29155121945,8949.41739590151,8881.38631609516,2.74547167059815,0.0267098927608564,1,4,2,1
"Same-Sign",2000,13,4,-4282.85783139028,8953.36168821721,8862.0568179508,4.61981270189495,0.00768491935951205,1,4,2,1
"Same-Sign",2000,13,5,-4329.13341230098,9144.72458201265,9030.14592128617,-6.48799524428792,0.0554093992879043,1,4,2,1
"Same-Sign",2000,14,1,-4356.86988290481,8804.95059532412,8783.46709643791,-5.4121309306885,0.0612824739981792,1,5,3,1
"Same-Sign",2000,14,2,-4368.5201751035,8927.06291169554,8882.30562234926,-4.14912160584539,0.0585249455707164,1,5,3,1
"Same-Sign",2000,14,3,-4343.58291353451,8976.00012053162,8907.96904072527,12.8889487202001,0.0113071771816656,1,5,3,1
"Same-Sign",2000,14,4,-4317.35762567274,9022.36127678212,8931.0564065157,-0.00651551792854596,-0.00272019964561077,1,5,3,1
"Same-Sign",2000,14,5,-4334.7302247548,9155.91820692029,9041.3395461938,5.96251119724064,0.0297741660054302,1,5,3,1
"Same-Sign",2000,15,1,-4294.48556600433,8680.18196152316,8658.69846263694,-5.9621015646368,0.0603379923816004,1,3,5,1
"Same-Sign",2000,15,2,-4278.28064096078,8746.58384341012,8701.82655406384,7.43913622972461,0.000698540001446691,1,3,5,1
"Same-Sign",2000,15,3,-4380.63549555307,9050.10528456873,8982.07420476238,6.3553078405129,0.0163637949028375,1,3,5,1
"Same-Sign",2000,15,4,-4300.97304975813,8989.59212495291,8898.2872546865,-0.104740738403374,-0.00351722184400046,1,3,5,1
"Same-Sign",2000,15,5,-4335.53735069832,9157.53245880734,9042.95379808085,-0.220582764218234,-0.00383663040648172,1,3,5,1
"Same-Sign",2000,16,1,-4420.5061863208,8932.2232021561,8910.73970326989,22.5504138198318,0.0684727923962916,2,3,2,2
"Same-Sign",2000,16,2,-4215.5959321677,8621.21442582395,8576.45713647767,18.0988353909507,0.0418396165981597,2,3,2,2
"Same-Sign",2000,16,3,-4342.39796501178,8973.63022348616,8905.59914367981,18.6349613629378,-0.0111861572618997,2,3,2,2
"Same-Sign",2000,16,4,-4268.95383257755,8925.55369059175,8834.24882032533,5.25570271610697,0.0456756355084055,2,3,2,2
"Same-Sign",2000,16,5,-4233.39156472586,8953.24088686241,8838.66222613592,7.89533122969797,0.025587060894696,2,3,2,2
"Same-Sign",2000,17,1,-4334.6296789769,8760.4701874683,8738.98668858208,10.6672578386279,0.0312831558154433,1,5,4,1
"Same-Sign",2000,17,2,-4327.04530820681,8844.11317790217,8799.35588855589,8.95256453394699,-0.000592666310424397,1,5,4,1
"Same-Sign",2000,17,3,-4303.6093450597,8896.05298358201,8828.02190377565,-3.75998537440727,0.0365005570714762,1,5,4,1
"Same-Sign",2000,17,4,-4319.0730469086,9025.79211925384,8934.48724898742,-9.01427627993843,0.0476281942867755,1,5,4,1
"Same-Sign",2000,17,5,-4305.39842966255,9097.25461673579,8982.67595600931,-0.897488403633755,0.00919585832286542,1,5,4,1
"Same-Sign",2000,18,1,-4319.58616611584,8730.38316174619,8708.89966285997,8.3770086097888,0.0656528074516469,1,5,5,5
"Same-Sign",2000,18,2,-4427.79946276956,9045.62148702767,9000.86419768139,5.16564601033475,0.0399038050768651,1,5,5,5
"Same-Sign",2000,18,3,-4281.75767374861,8852.34964095982,8784.31856115347,-11.0691311866006,0.0611087558879172,1,5,5,5
"Same-Sign",2000,18,4,-4336.27895411714,9060.20393367092,8968.8990634045,-4.71442789451473,0.00839710339886292,1,5,5,5
"Same-Sign",2000,18,5,-4378.96622108775,9244.39019958619,9129.81153885971,6.71414064157662,-0.000391589095886661,1,5,5,5
"Same-Sign",2000,19,1,-4276.07029690259,8643.35142331968,8621.86792443347,-7.3159511844488,0.034782011511899,1,5,3,1
"Same-Sign",2000,19,2,-4325.43211204766,8840.88678558387,8796.12949623758,-4.74175706874004,0.0901920043966953,1,5,3,1
"Same-Sign",2000,19,3,-4317.82771731398,8924.48972809057,8856.45864828422,1.48315744851257,0.0270597769514976,1,5,3,1
"Same-Sign",2000,19,4,-4304.26833534963,8996.1826961359,8904.87782586948,-3.13359167977874,0.0227771869115467,1,5,3,1
"Same-Sign",2000,19,5,-4281.56783008111,9049.59341757291,8935.01475684643,-6.32021419326657,0.0191551688959958,1,5,3,1
"Same-Sign",2000,20,1,-4366.6600053152,8824.5308401449,8803.04734125868,4.00669002852818,0.131673227305742,2,4,2,2
"Same-Sign",2000,20,2,-4270.56208416692,8731.1467298224,8686.38944047611,5.85192949656653,0.0330597272903508,2,4,2,2
"Same-Sign",2000,20,3,-4297.47555984378,8883.78541315016,8815.75433334381,8.24501119926556,-0.000386695451654869,2,4,2,2
"Same-Sign",2000,20,4,-4350.65461581226,9088.95525706116,8997.65038679474,7.59505938933429,0.0222044078779656,2,4,2,2
"Same-Sign",2000,20,5,-4265.76547234837,9017.98870210744,8903.41004138095,13.5832482254913,0.0561631003095476,2,4,2,2
"Same-Sign",2000,21,1,-4380.15492584049,8851.52068119549,8830.03718230927,13.8119214386159,0.0139986306136275,3,4,4,4
"Same-Sign",2000,21,2,-4344.60492096634,8879.23240342123,8834.47511407495,-17.8062355335954,0.0421410872050109,3,4,4,4
"Same-Sign",2000,21,3,-4292.66229607922,8874.15888562104,8806.12780581469,0.184503613116666,0.0237323234760094,3,4,4,4
"Same-Sign",2000,21,4,-4347.77090962623,9083.18784468911,8991.88297442269,1.65187224552482,0.00962493338660118,3,4,4,4
"Same-Sign",2000,21,5,-4322.47608525562,9131.40992792193,9016.83126719544,-2.73763865866366,0.0356635635229748,3,4,4,4
"Same-Sign",2000,22,1,-4302.39091809221,8695.99266569892,8674.50916681271,-9.10347049375061,0.11587046699481,1,5,3,1
"Same-Sign",2000,22,2,-4350.43661546504,8890.89579241862,8846.13850307234,12.939825652958,0.0384377149722911,1,5,3,1
"Same-Sign",2000,22,3,-4251.01204977487,8790.85839301235,8722.827313206,-2.92499552753711,0.00580427396896662,1,5,3,1
"Same-Sign",2000,22,4,-4272.53439595429,8932.71481734522,8841.4099470788,0.227442494496745,0.0100533978131962,1,5,3,1
"Same-Sign",2000,22,5,-4353.50888501814,9193.47552744698,9078.89686672049,3.62806987479423,0.00987958559434229,1,5,3,1
"Same-Sign",2000,23,1,-4281.99552485249,8655.20187921948,8633.71838033327,4.06534170496777,0.0571218341873945,1,5,3,1
"Same-Sign",2000,23,2,-4345.10864303447,8880.23984755749,8835.48255821121,-2.58596608788625,0.0573743346643106,1,5,3,1
"Same-Sign",2000,23,3,-4309.61632704541,8908.06694755341,8840.03586774706,4.6305891429127,0.0358572022723997,1,5,3,1
"Same-Sign",2000,23,4,-4338.24372771589,9064.13348086842,8972.82861060201,-2.41208520399593,0.0164524935681083,1,5,3,1
"Same-Sign",2000,23,5,-4324.75669188543,9135.97114118155,9021.39248045507,15.2751211601009,0.0182646980978972,1,5,3,1
"Same-Sign",2000,24,1,-4365.17446037133,8821.55975025716,8800.07625137095,7.16347012464384,0.0907294532797789,2,5,2,2
"Same-Sign",2000,24,2,-4299.44823062005,8788.91902272866,8744.16173338237,-8.87959645052238,0.0638950716259815,2,5,2,2
"Same-Sign",2000,24,3,-4362.37106199478,9013.57641745216,8945.54533764581,-5.47872625115481,0.0281065231387482,2,5,2,2
"Same-Sign",2000,24,4,-4347.59840177045,9082.84282897755,8991.53795871113,-1.142616341035,0.0089308760271252,2,5,2,2
"Same-Sign",2000,24,5,-4259.7500487431,9005.95785489689,8891.37919417041,-9.1527384510204,0.0495545440195172,2,5,2,2
"Same-Sign",2000,25,1,-4331.56028611723,8754.33140174896,8732.84790286274,-7.66468323691676,0.0947708559376251,1,3,2,1
"Same-Sign",2000,25,2,-4363.31350598987,8916.64957346828,8871.892284122,-0.242074530008163,0.0311770935471281,1,3,2,1
"Same-Sign",2000,25,3,-4320.34334175503,8929.52097697266,8861.48989716631,0.0139092875290728,0.0539074870706492,1,3,2,1
"Same-Sign",2000,25,4,-4326.47610546392,9040.59823636449,8949.29336609807,8.40040319755933,0.0379810426557984,1,3,2,1
"Same-Sign",2000,25,5,-4278.44795015358,9043.35365771785,8928.77499699136,-3.39301644018219,0.0122996427581706,1,3,2,1
"Same-Sign",2000,26,1,-4413.16070819516,8917.53224590481,8896.0487470186,0.828221185850557,0.12236062491105,2,3,4,2
"Same-Sign",2000,26,2,-4285.62889685771,8761.28035520397,8716.52306585768,5.01652983329168,0.0155755684317534,2,3,4,2
"Same-Sign",2000,26,3,-4404.99268593542,9098.81966533344,9030.78858552709,5.5720106083369,0.0423164860443407,2,3,4,2
"Same-Sign",2000,26,4,-4389.90744251753,9167.4609104717,9076.15604020529,2.59281849618533,0.0227588897131988,2,3,4,2
"Same-Sign",2000,26,5,-4380.37600840816,9247.20977422701,9132.63111350052,-1.84471789044994,0.018170752924891,2,3,4,2
"Same-Sign",2000,27,1,-4345.06267208245,8781.33617367941,8759.8526747932,-4.34465766642803,0.117655591253586,3,5,2,2
"Same-Sign",2000,27,2,-4432.84215260183,9055.7068666922,9010.94957734592,11.5286170777633,0.0692245105145603,3,5,2,2
"Same-Sign",2000,27,3,-4255.92301957846,8800.68033261952,8732.64925281317,3.39627410724059,0.0654128216196163,3,5,2,2
"Same-Sign",2000,27,4,-4314.99790735902,9017.64184015469,8926.33696988828,13.0081292422637,0.0547340391882353,3,5,2,2
"Same-Sign",2000,27,5,-4269.40013030669,9025.25801802408,8910.6793572976,0.545788241053675,0.0341509076435644,3,5,2,2
"Same-Sign",2000,28,1,-4329.72060617321,8750.65204186092,8729.1685429747,6.6944864611275,0.0816539124274675,1,5,2,1
"Same-Sign",2000,28,2,-4328.61741410952,8847.2573897076,8802.50010036132,-0.706543523909495,0.0170684670417232,1,5,2,1
"Same-Sign",2000,28,3,-4300.80060171465,8890.43549689189,8822.40441708554,3.72961619058027,0.00918599825872104,1,5,2,1
"Same-Sign",2000,28,4,-4338.18733166912,9064.02068877488,8972.71581850846,8.34607745039715,0.0501472876391705,1,5,2,1
"Same-Sign",2000,28,5,-4350.70089248214,9187.85954237497,9073.28088164849,0.737494839902658,0.0101804388839492,1,5,2,1
"Same-Sign",2000,29,1,-4327.3483694968,8745.9075685081,8724.42406962189,-4.01780032349719,0.0313477003314042,1,4,4,4
"Same-Sign",2000,29,2,-4307.6316526196,8805.28586672776,8760.52857738147,-1.37087140017211,0.0693858660394196,1,4,4,4
"Same-Sign",2000,29,3,-4357.66375420132,9004.16180186525,8936.1307220589,4.63602256492952,0.0642723336625956,1,4,4,4
"Same-Sign",2000,29,4,-4322.3942476963,9032.43452082924,8941.12965056283,6.50322673325392,0.0262480146598352,1,4,4,4
"Same-Sign",2000,29,5,-4342.69652498616,9171.85080738301,9057.27214665653,2.91172105013634,-0.00107820980765645,1,4,4,4
"Same-Sign",2000,30,1,-4340.32869346078,8771.86821643607,8750.38471754985,4.28063331843579,-0.00892380271729824,1,5,5,5
"Same-Sign",2000,30,2,-4370.41759427155,8930.85775003165,8886.10046068537,4.46940952873743,0.0418089496461368,1,5,5,5
"Same-Sign",2000,30,3,-4392.40437969061,9073.64305284381,9005.61197303746,-11.2854632782096,0.0360183640449244,1,5,5,5
"Same-Sign",2000,30,4,-4332.90301492263,9053.45205528191,8962.14718501549,14.2867872313709,0.0491055630087194,1,5,5,5
"Same-Sign",2000,30,5,-4362.23996348997,9210.93768439064,9096.35902366415,9.70556358795062,0.0219196224834859,1,5,5,5
"Same-Sign",2000,31,1,-4369.84562421675,8830.902077948,8809.41857906178,-11.8384899855518,0.0744974296112236,2,5,5,5
"Same-Sign",2000,31,2,-4329.84297145019,8849.70850438893,8804.95121504265,-11.1432980765498,0.0730757454384651,2,5,5,5
"Same-Sign",2000,31,3,-4316.88438546891,8922.60306440043,8854.57198459407,-1.45037555230086,0.0585493604634348,2,5,5,5
"Same-Sign",2000,31,4,-4331.66007150441,9050.96616844547,8959.66129817905,-5.3600319086872,0.0314407175019977,2,5,5,5
"Same-Sign",2000,31,5,-4370.55213184275,9227.56202109619,9112.9833603697,-2.65456571796903,0.0187889795219063,2,5,5,5
"Same-Sign",2000,32,1,-4305.62760631096,8702.46604213643,8680.98254325021,16.7149742889499,0.119239975252198,1,5,4,1
"Same-Sign",2000,32,2,-4389.34512184799,8968.71280518454,8923.95551583826,7.99292908904235,0.0383618638624419,1,5,4,1
"Same-Sign",2000,32,3,-4323.73457905479,8936.30345157217,8868.27237176582,11.1237379894873,0.0202537373645103,1,5,4,1
"Same-Sign",2000,32,4,-4262.19485400392,8912.03573344448,8820.73086317806,2.94969995422363,0.0492868624214234,1,5,4,1
"Same-Sign",2000,32,5,-4347.6464698901,9181.7506971909,9067.17203646442,4.35760066243107,0.0411543247258671,1,5,4,1
"Same-Sign",2000,33,1,-4273.34036322657,8637.89155596764,8616.40805708142,-8.297544448987,0.0148297617199547,1,3,5,1
"Same-Sign",2000,33,2,-4328.22569206122,8846.47394561099,8801.71665626471,0.54471035615163,0.0354025868359146,1,3,5,1
"Same-Sign",2000,33,3,-4292.38780578577,8873.60990503414,8805.57882522779,-0.329900668300484,0.00450753889447108,1,3,5,1
"Same-Sign",2000,33,4,-4349.60859504009,9086.86321551682,8995.5583452504,6.13373421773292,0.00996527569607631,1,3,5,1
"Same-Sign",2000,33,5,-4385.38045236758,9257.21866214585,9142.64000141936,-3.62593176144122,0.0249274802297603,1,3,5,1
"Same-Sign",2000,34,1,-4279.6207032172,8650.45223594891,8628.96873706269,6.69963544372013,0.0864094217946778,1,3,4,1
"Same-Sign",2000,34,2,-4307.54625146142,8805.11506441138,8760.3577750651,4.29422966967917,0.036850701290692,1,3,4,1
"Same-Sign",2000,34,3,-4331.51354904526,8951.86139155312,8883.83031174677,6.2018104264119,0.027024107209187,1,3,4,1
"Same-Sign",2000,34,4,-4285.35851032502,8958.36304608669,8867.05817582027,2.25117063855486,0.0623754073849914,1,3,4,1
"Same-Sign",2000,34,5,-4298.7677620856,9083.99328158189,8969.4146208554,10.878371977376,0.0342703689075597,1,3,4,1
"Same-Sign",2000,35,1,-4304.09995877418,8699.41074706287,8677.92724817665,12.7936386507362,0.0371765363958128,1,3,1,1
"Same-Sign",2000,35,2,-4368.14511532056,8926.31279212967,8881.55550278339,19.4519134995551,0.00705097743264976,1,3,1,1
"Same-Sign",2000,35,3,-4248.70308492258,8786.24046330776,8718.20938350141,19.1958252664537,0.00982792028131791,1,3,1,1
"Same-Sign",2000,35,4,-4344.96447018347,9077.57496580359,8986.27009553717,18.0422111512277,0.0196193147633533,1,3,1,1
"Same-Sign",2000,35,5,-4266.84866532953,9020.15508806976,8905.57642734328,10.3034036891789,0.0141578050810595,1,3,1,1
"Same-Sign",2000,36,1,-4342.737662746,8776.6861550065,8755.20265612029,9.29660419082899,0.100594719237436,2,3,2,2
"Same-Sign",2000,36,2,-4304.09425044313,8798.21106237482,8753.45377302853,3.92562015391345,0.0348968100370185,2,3,2,2
"Same-Sign",2000,36,3,-4310.40034129862,8909.63497605983,8841.60389625348,4.74531471054457,0.0108614443731631,2,3,2,2
"Same-Sign",2000,36,4,-4325.80151209038,9039.2490496174,8947.94417935098,5.8516266567761,0.00765533016204871,2,3,2,2
"Same-Sign",2000,36,5,-4288.27692572841,9063.01160886751,8948.43294814102,2.53710892812412,0.0605710785605321,2,3,2,2
"Same-Sign",2000,37,1,-4381.74871741937,8854.70826435324,8833.22476546702,2.76579888818488,0.056963555416454,2,4,4,4
"Same-Sign",2000,37,2,-4253.08564216397,8696.19384581649,8651.4365564702,5.29228315629076,0.0302505435364409,2,4,4,4
"Same-Sign",2000,37,3,-4290.00455091016,8868.84339528293,8800.81231547657,-2.66994143121032,0.0323377555795366,2,4,4,4
"Same-Sign",2000,37,4,-4318.26241158678,9024.17084861021,8932.86597834379,-3.04138266109322,0.0491045014721447,2,4,4,4
"Same-Sign",2000,37,5,-4326.36208299351,9139.18192339771,9024.60326267123,0.00149554377265646,0.0370540631463179,2,4,4,4
"Same-Sign",2000,38,1,-4401.13878666647,8893.48840284744,8872.00490396123,15.7369722945588,0.0693809864075587,2,3,3,3
"Same-Sign",2000,38,2,-4314.61640764114,8819.25537677083,8774.49808742455,9.02450201910055,0.032821711089219,2,3,3,3
"Same-Sign",2000,38,3,-4309.4484713971,8907.73123625681,8839.70015645046,10.9920701518416,-0.0035441942577713,2,3,3,3
"Same-Sign",2000,38,4,-4287.63935936752,8962.92474417169,8871.61987390527,-4.12743463382814,0.0212202032605622,2,3,3,3
"Same-Sign",2000,38,5,-4267.13093795574,9020.71963332218,8906.14097259569,2.89005682791015,0.0129424671798916,2,3,3,3
"Same-Sign",2000,39,1,-4390.07557289587,8871.36197530624,8849.87847642003,14.3652793380442,0.0922946193163979,1,3,2,1
"Same-Sign",2000,39,2,-4378.5375716741,8947.09770483674,8902.34041549046,7.91337923333696,0.0313547945189141,1,3,2,1
"Same-Sign",2000,39,3,-4318.59536776621,8926.02502899502,8857.99394918867,7.38841772099608,0.0179926618137365,1,3,2,1
"Same-Sign",2000,39,4,-4332.90803508737,9053.46209561138,8962.15722534496,3.71673320590038,0.0299384123251885,1,3,2,1
"Same-Sign",2000,39,5,-4349.05778236725,9184.57332214519,9069.9946614187,1.3510145721687,0.00554395128998815,1,3,2,1
"Same-Sign",2000,40,1,-4295.2601655606,8681.73116063571,8660.24766174949,-0.646202037075522,0.0259334920132658,1,3,3,3
"Same-Sign",2000,40,2,-4322.67219523577,8835.3669519601,8790.60966261381,1.50325066873989,-0.00071202893533815,1,3,3,3
"Same-Sign",2000,40,3,-4375.53515508719,9039.90460363698,8971.87352383063,1.23483620621638,0.0413570785809985,1,3,3,3
"Same-Sign",2000,40,4,-4312.56268488759,9012.77139521182,8921.4665249454,17.1692301122224,0.0140241146443741,1,3,3,3
"Same-Sign",2000,40,5,-4371.0795186526,9228.61679471589,9114.03813398941,5.30606938751967,0.00331250860375223,1,3,3,3
"Same-Sign",2000,41,1,-4381.1478585741,8853.5065466627,8832.02304777649,8.22335425024593,0.0593582751546226,2,5,2,2
"Same-Sign",2000,41,2,-4331.31828568212,8852.65913285279,8807.90184350651,10.5992979936759,0.0337962567183896,2,5,2,2
"Same-Sign",2000,41,3,-4315.86110988537,8920.55651323333,8852.52543342698,6.04326162682335,0.012061237855866,2,5,2,2
"Same-Sign",2000,41,4,-4342.72986783444,9073.10576110552,8981.8008908391,1.51903355499945,0.0426263883589405,2,5,2,2
"Same-Sign",2000,41,5,-4260.43149685253,9007.32075111575,8892.74209038926,-5.4341178010619,0.0390006891588238,2,5,2,2
"Same-Sign",2000,42,1,-4311.19857098341,8713.60797148131,8692.1244725951,17.4766049409255,0.000232994037860159,1,5,3,1
"Same-Sign",2000,42,2,-4337.24985180409,8864.52226509673,8819.76497575045,0.454964487420481,0.0630528241547034,1,5,3,1
"Same-Sign",2000,42,3,-4279.37446832207,8847.58323010673,8779.55215030038,3.84577615281619,0.0170733952530461,1,5,3,1
"Same-Sign",2000,42,4,-4312.46042480783,9012.56687505231,8921.26200478589,-0.912505058150321,0.0398427488611532,1,5,3,1
"Same-Sign",2000,42,5,-4287.42898371338,9061.31572483744,8946.73706411096,-2.39043890454051,0.0116355468009306,1,5,3,1
"Same-Sign",2000,43,1,-4284.82394269237,8660.85871489924,8639.37521601303,7.81282806062636,0.0816355401620562,1,5,4,1
"Same-Sign",2000,43,2,-4270.60600748942,8731.23457646739,8686.47728712111,-4.51663467607109,-0.0283859873827984,1,5,4,1
"Same-Sign",2000,43,3,-4312.25898250474,8913.35225847209,8845.32117866574,4.98422521205917,0.0061451078941678,1,5,4,1
"Same-Sign",2000,43,4,-4349.58173368637,9086.80949280939,8995.50462254297,-3.66621092589212,-0.00296178041236471,1,5,4,1
"Same-Sign",2000,43,5,-4319.41433416478,9125.28642574025,9010.70776501376,15.8394397169782,0.0413062890841829,1,5,4,1
"Same-Sign",2000,44,1,-4354.00687648464,8799.22458248378,8777.74108359757,6.84751379064453,0.0434211528631776,1,5,3,1
"Same-Sign",2000,44,2,-4334.59042383351,8859.20340915558,8814.4461198093,-0.120772096628885,0.0397767602727981,1,5,3,1
"Same-Sign",2000,44,3,-4308.42292733541,8905.68014813341,8837.64906832706,13.6591234437462,0.00453437447400214,1,5,3,1
"Same-Sign",2000,44,4,-4389.47015165312,9166.58632874288,9075.28145847647,7.68783849399297,0.0145966699540051,1,5,3,1
"Same-Sign",2000,44,5,-4334.8232363763,9156.10423016329,9041.5255694368,9.3104792834031,0.0316543826404805,1,5,3,1
"Same-Sign",2000,45,1,-4261.24655166611,8613.70393284672,8592.22043396051,5.01839956954837,0.0654493216784242,1,5,3,1
"Same-Sign",2000,45,2,-4342.88080096871,8875.78416342597,8831.02687407969,15.2003017486391,0.023854386389709,1,5,3,1
"Same-Sign",2000,45,3,-4292.65894977304,8874.15219300869,8806.12111320234,-4.99213169866999,0.0120420118224908,1,5,3,1
"Same-Sign",2000,45,4,-4342.84755131823,9073.3411280731,8982.03625780668,3.63263590860397,0.0341236825200651,1,5,3,1
"Same-Sign",2000,45,5,-4319.5928753554,9125.6435081215,9011.06484739502,-9.71401349562037,0.0225170933304498,1,5,3,1
"Same-Sign",2000,46,1,-4280.47100422657,8652.15283796765,8630.66933908143,8.54931639245468,0.00617510475747873,1,5,4,1
"Same-Sign",2000,46,2,-4268.02921997225,8726.08100143305,8681.32371208677,12.6046136498599,0.0204000634776152,1,5,4,1
"Same-Sign",2000,46,3,-4272.00131800928,8832.83692948115,8764.8058496748,16.6786888768678,0.0758998032394857,1,5,4,1
"Same-Sign",2000,46,4,-4291.96307841485,8971.57218226635,8880.26731199993,1.3348754378404,0.07875961665434,1,5,4,1
"Same-Sign",2000,46,5,-4337.01065228212,9160.47906197494,9045.90040124845,16.3083046875427,0.0243384501175371,1,5,4,1
"Same-Sign",2000,47,1,-4376.52154570368,8844.25392092187,8822.77042203566,1.50865234268227,0.0959842877229834,1,5,2,1
"Same-Sign",2000,47,2,-4347.66610476272,8885.354771014,8840.59748166771,8.65789901033608,0.0629397134074123,1,5,2,1
"Same-Sign",2000,47,3,-4329.77299963155,8948.3802927257,8880.34921291935,4.32728397722609,0.0340071602269275,1,5,2,1
"Same-Sign",2000,47,4,-4343.0446232765,9073.73527198964,8982.43040172323,17.572027216133,0.0135110476480659,1,5,2,1
"Same-Sign",2000,47,5,-4329.73272514114,9145.92320769298,9031.3445469665,-4.34100267110315,0.0485443711139439,1,5,2,1
"Same-Sign",2000,48,1,-4317.28374450765,8725.7783185298,8704.29481964359,-10.2260906025539,0.0625190169769871,2,3,2,2
"Same-Sign",2000,48,2,-4264.81539212018,8719.65334572891,8674.89605638262,9.84415618535493,0.022082638511619,2,3,2,2
"Same-Sign",2000,48,3,-4331.76071847746,8952.35573041751,8884.32465061116,11.4880632237987,0.00178978936369277,2,3,2,2
"Same-Sign",2000,48,4,-4311.69445811741,9011.03494167146,8919.73007140505,1.57810659121033,0.0220986080804541,2,3,2,2
"Same-Sign",2000,48,5,-4287.71156415755,9061.8808857258,8947.30222499931,-3.70652283678309,0.0122040598634814,2,3,2,2
"Same-Sign",2000,49,1,-4317.39608041782,8726.00299035014,8704.51949146393,13.3989286585327,0.034580233397794,1,5,3,1
"Same-Sign",2000,49,2,-4403.40652525592,8996.83561200038,8952.0783226541,-6.52371955464057,0.0862651890470871,1,5,3,1
"Same-Sign",2000,49,3,-4328.63867272817,8946.11163891894,8878.08055911259,-4.0797948417453,0.0154985931719328,1,5,3,1
"Same-Sign",2000,49,4,-4333.53234085092,9054.71070713849,8963.40583687207,0.755113090778166,0.0141261173923961,1,5,3,1
"Same-Sign",2000,49,5,-4284.53470010892,9055.52715762854,8940.94849690206,7.51210906457798,-0.00818325496319517,1,5,3,1
"Same-Sign",2000,50,1,-4343.77403572485,8778.75890096421,8757.275402078,-6.58996200996385,0.0952254119080572,1,5,4,1
"Same-Sign",2000,50,2,-4354.62345763926,8899.26947676708,8854.5121874208,-6.36937465871522,0.013620103630186,1,5,4,1
"Same-Sign",2000,50,3,-4350.71661851817,8990.26753049894,8922.23645069259,-2.98532208124443,0.0172656599635235,1,5,4,1
"Same-Sign",2000,50,4,-4301.21739227481,8990.08080998626,8898.77593971984,16.4076723713283,0.0248607836351006,1,5,4,1
"Same-Sign",2000,50,5,-4365.32565675782,9217.10907092634,9102.53041019986,3.45297286780118,0.0197666832525638,1,5,4,1
"Same-Sign",2000,51,1,-4323.75786598446,8738.72656148342,8717.24306259721,18.6460715874704,0.0164444885416871,1,5,2,1
"Same-Sign",2000,51,2,-4311.74899516199,8813.52055181253,8768.76326246625,17.3704863149908,-0.0264279947107923,1,5,2,1
"Same-Sign",2000,51,3,-4323.01619884174,8934.86669114608,8866.83561133973,8.18329433264978,0.0227302828177302,1,5,2,1
"Same-Sign",2000,51,4,-4331.75164520347,9051.14931584359,8959.84444557717,20.8935700857306,0.0175878478586643,1,5,2,1
"Same-Sign",2000,51,5,-4347.17678773137,9180.81133287343,9066.23267214695,7.39859365146531,-0.00603157092742956,1,5,2,1
"Same-Sign",2000,52,1,-4310.38724272655,8711.98531496761,8690.5018160814,10.163057243275,0.0176931443273395,1,5,3,1
"Same-Sign",2000,52,2,-4291.08960752503,8772.20177653862,8727.44448719234,-1.48427560295838,0.0224048224057083,1,5,3,1
"Same-Sign",2000,52,3,-4342.91679489998,8974.66788326256,8906.63680345621,7.89355961095351,0.0303631050069951,1,5,3,1
"Same-Sign",2000,52,4,-4331.73947612352,9051.12497768369,8959.82010741727,10.3053653322773,0.00544130331658951,1,5,3,1
"Same-Sign",2000,52,5,-4305.95349954408,9098.36475649886,8983.78609577238,5.44707899174014,0.023094842384752,1,5,3,1
"Same-Sign",2000,53,1,-4331.8382877329,8754.88740498031,8733.40390609409,13.9481936633794,-0.0420073119662874,2,5,4,2
"Same-Sign",2000,53,2,-4241.73855413461,8673.49966975778,8628.74238041149,-0.583884677672505,0.0183147015429914,2,5,4,2
"Same-Sign",2000,53,3,-4313.13133190276,8915.09695726812,8847.06587746177,15.5381877759019,0.0433554063254558,2,5,4,2
"Same-Sign",2000,53,4,-4313.21372829186,9014.07348202036,8922.76861175394,2.24202720017017,0.00629403469083889,2,5,4,2
"Same-Sign",2000,53,5,-4335.03662162813,9156.53100066696,9041.95233994048,12.0777542829254,0.0101618952461936,2,5,4,2
"Same-Sign",2000,54,1,-4357.57077206349,8806.35237364149,8784.86887475528,12.0095348146434,0.0668306165365355,2,5,2,2
"Same-Sign",2000,54,2,-4295.27203621636,8780.56663392126,8735.80934457498,-6.33261876013983,0.0408156767383148,2,5,2,2
"Same-Sign",2000,54,3,-4322.73530814562,8934.30490975383,8866.27382994748,-2.4319457669123,0.0270977096114628,2,5,2,2
"Same-Sign",2000,54,4,-4349.2871860111,9086.22039745884,8994.91552719242,7.94247496025469,0.000883187070495057,2,5,2,2
"Same-Sign",2000,54,5,-4340.49077540589,9167.43930822248,9052.860647496,4.6733633912658,0.0510400587880845,2,5,2,2
"Same-Sign",2000,55,1,-4279.03705879673,8649.28494710797,8627.80144822175,-4.27298672962268,0.0767822534550752,1,5,3,1
"Same-Sign",2000,55,2,-4384.28729937306,8958.59716023467,8913.83987088839,-0.590482644830044,0.0502074269008949,1,5,3,1
"Same-Sign",2000,55,3,-4344.73686097646,8978.30801541553,8910.27693560918,-7.61601643416051,0.050859069401504,1,5,3,1
"Same-Sign",2000,55,4,-4329.8725955635,9047.39121656365,8956.08634629723,-2.57741086671587,0.0255586864247983,1,5,3,1
"Same-Sign",2000,55,5,-4305.9597497775,9098.37725696569,8983.7985962392,-1.59441291001582,0.017089063816403,1,5,3,1
"Same-Sign",2000,56,1,-4287.31213871355,8665.8351069416,8644.35160805539,-4.84950856941194,0.0924942626493624,1,4,5,1
"Same-Sign",2000,56,2,-4334.87832705491,8859.77921559838,8815.02192625209,7.12429434971204,0.0244761531660533,1,4,5,1
"Same-Sign",2000,56,3,-4348.77391620873,8986.38212588005,8918.3510460737,3.48906416603183,0.0182134198448195,1,4,5,1
"Same-Sign",2000,56,4,-4298.96722545153,8985.58047633971,8894.27560607329,2.95721771831064,-0.0224798944574566,1,4,5,1
"Same-Sign",2000,56,5,-4373.59792707558,9233.65361156186,9119.07495083538,6.34196654556562,0.021915975060043,1,4,5,1
"Same-Sign",2000,57,1,-4348.62711178752,8788.46505308954,8766.98155420332,3.20429222087953,0.0544191089857079,3,5,2,2
"Same-Sign",2000,57,2,-4284.67862210373,8759.37980569602,8714.62251634974,27.2292138414087,-0.00407058838164845,3,5,2,2
"Same-Sign",2000,57,3,-4230.91236334532,8750.65902015323,8682.62794034688,5.06404751949812,0.0444113105646067,3,5,2,2
"Same-Sign",2000,57,4,-4297.74144724821,8983.12891993307,8891.82404966665,7.57736680561374,0.00307200354849138,3,5,2,2
"Same-Sign",2000,57,5,-4266.45675376197,9019.37126493464,8904.79260420816,11.8535037800892,-0.00643123503759832,3,5,2,2
"Same-Sign",2000,58,1,-4339.38210066773,8769.97503084997,8748.49153196376,9.79153683653321,0.0535298128882039,1,5,2,1
"Same-Sign",2000,58,2,-4365.65263393555,8921.32782935966,8876.57054001337,11.8644569363826,0.056052332692777,1,5,2,1
"Same-Sign",2000,58,3,-4401.73392350256,9092.30214046772,9024.27106066137,2.33523952647905,0.0468491733565291,1,5,2,1
"Same-Sign",2000,58,4,-4383.39621143381,9154.43844830427,9063.13357803785,7.35265156399268,0.0171451641952854,1,5,2,1
"Same-Sign",2000,58,5,-4270.66680681735,9027.79137104539,8913.21271031891,0.357188408071854,0.000239920343546518,1,5,2,1
"Same-Sign",2000,59,1,-4403.77239634275,8898.75562220001,8877.27212331379,8.13736261215915,0.0399922253983626,2,4,3,2
"Same-Sign",2000,59,2,-4302.30247243027,8794.62750634909,8749.8702170028,9.75100413609858,0.0409059601803049,2,4,3,2
"Same-Sign",2000,59,3,-4319.31483178042,8927.46395702345,8859.4328772171,6.32467113183816,0.0324064550528373,2,4,3,2
"Same-Sign",2000,59,4,-4326.67857341119,9041.00317225902,8949.6983019926,7.76732270492354,0.0204264752405195,2,4,3,2
"Same-Sign",2000,59,5,-4301.51225636297,9089.48227013663,8974.90360941015,6.79793866249787,0.0154969519365223,2,4,3,2
"Same-Sign",2000,60,1,-4348.83351985884,8788.87786923218,8767.39437034597,-14.103991776038,0.131602874832763,1,5,2,1
"Same-Sign",2000,60,2,-4369.87723387191,8929.77702923238,8885.0197398861,0.703598946498151,0.0471844506187564,1,5,2,1
"Same-Sign",2000,60,3,-4323.62388151675,8936.08205649609,8868.05097668974,7.90737743736266,0.0180682285846898,1,5,2,1
"Same-Sign",2000,60,4,-4323.39578011566,9034.43758566797,8943.13271540155,-8.13652951013699,0.0468821516661958,1,5,2,1
"Same-Sign",2000,60,5,-4286.58803864017,9059.63383469103,8945.05517396455,-6.3832878639081,0.0565088731085872,1,5,2,1
"Same-Sign",2000,61,1,-4304.49202020995,8700.1948699344,8678.71137104818,13.4904299646527,0.0449835070923274,1,5,2,1
"Same-Sign",2000,61,2,-4356.9146569357,8903.85187535995,8859.09458601367,-5.88860327042314,0.0399804926981707,1,5,2,1
"Same-Sign",2000,61,3,-4341.40150318464,8971.63729983188,8903.60622002553,6.33817876358204,0.033321312248734,1,5,2,1
"Same-Sign",2000,61,4,-4335.47661659562,9058.59925862789,8967.29438836148,4.22339247977215,0.058520540355203,1,5,2,1
"Same-Sign",2000,61,5,-4318.95195279873,9124.36166300815,9009.78300228167,9.95045792934856,0.00822918661662167,1,5,2,1
"Same-Sign",2000,62,1,-4469.58438141866,9030.37959235183,9008.89609346562,24.9038323679135,0.0905152463952981,2,5,4,2
"Same-Sign",2000,62,2,-4302.77715375509,8795.57686899872,8750.81957965244,0.328012435440959,0.0288464742905433,2,5,4,2
"Same-Sign",2000,62,3,-4341.0479234227,8970.930140308,8902.89906050165,8.35086267848808,0.0306948743775748,2,5,4,2
"Same-Sign",2000,62,4,-4356.31092284313,9100.26787112291,9008.96300085649,16.0855119559669,0.0114796374756735,2,5,4,2
"Same-Sign",2000,62,5,-4339.05677031978,9164.57129805026,9049.99263732377,4.18801665898436,0.0212866873917239,2,5,4,2
"Same-Sign",2000,63,1,-4360.43016687576,8812.07116326602,8790.58766437981,16.7374983490008,0.000350368812260785,1,5,3,1
"Same-Sign",2000,63,2,-4330.02232564275,8850.06721277406,8805.30992342778,11.8321746004797,-0.0110238779039169,1,5,3,1
"Same-Sign",2000,63,3,-4303.04239658288,8894.91908662837,8826.88800682202,14.9602821331123,-0.00918444417807262,1,5,3,1
"Same-Sign",2000,63,4,-4265.04205887808,8917.73014319281,8826.42527292639,-1.6651394983028,0.0401390681628299,1,5,3,1
"Same-Sign",2000,63,5,-4389.6927445732,9265.8432465571,9151.26458583062,13.4246577042928,0.0267293931401472,1,5,3,1
"Same-Sign",2000,64,1,-4415.49046204644,8922.19175360739,8900.70825472117,11.3371575187072,-0.0098544403286358,2,5,4,2
"Same-Sign",2000,64,2,-4337.44945253895,8864.92146656645,8820.16417722016,-3.5229626835754,0.0288715962103193,2,5,4,2
"Same-Sign",2000,64,3,-4314.77743992172,8918.38917330604,8850.35809349969,13.6341308205495,-0.00832933645178938,2,5,4,2
"Same-Sign",2000,64,4,-4328.6958100293,9045.03764549525,8953.73277522883,8.03729170849958,0.00296461768163055,2,5,4,2
"Same-Sign",2000,64,5,-4338.07149579309,9162.60074899687,9048.02208827039,7.23694382603207,0.0245010924247487,2,5,4,2
"Same-Sign",2000,65,1,-4283.67904869498,8658.56892690447,8637.08542801825,-7.03495769940536,0.112494626973801,1,5,3,1
"Same-Sign",2000,65,2,-4311.4342393935,8812.89104027555,8768.13375092927,-3.20371689117034,0.0381733643214839,1,5,3,1
"Same-Sign",2000,65,3,-4286.01425672549,8860.86280691357,8792.83172710722,8.63917673971999,-0.00984266386189697,1,5,3,1
"Same-Sign",2000,65,4,-4303.44007552222,8994.52617648108,8903.22130621466,-1.56562118776088,0.0478865324918041,1,5,3,1
"Same-Sign",2000,65,5,-4324.93697446558,9136.33170634185,9021.75304561537,-0.90286297410375,0.0276455924543019,1,5,3,1
"Same-Sign",2000,66,1,-4312.74454127264,8716.69991205979,8695.21641317357,-5.4932813080694,0.0383849243090197,1,3,1,1
"Same-Sign",2000,66,2,-4358.81395536429,8907.65047221713,8862.89318287085,1.16643854449231,0.0303126799038459,1,3,1,1
"Same-Sign",2000,66,3,-4370.64888861897,9030.13207070053,8962.10099089418,-0.230928907834597,0.023187147283607,1,3,1,1
"Same-Sign",2000,66,4,-4301.54664953105,8990.73932449874,8899.43445423232,1.71667166331596,-0.00344966100761639,1,3,1,1
"Same-Sign",2000,66,5,-4270.81972614351,9028.09720969771,8913.51854897123,2.92902284849303,-0.019810839272339,1,3,1,1
"Same-Sign",2000,67,1,-4402.16930902533,8895.54944756516,8874.06594867894,11.1653486175621,0.0788477061264116,2,5,2,2
"Same-Sign",2000,67,2,-4265.44159547991,8720.90575244837,8676.14846310208,16.2292831062682,0.00135477440437049,2,5,2,2
"Same-Sign",2000,67,3,-4357.73804461671,9004.31038269602,8936.27930288967,6.77220661348506,-0.00444897658663715,2,5,2,2
"Same-Sign",2000,67,4,-4379.42917142456,9146.50436828576,9055.19949801935,13.0659061362355,0.0262584202574058,2,5,2,2
"Same-Sign",2000,67,5,-4321.3461658513,9129.15008911329,9014.57142838681,8.29667313612695,0.0488251036737989,2,5,2,2
"Same-Sign",2000,68,1,-4291.75035463159,8674.71153877768,8653.22803989147,9.36537823611352,0.0315321879011449,1,5,3,1
"Same-Sign",2000,68,2,-4320.3539686105,8830.73049870955,8785.97320936327,-5.72609973506764,0.0600631223873637,1,5,3,1
"Same-Sign",2000,68,3,-4293.95167483738,8876.73764313735,8808.706563331,19.5420922666841,-0.0152004096748687,1,5,3,1
"Same-Sign",2000,68,4,-4311.20211764087,9010.05026071839,8918.74539045197,2.34289565857611,0.0139578747839362,1,5,3,1
"Same-Sign",2000,68,5,-4325.57412160538,9137.60600062145,9023.02733989497,-1.57141911442697,0.0580568838018981,1,5,3,1
"Same-Sign",2000,69,1,-4295.33341028341,8681.87765008133,8660.39415119512,16.0881095418593,0.0176272309054984,1,5,3,1
"Same-Sign",2000,69,2,-4361.90164762975,8913.82585674804,8869.06856740176,7.04588165483857,0.0359912150554566,1,5,3,1
"Same-Sign",2000,69,3,-4320.52236410129,8929.87902166517,8861.84794185882,0.343211877458525,0.0299659145204768,1,5,3,1
"Same-Sign",2000,69,4,-4246.31425996095,8880.27454535854,8788.96967509213,20.190722123355,0.0164417220767806,1,5,3,1
"Same-Sign",2000,69,5,-4329.68232995833,9145.82241732736,9031.24375660087,9.43720549242078,0.0187101819549355,1,5,3,1
"Same-Sign",2000,70,1,-4334.91450760893,8761.03984473236,8739.55634584614,6.61435015248975,0.0659774875253643,1,3,4,1
"Same-Sign",2000,70,2,-4348.50265237033,8887.02786622921,8842.27057688293,2.651902988718,0.0265141262575074,1,3,4,1
"Same-Sign",2000,70,3,-4376.05417746304,9040.94264838869,8972.91156858234,1.33793785396072,0.0304911461951625,1,3,4,1
"Same-Sign",2000,70,4,-4368.02700362766,9123.70003269196,9032.39516242554,-11.1180562183331,0.0565079339905662,1,3,4,1
"Same-Sign",2000,70,5,-4310.84041986706,9108.13859714481,8993.55993641833,13.906560689927,0.00273316885624932,1,3,4,1
"Same-Sign",2000,71,1,-4447.11851190526,8985.44785332502,8963.9643544388,5.9829384344035,-0.00465244416980367,2,5,2,2
"Same-Sign",2000,71,2,-4318.67483290681,8827.37222730216,8782.61493795588,7.81780494018947,0.0562940389156736,2,5,2,2
"Same-Sign",2000,71,3,-4325.14247479697,8939.11924305655,8871.0881632502,18.4425200442326,-0.00582827894190175,2,5,2,2
"Same-Sign",2000,71,4,-4361.46840895799,9110.58284335263,9019.27797308621,9.11690780977895,-0.00193770456732332,2,5,2,2
"Same-Sign",2000,71,5,-4282.20194776482,9050.86165294034,8936.28299221386,13.9596331118978,0.01572026580153,2,5,2,2
"Same-Sign",2000,72,1,-4319.48572356089,8730.18227663629,8708.69877775007,-1.93134929485386,0.112951946128289,1,3,5,1
"Same-Sign",2000,72,2,-4328.88825752094,8847.79907653044,8803.04178718415,5.41118570229004,0.0461751335391201,1,3,5,1
"Same-Sign",2000,72,3,-4386.75247967551,9062.33925281361,8994.30817300726,4.10412869639245,0.0341170992489622,1,3,5,1
"Same-Sign",2000,72,4,-4289.35425603037,8966.35453749738,8875.04966723096,-6.66811559099529,0.0610647523379677,1,3,5,1
"Same-Sign",2000,72,5,-4346.81304481067,9180.08384703203,9065.50518630554,-4.22354349581288,0.0314507892581762,1,3,5,1
"Same-Sign",2000,73,1,-4315.9936987906,8723.19822709571,8701.7147282095,22.3369767385357,0.0617986899855387,1,3,4,1
"Same-Sign",2000,73,2,-4367.04526438671,8924.11309026196,8879.35580091568,-2.18735889320604,0.055453529459595,1,3,4,1
"Same-Sign",2000,73,3,-4274.39620547256,8837.62670440773,8769.59562460138,-4.16954678616271,0.0115838487010922,1,3,4,1
"Same-Sign",2000,73,4,-4291.42354267717,8970.49311079098,8879.18824052456,-5.6169333671366,0.0295974745569291,1,3,4,1
"Same-Sign",2000,73,5,-4356.29219817988,9199.04215377045,9084.46349304397,4.03149232734181,0.0022618281879111,1,3,4,1
"Same-Sign",2000,74,1,-4293.92247610164,8679.05578171779,8657.57228283158,-13.714146765947,0.00830242092204889,1,5,2,1
"Same-Sign",2000,74,2,-4329.72815760674,8849.47887670203,8804.72158735575,11.5239060564794,0.0465059931259483,1,5,2,1
"Same-Sign",2000,74,3,-4331.50465275161,8951.84359896581,8883.81251915946,-1.24978891930304,-0.00914344470763492,1,5,2,1
"Same-Sign",2000,74,4,-4331.7714316468,9051.18888873026,8959.88401846384,15.9111386535242,0.0212577657158924,1,5,2,1
"Same-Sign",2000,74,5,-4318.71106156553,9123.87988054175,9009.30121981527,6.47615740018051,0.0174283195150663,1,5,2,1
"Same-Sign",2000,75,1,-4365.63967474882,8822.49017901213,8801.00668012592,4.08430720984835,0.0605921856790443,1,5,2,1
"Same-Sign",2000,75,2,-4359.84908821044,8909.72073790942,8864.96344856314,6.07726771937651,0.0193484676833129,1,5,2,1
"Same-Sign",2000,75,3,-4296.32464726659,8881.48358799579,8813.45250818944,0.809115831224519,-0.0128303415894045,1,5,2,1
"Same-Sign",2000,75,4,-4274.94638461422,8937.5387946651,8846.23392439868,-8.35873568048729,0.0615646002406823,1,5,2,1
"Same-Sign",2000,75,5,-4346.42715551609,9179.31206844288,9064.7334077164,8.02148203779723,0.0146469214628512,1,5,2,1
"Same-Sign",2000,76,1,-4354.00712524415,8799.2250800028,8777.74158111659,5.74427646359638,0.0162955452106579,2,4,5,2
"Same-Sign",2000,76,2,-4245.57698990887,8681.1765413063,8636.41925196002,9.42282885017222,0.0606985216239164,2,4,5,2
"Same-Sign",2000,76,3,-4398.46612131082,9085.76653608424,9017.73545627789,-0.691668536219586,0.067377192154085,2,4,5,2
"Same-Sign",2000,76,4,-4330.00689510712,9047.65981565088,8956.35494538446,0.466221113352066,0.0548487956863699,2,4,5,2
"Same-Sign",2000,76,5,-4365.01892762929,9216.49561266927,9101.91695194279,-0.440381962394527,0.0324843023250366,2,4,5,2
"Same-Sign",2000,77,1,-4332.70793666627,8756.62670284704,8735.14320396083,3.15471419628386,0.0551167441984919,1,3,2,1
"Same-Sign",2000,77,2,-4323.04616464765,8836.11489078385,8791.35760143756,1.73765746091206,0.0360129301184525,1,3,2,1
"Same-Sign",2000,77,3,-4303.25600082122,8895.34629510504,8827.31521529869,0.671301918396594,0.0255845521577717,1,3,2,1
"Same-Sign",2000,77,4,-4348.06045015301,9083.76692574267,8992.46205547625,-3.54938615700433,0.0376229351210255,1,3,2,1
"Same-Sign",2000,77,5,-4299.188901933,9084.83556127669,8970.25690055021,16.3784086594146,-0.0116295517876382,1,3,2,1
"Same-Sign",2000,78,1,-4317.08895197557,8725.38873346565,8703.90523457943,11.9407037317665,0.0460817373396905,1,4,3,1
"Same-Sign",2000,78,2,-4351.17161398838,8892.36578946531,8847.60850011902,6.23757686122784,0.0385673601602993,1,4,3,1
"Same-Sign",2000,78,3,-4368.0132226988,9024.8607388602,8956.82965905384,-0.251740568435837,0.0295571425104713,1,4,3,1
"Same-Sign",2000,78,4,-4332.13960042207,9051.92522628078,8960.62035601436,-1.05311996415776,0.0230062379449629,1,4,3,1
"Same-Sign",2000,78,5,-4278.50447421092,9043.46670583254,8928.88804510605,4.77177626217694,0.0306435751788141,1,4,3,1
"Same-Sign",2000,79,1,-4263.55578794196,8618.32240539842,8596.8389065122,5.0813014657802,-0.000707314999227074,1,5,2,1
"Same-Sign",2000,79,2,-4301.33388346195,8792.69032841245,8747.93303906617,16.2618132374577,0.0535476823306216,1,5,2,1
"Same-Sign",2000,79,3,-4296.63957752439,8882.11344851137,8814.08236870502,-7.97508953243197,0.0614838301441189,1,5,2,1
"Same-Sign",2000,79,4,-4325.04437724071,9037.73477991807,8946.42990965165,4.77853991486409,0.0331703637876257,1,5,2,1
"Same-Sign",2000,79,5,-4299.06675522632,9084.59126786333,8970.01260713685,15.4280059718283,0.0360487419644634,1,5,2,1
"Same-Sign",2000,80,1,-4370.2085770321,8831.62798357871,8810.1444846925,-0.0546954450743613,0.0409456887733283,1,5,3,1
"Same-Sign",2000,80,2,-4373.34281812571,8936.70819773998,8891.9509083937,-10.579288634274,0.0455526440686777,1,5,3,1
"Same-Sign",2000,80,3,-4329.75933323633,8948.35295993526,8880.3218801289,8.41445502117902,0.0685417862901328,1,5,3,1
"Same-Sign",2000,80,4,-4374.48578772395,9136.61760088454,9045.31273061812,1.36684259615441,0.0155980908282295,1,5,3,1
"Same-Sign",2000,80,5,-4338.45025050123,9163.35825841315,9048.77959768667,3.42938008985052,0.0200977943685728,1,5,3,1
"Same-Sign",2000,81,1,-4293.87829891876,8678.96742735203,8657.48392846581,-2.05176156983547,0.0382034312409835,1,3,3,3
"Same-Sign",2000,81,2,-4406.90936033495,9003.84128215846,8959.08399281217,-5.52583141859683,0.0388064584706989,1,3,3,3
"Same-Sign",2000,81,3,-4327.35704950026,8943.54839246313,8875.51731265678,-4.56959890697452,0.0440882998323054,1,3,3,3
"Same-Sign",2000,81,4,-4279.41424472849,8946.47451489363,8855.16964462721,0.290391735423429,0.0405591777150259,1,3,3,3
"Same-Sign",2000,81,5,-4293.02180952382,9072.50137645833,8957.92271573185,-0.591431402153676,0.0602451304866383,1,3,3,3
"Same-Sign",2000,82,1,-4347.75672529909,8786.72428011268,8765.24078122647,6.23718397339258,0.0544915146049835,1,4,4,4
"Same-Sign",2000,82,2,-4373.01726385812,8936.05708920479,8891.2997998585,8.16830182470187,0.0295414016460461,1,4,4,4
"Same-Sign",2000,82,3,-4361.43265914876,9011.69961176011,8943.66853195376,-2.3604597679955,0.0130728438838575,1,4,4,4
"Same-Sign",2000,82,4,-4350.84517900339,9089.33638344342,8998.031513177,-3.44339716403756,0.0238269508769463,1,4,4,4
"Same-Sign",2000,82,5,-4330.95887630924,9148.37551002917,9033.79684930269,12.9814063856111,0.0230060688677725,1,4,4,4
"Same-Sign",2000,83,1,-4313.56854395017,8718.34791741484,8696.86441852863,9.69858072585456,-0.00729165406590563,1,5,3,1
"Same-Sign",2000,83,2,-4326.49003097327,8843.0026234351,8798.24533408881,5.4087195506688,0.0748730211757529,1,5,3,1
"Same-Sign",2000,83,3,-4368.69379146339,9026.22187638937,8958.19079658302,19.5963510288532,0.0244422795317796,1,5,3,1
"Same-Sign",2000,83,4,-4315.45192348251,9018.54987240166,8927.24500213524,4.84983022152212,0.0209031842351182,1,5,3,1
"Same-Sign",2000,83,5,-4330.53190667226,9147.52157075521,9032.94291002872,6.90397527594748,0.0491240046706944,1,5,3,1
"Same-Sign",2000,84,1,-4317.74476814839,8726.70036581129,8705.21686692507,18.8136624284742,-0.0302794012181215,1,4,4,4
"Same-Sign",2000,84,2,-4311.41812243869,8812.85880636593,8768.10151701964,1.11440301237899,0.0291804415591291,1,4,4,4
"Same-Sign",2000,84,3,-4375.74601617149,9040.32632580557,8972.29524599922,-3.73420329212204,0.0267780984767877,1,4,4,4
"Same-Sign",2000,84,4,-4310.90016584053,9009.4463571177,8918.14148685128,-3.3979837185867,0.0357151732042369,1,4,4,4
"Same-Sign",2000,84,5,-4330.16749515581,9146.79274772231,9032.21408699583,-1.74123744756879,0.0316315828861895,1,4,4,4
"Same-Sign",2000,85,1,-4354.04368614673,8799.29820180796,8777.81470292175,4.42141144405817,0.0436894122369973,2,5,2,2
"Same-Sign",2000,85,2,-4315.86548183368,8821.75352515591,8776.99623580963,14.9923192627127,0.027356615961741,2,5,2,2
"Same-Sign",2000,85,3,-4279.07542846397,8846.98515039053,8778.95407058418,3.77070165736079,0.0380454053936209,2,5,2,2
"Same-Sign",2000,85,4,-4277.36486759231,8942.37576062126,8851.07089035484,-1.40900656465934,0.0245010696892421,2,5,2,2
"Same-Sign",2000,85,5,-4343.84913476273,9174.15602693615,9059.57736620967,-2.81178999754581,0.0107190233410074,2,5,2,2
"Same-Sign",2000,86,1,-4339.96669225513,8771.14421402477,8749.66071513855,-1.49413460528333,0.0752843788031618,2,5,3,2
"Same-Sign",2000,86,2,-4260.44002686018,8710.90261520892,8666.14532586264,16.6749148918717,-0.0130825149642161,2,5,3,2
"Same-Sign",2000,86,3,-4358.03764164279,9004.90957674817,8936.87849694182,3.6228763736454,0.0385060511630384,2,5,3,2
"Same-Sign",2000,86,4,-4293.43304538131,8974.51211619928,8883.20724593286,13.9187403857944,0.0166361208272378,2,5,3,2
"Same-Sign",2000,86,5,-4283.21052161025,9052.87880063119,8938.30013990471,-5.82740265041924,0.00791455775238162,2,5,3,2
"Same-Sign",2000,87,1,-4425.90975636048,8943.03034223546,8921.54684334924,-1.72089694126135,0.135024625491415,3,4,2,2
"Same-Sign",2000,87,2,-4446.02915454721,9082.08087058297,9037.32358123669,14.6492168269391,-0.0172388320494351,3,4,2,2
"Same-Sign",2000,87,3,-4309.94235229688,8908.71899805636,8840.68791825001,1.90294802184138,-0.0069120592434539,3,4,2,2
"Same-Sign",2000,87,4,-4326.40721391436,9040.46045326538,8949.15558299896,2.80062394229886,0.0409713790125287,3,4,2,2
"Same-Sign",2000,87,5,-4356.37181319983,9199.20138381036,9084.62272308388,14.1731297837282,0.000278859102292856,3,4,2,2
"Same-Sign",2000,88,1,-4393.99408079817,8879.19899111085,8857.71549222463,-2.70812066804051,0.0974992836454355,2,5,1,1
"Same-Sign",2000,88,2,-4302.80164176904,8795.62584502664,8750.86855568036,2.76188600656161,0.093152302339186,2,5,1,1
"Same-Sign",2000,88,3,-4384.95033736003,9058.73496818267,8990.70388837631,6.28103578486253,0.0112879056925822,2,5,1,1
"Same-Sign",2000,88,4,-4351.98952125103,9091.62506793872,9000.3201976723,-4.22240272496666,0.011300145074511,2,5,1,1
"Same-Sign",2000,88,5,-4325.98319760208,9138.42415261486,9023.84549188838,3.86379614473217,-0.00240480138640274,2,5,1,1
"Same-Sign",2000,89,1,-4352.92083903185,8797.0525075782,8775.56900869198,5.33086792029745,0.0937444388549661,2,5,2,2
"Same-Sign",2000,89,2,-4293.92902495271,8777.88061139396,8733.12332204768,-5.93546017753439,0.0400425334603775,2,5,2,2
"Same-Sign",2000,89,3,-4307.9326597107,8904.699612884,8836.66853307765,4.61687184994498,0.0122084917776493,2,5,2,2
"Same-Sign",2000,89,4,-4338.33683866437,9064.31970276539,8973.01483249898,-7.70150754447403,0.0184830495429281,2,5,2,2
"Same-Sign",2000,89,5,-4340.81088748084,9168.07953237237,9053.50087164589,11.4032973020733,0.0122855335879246,2,5,2,2
"Same-Sign",2000,90,1,-4388.81909449159,8868.84901849769,8847.36551961147,24.114981990613,-0.0063307265496046,2,5,4,2
"Same-Sign",2000,90,2,-4307.04804510209,8804.11865169272,8759.36136234644,8.89790355085134,0.0388272502642769,2,5,4,2
"Same-Sign",2000,90,3,-4388.16720878841,9065.16871103943,8997.13763123308,14.0719185196173,0.0058541832971029,2,5,4,2
"Same-Sign",2000,90,4,-4324.4752644654,9036.59655436745,8945.29168410103,-8.26981820009425,0.0377675206034655,2,5,4,2
"Same-Sign",2000,90,5,-4322.69963449991,9131.85702641051,9017.27836568402,12.0605973347598,0.0210596315002053,2,5,4,2
"Same-Sign",2000,91,1,-4299.03783454997,8689.28649861444,8667.80299972822,2.88088095606915,0.0277781663717075,1,5,2,1
"Same-Sign",2000,91,2,-4367.01000653503,8924.04257455861,8879.28528521233,14.4207846521762,0.0393000785583636,1,5,2,1
"Same-Sign",2000,91,3,-4327.12978128545,8943.09385603351,8875.06277622715,8.58878306919517,-0.00396485532486785,1,5,2,1
"Same-Sign",2000,91,4,-4316.30249215581,9020.25100974826,8928.94613948184,4.7429571968932,0.00345669016800175,1,5,2,1
"Same-Sign",2000,91,5,-4317.76648343343,9121.99072427755,9007.41206355107,11.4754195881814,0.0600750906062165,1,5,2,1
"Same-Sign",2000,92,1,-4259.32282022984,8609.85646997419,8588.37297108798,8.68084858201505,0.080362515885952,1,3,4,1
"Same-Sign",2000,92,2,-4378.89944039101,8947.82144227057,8903.06415292429,1.21131426544053,0.0299031598570295,1,3,4,1
"Same-Sign",2000,92,3,-4370.92546427037,9030.68522200333,8962.65414219698,1.8425582295523,0.0293712179026122,1,3,4,1
"Same-Sign",2000,92,4,-4283.82782012026,8955.30166567717,8863.99679541075,18.2554994740029,0.0220194396633312,1,3,4,1
"Same-Sign",2000,92,5,-4327.76678631801,9141.99133004672,9027.41266932024,7.52164775468444,0.0344927116442944,1,3,4,1
"Same-Sign",2000,93,1,-4351.03159899069,8793.27402749588,8771.79052860966,-1.3218456116241,0.0371998161179839,1,3,3,3
"Same-Sign",2000,93,2,-4314.47555521037,8818.97367190929,8774.21638256301,4.31816766782635,0.020531148273412,1,3,3,3
"Same-Sign",2000,93,3,-4297.44786519584,8883.73002385428,8815.69894404793,3.6787087979881,0.0200716824731218,1,3,3,3
"Same-Sign",2000,93,4,-4282.59508717583,8952.83619978831,8861.53132952189,-4.26570009618219,0.0536333535273519,1,3,3,3
"Same-Sign",2000,93,5,-4336.45572366623,9159.36920474315,9044.79054401667,7.33458149925867,-0.0126925890882015,1,3,3,3
"Same-Sign",2000,94,1,-4291.78020305241,8674.77123561932,8653.2877367331,0.731400215532351,0.0884032301016714,1,5,3,1
"Same-Sign",2000,94,2,-4321.71614279851,8833.45484708557,8788.69755773929,5.05601969670504,0.0745047963947327,1,5,3,1
"Same-Sign",2000,94,3,-4250.57295400128,8789.98020146516,8721.94912165881,-1.40166172750529,0.0285893905507788,1,5,3,1
"Same-Sign",2000,94,4,-4344.24822637634,9076.14247818933,8984.83760792291,3.34733491898871,0.0389233519113919,1,5,3,1
"Same-Sign",2000,94,5,-4348.86234284618,9184.18244310305,9069.60378237657,16.9463486122041,-0.00754514534934951,1,5,3,1
"Same-Sign",2000,95,1,-4337.14961436234,8765.51005823918,8744.02655935296,-1.91393552259744,0.0577184134134505,2,5,2,2
"Same-Sign",2000,95,2,-4292.94539807208,8775.9133576327,8731.15606828642,11.8990299621138,0.0698956043483245,2,5,2,2
"Same-Sign",2000,95,3,-4259.0148258073,8806.8639450772,8738.83286527085,1.79806588549131,0.0486961895288921,2,5,2,2
"Same-Sign",2000,95,4,-4251.90994071732,8891.46590687129,8800.16103660488,19.3838085972415,0.0213944235470195,2,5,2,2
"Same-Sign",2000,95,5,-4252.50723149169,8991.47222039407,8876.89355966759,0.328118352281406,0.0292406886670442,2,5,2,2
"Same-Sign",2000,96,1,-4290.62504683216,8672.46092317883,8650.97742429262,10.8503215494232,0.029843488658754,1,3,2,1
"Same-Sign",2000,96,2,-4340.16872816992,8870.3600178284,8825.60272848212,-2.48667313439762,0.0508769788499869,1,3,2,1
"Same-Sign",2000,96,3,-4315.38265326529,8919.59959999318,8851.56852018683,-2.03414783607724,0.0692876756378271,1,3,2,1
"Same-Sign",2000,96,4,-4359.25497498701,9106.15597541066,9014.85110514424,-0.367789125572573,0.0399019560652414,1,3,2,1
"Same-Sign",2000,96,5,-4323.9253207372,9134.3083988851,9019.72973815861,8.32037325227525,0.0428058242835084,1,3,2,1
"Same-Sign",2000,97,1,-4315.81368132862,8722.83819217175,8701.35469328553,-1.52257639806357,0.0154624627336032,1,5,3,1
"Same-Sign",2000,97,2,-4403.48535892725,8996.99327934305,8952.23598999677,-4.33517751775555,0.0663212734318745,1,5,3,1
"Same-Sign",2000,97,3,-4398.48017832434,9085.79465011129,9017.76357030494,12.8566550061924,0.0122095492172943,1,5,3,1
"Same-Sign",2000,97,4,-4275.4624902337,8938.57100590404,8847.26613563762,-1.78197675867405,0.0279496523985152,1,5,3,1
"Same-Sign",2000,97,5,-4255.99776994728,8998.45329730525,8883.87463657877,-4.86764936034387,0.0470337094070978,1,5,3,1
"Same-Sign",2000,98,1,-4328.9756400707,8749.16210965591,8727.6786107697,6.15733913825182,0.0738841772884986,1,5,5,5
"Same-Sign",2000,98,2,-4329.9986278519,8850.01981719236,8805.26252784608,3.85763426192946,0.0410010990747822,1,5,5,5
"Same-Sign",2000,98,3,-4349.07171043059,8986.97771432377,8918.94663451742,11.6150645259034,-0.00700334296271987,1,5,5,5
"Same-Sign",2000,98,4,-4315.66226459099,9018.97055461864,8927.66568435222,4.30736082600571,0.0528022915925486,1,5,5,5
"Same-Sign",2000,98,5,-4340.76015951265,9167.978076436,9053.39941570952,10.6591573048689,0.00590411299982983,1,5,5,5
"Same-Sign",2000,99,1,-4329.35183370975,8749.914496934,8728.43099804778,8.12155764260941,0.0135899964137093,1,4,5,1
"Same-Sign",2000,99,2,-4380.44124077481,8950.90504303816,8906.14775369188,4.60801224196707,0.0468675961136242,1,4,5,1
"Same-Sign",2000,99,3,-4362.78941866568,9014.41313079397,8946.38205098762,2.51927824216686,0.0329823377585578,1,4,5,1
"Same-Sign",2000,99,4,-4347.13610202654,9081.91822948972,8990.6133592233,3.82893058723909,0.00337276048973865,1,4,5,1
"Same-Sign",2000,99,5,-4393.6318762522,9273.72150991509,9159.14284918861,-2.06387930808345,-0.0148931474967434,1,4,5,1
"Same-Sign",2000,100,1,-4282.67895538306,8656.56874028062,8635.08524139441,-4.38670567827103,0.045700718357691,1,5,2,1
"Same-Sign",2000,100,2,-4305.14184947273,8800.306260434,8755.54897108772,7.53069973319639,0.000259722023989512,1,5,2,1
"Same-Sign",2000,100,3,-4344.80952281112,8978.45333908484,8910.42225927849,5.05436341498387,0.0188735687871241,1,5,2,1
"Same-Sign",2000,100,4,-4332.50734856109,9052.66072255882,8961.3558522924,-5.703725920517,0.0148839529925121,1,5,2,1
"Same-Sign",2000,100,5,-4289.63171459694,9065.72118660457,8951.14252587809,-14.7573279083402,0.0337939168881128,1,5,2,1
"Same-Sign",10000,1,1,-22111.2140643071,44332.952213078,44296.3774515171,1.59782209517694,0.114577911008223,3,5,3,3
"Same-Sign",10000,1,2,-21925.3409868773,44080.9404830541,44004.7430631355,3.87863307027045,-0.010123368666626,3,5,3,3
"Same-Sign",10000,1,3,-21759.8010907754,43869.5951156859,43753.7750374097,9.92528301537757,-0.00894020258439633,3,5,3,3
"Same-Sign",10000,1,4,-21781.0908212424,44031.9090014556,43876.4662648217,-3.3129623068953,0.0345335907286487,3,5,3,3
"Same-Sign",10000,1,5,-21682.1456930046,43953.7531698156,43758.687774824,5.19155915453563,0.0316391638515757,3,5,3,3
"Same-Sign",10000,2,1,-21586.7023381079,43283.9287606796,43247.3539991187,21.4612368280277,0.0762027575869966,1,3,3,3
"Same-Sign",10000,2,2,-22023.4801936107,44277.2188965208,44201.0214766022,5.82875718818192,0.0306907378278554,1,3,3,3
"Same-Sign",10000,2,3,-21518.482816005,43386.9585661451,43271.1384878689,4.25194078542257,0.0206095589188768,1,3,3,3
"Same-Sign",10000,2,4,-21606.5877514364,43682.9028618436,43527.4601252097,4.31324657093741,0.0240164803235219,1,3,3,3
"Same-Sign",10000,2,5,-21465.4775729777,43520.4169297618,43325.3515347702,9.80497509050682,0.0206116540925894,1,3,3,3
"Same-Sign",10000,3,1,-21621.1743354301,43352.8727553239,43316.297993763,10.3070567414796,0.0935062136021483,2,5,3,2
"Same-Sign",10000,3,2,-21446.8183637738,43123.8952368471,43047.6978169285,5.48193128004819,0.00813907420098034,2,5,3,2
"Same-Sign",10000,3,3,-21929.739367808,44209.4716697511,44093.6515914749,10.5907777750609,0.0142290902090019,2,5,3,2
"Same-Sign",10000,3,4,-21808.5729669427,44086.8732928563,43931.4305562223,4.83328793567037,0.0285213051204769,2,5,3,2
"Same-Sign",10000,3,5,-21377.5900428087,43344.6418694239,43149.5764744323,-5.40655686010181,0.0420275901400533,2,5,3,2
"Same-Sign",10000,4,1,-21752.6907098536,43615.9055041709,43579.33074261,14.9785750780207,-0.0330946003566748,2,5,4,2
"Same-Sign",10000,4,2,-21602.3672369902,43434.9929832798,43358.7955633612,6.3644844640306,0.0268066213521394,2,5,4,2
"Same-Sign",10000,4,3,-21708.9811601127,43767.9552543606,43652.1351760843,11.9637288581069,-0.00268510100504683,2,5,4,2
"Same-Sign",10000,4,4,-21600.382903897,43670.4931667649,43515.0504301309,1.26583351160703,0.0380700672508341,2,5,4,2
"Same-Sign",10000,4,5,-21724.040957287,44037.5436983804,43842.4783033888,-0.411573911958071,0.0287037379260607,2,5,4,2
"Same-Sign",10000,5,1,-21543.0595082599,43196.6431009836,43160.0683394227,17.2299075574728,0.00449205236823494,1,5,4,1
"Same-Sign",10000,5,2,-21527.6151220533,43285.4887534061,43209.2913334875,3.54856412940049,0.0575622924418365,1,5,4,1
"Same-Sign",10000,5,3,-21554.4910914302,43458.9751169955,43343.1550387192,14.501335886953,0.0305085056306238,1,5,4,1
"Same-Sign",10000,5,4,-21770.1988933805,44010.1251457318,43854.6824090979,9.65890142742627,0.00748713840485867,1,5,4,1
"Same-Sign",10000,5,5,-21541.1192545996,43671.7002930057,43476.6348980141,-1.53841063067723,0.0249779945834569,1,5,4,1
"Same-Sign",10000,6,1,-22022.5281889079,44155.5804622794,44119.0057007185,11.4766250175206,0.0517183423955849,5,5,4,5
"Same-Sign",10000,6,2,-21974.1533134305,44178.5651361605,44102.3677162419,3.20569388565623,0.065012521567831,5,5,4,5
"Same-Sign",10000,6,3,-21891.6858896671,44133.3647134694,44017.5446351931,11.8293822056266,0.0241700145641167,5,5,4,5
"Same-Sign",10000,6,4,-21738.5863557266,43946.900070424,43791.4573337901,5.65663880894357,0.0398161964534599,5,5,4,5
"Same-Sign",10000,6,5,-21662.3233940065,43914.1085718195,43719.0431768279,2.34618225828334,0.0600160232441256,5,5,4,5
"Same-Sign",10000,7,1,-21625.4975047584,43361.5190939805,43324.9443324195,1.7065140603383,0.0897459998930295,2,5,4,2
"Same-Sign",10000,7,2,-21546.6922304656,43323.6429702305,43247.4455503119,6.21357609088915,-0.000904612990265176,2,5,4,2
"Same-Sign",10000,7,3,-21613.5567595038,43577.1064531427,43461.2863748664,2.54232241765563,0.0441713284412305,2,5,4,2
"Same-Sign",10000,7,4,-21509.7599075169,43489.2471740045,43333.8044373706,14.9861642098954,-0.0229513270946176,2,5,4,2
"Same-Sign",10000,7,5,-21448.1129133701,43485.6876105466,43290.622215555,-4.55916429493389,0.036945091204781,2,5,4,2
"Same-Sign",10000,8,1,-21568.2597914354,43247.0436673346,43210.4689057736,-5.95085465499946,0.0250944893392621,5,3,3,3
"Same-Sign",10000,8,2,-21742.7740383652,43715.8065860298,43639.6091661112,-1.00699312194171,0.0690131000530589,5,3,3,3
"Same-Sign",10000,8,3,-21492.8934253358,43335.7797848066,43219.9597065304,0.45767329471581,0.0314960862258533,5,3,3,3
"Same-Sign",10000,8,4,-21814.0495363074,44097.8264315855,43942.3836949516,1.15826325083965,0.0158571093179902,5,3,3,3
"Same-Sign",10000,8,5,-21347.7760653248,43285.0139144561,43089.9485194645,0.440436751882496,0.0196566892158293,5,3,3,3
"Same-Sign",10000,9,1,-22025.5678545305,44161.6597935248,44125.0850319639,3.99848582459494,0.077416314492682,2,3,3,3
"Same-Sign",10000,9,2,-21594.827837188,43419.9141836755,43343.7167637569,9.067166201897,0.0102824503049248,2,3,3,3
"Same-Sign",10000,9,3,-21812.5077033508,43975.0083408366,43859.1882625604,8.11862303289025,0.0344340278959846,2,3,3,3
"Same-Sign",10000,9,4,-21735.5212965993,43940.7699521695,43785.3272155356,8.40109282965717,0.0360182893344428,2,3,3,3
"Same-Sign",10000,9,5,-21575.5857763425,43740.6333364915,43545.5679414999,1.29213510723971,0.013520573151706,2,3,3,3
"Same-Sign",10000,10,1,-21621.2291728171,43352.9824300979,43316.407668537,1.9472799225989,0.0832207735771946,1,5,3,1
"Same-Sign",10000,10,2,-21989.2464991426,44208.7515075846,44132.554087666,8.15628998856508,-0.0249065007184779,1,5,3,1
"Same-Sign",10000,10,3,-21560.4530059225,43470.89894598,43355.0788677038,-0.776899114690156,0.0763735965467415,1,5,3,1
"Same-Sign",10000,10,4,-21843.8589321731,44157.4452233169,44002.002486683,1.75414412605673,0.0319791761917333,1,5,3,1
"Same-Sign",10000,10,5,-21629.2900494219,43848.0418826503,43652.9764876587,-0.105533403787836,0.0505289953056153,1,5,3,1
"Same-Sign",10000,11,1,-21392.3958185266,42895.3157215169,42858.740959956,3.20981100039753,0.0892938336822238,1,4,3,1
"Same-Sign",10000,11,2,-21521.3825696589,43273.0236486172,43196.8262286986,4.08753565263357,0.0573442009573838,1,4,3,1
"Same-Sign",10000,11,3,-21765.6113184469,43881.2155710289,43765.3954927527,11.3533763582959,0.0218001896961518,1,4,3,1
"Same-Sign",10000,11,4,-21366.7023331662,43203.1320253033,43047.6892886693,11.1649890145212,0.0214470523978472,1,4,3,1
"Same-Sign",10000,11,5,-21515.7715182253,43621.0048202571,43425.9394252655,9.75316718776745,0.0248406812300675,1,4,3,1
"Same-Sign",10000,12,1,-21534.4004076818,43179.3248998273,43142.7501382664,12.8783288259607,0.061945073251579,1,5,5,5
"Same-Sign",10000,12,2,-21764.2441235776,43758.7467564545,43682.549336536,19.221307321844,0.02733861934596,1,5,5,5
"Same-Sign",10000,12,3,-21696.6993897774,43743.3917136899,43627.5716354136,-0.141742620483574,0.0316490165665986,1,5,5,5
"Same-Sign",10000,12,4,-21588.6252196325,43646.9777982357,43491.5350616018,2.14517860570466,0.0463216597830897,1,5,5,5
"Same-Sign",10000,12,5,-21612.8327866839,43815.1273571743,43620.0619621827,6.77858005425406,0.0473170140180184,1,5,5,5
"Same-Sign",10000,13,1,-21496.4661751314,43103.4564347266,43066.8816731657,-0.94185582109072,0.0320965473753572,5,3,3,3
"Same-Sign",10000,13,2,-22006.0299940006,44242.3184973005,44166.1210773819,6.33672488530265,0.0583030106812276,5,3,3,3
"Same-Sign",10000,13,3,-21522.6499686808,43395.2928714968,43279.4727932205,5.90086705081853,-0.00427858616696801,5,3,3,3
"Same-Sign",10000,13,4,-21426.2865655783,43322.3004901274,43166.8577534935,-3.91240964344792,0.0229306963764667,5,3,3,3
"Same-Sign",10000,13,5,-21281.7799608036,43153.0217054136,42957.956310422,9.88779279524996,0.0203852083109,5,3,3,3
"Same-Sign",10000,14,1,-21610.4803662112,43331.4848168862,43294.9100553253,11.2406428260031,0.0270774338538463,4,3,3,3
"Same-Sign",10000,14,2,-21752.2535545917,43734.7656184829,43658.5681985643,4.73600989530741,0.0164699135710492,4,3,3,3
"Same-Sign",10000,14,3,-21457.0053581517,43264.0036504385,43148.1835721622,3.15213393112826,0.0748696248143425,4,3,3,3
"Same-Sign",10000,14,4,-21407.4573420614,43284.6420430935,43129.1993064596,1.54967539159936,0.0147248413244358,4,3,3,3
"Same-Sign",10000,14,5,-21518.5097969311,43626.4813776686,43431.4159826771,-4.66470058685786,0.0168768695234796,4,3,3,3
"Same-Sign",10000,15,1,-21530.168212599,43170.8605096616,43134.2857481007,5.41156287427395,0.0609028566528083,1,5,3,1
"Same-Sign",10000,15,2,-21725.1080868996,43680.4746830986,43604.27726318,-10.9817566532654,0.0654103683160232,1,5,3,1
"Same-Sign",10000,15,3,-21725.0967945351,43800.1865232054,43684.3664449291,11.2852374190419,0.0436301965633981,1,5,3,1
"Same-Sign",10000,15,4,-21502.8932365353,43475.5138320413,43320.0710954074,6.72188513087448,0.0503087093359572,1,5,3,1
"Same-Sign",10000,15,5,-21640.8236360215,43871.1090558495,43676.0436608579,3.26737217635482,0.0074848360606439,1,5,3,1
"Same-Sign",10000,16,1,-21780.7497386483,43672.0235617603,43635.4488001994,5.82337426236348,0.0606807178270705,3,5,5,5
"Same-Sign",10000,16,2,-21827.0063088584,43884.2711270161,43808.0737070975,-0.221365867186154,-0.00175515029008721,3,5,5,5
"Same-Sign",10000,16,3,-21522.7552092099,43395.5033525548,43279.6832742786,-4.60561142717292,0.0369491436487383,3,5,5,5
"Same-Sign",10000,16,4,-21805.3507986058,44080.4289561824,43924.9862195485,3.0383321980265,0.00752493261917015,3,5,5,5
"Same-Sign",10000,16,5,-21695.0330460085,43979.5278758234,43784.4624808319,-4.47627084915822,0.0333090705441515,3,5,5,5
"Same-Sign",10000,17,1,-21715.508393,43541.5408704636,43504.9661089027,12.3819416136039,0.0154534586874873,1,5,5,5
"Same-Sign",10000,17,2,-21705.0960971853,43640.4507036701,43564.2532837515,1.47278046212253,0.0685988172057516,1,5,5,5
"Same-Sign",10000,17,3,-21653.7746709945,43657.542276124,43541.7221978478,-3.56741481715418,0.0501262793118426,1,5,5,5
"Same-Sign",10000,17,4,-21900.508750838,44270.7448606469,44115.3021240129,1.86035018014204,0.044431732245007,1,5,5,5
"Same-Sign",10000,17,5,-21769.5834901481,44128.6287641026,43933.563369111,-1.01432313932167,0.017659460687899,1,5,5,5
"Same-Sign",10000,18,1,-22151.6004932618,44413.7250709872,44377.1503094263,14.9391821898823,0.0421704521272808,3,5,2,2
"Same-Sign",10000,18,2,-21475.6298278261,43181.5181649516,43105.320745033,3.9810563960504,0.0390577460505042,3,5,2,2
"Same-Sign",10000,18,3,-21263.6201565919,42877.2332473188,42761.4131690426,7.76591211887901,0.065565869727638,3,5,2,2
"Same-Sign",10000,18,4,-21365.5023261713,43200.7320113134,43045.2892746795,3.76897192543045,0.0561163156822363,3,5,2,2
"Same-Sign",10000,18,5,-21337.0983223477,43263.6584285018,43068.5930335102,-4.25026269360227,0.00459965369364342,3,5,2,2
"Same-Sign",10000,19,1,-21500.3148711999,43111.1538268636,43074.5790653026,-2.49323627276028,0.0710563258801512,1,5,4,1
"Same-Sign",10000,19,2,-21717.3201281695,43664.8987656384,43588.7013457198,9.92255740349257,0.0161563293977759,1,5,4,1
"Same-Sign",10000,19,3,-21431.1457820354,43212.284498206,43096.4644199297,-7.83440126926392,0.0145768715629663,1,5,4,1
"Same-Sign",10000,19,4,-21745.6032628698,43960.9338847105,43805.4911480765,9.42870177816534,0.00878097910449201,1,5,4,1
"Same-Sign",10000,19,5,-21813.6140692869,44216.6899223803,44021.6245273888,6.00824333139196,0.0183178399649463,1,5,4,1
"Same-Sign",10000,20,1,-21581.771941488,43274.0679674398,43237.4932058789,6.38327355450047,0.0119978162839027,2,3,4,2
"Same-Sign",10000,20,2,-21488.256720471,43206.7719502415,43130.5745303229,3.43413773185919,6.24348183440229e-05,2,3,4,2
"Same-Sign",10000,20,3,-21526.512863749,43403.0186616332,43287.1985833569,1.86599414471015,0.0272380481863979,2,3,4,2
"Same-Sign",10000,20,4,-21487.8399368515,43445.4072326738,43289.9644960399,-5.21317492104791,0.0260350509177843,2,3,4,2
"Same-Sign",10000,20,5,-21845.0573488507,44279.5764815078,44084.5110865162,7.2607379198219,0.0114536755116529,2,3,4,2
"Same-Sign",10000,21,1,-21657.9812796665,43426.4866437968,43389.9118822359,22.8197305359537,0.0229587252764132,2,3,5,2
"Same-Sign",10000,21,2,-21600.7595745679,43431.7776584352,43355.5802385166,3.55994653891376,0.0646516740330571,2,3,5,2
"Same-Sign",10000,21,3,-21612.9593925038,43575.9117191427,43460.0916408664,3.01577279848034,0.0293717284658659,2,3,5,2
"Same-Sign",10000,21,4,-22039.4767372232,44548.6808334172,44393.2380967833,12.543700673482,0.0338920197980234,2,3,5,2
"Same-Sign",10000,21,5,-21605.2790041717,43800.0197921499,43604.9543971583,3.63838105464809,0.0240646283463715,2,3,5,2
"Same-Sign",10000,22,1,-21785.5101699439,43681.5444243515,43644.9696627905,3.86880741161663,0.0541717203462933,5,3,3,3
"Same-Sign",10000,22,2,-21757.6706110718,43745.5997314431,43669.4023115245,1.95492292581277,0.0594761150718963,5,3,3,3
"Same-Sign",10000,22,3,-21518.3108239457,43386.6145820266,43270.7945037503,1.57110911864466,0.011104720308166,5,3,3,3
"Same-Sign",10000,22,4,-21833.7957884583,44137.3189358874,43981.8761992535,-1.61947762043558,0.0472378627171653,5,3,3,3
"Same-Sign",10000,22,5,-21389.2372336287,43367.9362510639,43172.8708560723,6.83375752911562,0.0133700340187917,5,3,3,3
"Same-Sign",10000,23,1,-21406.4368953799,42923.3978752235,42886.8231136626,6.01690720812993,-0.00762616616342624,1,5,3,1
"Same-Sign",10000,23,2,-21556.9509485126,43344.1604063246,43267.962986406,-11.4724311142535,0.0633487905731596,1,5,3,1
"Same-Sign",10000,23,3,-21429.363014496,43208.7189631272,43092.8988848509,-4.83231323524532,0.00489152434627856,1,5,3,1
"Same-Sign",10000,23,4,-21424.2438991781,43318.2151573269,43162.772420693,-1.38103546326516,0.0417312788780078,1,5,3,1
"Same-Sign",10000,23,5,-21620.6088849468,43830.6795537001,43635.6141587085,3.07210686584956,0.00859747697436342,1,5,3,1
"Same-Sign",10000,24,1,-21744.3749375189,43599.2739595015,43562.6991979406,21.1240166589219,-0.0176103209161047,5,5,1,5
"Same-Sign",10000,24,2,-21747.0126857576,43724.2838808145,43648.086460896,15.7707868426613,0.0278078914163226,5,5,1,5
"Same-Sign",10000,24,3,-21769.7613375521,43889.5156092393,43773.6955309631,-3.86304586365751,0.0670627646499217,5,5,1,5
"Same-Sign",10000,24,4,-21589.9546412043,43649.6366413793,43494.1939047454,3.76189765175272,0.0273581855991557,5,5,1,5
"Same-Sign",10000,24,5,-21423.8531115314,43437.1680068692,43242.1026118776,10.1759377073581,0.000551016690642503,5,5,1,5
"Same-Sign",10000,25,1,-21675.8169605485,43462.1580055607,43425.5832439998,3.96939272833727,0.0851462936237384,5,5,3,5
"Same-Sign",10000,25,2,-21896.3976078481,44023.0537249956,43946.856305077,11.9223196532752,-0.00198313580878372,5,5,3,5
"Same-Sign",10000,25,3,-21628.0406543537,43606.0742428426,43490.2541645663,6.0318341523412,0.0241483478468875,5,5,3,5
"Same-Sign",10000,25,4,-21760.2286343862,43990.1846277433,43834.7418911093,-2.09614521824457,0.059677813898445,5,5,3,5
"Same-Sign",10000,25,5,-21502.0239430218,43593.5096698502,43398.4442748586,5.43687362871343,0.0179788738366321,5,5,3,5
"Same-Sign",10000,26,1,-21431.1000888047,42972.7242620732,42936.1495005123,8.80211747442361,0.0306506061840375,3,3,3,3
"Same-Sign",10000,26,2,-21647.4103113975,43525.0791320945,43448.8817121759,-0.309951783190236,0.0563816722532268,3,3,3,3
"Same-Sign",10000,26,3,-21341.7164434124,43033.4258209599,42917.6057426836,0.119855267120921,0.0869717896263597,3,3,3,3
"Same-Sign",10000,26,4,-21381.3301830835,43232.3877251377,43076.9449885038,-5.5581942194347,0.0430871101512315,3,3,3,3
"Same-Sign",10000,26,5,-21752.3504718384,44094.1627274832,43899.0973324916,10.4654494598289,-0.000860776931211295,3,3,3,3
"Same-Sign",10000,27,1,-21988.9633059826,44088.4506964288,44051.8759348679,10.2269222540389,0.091576434053428,4,5,4,4
"Same-Sign",10000,27,2,-21805.3048283073,43840.868165914,43764.6707459954,15.5504512340493,0.0244068565517849,4,5,4,4
"Same-Sign",10000,27,3,-21656.8866487111,43663.7662315573,43547.9461532811,1.71463302668461,0.00773120569024139,4,5,4,4
"Same-Sign",10000,27,4,-21552.3418614274,43574.4110818255,43418.9683451916,-0.592282411492975,0.0187439453776202,4,5,4,4
"Same-Sign",10000,27,5,-21669.126917849,43927.7156195044,43732.6502245128,-0.253738246558094,0.0111607842658443,4,5,4,4
"Same-Sign",10000,28,1,-21913.4717859261,43937.4676563158,43900.8928947549,5.28972755818731,0.0266802451113935,3,4,3,3
"Same-Sign",10000,28,2,-21983.1640435593,44196.5865964181,44120.3891764995,-2.72858684369521,0.0457372283546416,3,4,3,3
"Same-Sign",10000,28,3,-21420.3804219446,43190.7537780244,43074.9336997481,-0.521227122549285,0.0282363418098129,3,4,3,3
"Same-Sign",10000,28,4,-21735.5823242635,43940.8920074978,43785.4492708639,0.195052088650366,0.0369516703917227,3,4,3,3
"Same-Sign",10000,28,5,-21468.6672970325,43526.7963778715,43331.73098288,8.83293528457985,0.0625125552785501,3,4,3,3
"Same-Sign",10000,29,1,-21586.8458159524,43284.2157163684,43247.6409548075,-15.316936732165,0.152677911593543,4,5,2,2
"Same-Sign",10000,29,2,-21590.9800182524,43412.2185458042,43336.0211258856,11.630926123654,0.00722629780961973,4,5,2,2
"Same-Sign",10000,29,3,-21935.0726557794,44220.138245694,44104.3181674177,1.41587188368766,0.0498123155309445,4,5,2,2
"Same-Sign",10000,29,4,-21434.8257209707,43339.3788009122,43183.9360642783,3.95953854946663,0.0191231869578451,4,5,2,2
"Same-Sign",10000,29,5,-21467.856690847,43525.1751655005,43330.109770509,14.6008659269434,0.0342450950218841,4,5,2,2
"Same-Sign",10000,30,1,-21259.1350718969,42628.7942282576,42592.2194666967,4.48912587959674,0.0254321192182939,1,5,2,1
"Same-Sign",10000,30,2,-21672.2494298201,43574.7573689396,43498.559949021,17.4340247888268,0.0264397385261129,1,5,2,1
"Same-Sign",10000,30,3,-21406.6459228228,43163.2847797807,43047.4647015044,3.27998375530845,0.0415072764160661,1,5,2,1
"Same-Sign",10000,30,4,-21631.8948392137,43733.5170373982,43578.0743007643,9.57771330084532,0.00646068373725297,1,5,2,1
"Same-Sign",10000,30,5,-21732.9503897733,44055.362563353,43860.2971683614,6.00726210012605,0.0206889594371824,1,5,2,1
"Same-Sign",10000,31,1,-21412.7113150803,42935.9467146242,42899.3719530633,7.85595029652364,0.157951126420641,2,5,1,1
"Same-Sign",10000,31,2,-21313.2281592197,42856.7148277388,42780.5174078202,1.05548827683675,0.0558745469738365,2,5,1,1
"Same-Sign",10000,31,3,-21337.4610007823,43024.9149356996,42909.0948574233,10.7290802233955,0.00565994732797971,2,5,1,1
"Same-Sign",10000,31,4,-21558.7354646243,43587.1982882193,43431.7555515854,-1.99327300911333,0.0113278220027248,2,5,1,1
"Same-Sign",10000,31,5,-21454.9284032351,43499.3185902767,43304.2531952851,-1.72675577298393,0.0410666237516868,2,5,1,1
"Same-Sign",10000,32,1,-22122.104023054,44354.7321305717,44318.1573690108,3.95718086794975,0.0864927719365233,5,5,2,5
"Same-Sign",10000,32,2,-21661.441972662,43553.1424546233,43476.9450347048,-5.93660339800568,0.0329159398221056,5,5,2,5
"Same-Sign",10000,32,3,-21336.4763774077,43022.9456889504,42907.1256106742,-2.1924734980896,-0.0200497343500559,5,5,2,5
"Same-Sign",10000,32,4,-21773.4934256778,44016.7142103263,43861.2714736924,1.37775438266776,0.0150403201190501,5,5,2,5
"Same-Sign",10000,32,5,-21243.0169574127,43075.4956986318,42880.4303036403,-8.83973544678947,0.0281778177548489,5,5,2,5
"Same-Sign",10000,33,1,-21765.8333475144,43642.1907794925,43605.6160179315,-2.45624166438881,0.0992240321345233,2,5,3,2
"Same-Sign",10000,33,2,-21710.7953446015,43651.8491985025,43575.6517785839,-4.69066232493144,0.0348554056581053,2,5,3,2
"Same-Sign",10000,33,3,-21819.1645314518,43988.3219970387,43872.5019187625,11.0641104345204,0.021854007681261,2,5,3,2
"Same-Sign",10000,33,4,-21785.712913055,44041.1531850808,43885.7104484469,2.92285988747869,0.00277094037266084,2,5,3,2
"Same-Sign",10000,33,5,-21790.8263526216,44171.1144890496,43976.049094058,4.43081519156753,0.0103090898815594,2,5,3,2
"Same-Sign",10000,34,1,-21682.5875461925,43475.6991768488,43439.1244152878,0.310257376240421,0.08451692027264,3,4,4,4
"Same-Sign",10000,34,2,-21722.5518676428,43675.3622445851,43599.1648246665,4.68323128358962,0.0414236400910363,3,4,4,4
"Same-Sign",10000,34,3,-21486.8318115825,43323.6565573001,43207.8364790238,1.81593962855124,0.0455318819009091,3,4,4,4
"Same-Sign",10000,34,4,-21831.5060543926,44132.7394677559,43977.296731122,2.8063230033571,0.0372564740626035,3,4,4,4
"Same-Sign",10000,34,5,-21659.1527624772,43907.7673087609,43712.7019137693,-1.42397654621125,0.0203614249143338,3,4,4,4
"Same-Sign",10000,35,1,-21656.0810832132,43422.6862508901,43386.1114893291,1.84425292207845,0.0620675858396775,5,5,4,5
"Same-Sign",10000,35,2,-21615.3718147044,43461.0021387082,43384.8047187896,-0.473298708080884,0.0109295041103932,5,5,4,5
"Same-Sign",10000,35,3,-21763.0158611727,43876.0246564805,43760.2045782042,7.5611712071749,0.0194592914128255,5,5,4,5
"Same-Sign",10000,35,4,-21739.9000451959,43949.5274493626,43794.0847127287,14.5640995565703,0.0134440110698362,5,5,4,5
"Same-Sign",10000,35,5,-21469.3951115687,43528.2520069438,43333.1866119522,-1.98130491937153,0.0146095076726378,5,5,4,5
"Same-Sign",10000,36,1,-21762.32974577,43635.1835760037,43598.6088144427,-0.117468170046405,0.0916568542621806,4,5,3,3
"Same-Sign",10000,36,2,-21655.6920641545,43541.6426376084,43465.4452176898,-4.19585727980588,0.0675061356815741,4,5,3,3
"Same-Sign",10000,36,3,-21371.7586810692,43093.5102962735,42977.6902179972,5.35415950285962,0.0182214746949068,4,5,3,3
"Same-Sign",10000,36,4,-21322.4581891672,43114.6437373052,42959.2010006713,1.06632352925899,0.0136017887984171,4,5,3,3
"Same-Sign",10000,36,5,-21698.9185680216,43987.2989198496,43792.233524858,2.02087797383881,0.0301245056625603,4,5,3,3
"Same-Sign",10000,37,1,-21235.0301548547,42580.5843941732,42544.0096326122,-6.16918021348093,0.0867448691468086,1,5,1,1
"Same-Sign",10000,37,2,-21675.3471573217,43580.9528239427,43504.7554040242,22.122028834949,0.0322721343635091,1,5,1,1
"Same-Sign",10000,37,3,-21689.6986278186,43729.3901897724,43613.5701114961,0.559431837875952,0.0394643616564506,1,5,1,1
"Same-Sign",10000,37,4,-21477.9195289664,43425.5664169036,43270.1236802697,-6.65501563752391,0.0289577745046071,1,5,1,1
"Same-Sign",10000,37,5,-21427.2895170546,43444.0408179157,43248.9754229241,-0.341889418728788,0.0538401366176215,1,5,1,1
"Same-Sign",10000,38,1,-21598.1996375835,43306.9233596308,43270.3485980699,-8.98708608277775,0.0770496860212532,1,5,5,5
"Same-Sign",10000,38,2,-22088.4390313743,44407.1365720481,44330.9391521295,-4.84577046079458,0.0361768718579066,1,5,5,5
"Same-Sign",10000,38,3,-21577.4976951632,43504.9883244615,43389.1682461853,6.90339109605514,0.0161996993383489,1,5,5,5
"Same-Sign",10000,38,4,-21768.9410042785,44007.6093675277,43852.1666308938,-3.62385596443201,0.0154536129589529,1,5,5,5
"Same-Sign",10000,38,5,-21657.4690816777,43904.3999471618,43709.3345521702,9.27200529171811,0.0320934935356526,1,5,5,5
"Same-Sign",10000,39,1,-21710.1847318202,43530.8935481042,43494.3187865432,-7.88846777367329,0.108148820878258,3,4,3,3
"Same-Sign",10000,39,2,-21819.7839748039,43869.8264589072,43793.6290389886,0.261889263285366,0.046265679007911,3,4,3,3
"Same-Sign",10000,39,3,-21628.6920116139,43607.3769573629,43491.5568790866,-2.17289860232246,0.0143456064083387,3,4,3,3
"Same-Sign",10000,39,4,-21993.5707971842,44456.8689533392,44301.4262167053,-0.502831799610429,0.02517109852453,3,4,3,3
"Same-Sign",10000,39,5,-21696.3133522204,43982.0884882473,43787.0230932558,2.48145291772977,0.0126752166801306,3,4,3,3
"Same-Sign",10000,40,1,-22143.3323850183,44397.1888545002,44360.6140929393,20.2347987770405,0.124645764596456,3,5,4,3
"Same-Sign",10000,40,2,-21828.469939798,43887.1983888954,43811.0009689768,-2.6866477282064,0.0242846879522721,3,5,4,3
"Same-Sign",10000,40,3,-21285.2643458566,42920.5216258483,42804.701547572,6.79691615813706,-0.0270515052381332,3,5,4,3
"Same-Sign",10000,40,4,-21692.4025994152,43854.5325578012,43699.0898211673,-4.45979304656798,0.025820469047747,3,5,4,3
"Same-Sign",10000,40,5,-21762.0202809302,44113.5023456669,43918.4369506753,0.749806445419374,0.0349163795635358,3,5,4,3
"Same-Sign",10000,41,1,-21729.082169952,43568.6884243676,43532.1136628067,5.28263304463991,0.114173026180083,2,4,3,2
"Same-Sign",10000,41,2,-21538.007207557,43306.2729244134,43230.0755044948,21.679392521927,-0.0242469336417848,2,4,3,2
"Same-Sign",10000,41,3,-21612.758108473,43575.509151081,43459.6890728048,2.22280948899634,0.0123396204664,2,4,3,2
"Same-Sign",10000,41,4,-21609.5359979561,43688.7993548829,43533.356618249,2.37050742945876,0.0164644362599126,2,4,3,2
"Same-Sign",10000,41,5,-21677.9275634978,43945.316910802,43750.2515158104,0.677684585983793,0.0109012537878725,2,4,3,2
"Same-Sign",10000,42,1,-21339.4327898447,42789.3896641531,42752.8149025922,5.30612325159988,-0.00517116170986261,1,5,3,1
"Same-Sign",10000,42,2,-21525.2623736245,43280.7832565484,43204.5858366298,-5.009202350198,0.0407939688322427,1,5,3,1
"Same-Sign",10000,42,3,-21356.3208254153,43062.6345849658,42946.8145066895,-0.156943887117082,0.0453997382395166,1,5,3,1
"Same-Sign",10000,42,4,-21647.6177076325,43764.9627742357,43609.5200376018,5.77328069347977,-0.00401074491452037,1,5,3,1
"Same-Sign",10000,42,5,-21587.537119562,43764.5360229305,43569.4706279389,4.12157081720421,0.0222510585437233,1,5,3,1
"Same-Sign",10000,43,1,-21491.4158863843,43093.3558572324,43056.7810956714,2.38158153039115,0.0843055497061928,3,5,5,5
"Same-Sign",10000,43,2,-21807.3858124594,43845.0301342181,43768.8327142995,-4.46185493764854,0.0573790529688577,3,5,5,5
"Same-Sign",10000,43,3,-21365.495969794,43080.9848737232,42965.1647954469,-6.72889950664277,0.0365765912069694,3,5,5,5
"Same-Sign",10000,43,4,-21792.3958441647,44054.5190473002,43899.0763106663,-4.38405134261988,0.0320586019009335,3,5,5,5
"Same-Sign",10000,43,5,-21814.6794644101,44218.8207126268,44023.7553176352,-7.73627260382865,0.0567959599145589,3,5,5,5
"Same-Sign",10000,44,1,-21953.0980069052,44016.7200982742,43980.1453367132,15.9567607109899,0.10329683432744,3,5,3,3
"Same-Sign",10000,44,2,-21602.8605239863,43435.9795572719,43359.7821373533,15.2456208786113,0.0455592447074885,3,5,3,3
"Same-Sign",10000,44,3,-21487.9437534196,43325.8804409743,43210.0603626981,-0.749568470268086,0.0615034307796915,3,5,3,3
"Same-Sign",10000,44,4,-21525.0548641282,43519.8370872271,43364.3943505932,3.09672798229865,0.0347670049240022,3,5,3,3
"Same-Sign",10000,44,5,-21625.6717088129,43840.8052014324,43645.7398064408,0.937167464378931,0.0244820716179529,3,5,3,3
"Same-Sign",10000,45,1,-21820.2908204731,43751.1057254099,43714.5309638489,16.0394474415645,0.0534273864073467,2,5,3,2
"Same-Sign",10000,45,2,-21462.1904713352,43154.6394519697,43078.4420320511,-6.67293814796277,0.116710127405684,2,5,3,2
"Same-Sign",10000,45,3,-21624.7237483625,43599.44043086,43483.6203525838,4.37800496741283,0.0299518719913604,2,5,3,2
"Same-Sign",10000,45,4,-21703.9876341108,43877.7026271924,43722.2598905585,2.12809734859313,0.0108761270333913,2,5,3,2
"Same-Sign",10000,45,5,-21919.5740202984,44428.6098244033,44233.5444294117,-1.51093207409667,0.00425377312130908,2,5,3,2
"Same-Sign",10000,46,1,-21745.5735887378,43601.6712619393,43565.0965003784,11.8440913899931,0.0177401699925138,2,5,4,2
"Same-Sign",10000,46,2,-21573.9605332946,43378.1795758887,43301.9821559701,3.51064503802967,0.0139957764574902,2,5,4,2
"Same-Sign",10000,46,3,-21622.5332978143,43595.0595297636,43479.2394514874,11.9557493865435,0.00734125710616017,2,5,4,2
"Same-Sign",10000,46,4,-21981.0974010438,44431.9221610584,44276.4794244245,8.83397709188873,0.0280503904857161,2,5,4,2
"Same-Sign",10000,46,5,-21811.2991083087,44212.0600004239,44016.9946054323,8.45430888277292,0.0347319915332711,2,5,4,2
"Same-Sign",10000,47,1,-21819.3988296632,43749.32174379,43712.7469822291,12.4253321084699,0.0299369017388741,4,5,4,4
"Same-Sign",10000,47,2,-21773.5517969096,43777.3621031186,43701.1646832,10.1117367020747,0.0566862338252128,4,5,4,4
"Same-Sign",10000,47,3,-21737.7677309511,43825.5283960373,43709.7083177611,-1.02484728241476,0.00834020640941925,4,5,4,4
"Same-Sign",10000,47,4,-21365.4163738782,43200.5601067272,43045.1173700933,11.3701436684271,0.0150580451429973,4,5,4,4
"Same-Sign",10000,47,5,-21696.0937755258,43981.6493348581,43786.5839398665,-7.88462758912168,0.0192424845709901,4,5,4,4
"Same-Sign",10000,48,1,-22110.2708497302,44331.0657839241,44294.4910223631,-3.97565373507108,0.11496654555112,2,5,1,1
"Same-Sign",10000,48,2,-21418.4421715885,43067.1428524764,42990.9454325578,2.05558687757436,0.0518086400224943,2,5,1,1
"Same-Sign",10000,48,3,-21482.8583685771,43315.7096712893,43199.889593013,-3.14665208473711,0.0287423622137728,2,5,1,1
"Same-Sign",10000,48,4,-21534.2787424287,43538.2848438283,43382.8421071944,6.88467648458621,0.0354571019608816,2,5,1,1
"Same-Sign",10000,48,5,-21319.8347690868,43229.13132198,43034.0659269884,6.65206694385983,0.0210174689537064,2,5,1,1
"Same-Sign",10000,49,1,-21732.9579786709,43576.4400418055,43539.8652802446,13.9076781435159,0.041493981578597,4,3,4,4
"Same-Sign",10000,49,2,-21668.0055843913,43566.2696780819,43490.0722581633,8.33172903437253,0.00674128260492815,4,3,4,4
"Same-Sign",10000,49,3,-21588.342282511,43526.6774991571,43410.8574208808,8.23848488614862,0.0440051323663084,4,3,4,4
"Same-Sign",10000,49,4,-21422.478314056,43314.6839870828,43159.2412504489,-4.28749809913882,0.0480411983286341,4,3,4,4
"Same-Sign",10000,49,5,-21517.0588756961,43623.5795351986,43428.514140207,7.97043151975335,0.0193200966344033,4,3,4,4
"Same-Sign",10000,50,1,-21723.7262863727,43557.9766572091,43521.4018956482,8.24337577993647,0.0942932001176489,3,3,2,3
"Same-Sign",10000,50,2,-21655.3681784081,43540.9948661156,43464.797446197,4.76346000622068,0.00742033556103901,3,3,2,3
"Same-Sign",10000,50,3,-21548.3622807715,43446.7174956781,43330.8974174018,3.25801784423107,0.0303340194500429,3,3,2,3
"Same-Sign",10000,50,4,-21677.7052295634,43825.1378180977,43669.6950814637,7.839421808642,0.0234379839584276,3,3,2,3
"Same-Sign",10000,50,5,-21666.7501594154,43922.9621026373,43727.8967076457,8.94924997552161,-0.000209044212174439,3,3,2,3
"Same-Sign",50000,1,1,-107614.932749176,215359.702837765,215306.780774034,8.97110341116841,-0.00925248299821991,4,5,5,5
"Same-Sign",50000,1,2,-108414.740125803,217099.974708717,216989.720409276,10.2939893816373,0.0169971394400742,4,5,5,5
"Same-Sign",50000,1,3,-107795.593471671,216002.33851815,215834.751982999,13.990813374575,-0.00205437216739439,4,5,5,5
"Same-Sign",50000,1,4,-107122.850789383,214797.510271271,214572.59150041,0.922035324004419,0.0169498727002866,4,5,5,5
"Same-Sign",50000,1,5,-109939.361129602,220571.188069405,220288.937062836,5.08566586787503,0.0116826900734129,4,5,5,5
"Same-Sign",50000,2,1,-109184.919727178,218499.676793769,218446.754730037,-3.77122449287148,0.0769612259837289,2,5,5,5
"Same-Sign",50000,2,2,-108700.238650512,217670.971758133,217560.717458692,5.09585271825796,-0.0135935116578567,2,5,5,5
"Same-Sign",50000,2,3,-109757.286184896,219925.7239446,219758.137409449,-2.41836560716807,0.0137925161865386,2,5,5,5
"Same-Sign",50000,2,4,-108642.829960704,217837.468613913,217612.549843053,9.81481981546122,0.00606087261749544,2,5,5,5
"Same-Sign",50000,2,5,-109248.096353838,219188.658517879,218906.407511309,9.34842042962143,0.00541038222601691,2,5,5,5
"Same-Sign",50000,3,1,-106682.494269036,213494.825877486,213441.903813754,-1.47302783952535,0.0656834577552103,1,5,3,1
"Same-Sign",50000,3,2,-108702.706784372,217675.908025855,217565.653726414,4.62826000947532,0.022094660656956,1,5,3,1
"Same-Sign",50000,3,3,-109758.901996607,219928.955568021,219761.36903287,10.2167718283784,0.0118314706997866,1,5,3,1
"Same-Sign",50000,3,4,-108772.222840223,218096.254372951,217871.335602091,-5.17418032304928,0.0635473588304724,1,5,3,1
"Same-Sign",50000,3,5,-107841.439576562,216375.344963327,216093.093956757,7.21656916361501,0.0112128902738156,1,5,3,1
"Same-Sign",50000,4,1,-109331.119798553,218792.076936519,218739.154872787,2.9354364213193,0.0816983071856317,2,5,4,2
"Same-Sign",50000,4,2,-108186.717147019,216643.928751148,216533.674451707,12.0411626207314,0.00675292105169627,2,5,4,2
"Same-Sign",50000,4,3,-108898.490568626,218208.13271206,218040.546176909,-2.85505684321279,0.0428806625994686,2,5,4,2
"Same-Sign",50000,4,4,-109275.206898258,219102.22248902,218877.30371816,2.00790598116319,0.0279240896567032,2,5,4,2
"Same-Sign",50000,4,5,-108769.266368965,218230.998548132,217948.747541562,9.83616697829176,0.0322785984299778,2,5,4,2
"Same-Sign",50000,5,1,-106800.360853211,213730.559045835,213677.636982103,3.71678900622551,-0.0135949951274614,1,5,3,1
"Same-Sign",50000,5,2,-106840.588176388,213951.670809886,213841.416510445,3.55982962348644,0.0723550529078425,1,5,3,1
"Same-Sign",50000,5,3,-108183.876422915,216778.904420638,216611.317885487,-9.10967092726892,0.0341563564282926,1,5,3,1
"Same-Sign",50000,5,4,-108141.957147811,216835.722988127,216610.804217267,8.53734408527762,0.045524422687612,1,5,3,1
"Same-Sign",50000,5,5,-107939.44766412,216571.361138441,216289.110131872,-9.05978045301325,0.02752100521754,1,5,3,1
"Same-Sign",50000,6,1,-107792.364964506,215714.567268424,215661.645204692,2.68793171420299,0.03894462309947,1,4,2,1
"Same-Sign",50000,6,2,-109588.022010695,219446.5384785,219336.284179059,14.2180811165825,0.0663675448134847,1,4,2,1
"Same-Sign",50000,6,3,-107962.913323905,216336.978222617,216169.391687466,2.20718395681378,0.0580116517436153,1,4,2,1
"Same-Sign",50000,6,4,-108447.991976554,217447.792645613,217222.873874753,1.25467268081298,0.0214812834871996,1,4,2,1
"Same-Sign",50000,6,5,-108058.366316076,216809.198442354,216526.947435785,6.11940258789023,0.00224618426099793,1,4,2,1
"Same-Sign",50000,7,1,-110286.18067039,220702.198680192,220649.27661646,0.820442963650902,0.116943142558267,2,3,5,2
"Same-Sign",50000,7,2,-108896.753564528,218064.001586166,217953.747286725,7.64338899595412,0.00953395401281921,2,3,5,2
"Same-Sign",50000,7,3,-109650.464252068,219712.080078944,219544.493543793,6.36946745350898,0.0308090634621356,2,3,5,2
"Same-Sign",50000,7,4,-110878.13296541,222308.074623324,222083.155852464,6.95540189420413,0.0412413754076141,2,3,5,2
"Same-Sign",50000,7,5,-109160.442419607,219013.350649417,218731.099642847,-0.179516854889283,0.0189998810648558,2,3,5,2
"Same-Sign",50000,8,1,-107224.473783456,214578.784906325,214525.862842593,4.30142772543189,0.0626624893904422,1,4,4,4
"Same-Sign",50000,8,2,-107594.263464197,215459.021385504,215348.767086062,-2.45482350367823,0.054322605417017,1,4,4,4
"Same-Sign",50000,8,3,-108502.438210758,217416.027996323,217248.441461173,4.68826645274646,0.019707480488093,1,4,4,4
"Same-Sign",50000,8,4,-108912.502121883,218376.812936272,218151.894165411,5.90922385124799,0.0215236501688335,1,4,4,4
"Same-Sign",50000,8,5,-108416.137157128,217524.740124458,217242.489117888,2.89683892402267,0.0238971377938581,1,4,4,4
"Same-Sign",50000,9,1,-109332.507509004,218794.852357421,218741.930293689,8.54241975566763,0.0554925837290096,4,4,3,4
"Same-Sign",50000,9,2,-108012.947350484,216296.389158078,216186.134858636,-0.828435520860934,0.0512725592956948,4,4,3,4
"Same-Sign",50000,9,3,-108401.195638129,217213.542851065,217045.956315914,8.82920260876921,0.0366896539826939,4,4,3,4
"Same-Sign",50000,9,4,-107855.086381383,216261.981455272,216037.062684412,8.07482594157288,0.00551293997462833,4,4,3,4
"Same-Sign",50000,9,5,-107954.684137908,216601.834086019,216319.583079449,2.38451597108454,0.00973534405265823,4,4,3,4
"Same-Sign",50000,10,1,-108424.95738044,216979.752100292,216926.83003656,12.1815115006745,0.0300483135436844,2,5,4,2
"Same-Sign",50000,10,2,-108275.267021657,216821.028500423,216710.774200982,2.50114931749229,0.0875194410443348,2,5,4,2
"Same-Sign",50000,10,3,-108817.88003417,218046.911643148,217879.325107998,9.80402438438757,0.00717077171624198,2,5,4,2
"Same-Sign",50000,10,4,-108559.694485742,217671.197663989,217446.278893129,7.19743875739164,0.0446533616383547,2,5,4,2
"Same-Sign",50000,10,5,-108346.597851733,217385.661513667,217103.410507098,-0.364690803539558,0.000122290769957998,2,5,4,2
