scenario,se_rate,se_change,pct_change
Baseline,.11150502,0,0
25% Branch Closure,.10715479,-.004350224,-3.9013705
50% Branch Closure,.10274795,-.0087570678,-7.853519
75% Branch Closure,.098283164,-.013221856,-11.857633
10% Mobile Subsidy,.11193424,.00042922515,.38493797
25% Mobile Subsidy,.11276402,.001259004,1.1291007
+1 SD Broadband,.10017159,-.011333436,-10.164059
+2 SD Broadband,.089775354,-.02172967,-19.487617
50% Closure + 2SD BB,.076436892,-.035068128,-31.44982
,,,
